master_record_number,agency,agency_tracking_number,county,city,collision_date,vehicles_involved,number_injured,number_dead,latitude,longitude,roadway_name,roadway_suffix,roadway_number,roadway_local_id,distance_from_reference,miles-feet_indicator,direction_from_reference,intersection_road_name,intersection_road_name_suffix,intersection_road_number,intersection_local_id,mile_marker,intersection_indicator,intersect_type,interchange_related_indicator,relation_to_junction,work_zone_type,construction_maintenance_zone,construction_maintenance_zone_location,fatal_case_number,officer_first_name,officer_last_name,weather_condition(s),manner_of_crash,pedestrian,bicycle,scooter,parking,hitrun,mou
101278106,METROPOLITAN NASHVILLE POLICE DEPT,20160596223,Davidson,Nashville,7/2/2016 11:30:00 PM,2,0,0,36.069970,-86.685630,HAYWOOD LN,,,,0.00,,,BAKERTOWN RD,,,,0.00,Y,T-Intersection,N,Non-Junction,None,,,         ,Daniel,Garrett,Clear,Front to Rear,no,no,no,no,yes,False
101278113,METROPOLITAN NASHVILLE POLICE DEPT,20160595994,Davidson,Nashville,7/2/2016 10:00:00 PM,1,1,0,36.230940,-86.770600,I 65,,,,0.00,,,,,,,89.05,N,Not at Intersection,N,Non-Junction,None,,,         ,Joshua,Lackey,Clear,Not Collision with Motor Vehicle in Transport,no,no,no,no,no,False
101278114,METROPOLITAN NASHVILLE POLICE DEPT,20160596295,Davidson,Nashville,7/3/2016 12:24:00 AM,2,1,0,36.203550,-86.738530,GALLATIN PKE,,,,0.00,Feet,West,E TRINITY LN,,,,0.00,N,Not at Intersection,N,Non-Junction,None,,,         ,Harris,Smith,Clear,Front to Rear,no,no,no,no,no,False
101278117,METROPOLITAN NASHVILLE POLICE DEPT,20160596140,Davidson,Antioch,7/2/2016 9:35:00 PM,2,1,0,36.013060,-86.620900,I24 E EXT RAMP,,,,0.00,Feet,East,I 24,,,,0.00,N,Not at Intersection,Y,Entrance/Exit Ramp Related,None,,,         ,Sandra,Fly,Clear,Front to Rear,no,no,no,no,no,False
101278128,METROPOLITAN NASHVILLE POLICE DEPT,20160596316,Davidson,Nashville,7/3/2016 12:30:00 AM,3,1,0,36.137800,-86.820640,WEST END AV,,,,0.00,,,I 440,,,,0.00,Y,OTHER,N,Entrance/Exit Ramp Related,None,,,         ,Benjamin,Fisher,Clear,Front to Rear,no,no,no,no,yes,False
101278138,METROPOLITAN NASHVILLE POLICE DEPT,20160596613,Davidson,Nashville,7/3/2016 3:00:00 AM,2,0,0,36.199710,-86.619280,LEBANON PKE,,,,0.00,,,,,,,0.00,,, ,Non-Junction,None,,,         ,Anthony,Venable,Clear,Rear to Rear,no,no,no,no,yes,False
101278155,METROPOLITAN NASHVILLE POLICE DEPT,20160596344,Davidson,Nashville,7/2/2016 11:10:00 PM,2,0,0,36.106140,-86.718760,I 24,,,,0.00,,,,,,,54.00,N,Not at Intersection,N,Non-Junction,None,,,         ,Sandra,Fly,Clear,"Sideswipe, Same Direction",no,no,no,no,yes,False
101278163,METROPOLITAN NASHVILLE POLICE DEPT,20160594033,Davidson,Nashville,7/2/2016 4:48:00 AM,2,0,0,36.186310,-86.805220,CASS ST,,,,58.00,Feet,West,10TH AVN,,,,0.00,N,Not at Intersection,N,Non-Junction,None,,,         ,Joshua,Green,Clear,"Sideswipe, Same Direction",no,no,no,no,yes,False
101278170,METROPOLITAN NASHVILLE POLICE DEPT,20160596357,Davidson,Nashville,7/3/2016 12:39:00 AM,2,0,0,36.149110,-86.769420,4TH AVS,,,,85.00,Feet,North,OAK ST,,,,0.00,N,Not at Intersection, ,Non-Junction,None,,,         ,Joshua,Billotte,Clear,"Sideswipe, Same Direction",no,no,no,no,no,False
101278171,GOODLETTSVILLE POLICE DEPT,16-23370,Davidson,Goodlettsville,7/3/2016 4:36:00 AM,1,1,0,36.320430,-86.703170,,,I65,,200.00,Feet,South,,,,,96.80,N,Not at Intersection,N,Non-Junction,None,,,         ,Daniel,Knalls,Clear,Not Collision with Motor Vehicle in Transport,no,no,no,no,no,False
101278174,METROPOLITAN NASHVILLE POLICE DEPT,20160596747,Davidson,Nashville,7/3/2016 4:38:00 AM,2,1,0,36.170030,-86.808380,I 40,,,,0.00,,,,,,,207.20,N,Not at Intersection,Y,Non-Junction,None,,,         ,Myriah,Iles,Clear,Angle,no,no,no,no,yes,False
101278178,METROPOLITAN NASHVILLE POLICE DEPT,20160593568,Davidson,Not in City Limit,7/2/2016 1:07:00 AM,1,0,0,36.013530,-87.043140,HIGHWAY 100,,,,0.74,Miles,West,FAIRVIEW BLVD,,,,0.00,N,Not at Intersection,N,Non-Junction,None,,,         ,Kristen,Morgan,Clear,Not Collision with Motor Vehicle in Transport,no,no,no,no,yes,False
101278206,METROPOLITAN NASHVILLE POLICE DEPT,20160594961,Davidson,Nashville,7/2/2016 1:58:00 PM,2,0,0,36.081660,-86.713650,HARDING PL,,,,0.00,,,WHISPERING OAKS PL,,,,0.00,Y,T-Intersection,N,Intersection-Related,Construction Zone,Work On Shoulder Or Median,Activity Area,         ,Stephen,Soule,Clear,Front to Rear,no,no,no,no,yes,False
101278212,METROPOLITAN NASHVILLE POLICE DEPT,20160594904,Davidson,Nashville,7/2/2016 1:20:00 PM,2,0,0,36.047690,-86.709090,COUNTRY WAY CONDOS PVTDR,,,,112.00,Feet,North,COUNTRY DR,,,,0.00,N,Not at Intersection,N,Non-Junction,None,,,         ,Kevin,Crawford,Clear,HeadOn,no,no,no,yes,yes,False
101278216,METROPOLITAN NASHVILLE POLICE DEPT,20160594178,Davidson,Nashville,7/2/2016 6:42:00 AM,3,1,0,36.272360,-86.720780,HERITAGE DR,,,,157.00,Feet,West,CANDLEWICK CT,,,,0.00,N,Not at Intersection,N,Non-Junction,None,,,         ,Spencer,Pittman,Clear,Not Collision with Motor Vehicle in Transport,no,no,no,no,no,False
101278252,Nashville Airport Police,2016-1825,Davidson,Nashville,7/3/2016 12:00:00 AM,1,0,0,36.105370,-86.691250,MCGAVOCK PKE,,,,440.00,Feet,North,PARRY DR,,,,0.00,N,Not at Intersection,N,Non-Junction,None,,,         ,George,Rusho,Clear,Unknown,no,no,no,no,no,False
101278256,METROPOLITAN NASHVILLE POLICE DEPT,2016-0597155,Davidson,Nashville,7/3/2016 9:02:00 AM,2,0,0,36.208330,-86.839640,CLARKSVILLE PKE,,,,0.00,,,W HAMILTON RD,,,,0.00,Y,T-Intersection,N,Intersection,None,,,         ,William,Caillouette,Clear,"Sideswipe, Same Direction",no,no,no,no,yes,False
101278259,METROPOLITAN NASHVILLE POLICE DEPT,20160596985,Davidson,Nashville,7/3/2016 12:00:00 AM,2,0,0,36.044260,-86.659420,TARGET DR,,,,631.00,Feet,East,CANE RIDGE RD,,,,0.00,N,Not at Intersection,N,Non-Junction,None,,,         ,Steven,Snitzer,Clear,Front to Rear,no,no,no,yes,no,False
101278261,METROPOLITAN NASHVILLE POLICE DEPT,20160597257,Davidson,Nashville,7/3/2016 12:00:00 AM,2,0,0,36.143080,-86.743200,MURFREESBORO PKE,,,,0.00,,,,,,,0.00,,,N,"Driveway, Alley Access, etc",None,,,         ,Evan,Hibschman,Unknown,Unknown,no,no,no,yes,yes,False
101278264,METROPOLITAN NASHVILLE POLICE DEPT,20160597096,Davidson,Nashville,7/3/2016 8:14:00 AM,2,0,0,36.070930,-86.636210,BELL RD,,,,0.00,,,,,,,0.00,,,N,Non-Junction,None,,,         ,Robert,Erickson,Clear,Angle,no,no,no,yes,yes,False
101278274,METROPOLITAN NASHVILLE POLICE DEPT,20160597344,Davidson,Nashville,7/3/2016 10:30:00 AM,2,0,0,36.204870,-86.803680,YOUNGS LN,,,,242.00,Feet,East,YOUNG LN PVTDR,,,,0.00,N,Not at Intersection, ,Non-Junction,None,,,         ,Brandon,Evans,Clear,"Sideswipe, Same Direction",no,no,no,no,yes,False
101278275,METROPOLITAN NASHVILLE POLICE DEPT,20160597219,Davidson,Nashville,7/3/2016 9:40:00 AM,2,1,0,36.045430,-86.703610,OLD HICKORY BLVD,,,,0.00,,,EULALA DR,,,,0.00,Y,Four-Way,Y,Intersection,None,,,         ,Steven,Williams,Clear,Angle,no,no,no,no,no,False
101278290,METROPOLITAN NASHVILLE POLICE DEPT,20160597425,Davidson,Not in City Limit,7/3/2016 11:30:00 AM,1,0,0,36.300540,-86.810320,LICKTON PKE,,,,0.00,,,CLAY LICK CT,,,,0.00,Y,T-Intersection, ,Intersection,None,,,         ,Richard,Martin,Clear,Not Collision with Motor Vehicle in Transport,no,no,no,no,no,False
101278292,METROPOLITAN NASHVILLE POLICE DEPT,20160597335,Davidson,Nashville,7/3/2016 11:00:00 AM,4,0,0,36.144720,-86.862360,BELLMORE PL,,,,294.00,Feet,North,BELLMORE AV,,,,0.00,N,Not at Intersection, ,Non-Junction,None,,,         ,Andrew,Maholland,Clear,Angle,no,no,no,yes,yes,False
101278296,METROPOLITAN NASHVILLE POLICE DEPT,20160597491,Davidson,Nashville,7/3/2016 10:09:00 AM,2,0,0,36.049420,-86.705900,HICKORY VALLEY CONDOS PVTDR,,,,0.00,,,,,,,0.00,,, ,,None,,,         ,Steven,Williams,,,no,no,no,yes,no,False
101278298,METROPOLITAN NASHVILLE POLICE DEPT,20160594966,Davidson,Nashville,7/2/2016 2:06:00 PM,2,0,0,36.148660,-86.807040,ELLISTON PL,,,,0.00,,,24TH AVN,,,,0.00,Y,Four-Way,N,Intersection,None,,,         ,Jonathan,Seidl,Clear,Angle,no,no,no,no,no,Campus
101278300,METROPOLITAN NASHVILLE POLICE DEPT,20160597467,Davidson,Nashville,7/3/2016 12:00:00 PM,2,0,0,36.217000,-86.693430,MCGAVOCK PKE WB ENT RAMP,,,,0.00,,,MCGAVOCK PKE,,,,0.00,Y,OTHER, ,,None,,,         ,Michael,Dance,,,no,no,no,no,no,False
101278312,METROPOLITAN NASHVILLE POLICE DEPT,20160597362,Davidson,Nashville,7/3/2016 10:57:00 AM,2,0,0,36.106210,-86.673060,MURFREESBORO PKE,,,,0.00,,,DONELSON PKE,,,,0.00,Y,T-Intersection, ,Intersection-Related,None,,,         ,Terry,Denton,Clear,Front to Rear,no,no,no,no,no,False
101278333,METROPOLITAN NASHVILLE POLICE DEPT,20160597571,Davidson,Nashville,7/3/2016 1:00:00 PM,2,0,0,36.162590,-86.819510,28TH AVN,,,,0.00,,,I40 E ENT RAMP,,,,0.00,Y,T-Intersection, ,Intersection,None,,,         ,Chase,Burnett,Clear,Not Collision with Motor Vehicle in Transport,no,no,no,no,yes,False
101278334,METROPOLITAN NASHVILLE POLICE DEPT,20160597188,Davidson,Nashville,7/3/2016 9:19:00 AM,2,0,0,36.136540,-86.819740,FAIRFAX AV,,,,40.00,Feet,North,CHESTERFIELD AV,,,,0.00,N,Not at Intersection,N,Non-Junction,None,,,         ,Paul,Joyner,Clear,Front to Rear,no,no,no,no,yes,False
101278336,METROPOLITAN NASHVILLE POLICE DEPT,20160594709,Davidson,Nashville,7/2/2016 11:14:00 AM,2,0,0,36.116470,-86.776710,I440 W ENT RAMP,,,,0.00,,,I 440,,,,0.00,Y,Y-Intersection,Y,Entrance/Exit Ramp Related,None,,,         ,George,Ward,Clear,Front to Rear,no,no,no,no,yes,False
101278354,METROPOLITAN NASHVILLE POLICE DEPT,20160597674,Davidson,Nashville,7/3/2016 1:48:00 PM,2,0,0,36.169060,-86.682400,LEBANON PKE,,,,0.00,,,FAIRWAY DR,,,,0.00,Y,Four-Way, ,Intersection,None,,,         ,Tyler,Adcock,Clear,Front to Rear,no,no,no,no,no,False
101278360,METROPOLITAN NASHVILLE POLICE DEPT,20160594868,Davidson,Nashville,7/2/2016 1:01:00 PM,1,1,0,36.153030,-86.765340,I 40,,,,0.00,,,,,,,210.65,N,Not at Intersection,N,Non-Junction,None,,,         ,Timothy,Powell,Clear,Not Collision with Motor Vehicle in Transport,no,no,no,no,no,False
101278362,GOODLETTSVILLE POLICE DEPT,16-23404,Davidson,Goodlettsville,7/3/2016 1:38:00 PM,2,3,0,36.307830,-86.704000,I65 N EXT RAMP,,,,0.00,,,RIVERGATE PKWY,,,,0.00,Y,T-Intersection,Y,Entrance/Exit Ramp Related,None,,,         ,Jeremy,Baker,Clear,Front to Rear,no,no,no,no,no,False
101278386,METROPOLITAN NASHVILLE POLICE DEPT,20160595776,Davidson,Nashville,7/2/2016 8:33:00 PM,2,1,0,36.124980,-86.847640,HARDING PKE,,,,0.00,,,WHITE BRIDGE PKE,,,,0.00,Y,Four-Way,Y,Intersection,None,,,         ,Barrett,Teague,Clear,HeadOn,no,no,no,no,no,False
101278387,METROPOLITAN NASHVILLE POLICE DEPT,20160597723,Davidson,Not in City Limit,7/3/2016 1:40:00 PM,2,0,0,36.272150,-86.761810,OLD HICKORY BLVD,,,,154.00,Feet,North,MARYDALE DR,,,,0.00,N,Not at Intersection,N,Non-Junction,None,,,         ,Christopher,Littles,Clear,Front to Rear,no,no,no,no,yes,False
101278402,METROPOLITAN NASHVILLE POLICE DEPT,20160597774,Davidson,Nashville,7/3/2016 3:10:00 PM,2,1,0,36.138530,-86.881240,CHARLOTTE PKE,,,,278.00,Feet,West,HILLWOOD BLVD,,,,0.00,N,Not at Intersection,N,Non-Junction,None,,,         ,Jeremy,Huffine,Clear,Front to Rear,no,no,no,no,no,False
101278410,METROPOLITAN NASHVILLE POLICE DEPT,20160597757,Davidson,Nashville,7/3/2016 1:47:00 PM,2,0,0,36.110940,-86.745220,THOMPSON LN,,,,0.00,,,NOLENSVILLE PKE,,,,0.00,Y,Four-Way,N,Intersection,None,,,         ,Ralph,Smith IV,Clear,Front to Rear,no,no,no,no,yes,False
101278421,METROPOLITAN NASHVILLE POLICE DEPT,20160597765,Davidson,Nashville,7/3/2016 12:00:00 AM,2,0,0,36.084970,-86.717010,SHASTA DR,,,,405.00,Feet,South,WELCH RD,,,,0.00,N,Not at Intersection,N,Non-Junction,None,,,         ,Andrew,Mullen,Unknown,Angle,no,no,no,no,yes,False
101278436,GOODLETTSVILLE POLICE DEPT,16-23409,Davidson,Goodlettsville,7/3/2016 3:27:00 PM,3,0,0,36.308110,-86.695010,CONFERENCE DR,,,,0.00,,,VIETNAM VETERANS BLVD SB ENT R,,,,0.00,Y,Four-Way, ,Non-Junction,None,,,         ,Jeremy,Baker,Clear,Front to Rear,no,no,no,no,no,False
101278446,METROPOLITAN NASHVILLE POLICE DEPT,20160597959,Davidson,Nashville,7/3/2016 4:20:00 PM,2,0,0,36.115170,-86.743610,FOSTER AV,,,,0.00,,,WHITSETT RD,,,,0.00,Y,Four-Way, ,Intersection,None,,,         ,Jeffrey,Livingston,Cloudy,Front to Rear,no,no,no,no,no,False
101278455,METROPOLITAN NASHVILLE POLICE DEPT,20160595974,Davidson,Nashville,7/2/2016 9:51:00 PM,3,1,0,36.077020,-86.641310,MURFREESBORO PKE,,,,60.00,Feet,East,LAKEVILLA DR,,,,0.00,N,Not at Intersection,N,Non-Junction,None,,,         ,Patrick,Taylor,Clear,Front to Rear,no,no,no,no,no,False
101278476,METROPOLITAN NASHVILLE POLICE DEPT,2016-0595582,Davidson,Nashville,7/2/2016 7:19:00 PM,2,0,0,36.192120,-86.828730,CLARKSVILLE PKE,,,,120.00,Feet,East,CLIFF DR,,,,0.00,N,Not at Intersection,N,Non-Junction,None,,,         ,Thomas,Burns,Clear,Angle,no,no,no,no,no,False
101278480,METROPOLITAN NASHVILLE POLICE DEPT,20160595342,Davidson,Nashville,7/2/2016 5:20:00 PM,3,0,0,36.158590,-86.782820,BROADWAY,,,,22.00,Feet,West,9TH AVN,,,,0.00,N,Not at Intersection, ,Non-Junction,None,,,         ,Kendra,Cowper,Clear,Front to Rear,no,no,no,no,no,False
101278481,METROPOLITAN NASHVILLE POLICE DEPT,20160595109,Davidson,Nashville,7/2/2016 3:25:00 PM,2,0,0,36.192370,-86.776980,I 65,,,,0.00,,,,,,,86.50,N,Not at Intersection, ,Non-Junction,None,,,         ,Kendra,Cowper,Clear,Front to Rear,no,no,no,no,no,False
101278495,VANDERBILT UNIVERSITY POLICE,16-0598095,Davidson,Nashville,7/3/2016 4:55:00 PM,1,0,0,36.149870,-86.798200,20TH AVS,,,,128.00,Feet,North,BROADWAY,,,,0.00,N,Not at Intersection, ,Non-Junction,None,,,         ,Jonathan,McAllister,Clear,Not Collision with Motor Vehicle in Transport,no,no,no,yes,no,Campus
101278500,METROPOLITAN NASHVILLE POLICE DEPT,20160596037,Davidson,Nashville,7/3/2016 12:00:00 AM,2,0,0,36.165640,-86.778640,3RD AVN,,,,0.00,,,UNION ST,,,,0.00,Y,Four-Way, ,Non-Junction,None,,,         ,Kendra,Cowper,Clear,Front to Rear,no,no,no,no,no,False
101278513,METROPOLITAN NASHVILLE POLICE DEPT,20160598158,Davidson,Nashville,7/3/2016 5:46:00 PM,2,0,0,36.126490,-86.845480,HARDING PKE,,,,0.00,,,RIDGEFIELD WAY,,,,0.00,Y,T-Intersection, ,,None,,,         ,Barrett,Teague,,,no,no,no,no,no,False
101278519,METROPOLITAN NASHVILLE POLICE DEPT,20160598246,Davidson,Nashville,7/3/2016 6:25:00 PM,2,0,0,36.147320,-86.814120,28TH AVN,,,,294.00,Feet,East,CENTENNIAL PARK PVTDR,,,,0.00,N,Not at Intersection, ,Non-Junction,None,,,         ,Nicholas,Smith,Clear,Front to Rear,no,no,no,no,no,False
101278528,METROPOLITAN NASHVILLE POLICE DEPT,20160598005,Davidson,Nashville,7/3/2016 4:40:00 PM,2,0,0,36.134580,-86.775440,I 65,,,,0.00,,,,,,,81.40,N,Not at Intersection, ,Non-Junction,None,,,         ,Conner,Harris,Cloudy,Front to Rear,no,no,no,no,no,False
101278531,METROPOLITAN NASHVILLE POLICE DEPT,20160598338,Davidson,Not in City Limit,7/3/2016 6:40:00 PM,2,0,0,36.264450,-86.732280,OLD HICKORY BLVDW,,,,0.00,,,N GRAYCROFT AV,,,,0.00,Y,Four-Way, ,Intersection,None,,,         ,Christopher,Littles,Clear,Front to Rear,no,no,no,no,no,False
101278554,METROPOLITAN NASHVILLE POLICE DEPT,20160598400,Davidson,Nashville,7/3/2016 7:32:00 PM,1,0,0,36.073560,-86.769010,I 65,,,,0.00,,,,,,,77.20,N,Not at Intersection,N,Non-Junction,None,,,         ,Conner,Harris,Clear,Not Collision with Motor Vehicle in Transport,no,no,no,no,no,False
101278559,METROPOLITAN NASHVILLE POLICE DEPT,20160598238,Davidson,Nashville,7/3/2016 12:00:00 AM,1,0,0,36.149550,-86.788400,HAWKINS ST,,,,187.00,Feet,North,14TH AVS,,,,0.00,N,Not at Intersection, ,,None,,,         ,Eric,Thomas,,,no,no,no,no,no,False
101278562,METROPOLITAN NASHVILLE POLICE DEPT,20160598404,Davidson,Nashville,7/3/2016 5:35:00 PM,2,0,0,36.074720,-86.754750,BLACKMAN RD,,,,12.00,Feet,East,TIMBERHILL DR,,,,0.00,N,Not at Intersection,N,Non-Junction,None,,,         ,William,Taylor,Clear,Angle,no,no,no,no,no,False
101278575,METROPOLITAN NASHVILLE POLICE DEPT,20160598461,Davidson,Nashville,7/3/2016 7:50:00 PM,2,1,0,36.151690,-86.677000,ROYAL PKWY,,,,0.00,Feet,,ELM HILL PKE,,,,0.00,Y,Four-Way,Y,Intersection,None,,,         ,Craig,Gentry,Clear,Angle,no,no,no,no,no,False
101278606,METROPOLITAN NASHVILLE POLICE DEPT,2016-0598582,Davidson,Nashville,7/3/2016 8:46:00 PM,2,0,0,36.149600,-86.857920,WHITE BRIDGE PKE,,,,200.00,Feet,South,CHARLOTTE PKE,,,,0.00,N,Not at Intersection,N,Non-Junction,None,,,         ,Michael,Rogers,Clear,"Sideswipe, Same Direction",no,no,no,no,yes,False
101278616,METROPOLITAN NASHVILLE POLICE DEPT,20160597693,Davidson,Nashville,7/3/2016 1:30:00 PM,1,0,0,36.166520,-86.807610,ALBION ST,,,,0.00,,,,,,,0.00,,, ,OtherLocation,None,,,         ,Michael,Hunnicutt,Clear,Not Collision with Motor Vehicle in Transport,no,no,no,yes,no,False
101278621,METROPOLITAN NASHVILLE POLICE DEPT,20160598662,Davidson,Nashville,7/3/2016 9:36:00 PM,2,0,0,36.199060,-86.740960,GALLATIN PKE,,,,0.00,,,DELMAS AV,,,,0.00,Y,T-Intersection,Y,Intersection,None,,,         ,Jonathan,Hadley,Clear,Angle,no,no,no,no,yes,False
101278626,METROPOLITAN NASHVILLE POLICE DEPT,20160598701,Davidson,Nashville,7/3/2016 9:15:00 PM,2,1,0,36.171600,-86.614700,DODSON CHAPEL RD,,,,187.00,Feet,South,SEVILLE DR,,,,0.00,N,Not at Intersection,N,Non-Junction,None,,,         ,Tyler,Maupin,Clear,Front to Rear,no,no,no,no,yes,False
101278633,METROPOLITAN NASHVILLE POLICE DEPT,20160598675,Davidson,Nashville,7/3/2016 9:39:00 PM,1,1,0,36.033870,-86.691320,OLD HICKORY BLVD,,,,2006.00,Feet,East,PRATT PROPERTY PVTDR,,,,0.00,N,Not at Intersection,N,Non-Junction,None,,,         ,Marcus,Darden,Clear,Not Collision with Motor Vehicle in Transport,no,no,no,no,no,False
101278650,METROPOLITAN NASHVILLE POLICE DEPT,20160598764,Davidson,Nashville,7/3/2016 10:19:00 PM,2,1,0,36.174090,-86.605340,CENTRAL PKE,,,,0.00,,,CENTRAL PKE ENT RAMP,,,,0.00,Y,T-Intersection,Y,Entrance/Exit Ramp Related,None,,,         ,Ashley,Arnold,Clear,Front to Rear,no,no,no,no,no,False
101278658,METROPOLITAN NASHVILLE POLICE DEPT,20160598768,Davidson,Nashville,7/3/2016 10:44:00 PM,2,2,0,36.045480,-86.647290,CROSSINGS BLVD,,,,0.00,Feet,,MT VIEW RD,,,,0.00,Y,Four-Way,N,Intersection-Related,None,,,         ,Autumn,Manning,Clear,Front to Rear,no,no,no,no,no,False
101278662,METROPOLITAN NASHVILLE POLICE DEPT,20160598963,Davidson,Nashville,7/4/2016 12:18:00 AM,2,0,0,36.160470,-86.778440,5TH AVS,,,,0.00,,,BROADWAY,,,,0.00,Y,Four-Way, ,Intersection,None,,,         ,Michael,Osuna,Clear,Angle,no,no,no,no,no,False
101278671,METROPOLITAN NASHVILLE POLICE DEPT,20160598886,Davidson,Nashville,7/3/2016 11:46:00 PM,2,1,0,36.172550,-86.768830,I24 W EXT RAMP,,,,0.00,Feet,East,I 24,,,,0.00,N,Not at Intersection,N,Non-Junction,None,,,         ,Jeremy,Kidd,Clear,Front to Rear,no,no,no,no,no,False
101278673,METROPOLITAN NASHVILLE POLICE DEPT,20160599128,Davidson,Nashville,7/4/2016 1:40:00 AM,2,0,0,36.058470,-86.678310,I 24,,,,0.00,,,,,,,58.00,N,Not at Intersection, ,Non-Junction,None,,,         ,Daniel,Garrett,Clear,"Sideswipe, Same Direction",no,no,no,no,yes,False
101278674,METROPOLITAN NASHVILLE POLICE DEPT,20160596322,Davidson,Nashville,7/3/2016 12:30:00 AM,1,0,0,36.234430,-86.721410,BRILEY PKWY W EXT RAMP,,,,0.00,,East,BRILEY PKWYW,,,,0.00,N,Not at Intersection,N,Entrance/Exit Ramp Related,None,,,         ,Brenton,Adcox,Clear,Not Collision with Motor Vehicle in Transport,no,no,no,no,no,False
101278677,METROPOLITAN NASHVILLE POLICE DEPT,20160598975,Davidson,Not in City Limit,7/3/2016 9:30:00 PM,2,0,0,36.352380,-86.879900,WHITES CREEK PKE,,,,13.00,Feet,North,BAXTER RD,,,,0.00,N,Not at Intersection,Y,Non-Junction,None,,,         ,Bryant,Presley,Clear,Angle,no,no,no,no,yes,False
101278683,METROPOLITAN NASHVILLE POLICE DEPT,20160599016,Davidson,Nashville,7/4/2016 12:45:00 AM,2,1,0,36.180930,-86.749580,GALLATIN AV,,,,149.00,Feet,South,MANSFIELD ST,,,,0.00,N,Not at Intersection,N,Non-Junction,None,,,         ,Robert,Crow,Cloudy,Front to Rear,no,no,no,no,no,False
101278744,METROPOLITAN NASHVILLE POLICE DEPT,20160599290,Davidson,Nashville,7/3/2016 11:30:00 PM,1,0,0,0.000000,0.000000,307 LEOPOLE RD,,,,1.00,Feet,North,307 LEOPOLE RD,,,,0.00,N,Not at Intersection, ,Non-Junction,None,,,         ,Caleb,Jernigan,Clear,Not Collision with Motor Vehicle in Transport,no,no,no,yes,no,False
101278748,METROPOLITAN NASHVILLE POLICE DEPT,20160593897,Davidson,Nashville,7/2/2016 3:45:00 AM,2,1,0,36.155650,-86.789720,I40 E ENT RAMP,,,,0.00,,,BROADWAY,,,,0.00,Y,T-Intersection,N,Intersection,None,,,         ,Craig,Oakley,Clear,Angle,no,no,no,no,no,False
101278749,METROPOLITAN NASHVILLE POLICE DEPT,20160596349,Davidson,Nashville,7/4/2016 12:00:00 AM,2,0,0,36.172090,-86.809750,KNOWLES ST,,,,115.00,Feet,East,21ST AVN,,,,0.00,N,Not at Intersection,N,Non-Junction,None,,,         ,Joshua,Green,Clear,Angle,no,no,no,no,yes,False
101278750,METROPOLITAN NASHVILLE POLICE DEPT,20160599203,Davidson,Nashville,7/4/2016 2:42:00 AM,2,0,0,36.045740,-86.674350,BELL RD,,,,0.00,,,BLUE HOLE RD,,,,0.00,Y,Four-Way,N,Intersection-Related,None,,,         ,Autumn,Manning,Clear,Front to Rear,no,no,no,no,no,False
101278764,METROPOLITAN NASHVILLE POLICE DEPT,20160591564,Davidson,Nashville,7/1/2016 12:45:00 PM,1,0,0,36.235220,-86.764680,I 65,,,,0.00,,,,,,,89.55,N,Not at Intersection,N,Non-Junction,None,,,         ,Brian,Otto,Clear,Not Collision with Motor Vehicle in Transport,no,no,no,no,no,False
101278781,METROPOLITAN NASHVILLE POLICE DEPT,20160597699,Davidson,Nashville,7/3/2016 2:20:00 PM,1,1,0,36.244520,-86.722460,LAKEWOOD DR,,,,0.00,Feet,,GALLATIN PKES,,,,0.00,Y,T-Intersection,N,Intersection,None,,,         ,Michelle,Steidl,Clear,Not Collision with Motor Vehicle in Transport,no,no,no,no,no,False
101278783,METROPOLITAN NASHVILLE POLICE DEPT,20160597670,Davidson,Nashville,7/3/2016 1:45:00 PM,2,3,0,36.166230,-86.765790,SHELBY AV,,,,0.00,,,INTERSTATE DR,,,,0.00,Y,Four-Way,N,Intersection,None,,,         ,Robert,Magner,Clear,Angle,no,no,no,no,no,False
101278786,METROPOLITAN NASHVILLE POLICE DEPT,20160597567,Davidson,Nashville,7/3/2016 12:57:00 PM,1,1,0,36.249190,-86.734460,DUE WEST AVW,,,,0.00,,,S GRAYCROFT AV,,,,0.00,Y,Four-Way,N,Intersection,None,,,         ,Michael,Agee,Clear,Not Collision with Motor Vehicle in Transport,no,no,no,no,no,False
101278788,METROPOLITAN NASHVILLE POLICE DEPT,2016-0599606,Davidson,Not in City Limit,7/4/2016 6:50:00 AM,1,0,0,36.137760,-86.949200,RIVER ROAD PKE,,,,1957.00,Feet,East,INDIAN CREEK RD,,,,0.00,N,Not at Intersection,N,Non-Junction,None,,,         ,Curtis,Rich,Clear,Not Collision with Motor Vehicle in Transport,no,no,no,no,no,False
101278810,METROPOLITAN NASHVILLE POLICE DEPT,20160594791,Davidson,Nashville,7/2/2016 11:30:00 AM,2,0,0,36.149060,-86.769390,4TH AVS,,,,64.00,Feet,North,OAK ST,,,,0.00,N,Not at Intersection, ,Non-Junction,None,,,         ,Jedidayah,Merriweather,Clear,Angle,no,no,no,no,no,False
101278811,METROPOLITAN NASHVILLE POLICE DEPT,2016-0599604,Davidson,Nashville,7/4/2016 5:40:00 AM,1,1,0,36.027500,-86.680070,PETTUS RD,,,,311.00,Feet,East,OLD HICKORY BLVD,,,,0.00,N,Not at Intersection,N,Non-Junction,None,,,         ,William,Whitworth,Clear,Not Collision with Motor Vehicle in Transport,no,no,no,no,no,False