master_record_number,agency,agency_tracking_number,county,city,collision_date,vehicles_involved,number_injured,number_dead,latitude,longitude,roadway_name,roadway_suffix,roadway_number,roadway_local_id,distance_from_reference,miles-feet_indicator,direction_from_reference,intersection_road_name,intersection_road_name_suffix,intersection_road_number,intersection_local_id,mile_marker,intersection_indicator,intersect_type,interchange_related_indicator,relation_to_junction,work_zone_type,construction_maintenance_zone,construction_maintenance_zone_location,fatal_case_number,officer_first_name,officer_last_name,weather_condition(s),manner_of_crash,pedestrian,bicycle,scooter,parking,hitrun,mou
101279326,METROPOLITAN NASHVILLE POLICE DEPT,2016-0602448,Davidson,Nashville,7/5/2016 5:22:00 AM,1,0,0,36.254470,-86.806220,KNIGHT DR,,,,0.72,Miles,North,BRICK CHURCH LN,,,,0.00,N,Not at Intersection, ,Non-Junction,None,,,         ,Anthony,Cavis,Rain,Not Collision with Motor Vehicle in Transport,no,no,no,no,no,False
101279341,METROPOLITAN NASHVILLE POLICE DEPT,20160602453,Davidson,Not in City Limit,7/5/2016 5:27:00 AM,1,0,0,36.100580,-86.934710,I 40,,,,0.00,,,,,,,198.20,N,Not at Intersection,N,Non-Junction,None,,,         ,Albert,Wilson,Rain,Not Collision with Motor Vehicle in Transport,no,no,no,no,no,False
101279352,METROPOLITAN NASHVILLE POLICE DEPT,20160602551,Davidson,Nashville,7/5/2016 6:41:00 AM,2,0,0,36.041010,-86.782650,I65 S EXT RAMP,,,,0.00,Feet,East,I 65,,,,0.00,N,Not at Intersection, ,Non-Junction,None,,,         ,Nathan,Kemp,Rain,"Sideswipe, Same Direction",no,no,no,no,no,False
101279355,METROPOLITAN NASHVILLE POLICE DEPT,20160600355,Davidson,Nashville,7/4/2016 12:21:00 PM,2,0,0,36.172590,-86.762800,WOODLAND ST,,,,0.00,,,S 6TH ST,,,,0.00,Y,Four-Way, ,Intersection,None,,,         ,Alex,Moore,Clear,"Sideswipe, Same Direction",no,no,no,no,no,False
101279359,METROPOLITAN NASHVILLE POLICE DEPT,2016-0602614,Davidson,Nashville,7/5/2016 12:00:00 AM,1,0,0,36.146730,-86.756190,LAFAYETTE ST,,,,126.00,Feet,West,MURFREESBORO PKE,,,,0.00,N,Not at Intersection, ,Non-Junction,None,,,         ,Jeb,Johnston,Rain,Not Collision with Motor Vehicle in Transport,no,no,no,no,yes,False
101279360,METROPOLITAN NASHVILLE POLICE DEPT,20160602592,Davidson,Nashville,7/5/2016 6:50:00 AM,2,1,0,36.109360,-86.721340,I 24,,,,0.00,,,,,,,53.75,N,Not at Intersection,N,Non-Junction,None,,,         ,David,Smith,Rain,Front to Rear,no,no,no,no,no,False
101279372,METROPOLITAN NASHVILLE POLICE DEPT,2016-0600392,Davidson,Nashville,7/4/2016 12:20:00 PM,2,0,0,36.194690,-86.622300,LEBANON PKE,,,,368.00,Feet,South,BONNASPRING DR,,,,0.00,N,Not at Intersection, ,Non-Junction,None,,,         ,Jeb,Johnston,Cloudy,"Sideswipe, Same Direction",no,no,no,no,no,False
101279377,METROPOLITAN NASHVILLE POLICE DEPT,20160602603,Davidson,Nashville,7/5/2016 7:14:00 AM,3,0,0,36.156730,-86.627900,I 40,,,,0.00,,,,,,,219.10,N,Not at Intersection, ,Non-Junction,None,,,         ,James,Curtis,Cloudy,Front to Rear,no,no,no,no,yes,False
101279382,METROPOLITAN NASHVILLE POLICE DEPT,20160602662,Davidson,Nashville,7/5/2016 7:37:00 AM,2,2,0,36.067380,-86.770530,I 65,,,,0.00,,,,,,,76.75,N,Not at Intersection,N,Non-Junction,None,,,         ,Nathan,Kemp,Rain,Front to Rear,no,no,no,no,no,False
101279383,METROPOLITAN NASHVILLE POLICE DEPT,20160602733,Davidson,Nashville,7/5/2016 8:11:00 AM,1,0,0,36.059900,-86.814940,GRANNY WHITE PKE,,,,88.00,Feet,North,CARL SEYFERT MEMORIAL DR,,,,0.00,N,Not at Intersection, ,Non-Junction,None,,,         ,Nathan,Kemp,Clear,Not Collision with Motor Vehicle in Transport,no,no,no,no,no,False
101279384,METROPOLITAN NASHVILLE POLICE DEPT,20160602589,Davidson,Nashville,7/5/2016 6:37:00 AM,1,2,0,36.081390,-86.697330,I 24,,,,0.00,,,,,,,56.10,N,Not at Intersection,N,Non-Junction,None,,,         ,Rickie,Corman,Rain,Not Collision with Motor Vehicle in Transport,no,no,no,no,no,False
101279390,METROPOLITAN NASHVILLE POLICE DEPT,2016-0599019,Davidson,Not in City Limit,7/4/2016 12:50:00 AM,1,0,0,36.007900,-86.666020,PETTUS RD,,,,42.00,Feet,West,OLD HICKORY BLVD,,,,0.00,N,Not at Intersection,N,Non-Junction,None,,,         ,Kevin,Breeding,Clear,Not Collision with Motor Vehicle in Transport,no,no,no,no,no,False
101279394,METROPOLITAN NASHVILLE POLICE DEPT,20160602657,Davidson,Nashville,7/5/2016 6:15:00 AM,1,0,0,36.182520,-86.841530,PANORAMA DR,,,,294.00,Feet,South,DOLAN RD,,,,0.00,N,Not at Intersection,N,Non-Junction,None,,,         ,John,Tyree,Rain,Not Collision with Motor Vehicle in Transport,no,no,no,no,yes,False
101279413,METROPOLITAN NASHVILLE POLICE DEPT,20160602681,Davidson,Nashville,7/5/2016 7:45:00 AM,3,0,0,36.170270,-86.786160,BICENTENNIAL MALL CNCTR,,,,53.00,Feet,East,6TH AVN,,,,0.00,N,Not at Intersection, ,Non-Junction,None,,,         ,Clint,Gilleland,Cloudy,Not Collision with Motor Vehicle in Transport,no,no,no,no,no,False
101279416,METROPOLITAN NASHVILLE POLICE DEPT,20160602783,Davidson,Nashville,7/5/2016 8:27:00 AM,2,0,0,36.226310,-86.603190,SHUTE LN,,,,0.00,,,SAUNDERSVILLE RD,,,,0.00,Y,T-Intersection, ,,None,,,         ,James,Curtis,,,no,no,no,no,no,False
101279417,METROPOLITAN NASHVILLE POLICE DEPT,20160602635,Davidson,Nashville,7/5/2016 7:28:00 AM,2,0,0,36.069440,-86.689620,I 24,,,,0.00,,,,,,,57.00,N,Not at Intersection, ,Non-Junction,None,,,         ,Jedidayah,Merriweather,Cloudy,Front to Rear,no,no,no,no,no,False
101279418,METROPOLITAN NASHVILLE POLICE DEPT,20160602684,Davidson,Nashville,7/5/2016 7:50:00 AM,2,0,0,36.038990,-86.782580,OLD HICKORY BLVD,,,,0.00,,,I65 N EXT RAMP,,,,0.00,Y,OTHER,N,Non-Junction,None,,,         ,Justin,Fox,Cloudy,Front to Rear,no,no,no,no,no,False
101279423,METROPOLITAN NASHVILLE POLICE DEPT,20160602599,Davidson,Nashville,7/5/2016 6:17:00 AM,1,0,0,36.231070,-86.828200,BRILEY PKWYE,,,,487.00,Feet,North,BRILEY PKWYW,,,,0.00,N,Not at Intersection, ,Non-Junction,None,,,         ,Michael,McCord,Rain,Not Collision with Motor Vehicle in Transport,no,no,no,no,no,False
101279424,METROPOLITAN NASHVILLE POLICE DEPT,20160602690,Davidson,Nashville,7/5/2016 7:49:00 AM,2,0,0,36.231070,-86.828200,BRILEY PKWYE,,,,487.00,Feet,North,BRILEY PKWYW,,,,0.00,N,Not at Intersection,N,Non-Junction,None,,,         ,Michael,McCord,Cloudy,"Sideswipe, Same Direction",no,no,no,no,no,False
101279433,METROPOLITAN NASHVILLE POLICE DEPT,20160602863,Davidson,Madison,7/5/2016 9:00:00 AM,2,0,0,36.262780,-86.712020,GALLATIN PKES,,,,107.00,Feet,South,STATE RT 45,,,,0.00,N,Not at Intersection,N,Non-Junction,None,,,         ,Brian,Otto,Cloudy,Angle,no,no,no,no,no,False
101279441,METROPOLITAN NASHVILLE POLICE DEPT,20160602787,Davidson,Nashville,7/5/2016 7:40:00 AM,2,0,0,36.044200,-86.650750,HICKORY HOLLOW PKWY,,,,146.00,Feet,North,CROSSINGS PL,,,,0.00,N,Not at Intersection,N,Non-Junction,None,,,         ,David,Smith,Cloudy,Angle,no,no,no,no,yes,False
101279443,METROPOLITAN NASHVILLE POLICE DEPT,20160600346,Davidson,Nashville,7/4/2016 12:15:00 PM,2,0,0,36.231690,-86.747600,ELLINGTON PKWYS,,,,375.00,Feet,North,BROADMOOR DR,,,,0.00,N,Not at Intersection,N,Non-Junction,None,,,         ,Christopher,Lo,Cloudy,"Sideswipe, Same Direction",no,no,no,no,no,False
101279452,METROPOLITAN NASHVILLE POLICE DEPT,20160602946,Davidson,Nashville,7/5/2016 9:34:00 AM,3,1,0,36.117130,-86.771400,I65 S ENT RAMP,,,,0.00,Feet,East,I 440,,,,0.00,N,Not at Intersection,N,Entrance/Exit Ramp Related,None,,,         ,Nathan,Kemp,Clear,Front to Rear,no,no,no,no,yes,False
101279454,METROPOLITAN NASHVILLE POLICE DEPT,20160602945,Davidson,Nashville,7/5/2016 9:30:00 AM,2,0,0,36.183650,-86.610660,OLD HICKORY BLVD,,,,0.00,,,ANDREW JACKSON PKWY,,,,0.00,Y,Four-Way, ,Intersection,None,,,         ,Richard,Hyatt,Cloudy,Front to Rear,no,no,no,no,no,False
101279465,METROPOLITAN NASHVILLE POLICE DEPT,20160602571,Davidson,Nashville,7/5/2016 4:30:00 AM,1,0,0,36.073450,-86.750230,BRIARWOOD DR,,,,87.00,Feet,South,BRAMBLEWOOD DR,,,,0.00,N,Not at Intersection,N,Non-Junction,None,,,         ,Brent,Bauer,Unknown,Not Collision with Motor Vehicle in Transport,no,no,no,no,yes,False
101279466,METROPOLITAN NASHVILLE POLICE DEPT,2016-0603017,Davidson,Nashville,7/5/2016 10:00:00 AM,2,1,0,36.156140,-86.848800,51ST AVN,,,,132.00,Feet,South,INDIANA AV,,,,0.00,N,Not at Intersection,N,Non-Junction,None,,,         ,Curtis,Rich,Cloudy,Angle,no,no,no,no,no,False
101279471,METROPOLITAN NASHVILLE POLICE DEPT,20160602950,Davidson,Nashville,7/5/2016 8:00:00 AM,2,0,0,36.122420,-86.726940,I440 W ENT RAMP,,,,0.00,Feet,East,I 24,,,,0.00,N,Not at Intersection, ,Non-Junction,None,,,         ,David,Smith,Cloudy,Front to Rear,no,no,no,no,no,False
101279481,METROPOLITAN NASHVILLE POLICE DEPT,20160602856,Davidson,Nashville,7/5/2016 8:42:00 AM,2,0,0,36.044960,-86.665140,BELL RD,,,,518.00,Feet,North,CEDAR POINTE PKWY,,,,0.00,N,Not at Intersection,N,Non-Junction,None,,,         ,Roderic,Williams,Cloudy,Front to Rear,no,no,no,yes,no,False
101279491,METROPOLITAN NASHVILLE POLICE DEPT,2016-0592196,Davidson,Not in City Limit,7/1/2016 4:49:00 PM,2,0,0,36.077870,-86.997820,I 40,,,,0.00,,,,,,,193.75,N,Not at Intersection, ,Non-Junction,None,,,         ,Walter,Gray II,Clear,Front to Rear,no,no,no,no,no,False
101279492,METROPOLITAN NASHVILLE POLICE DEPT,2016-0603039,Davidson,Not in City Limit,7/5/2016 10:12:00 AM,2,0,0,36.079650,-86.953650,HIGHWAY 70S,,,,50.00,Feet,West,COLEY DAVIS RD,,,,0.00,N,Not at Intersection, ,Non-Junction,None,,,         ,Walter,Gray II,Cloudy,Front to Rear,no,no,no,no,no,False
101279496,METROPOLITAN NASHVILLE POLICE DEPT,20160602907,Davidson,Nashville,7/5/2016 9:24:00 AM,3,1,0,36.229380,-86.759280,DICKERSON PKE,,,,0.00,,,EWING DR,,,,0.00,Y,Four-Way,N,Intersection,None,,,         ,Doyle,Price,Cloudy,Angle,no,no,no,no,no,False
101279498,METROPOLITAN NASHVILLE POLICE DEPT,2016602698,Davidson,Nashville,7/5/2016 7:54:00 AM,2,0,0,36.172840,-86.765340,JAMES ROBERTSON PKWY,,,,0.00,,,MAIN ST,,,,0.00,Y,Four-Way, ,Intersection-Related,None,,,         ,Christopher,Lo,Cloudy,"Sideswipe, Same Direction",no,no,no,no,no,False
101279501,METROPOLITAN NASHVILLE POLICE DEPT,2016-0600627,Davidson,Nashville,7/4/2016 2:27:00 PM,2,1,0,36.089270,-86.689000,HARDING PL,,,,181.00,Feet,West,HARDING INDUSTRIAL DR,,,,0.00,N,Not at Intersection,N,"Driveway, Alley Access, etc",None,,,         ,William,Whitworth,Rain,Angle,no,no,no,no,no,False
101279503,METROPOLITAN NASHVILLE POLICE DEPT,2016-0602585,Davidson,Not in City Limit,7/5/2016 6:30:00 AM,1,0,0,35.989810,-86.632020,BURKITT RD,,,,1716.00,Feet,West,BATTLE RD,,,,0.00,N,Not at Intersection,N,Non-Junction,None,,,         ,William,Whitworth,Cloudy,Not Collision with Motor Vehicle in Transport,no,no,no,no,no,False
101279505,METROPOLITAN NASHVILLE POLICE DEPT,070120054,Davidson,Nashville,7/5/2016 7:38:00 AM,2,0,0,36.158090,-86.800520,CHARLOTTE AV,,,,0.00,,,,,,,0.00,,,N,Non-Junction,None,,,         ,Chase,Burnett,Rain,Rear to Rear,no,no,no,yes,yes,False
101279519,METROPOLITAN NASHVILLE POLICE DEPT,20160603190,Davidson,Nashville,7/5/2016 11:17:00 AM,2,0,0,36.147350,-86.762720,WHARF AV,,,,27.00,Feet,South,PERKINS ST,,,,0.00,N,Not at Intersection, ,Non-Junction,None,,,         ,Jessie,Meadows,Clear,Angle,no,no,no,no,no,False
101279520,METROPOLITAN NASHVILLE POLICE DEPT,20160603286,Davidson,Nashville,7/5/2016 11:52:00 AM,1,0,0,36.045250,-86.660010,I24 E EXT RAMP,,,,0.00,Feet,East,I 24,,,,0.00,N,Not at Intersection, ,,None,,,         ,Jessie,Meadows,,,no,no,no,no,no,False
101279521,METROPOLITAN NASHVILLE POLICE DEPT,20160602575,Davidson,Nashville,7/5/2016 12:00:00 AM,3,0,0,36.187480,-86.816920,25TH AVN,,,,18.00,Feet,North,HYDE ST,,,,0.00,N,Not at Intersection,N,Non-Junction,None,,,         ,Julie,Nabors,Rain,Front to Rear,no,no,no,no,yes,False
101279522,METROPOLITAN NASHVILLE POLICE DEPT,20160594918,Davidson,Not in City Limit,7/2/2016 1:39:00 PM,2,0,0,36.322630,-86.860830,I 24,,,,0.00,,,,,,,35.40,N,Not at Intersection,N,Non-Junction,Construction Zone,,,         ,Cheri,Cox,Clear,"Sideswipe, Same Direction",no,no,no,no,no,False
101279523,METROPOLITAN NASHVILLE POLICE DEPT,20160602566,Davidson,Nashville,7/5/2016 7:10:00 AM,2,0,0,36.118910,-86.726450,I 24,,,,0.00,,,,,,,53.00,N,Not at Intersection,N,Non-Junction,None,,,         ,Todd,Watson,Cloudy,Front to Rear,no,no,no,no,no,False
101279525,METROPOLITAN NASHVILLE POLICE DEPT,20160597413,Davidson,Nashville,7/3/2016 11:20:00 AM,2,0,0,36.062780,-86.677230,ANTIOCH PKE,,,,952.00,Feet,South,MILL CREEK BLUE HOLE GRNWY,,,,0.00,N,Not at Intersection,N,Non-Junction,None,,,         ,Jedidayah,Merriweather,Clear,Angle,no,no,no,no,no,False
101279556,METROPOLITAN NASHVILLE POLICE DEPT,20160603513,Davidson,Nashville,7/5/2016 12:44:00 PM,2,1,0,36.151260,-86.799570,WEST END AV,,,,80.00,Feet,West,20TH AVS,,,,0.00,N,Not at Intersection,N,Non-Junction,None,,,         ,Nathan,Kemp,Clear,Front to Rear,no,no,no,no,no,Campus
101279568,METROPOLITAN NASHVILLE POLICE DEPT,20160603359,Davidson,Nashville,7/5/2016 11:36:00 AM,2,0,0,36.206720,-86.779670,W TRINITY LN,,,,364.00,Feet,West,HAMPTON ST,,,,0.00,N,Not at Intersection,N,Non-Junction,None,,,         ,Michael,McCord,Cloudy,Angle,no,no,no,yes,yes,False
101279569,METROPOLITAN NASHVILLE POLICE DEPT,20160602595,Davidson,Nashville,7/5/2016 7:15:00 AM,2,0,0,36.186360,-86.796550,I65 S EXT RAMP,,,,0.00,Feet,East,I 65,,,,0.00,N,Not at Intersection, ,,None,,,         ,Tevares,Hockett,,,no,no,no,no,no,False
101279570,METROPOLITAN NASHVILLE POLICE DEPT,20160602627,Davidson,Nashville,7/5/2016 7:26:00 AM,2,1,0,36.109370,-86.811760,HILLSBORO PKE,,,,0.00,,,,,,,0.00,,,N,Non-Junction,None,,,         ,George,Ward,Rain,Front to Rear,no,no,no,no,no,False
101279574,METROPOLITAN NASHVILLE POLICE DEPT,20160603407,Davidson,Nashville,7/5/2016 11:40:00 AM,2,0,0,36.068200,-86.719110,NOLENSVILLE PKE,,,,0.00,,,HAYWOOD LN,,,,0.00,Y,OTHER,N,Non-Junction,None,,,         ,Brent,Bauer,Cloudy,Angle,no,no,no,yes,yes,False
101279607,METROPOLITAN NASHVILLE POLICE DEPT,20160603500,Davidson,Nashville,7/5/2016 12:35:00 PM,2,0,0,36.037400,-86.786570,OLD HICKORY BLVD,,,,0.00,,,FRANKLIN PKE,,,,0.00,Y,Four-Way,N,Intersection-Related,None,,,         ,Justin,Fox,Cloudy,Front to Rear,no,no,no,no,yes,False
101279608,METROPOLITAN NASHVILLE POLICE DEPT,20160602864,Davidson,Nashville,7/5/2016 8:55:00 AM,2,0,0,36.206270,-86.773480,W TRINITY LN,,,,0.00,,,I65 N ENT RAMP,,,,0.00,Y,T-Intersection, ,Intersection,None,,,         ,Christopher,Lo,Cloudy,Front to Rear,no,no,no,no,no,False
101279609,METROPOLITAN NASHVILLE POLICE DEPT,20160603519,Davidson,Nashville,7/5/2016 1:15:00 PM,2,0,0,36.057060,-86.699920,COLEMONT DR,,,,53.00,Feet,North,TUSCULUM RD,,,,0.00,N,Not at Intersection,N,Non-Junction,None,,,         ,Jessie,Meadows,Clear,Angle,no,no,no,no,no,False
101279610,METROPOLITAN NASHVILLE POLICE DEPT,20160603428,Davidson,Nashville,7/5/2016 12:16:00 PM,2,3,0,36.214610,-86.604660,LEBANON PKE,,,,0.00,,,SHUTE LN,,,,0.00,Y,T-Intersection,N,Intersection,None,,,         ,James,Curtis,Cloudy,Angle,no,no,no,no,no,False
101279619,METROPOLITAN NASHVILLE POLICE DEPT,2016-0603446,Davidson,Nashville,7/5/2016 12:20:00 PM,2,0,0,36.163380,-86.787800,10TH AVN,,,,0.00,Feet,West,10TH CIRN,,,,0.00,N,Not at Intersection, ,,None,,,         ,William,Vincion,,,no,no,no,no,no,False
101279621,VANDERBILT UNIVERSITY POLICE,16-0603034,Davidson,Nashville,7/5/2016 9:00:00 AM,1,0,0,36.142460,-86.806410,25TH AVS,,,,0.00,,,,,,,0.00,,, ,Non-Junction,None,,,         ,Linda,Jennings,Cloudy,Not Collision with Motor Vehicle in Transport,no,no,no,yes,no,Campus
101279642,METROPOLITAN NASHVILLE POLICE DEPT,20160591151,Davidson,Nashville,7/1/2016 10:21:00 AM,2,0,0,36.164030,-86.786240,CHARLOTTE AV,,,,0.00,,,ROSA L PARKS BLVD,,,,0.00,Y,Four-Way, ,Intersection,None,,,         ,Wesley,Henderson,Clear,"Sideswipe, Same Direction",no,no,no,no,no,False
101279643,METROPOLITAN NASHVILLE POLICE DEPT,20160603780,Davidson,Nashville,7/5/2016 2:04:00 PM,2,0,0,36.139600,-86.701090,KAREN DR,,,,0.00,,,DABBS AV,,,,0.00,Y,Four-Way, ,Intersection,None,,,         ,MIchael,Mihajlov,Rain,Angle,no,no,no,no,no,False
101279690,METROPOLITAN NASHVILLE POLICE DEPT,20160603884,Davidson,Goodlettsville,7/5/2016 1:30:00 PM,2,0,0,36.300580,-86.711330,I 65,,,,0.00,,,,,,,95.20,N,Not at Intersection, ,Non-Junction,None,,,         ,Allen,Hall,Cloudy,"Sideswipe, Same Direction",no,no,no,no,yes,False
101279700,METROPOLITAN NASHVILLE POLICE DEPT,20160603857,Davidson,Nashville,7/5/2016 12:00:00 AM,2,0,0,36.169880,-86.808430,I 40,,,,0.00,,,,,,,207.20,N,Not at Intersection, ,Non-Junction,None,,,         ,Isaac,Wood,Rain,Front to Rear,no,no,no,no,yes,False
101279711,METROPOLITAN NASHVILLE POLICE DEPT,20160603852,Davidson,Nashville,7/5/2016 2:50:00 PM,3,0,0,36.095620,-86.735660,WHEELER AV,,,,21.00,Feet,East,SANFORD AV,,,,0.00,N,Not at Intersection,N,Non-Junction,None,,,         ,Jessie,Meadows,Clear,Front to Rear,no,no,no,no,yes,False
101279716,GOODLETTSVILLE POLICE DEPT,16-23621,Davidson,Goodlettsville,7/5/2016 1:10:00 PM,2,0,0,36.324360,-86.703373,LONG HOLLOW,PIKE,SR174,,500.00,Feet,East,,,I65,,97.00,N,Not at Intersection,N,Non-Junction,None,,,         ,Brian,Hajdu,Rain,Front to Rear,no,no,no,no,no,False
101279735,METROPOLITAN NASHVILLE POLICE DEPT,20160603886,Davidson,Nashville,7/5/2016 2:16:00 PM,2,0,0,36.094810,-86.736970,NOLENSVILLE PKE,,,,395.00,Feet,South,WHEELER AV,,,,0.00,N,Not at Intersection, ,Non-Junction,None,,,         ,Tien,Nguyen,Clear,"Sideswipe, Same Direction",no,no,no,no,no,False
101279768,METROPOLITAN NASHVILLE POLICE DEPT,20160603980,Davidson,Nashville,7/5/2016 3:16:00 PM,2,0,0,36.176060,-86.780160,VICTORY MEMORIAL BRIDGE,,,,0.00,,,,,,,0.00,,, ,,None,,,         ,Christian,Martin,,,no,no,no,no,no,False
101279769,METROPOLITAN NASHVILLE POLICE DEPT,20160604001,Davidson,Nashville,7/5/2016 3:15:00 PM,2,0,0,36.166610,-86.820440,28TH AVN,,,,0.00,,,MEHARRY BLVD,,,,0.00,Y,T-Intersection, ,Intersection,None,,,         ,Allen,Hall,Cloudy,Angle,no,no,no,no,no,False
101279770,METROPOLITAN NASHVILLE POLICE DEPT,20160603995,Davidson,Nashville,7/5/2016 3:23:00 PM,2,0,0,36.142710,-86.776800,I 65,,,,0.00,,,,,,,82.00,N,Not at Intersection, ,Non-Junction,None,,,         ,Charles,Griffin,Cloudy,Front to Rear,no,no,no,no,no,False
101279772,METROPOLITAN NASHVILLE POLICE DEPT,2016-0603926,Davidson,Nashville,7/5/2016 3:01:00 PM,2,0,0,36.122020,-86.807180,HILLSBORO PKE,,,,25.00,Feet,South,I440 E EXT RAMP,,,,0.00,N,Not at Intersection, ,Non-Junction,None,,,         ,Walter,Gray II,Cloudy,"Sideswipe, Same Direction",no,no,no,no,no,False
101279782,METROPOLITAN NASHVILLE POLICE DEPT,20160604122,Davidson,Nashville,7/5/2016 3:55:00 PM,2,0,0,36.111040,-86.753190,THOMPSON LN,,,,94.00,Feet,East,FOSTER CREIGHTON DR,,,,0.00,N,Not at Intersection, ,Non-Junction,None,,,         ,Tien,Nguyen,Clear,"Sideswipe, Same Direction",no,no,no,no,no,False
101279792,METROPOLITAN NASHVILLE POLICE DEPT,20160601224,Davidson,Nashville,7/4/2016 7:40:00 PM,2,6,0,36.120820,-86.764630,I 440,,,,0.00,,,,,,,5.50,N,Not at Intersection,N,Non-Junction,None,,,         ,William,Taylor,Rain,HeadOn,no,no,no,no,no,False
101279805,METROPOLITAN NASHVILLE POLICE DEPT,20160603960,Davidson,Nashville,7/5/2016 2:25:00 PM,2,1,0,36.171680,-86.798750,I 40,,,,0.00,,,,,,,207.90,N,Not at Intersection,N,Non-Junction,None,,,         ,Landon,Bagwell,Cloudy,"Sideswipe, Same Direction",no,no,no,no,yes,False
101279806,METROPOLITAN NASHVILLE POLICE DEPT,20160604074,Davidson,Nashville,7/5/2016 3:37:00 PM,2,0,0,36.154480,-86.779480,8TH AVS,,,,0.00,,,PALMER PL,,,,0.00,Y,Roundabout, ,,None,,,         ,Jason,Thomas,,,no,no,no,no,no,False
101279837,METROPOLITAN NASHVILLE POLICE DEPT,20160604002,Davidson,Nashville,7/5/2016 2:48:00 PM,2,0,0,36.076170,-86.634910,BELL RD,,,,153.00,Feet,South,DAVENPORT DR,,,,0.00,N,Not at Intersection,N,Non-Junction,None,,,         ,Tyler,Maupin,Cloudy,Front to Rear,no,no,no,no,yes,False
101279838,GOODLETTSVILLE POLICE DEPT,16-23619,Davidson,Goodlettsville,7/5/2016 12:55:00 PM,1,0,0,36.324215,-86.709177,EAST CEDAR ST,,,,482.00,Feet,East,CHURCH ST,,,,0.00,N,Not at Intersection, ,Rail Grade Crossing,None,,,         ,John,Spencer,Clear,Not Collision with Motor Vehicle in Transport,no,no,no,no,no,False
101279840,BELLE MEADE POLICE DEPT,16-0189,Davidson,Belle Meade,7/5/2016 12:00:00 AM,2,1,0,36.109630,-86.865070,HARDING PKE,,,,1761.00,Feet,North,LEAKE AV,,,,0.00,N,Not at Intersection,N,Non-Junction,None,,,         ,Jon,Carter,Clear,Front to Rear,no,no,no,no,no,False
101279841,METROPOLITAN NASHVILLE POLICE DEPT,20160604323,Davidson,Nashville,7/5/2016 4:59:00 PM,1,0,0,36.110210,-86.774510,WOODMONT BLVD,,,,948.00,Feet,East,CRESTRIDGE DR,,,,0.00,N,Not at Intersection,N,Non-Junction,None,,,         ,Charles,Griffin,Cloudy,Not Collision with Motor Vehicle in Transport,no,no,no,no,no,False
101279845,METROPOLITAN NASHVILLE POLICE DEPT,2016-0604343,Davidson,Nashville,7/5/2016 4:39:00 PM,2,0,0,36.151990,-86.847990,CHARLOTTE AV,,,,173.00,Feet,East,51ST AVN,,,,0.00,N,Not at Intersection, ,"Driveway, Alley Access, etc",None,,,         ,Walter,Gray II,Cloudy,Angle,no,no,no,no,no,False
101279852,METROPOLITAN NASHVILLE POLICE DEPT,20160603894,Davidson,Nashville,7/5/2016 2:45:00 PM,2,2,0,36.170690,-86.801750,JEFFERSON ST,,,,130.00,Feet,West,14TH AVN,,,,0.00,N,Not at Intersection,N,Non-Junction,None,,,         ,Andy,Esqueda,Cloudy,Front to Rear,no,no,no,no,no,False
101279865,BELLE MEADE POLICE DEPT,16-0188,Davidson,Belle Meade,7/5/2016 2:02:00 PM,2,0,0,36.122310,-86.851320,HARDING PKE,,,,0.00,,,LYNNWOOD BLVD,,,,0.00,Y,Four-Way,N,Intersection,None,,,         ,Norm,Shelton,Cloudy,"Sideswipe, Same Direction",no,no,no,no,no,False
101279873,METROPOLITAN NASHVILLE POLICE DEPT,20160604104,Davidson,Not in City Limit,7/5/2016 4:18:00 PM,2,0,0,36.007500,-86.664210,OLD HICKORY BLVD,,,,520.00,Feet,East,PETTUS RD,,,,0.00,N,Not at Intersection,N,Non-Junction,None,,,         ,Jessie,Meadows,Clear,"Sideswipe, Opposite Direction",no,no,no,no,yes,False
101279874,METROPOLITAN NASHVILLE POLICE DEPT,20160604169,Davidson,Nashville,7/5/2016 5:31:00 PM,1,1,0,36.049910,-86.703040,EULALA DR,,,,30.00,Feet,South,ASHLAWN DR,,,,0.00,N,Not at Intersection,N,Non-Junction,None,,,         ,Jessie,Meadows,Clear,Not Collision with Motor Vehicle in Transport,no,no,no,no,no,False
101279878,METROPOLITAN NASHVILLE POLICE DEPT,20160604258,Davidson,Nashville,7/5/2016 3:29:00 PM,2,0,0,36.229420,-86.759530,EWING DR,,,,75.00,Feet,West,BROADMOOR DR,,,,0.00,N,Not at Intersection, ,Non-Junction,None,,,         ,Christopher,Valdez,Cloudy,Angle,no,no,no,no,yes,False
101279879,METROPOLITAN NASHVILLE POLICE DEPT,20160604399,Davidson,Nashville,7/5/2016 5:15:00 PM,2,0,0,36.186730,-86.775290,I 24,,,,0.00,,,,,,,47.15,N,Not at Intersection, ,Non-Junction,None,,,         ,Christopher,Valdez,Cloudy,Front to Rear,no,no,no,no,yes,False
101279902,METROPOLITAN NASHVILLE POLICE DEPT,20160604498,Davidson,Nashville,7/5/2016 5:50:00 PM,2,0,0,36.131880,-86.895530,CHARLOTTE PKE,,,,0.00,,,I40 E ENT RAMP,,,,0.00,Y,T-Intersection, ,Intersection-Related,None,,,         ,Barrett,Teague,Clear,Front to Rear,no,no,no,no,no,False