master_record_number,agency,agency_tracking_number,county,city,collision_date,vehicles_involved,number_injured,number_dead,latitude,longitude,roadway_name,roadway_suffix,roadway_number,roadway_local_id,distance_from_reference,miles-feet_indicator,direction_from_reference,intersection_road_name,intersection_road_name_suffix,intersection_road_number,intersection_local_id,mile_marker,intersection_indicator,intersect_type,interchange_related_indicator,relation_to_junction,work_zone_type,construction_maintenance_zone,construction_maintenance_zone_location,fatal_case_number,officer_first_name,officer_last_name,weather_condition(s),manner_of_crash,pedestrian,bicycle,scooter,parking,hitrun,mou
101280605,GOODLETTSVILLE POLICE DEPT,16-23749,Davidson,Goodlettsville,7/6/2016 4:15:00 PM,2,0,0,36.328545,-86.714691,NORTH MAIN,ST,SR31/41,,150.00,Feet,South,DORRIS,AVE,,,0.00,N,Not at Intersection, ,Non-Junction,None,,,         ,Jason,Ayers,Rain,Front to Rear,no,no,no,no,no,False
101280606,METROPOLITAN NASHVILLE POLICE DEPT,20160607983,Davidson,Goodlettsville,7/6/2016 3:21:00 PM,2,0,0,36.302520,-86.692180,GALLATIN PKEN,,,,127.00,Feet,West,RIVERGATE MARKETPLACE PVTDR,,,,0.00,N,Not at Intersection, ,,None,,,         ,Jordan,Lowry,,,no,no,no,no,no,False
101280621,METROPOLITAN NASHVILLE POLICE DEPT,20160607892,Davidson,Nashville,7/6/2016 3:05:00 PM,6,1,0,36.155650,-86.789720,I40 E ENT RAMP,,,,0.00,,,BROADWAY,,,,0.00,Y,Four-Way,N,Intersection-Related,None,,,         ,Tien,Nguyen,Clear,Front to Rear,no,no,no,no,yes,False
101280625,METROPOLITAN NASHVILLE POLICE DEPT,2016-0604980,Davidson,Nashville,7/5/2016 12:00:00 AM,2,0,0,36.167990,-86.613450,OAKWELL FARMS LN,,,,206.00,Feet,North,BROOKS MILL CIR,,,,0.00,N,Not at Intersection,N,Non-Junction,None,,,         ,Sandra,Talavera,Unknown,Rear to Rear,no,no,no,yes,yes,False
101280626,METROPOLITAN NASHVILLE POLICE DEPT,2016-0605091,Davidson,Nashville,7/5/2016 9:09:00 PM,1,0,0,36.169710,-86.606500,I40 E EXT RAMP,,,,0.00,Feet,East,I 40,,,,0.00,N,Not at Intersection,N,Entrance/Exit Ramp Related,None,,,         ,Sandra,Talavera,Rain,Not Collision with Motor Vehicle in Transport,no,no,no,no,no,False
101280640,METROPOLITAN NASHVILLE POLICE DEPT,2016-0607746,Davidson,Nashville,7/6/2016 2:10:00 PM,2,0,0,36.147340,-86.625880,TRAILS CIR,,,,0.00,,,BELL RD,,,,0.00,Y,T-Intersection,N,Non-Junction,None,,,         ,Sandra,Talavera,Cloudy,Front to Rear,no,no,no,no,no,False
101280641,METROPOLITAN NASHVILLE POLICE DEPT,20160608253,Davidson,Nashville,7/6/2016 4:37:00 PM,2,0,0,36.141740,-86.778920,EDGEHILL AV,,,,74.00,Feet,West,CHESTNUT ST,,,,0.00,N,Not at Intersection,N,Non-Junction,None,,,         ,Jacob,Masteller,Rain,Front to Rear,no,no,no,no,yes,False
101280650,METROPOLITAN NASHVILLE POLICE DEPT,2016-0608044,Davidson,Nashville,7/6/2016 3:27:00 PM,2,0,0,36.082240,-86.758230,TROUSDALE DR,,,,415.00,Feet,North,HARDING PL,,,,0.00,N,Not at Intersection,N,Non-Junction,None,,,         ,William,King,Clear,"Sideswipe, Same Direction",no,no,no,no,no,False
101280652,METROPOLITAN NASHVILLE POLICE DEPT,20160608301,Davidson,Nashville,7/6/2016 5:15:00 PM,2,0,0,36.146070,-86.799550,SCARRITT PL,,,,0.00,,,21ST AVS,,,,0.00,Y,Four-Way, ,Intersection-Related,None,,,         ,Tien,Nguyen,Rain,"Sideswipe, Same Direction",no,no,no,no,no,Campus
101280653,METROPOLITAN NASHVILLE POLICE DEPT,20160608079,Davidson,Nashville,7/6/2016 3:50:00 PM,1,0,0,36.107450,-86.758480,KRAFT DR,,,,816.00,Feet,North,HAILEY DR,,,,0.00,N,Not at Intersection,N,Non-Junction,None,,,         ,William,Taylor,Cloudy,Not Collision with Motor Vehicle in Transport,no,no,no,no,no,False
101280654,METROPOLITAN NASHVILLE POLICE DEPT,2016-0608241,Davidson,Nashville,7/6/2016 4:48:00 PM,1,0,0,36.153660,-86.845910,I 40,,,,0.00,,,,,,,204.60,N,Not at Intersection,N,Non-Junction,None,,,         ,Walter,Gray II,Rain,Not Collision with Motor Vehicle in Transport,no,no,no,no,no,False
101280657,METROPOLITAN NASHVILLE POLICE DEPT,20160608123,Davidson,Nashville,7/6/2016 3:30:00 PM,2,0,0,36.143090,-86.705150,I 40,,,,0.00,,,,,,,214.50,N,Not at Intersection,N,Non-Junction,None,,,         ,Michael,Apsey,Cloudy,"Sideswipe, Same Direction",no,no,no,no,yes,False
101280665,METROPOLITAN NASHVILLE POLICE DEPT,20160608153,Davidson,Nashville,7/6/2016 5:43:00 PM,2,0,0,36.117990,-86.743290,FOSTER AV,,,,82.00,Feet,South,ELBERTA ST,,,,0.00,N,Not at Intersection,N,Non-Junction,None,,,         ,Jessie,Meadows,Rain,Angle,no,no,no,no,yes,False
101280666,METROPOLITAN NASHVILLE POLICE DEPT,20160608294,Davidson,Nashville,7/6/2016 5:55:00 PM,2,0,0,36.118180,-86.700330,BRILEY PKWYN,,,,35.00,Feet,West,MURFREESBORO PKE,,,,0.00,N,Not at Intersection, ,Non-Junction,None,,,         ,Jessie,Meadows,Rain,Front to Rear,no,no,no,no,no,False
101280667,METROPOLITAN NASHVILLE POLICE DEPT,20160607888,Davidson,Nashville,7/6/2016 2:38:00 PM,2,0,0,36.236720,-86.761340,I 65,,,,0.00,,,,,,,89.75,N,Not at Intersection,N,Non-Junction,None,,,         ,Jonathan,Hadley,Clear,"Sideswipe, Same Direction",no,no,no,no,no,False
101280671,METROPOLITAN NASHVILLE POLICE DEPT,2016-0608147,Davidson,Nashville,7/6/2016 4:20:00 PM,2,0,0,0.000000,0.000000,6TH AVENUE NORTH,,,,30.00,Feet,South,CHARLOTTE AVENUE,,,,0.00,N,Not at Intersection,N,Non-Junction,None,,,         ,William,Vincion,Rain,"Sideswipe, Same Direction",no,no,no,no,yes,False
101280673,METROPOLITAN NASHVILLE POLICE DEPT,20160608397,Davidson,Nashville,7/6/2016 5:45:00 PM,1,2,0,36.062320,-86.692640,COLEMONT DR,,,,85.00,Feet,West,COLEMONT PL,,,,0.00,N,Not at Intersection,N,Non-Junction,None,,,         ,Jarred,Ruhlman,Rain,Not Collision with Motor Vehicle in Transport,no,no,no,no,no,False
101280688,METROPOLITAN NASHVILLE POLICE DEPT,20160608470,Davidson,Nashville,7/6/2016 6:09:00 PM,2,0,0,36.150040,-86.791920,MUSIC SQE,,,,0.00,,,ROY ACUFF PL,,,,0.00,Y,T-Intersection, ,Intersection-Related,None,,,         ,Tien,Nguyen,Cloudy,Angle,no,no,no,no,no,False
101280701,GOODLETTSVILLE POLICE DEPT,16-23762,Davidson,Goodlettsville,7/6/2016 6:32:00 PM,2,0,0,36.307440,-86.694750,CONFERENCE DR,,,,29.00,Feet,West,VIETNAM VETERANS BLVDN,,,,0.00,N,Not at Intersection, ,Non-Junction,None,,,         ,Daniel,Knalls,Cloudy,Front to Rear,no,no,no,no,no,False
101280711,METROPOLITAN NASHVILLE POLICE DEPT,20160608322,Davidson,Nashville,7/6/2016 5:10:00 PM,2,3,0,36.106190,-86.629370,BELL RD,,,,384.00,Feet,South,NED SHELTON RD,,,,0.00,N,Not at Intersection,N,Non-Junction,None,,,         ,Marcus,Mitchell,Rain,HeadOn,no,no,no,no,no,False
101280716,METROPOLITAN NASHVILLE POLICE DEPT,20160608652,Davidson,Nashville,7/6/2016 5:15:00 PM,2,0,0,36.148540,-86.665130,ELM HILL PKE,,,,351.00,Feet,East,DONELSON PKE,,,,0.00,N,Not at Intersection, ,Non-Junction,None,,,         ,John,Kelley,Cloudy,Angle,no,no,no,no,no,False
101280717,METROPOLITAN NASHVILLE POLICE DEPT,20160608076,Davidson,Nashville,7/6/2016 4:02:00 PM,2,0,0,36.163380,-86.787800,10TH AVN,,,,0.00,,,CHARLOTTE AV,,,,0.00,Y,Four-Way, ,Intersection,None,,,         ,Michael,Douglas,Cloudy,Front to Rear,no,no,no,no,no,False
101280725,METROPOLITAN NASHVILLE POLICE DEPT,20160608569,Davidson,Nashville,7/6/2016 6:30:00 PM,3,2,0,36.216780,-86.623510,GRANWOOD BLVD,,,,0.00,,,2ND ST,,,,0.00,Y,Four-Way,N,Intersection,None,,,         ,Codey,Mullins,Rain,Front to Rear,no,no,no,no,no,False
101280728,METROPOLITAN NASHVILLE POLICE DEPT,20160608492,Davidson,Not in City Limit,7/6/2016 4:52:00 PM,1,0,0,36.103630,-86.932480,I 40,,,,0.00,,,,,,,198.45,N,Not at Intersection, ,Non-Junction,None,,,         ,John,Thomas,Rain,Not Collision with Motor Vehicle in Transport,no,no,no,no,no,False
101280732,BERRY HILL POLICE DEPT,16-2425,Davidson,Berry Hill,7/6/2016 4:14:00 PM,1,1,0,36.121370,-86.775450,FRANKLIN PKE,,,,0.00,,,KIRKWOOD AV,,,,0.00,Y,Four-Way,N,Intersection,None,,,         ,Larry,Carter,Rain,Not Collision with Motor Vehicle in Transport,yes,no,no,no,no,False
101280735,METROPOLITAN NASHVILLE POLICE DEPT,20160608458,Davidson,Nashville,7/6/2016 6:07:00 PM,3,1,0,36.025220,-86.664590,PRESTON RD,,,,48.00,Feet,East,PETTUS RD,,,,0.00,N,Not at Intersection,N,Non-Junction,None,,,         ,Joseph,Progar,Rain,Front to Rear,no,no,no,no,no,False
101280736,METROPOLITAN NASHVILLE POLICE DEPT,20160608608,Davidson,Nashville,7/6/2016 6:45:00 PM,2,0,0,36.229380,-86.759280,BROADMOOR DR,,,,0.00,,,DICKERSON PKE,,,,0.00,Y,Four-Way, ,,None,,,         ,Joshua,Lippert,,,no,no,no,no,no,False
101280741,METROPOLITAN NASHVILLE POLICE DEPT,20160608591,Davidson,Nashville,7/6/2016 5:36:00 PM,2,0,0,0.000000,0.000000,HILLWOOD BLVD,,,,0.00,,,FLEETWOOD DR,,,,0.00,Y,Four-Way, ,Intersection,None,,,         ,Jeremy,Huffine,Rain,Front to Rear,no,no,no,no,no,False
101280743,METROPOLITAN NASHVILLE POLICE DEPT,20160608532,Davidson,Nashville,7/6/2016 5:46:00 PM,2,0,0,36.090030,-86.890490,HARDING PKE,,,,0.00,,,,,,,0.00,,,N,"Driveway, Alley Access, etc",None,,,         ,John,Thomas,Rain,Angle,no,no,no,no,yes,False
101280755,METROPOLITAN NASHVILLE POLICE DEPT,20160604238,Davidson,Not in City Limit,7/5/2016 4:09:00 PM,2,0,0,36.263130,-86.789700,I 24,,,,0.00,,,,,,,41.65,N,Not at Intersection,N,Non-Junction,None,,,         ,Samuel,Miller,Cloudy,Front to Rear,no,no,no,no,no,False
101280756,METROPOLITAN NASHVILLE POLICE DEPT,20160608603,Davidson,Nashville,7/6/2016 6:46:00 PM,2,0,0,36.251620,-86.740200,I 65,,,,0.00,,,,,,,91.35,N,Not at Intersection, ,Non-Junction,None,,,         ,Samuel,Miller,Cloudy,Front to Rear,no,no,no,no,no,False
101280761,METROPOLITAN NASHVILLE POLICE DEPT,20160608240,Davidson,Not in City Limit,7/6/2016 4:48:00 PM,1,0,0,36.100290,-86.934870,I 40,,,,0.00,,,,,,,198.20,N,Not at Intersection,N,Non-Junction,None,,,         ,John,Thomas,Rain,Not Collision with Motor Vehicle in Transport,no,no,no,no,no,False
101280769,METROPOLITAN NASHVILLE POLICE DEPT,20160608745,Davidson,Nashville,7/6/2016 7:35:00 AM,1,0,0,36.160860,-86.778690,OPRY PL,,,,157.00,Feet,North,BROADWAY,,,,0.00,N,Not at Intersection, ,OtherLocation,None,,,         ,Joshua,Hollins,Cloudy,Not Collision with Motor Vehicle in Transport,no,no,no,no,no,False
101280774,METROPOLITAN NASHVILLE POLICE DEPT,20160608052,Davidson,Nashville,7/6/2016 3:57:00 PM,2,0,0,36.079510,-86.747700,HARDING PL,,,,699.00,Feet,South,BINKLEY DR,,,,0.00,N,Not at Intersection,N,Non-Junction,None,,,         ,Miguel,Garcia,Clear,Front to Rear,no,no,no,no,no,False
101280775,METROPOLITAN NASHVILLE POLICE DEPT,20160597766,Davidson,Nashville,7/3/2016 2:43:00 PM,3,0,0,36.079010,-86.728050,HARDING PL,,,,557.00,Feet,West,COVENTRY DR,,,,0.00,N,Not at Intersection, ,Non-Junction,None,,,         ,Miguel,Garcia,Clear,Front to Rear,no,no,no,no,no,False
101280776,METROPOLITAN NASHVILLE POLICE DEPT,20160608399,Davidson,Nashville,7/6/2016 5:40:00 PM,2,1,0,36.084440,-86.761760,SIDCO DR,,,,168.00,Feet,South,ELYSIAN FIELDS RD,,,,0.00,N,Not at Intersection,N,Non-Junction,None,,,         ,Miguel,Garcia,Rain,Angle,no,no,no,no,no,False
101280777,METROPOLITAN NASHVILLE POLICE DEPT,20160605247,Davidson,Nashville,7/5/2016 9:58:00 PM,1,1,0,36.158640,-86.781940,8TH AVS,,,,125.00,Feet,South,BROADWAY,,,,0.00,N,Not at Intersection,N,Non-Junction,Utility Zone,Laneclosure,Activity Area,         ,Tyler,Hutton,Clear,Not Collision with Motor Vehicle in Transport,yes,no,no,no,no,False
101280793,METROPOLITAN NASHVILLE POLICE DEPT,20160608553,Davidson,Nashville,7/6/2016 5:32:00 PM,2,0,0,36.139500,-86.700200,BRILEY PKWYN,,,,0.00,,,KNIGHTS OF COLUMBUS BLVD,,,,0.00,Y,Four-Way, ,,None,,,         ,Michael,Apsey,,,no,no,no,no,no,False
101280794,METROPOLITAN NASHVILLE POLICE DEPT,20160608752,Davidson,Nashville,7/6/2016 6:48:00 PM,1,0,0,36.202320,-86.707290,COOPER LN,,,,337.00,Feet,North,SANDY DR,,,,0.00,N,Not at Intersection,N,Non-Junction,None,,,         ,Kimberly,Brown,Rain,Not Collision with Motor Vehicle in Transport,no,no,no,no,yes,False
101280800,METROPOLITAN NASHVILLE POLICE DEPT,20160607919,Davidson,Nashville,7/6/2016 3:14:00 PM,2,1,0,36.237460,-86.780890,BRILEY PKWY E EXT RAMP,,,,0.00,,,BRICK CHURCH PKE,,,,0.00,Y,T-Intersection,Y,Intersection-Related,None,,,         ,Samuel,Miller,Cloudy,Front to Rear,no,no,no,no,no,False
101280803,METROPOLITAN NASHVILLE POLICE DEPT,20160608937,Davidson,Nashville,7/6/2016 5:30:00 PM,2,0,0,36.137860,-86.760790,ENSLEY BLVD,,,,300.00,Feet,North,4TH AVS,,,,0.00,N,Not at Intersection, ,Non-Junction,None,,,         ,Felipe,Pereira,Rain,"Sideswipe, Same Direction",no,no,no,no,no,False
101280814,METROPOLITAN NASHVILLE POLICE DEPT,20160608716,Davidson,Nashville,7/6/2016 7:28:00 PM,2,1,0,36.130720,-86.900090,I40 W EXT RAMP,,,,0.00,Feet,East,I 40,,,,0.00,N,Not at Intersection,N,Entrance/Exit Ramp Related,None,,,         ,Jeremy,Huffine,Rain,Front to Rear,no,no,no,no,no,False
101280823,METROPOLITAN NASHVILLE POLICE DEPT,2016-0608520,Davidson,Nashville,7/6/2016 6:25:00 PM,3,1,0,36.200270,-86.620840,OLD HICKORY BLVD,,,,104.00,Feet,South,PLANTATION DR,,,,0.00,N,Not at Intersection,N,Non-Junction,None,,,         ,Sandra,Talavera,Rain,Front to Rear,no,no,no,no,no,False
101280838,METROPOLITAN NASHVILLE POLICE DEPT,20160608215,Davidson,Nashville,7/6/2016 12:00:00 AM,2,0,0,36.118840,-86.801580,I 440,,,,0.00,,,,,,,3.10,N,Not at Intersection,N,Non-Junction,None,,,         ,Akira,McSwain,Rain,Front to Rear,no,no,no,no,no,False
101280845,METROPOLITAN NASHVILLE POLICE DEPT,20160608242,Davidson,Nashville,7/6/2016 4:42:00 PM,2,1,0,36.142410,-86.709950,I 40,,,,0.00,,,,,,,214.20,N,Not at Intersection,N,Non-Junction,None,,,         ,John,Daugherty,Rain,Front to Rear,no,no,no,no,no,False
101280847,METROPOLITAN NASHVILLE POLICE DEPT,20160601173,Davidson,Nashville,7/4/2016 12:00:00 AM,1,0,0,36.112490,-86.723740,I24 E EXT RAMP,,,,0.00,Feet,East,I 24,,,,0.00,N,Not at Intersection,Y,Non-Junction,None,,,         ,Benjamin,Froehlich,Rain,Not Collision with Motor Vehicle in Transport,no,no,no,no,no,False
101280859,METROPOLITAN NASHVILLE POLICE DEPT,20160608425,Davidson,Nashville,7/6/2016 5:58:00 PM,2,1,0,36.199050,-86.798220,ATHENS WAY,,,,0.00,,,GREAT CIRCLE RD,,,,0.00,Y,T-Intersection,N,Intersection,None,,,         ,Michael,Brooks,Rain,Angle,no,no,no,no,no,False
101280860,METROPOLITAN NASHVILLE POLICE DEPT,20160608366,Davidson,Nashville,7/6/2016 5:37:00 PM,2,0,0,36.205700,-86.777980,I65 S ENT RAMP,,,,0.00,,,I 65,,,,0.00,Y,OTHER, ,Intersection-Related,None,,,         ,Michael,Brooks,Rain,Front to Rear,no,no,no,no,no,False
101280861,METROPOLITAN NASHVILLE POLICE DEPT,20160608350,Davidson,Nashville,7/6/2016 5:29:00 PM,2,0,0,36.169370,-86.811720,I 40,,,,0.00,,,,,,,207.00,N,Not at Intersection,N,Non-Junction,None,,,         ,Michael,Brooks,Cloudy,"Sideswipe, Same Direction",no,no,no,no,yes,False
101280863,METROPOLITAN NASHVILLE POLICE DEPT,20160589940,Davidson,Nashville,7/1/2016 2:16:00 AM,1,2,0,36.173880,-86.788700,6TH AVN,,,,0.00,,,JEFFERSON ST,,,,0.00,Y,Traffic Circle,N,Non-Junction,None,,,         ,Carlos,angulo,Clear,Not Collision with Motor Vehicle in Transport,no,no,no,no,yes,False
101280864,METROPOLITAN NASHVILLE POLICE DEPT,20160609370,Davidson,Nashville,7/6/2016 10:20:00 PM,1,0,0,36.079930,-86.720290,RECOVERY RD,,,,310.00,Feet,North,HARDING PL,,,,0.00,N,Not at Intersection,N,Non-Junction,None,,,         ,Kurt,Lewton,Clear,Not Collision with Motor Vehicle in Transport,no,no,no,no,no,False
101280876,METROPOLITAN NASHVILLE POLICE DEPT,20160609527,Davidson,Nashville,7/6/2016 10:45:00 PM,3,0,0,36.041610,-86.672070,HICKORY PARK DR,,,,53.00,Feet,South,SYCAMORE CT,,,,0.00,N,Not at Intersection, ,Non-Junction,None,,,         ,Blaze,Williams,Clear,Front to Rear,no,no,no,no,yes,False
101280879,METROPOLITAN NASHVILLE POLICE DEPT,20160601176,Davidson,Nashville,7/4/2016 7:21:00 PM,2,1,0,36.144340,-86.694120,I 40,,,,0.00,,,,,,,215.05,N,Not at Intersection,Y,Non-Junction,None,,,         ,Bryan,Byrnes,Rain,"Sideswipe, Same Direction",no,no,no,no,no,False
101280880,METROPOLITAN NASHVILLE POLICE DEPT,20160608155,Davidson,Nashville,7/6/2016 4:23:00 PM,2,0,0,36.153700,-86.756750,I 40,,,,0.00,,,,,,,211.20,N,Not at Intersection,Y,Non-Junction,None,,,         ,Bryan,Byrnes,Rain,Front to Rear,no,no,no,no,no,False
101280881,METROPOLITAN NASHVILLE POLICE DEPT,20160608311,Davidson,Nashville,7/6/2016 4:46:00 PM,2,0,0,36.080240,-86.624960,RURAL HILL RD,,,,151.00,Feet,West,MOSSDALE DR,,,,0.00,N,Not at Intersection,N,Non-Junction,None,,,         ,Bryan,Byrnes,Clear,Front to Rear,no,no,no,no,yes,False
101280882,METROPOLITAN NASHVILLE POLICE DEPT,20160608560,Davidson,Nashville,7/6/2016 5:06:00 PM,2,0,0,36.147400,-86.758200,LAFAYETTE ST,,,,89.00,Feet,West,FAIRFIELD AV,,,,0.00,N,Not at Intersection, ,,None,,,         ,Bryan,Byrnes,,,no,no,no,no,no,False
101280889,METROPOLITAN NASHVILLE POLICE DEPT,20160606316,Davidson,Nashville,7/6/2016 4:45:00 AM,2,0,0,36.154710,-86.773120,LEA AV,,,,0.00,,,4TH AVS,,,,0.00,Y,Four-Way, ,Intersection-Related,None,,,         ,Melvin,Foster,Clear,"Sideswipe, Same Direction",no,no,no,no,no,False
101280898,METROPOLITAN NASHVILLE POLICE DEPT,2016-0609820,Davidson,Nashville,7/7/2016 2:08:00 AM,1,0,0,36.154100,-86.788730,14TH AVS,,,,200.00,Feet,South,MCGAVOCK ST,,,,0.00,N,Not at Intersection, ,Non-Junction,None,,,         ,Matthew,Moses,Cloudy,Not Collision with Motor Vehicle in Transport,no,no,no,yes,no,False
101280903,METROPOLITAN NASHVILLE POLICE DEPT,20160609416,Davidson,Nashville,7/6/2016 7:09:00 PM,2,0,0,36.087790,-86.691370,HARDING PL,,,,282.00,Feet,East,ANTIOCH PKE,,,,0.00,N,Not at Intersection,N,Non-Junction,None,,,         ,Justin,McCormick,Clear,Angle,no,no,no,no,no,False
101280917,METROPOLITAN NASHVILLE POLICE DEPT,20160609387,Davidson,Nashville,7/6/2016 10:51:00 PM,1,0,0,36.164640,-86.787070,ROSA L PARKS BLVD,,,,222.00,Feet,South,NELSON MERRY ST,,,,0.00,N,Not at Intersection, ,Non-Junction,None,,,         ,Kelcey,Bell,Clear,Not Collision with Motor Vehicle in Transport,no,no,no,no,no,False
101280921,METROPOLITAN NASHVILLE POLICE DEPT,16-0610014,Davidson,Nashville,7/7/2016 4:06:00 AM,1,0,0,36.160940,-86.793030,I 40,,,,0.00,,,,,,,208.75,N,Not at Intersection,N,Non-Junction,None,,,         ,John,Deiterick,Rain,Not Collision with Motor Vehicle in Transport,no,no,no,no,yes,False
101280922,METROPOLITAN NASHVILLE POLICE DEPT,20160609930,Davidson,Nashville,7/7/2016 2:55:00 AM,2,0,0,36.229580,-86.747340,ELLINGTON PKWYN,,,,122.00,Feet,South,ELLINGTON PKWY N ENT RAMP,,,,0.00,N,Not at Intersection,N,Non-Junction,None,,,         ,Robert,Crow,Rain,Not Collision with Motor Vehicle in Transport,no,no,no,no,no,False
101280930,METROPOLITAN NASHVILLE POLICE DEPT,20160610097,Davidson,Nashville,7/7/2016 4:50:00 AM,1,0,0,36.236040,-86.763330,I 65,,,,0.00,,,,,,,89.60,N,Not at Intersection,N,Non-Junction,None,,,         ,Devon,Morgan,Rain,Not Collision with Motor Vehicle in Transport,no,no,no,no,no,False
101280932,METROPOLITAN NASHVILLE POLICE DEPT,2016-0610123,Davidson,Nashville,7/7/2016 4:40:00 AM,1,0,0,36.121320,-86.764170,I 440,,,,0.00,,,,,,,5.55,N,Not at Intersection,N,Non-Junction,None,,,         ,Matthew,Moses,Rain,Not Collision with Motor Vehicle in Transport,no,no,no,no,no,False
101280937,METROPOLITAN NASHVILLE POLICE DEPT,20160610120,Davidson,Not in City Limit,7/7/2016 5:18:00 AM,1,0,0,36.257350,-86.738440,I 65,,,,0.00,,,,,,,91.75,N,Not at Intersection,N,Non-Junction,None,,,         ,Matthew,Harris,Rain,Not Collision with Motor Vehicle in Transport,no,no,no,no,no,False
101280940,METROPOLITAN NASHVILLE POLICE DEPT,20160610160,Davidson,Nashville,7/7/2016 5:33:00 AM,2,1,0,36.045480,-86.647290,CROSSINGS BLVD,,,,0.00,Feet,,MT VIEW RD,,,,0.00,Y,Four-Way,Y,Intersection,None,,,         ,Sandra,Fly,Rain,Angle,no,no,no,no,yes,False
101280947,METROPOLITAN NASHVILLE POLICE DEPT,20160610223,Davidson,Nashville,7/7/2016 6:46:00 AM,2,0,0,36.117530,-86.768920,I 440,,,,0.00,,,,,,,5.20,N,Not at Intersection, ,Non-Junction,None,,,         ,Nathan,Kemp,Rain,Not Collision with Motor Vehicle in Transport,no,no,no,no,no,False
101280955,METROPOLITAN NASHVILLE POLICE DEPT,20160610299,Davidson,Nashville,7/7/2016 7:27:00 AM,2,0,0,36.125080,-86.765880,ROSEDALE AV,,,,0.00,,,BRANSFORD AV,,,,0.00,Y,T-Intersection, ,,None,,,         ,Nathan,Kemp,,,no,no,no,no,no,False
101280957,METROPOLITAN NASHVILLE POLICE DEPT,20160602651,Davidson,Not in City Limit,7/5/2016 7:20:00 AM,3,0,0,36.105100,-86.551300,HOBSON PKE,,,,701.00,Feet,North,BAKERS GROVE LN,,,,0.00,N,Not at Intersection,N,Non-Junction,None,,,         ,James,Grady,Cloudy,"Sideswipe, Opposite Direction",no,no,no,no,yes,False
101280959,METROPOLITAN NASHVILLE POLICE DEPT,20160610257,Davidson,Nashville,7/7/2016 7:04:00 AM,2,0,0,36.231460,-86.783160,I 24,,,,0.00,,,,,,,44.00,N,Not at Intersection,N,Non-Junction,None,,,         ,Justin,Fox,Rain,"Sideswipe, Same Direction",no,no,no,no,yes,False
101280966,METROPOLITAN NASHVILLE POLICE DEPT,20160610243,Davidson,Nashville,7/7/2016 6:56:00 AM,2,0,0,36.168630,-86.776310,JAMES ROBERTSON PKWY,,,,368.00,Feet,East,WOODLAND ST,,,,0.00,N,Not at Intersection,N,Non-Junction,None,,,         ,Timothy,Powell,Rain,Front to Rear,no,no,no,no,no,False
101280985,METROPOLITAN NASHVILLE POLICE DEPT,20160610234,Davidson,Nashville,7/6/2016 1:40:00 PM,1,0,0,36.156400,-86.806810,CHARLOTTE AV,,,,115.00,Feet,West,21ST AVN,,,,0.00,N,Not at Intersection, ,,None,,,         ,Ernie,Wilson,,,no,no,no,yes,no,False
101280991,METROPOLITAN NASHVILLE POLICE DEPT,20160607980,Davidson,Nashville,7/6/2016 2:53:00 PM,2,0,0,36.197130,-86.619920,OLD HICKORY BLVD,,,,0.00,,,LEBANON PKE EB EXT RAMP,,,,0.00,Y,Four-Way, ,Intersection,None,,,         ,Wesley,Young,Cloudy,Front to Rear,no,no,no,no,no,False
101281000,METROPOLITAN NASHVILLE POLICE DEPT,2016-0610333,Davidson,Nashville,7/7/2016 7:35:00 AM,2,0,0,36.233250,-86.820850,BRILEY PKWYW,,,,126.00,Feet,East,BRILEY PKWY E EXT RAMP,,,,0.00,N,Not at Intersection, ,Non-Junction,None,,,         ,William,Caillouette,Rain,Angle,no,no,no,no,no,False
101281006,METROPOLITAN NASHVILLE POLICE DEPT,20160610420,Davidson,Nashville,7/7/2016 8:09:00 AM,2,1,0,36.139790,-86.700300,BRILEY PKWY,,,,101.00,Feet,North,KAREN DR,,,,0.00,N,Not at Intersection,N,Non-Junction,None,,,         ,Wesley,Young,Cloudy,Front to Rear,no,no,no,no,no,False
101281017,METROPOLITAN NASHVILLE POLICE DEPT,20160610659,Davidson,Nashville,7/7/2016 9:13:00 AM,2,0,0,36.106570,-86.794840,GRANNY WHITE PKE,,,,0.00,,,CALDWELL LN,,,,0.00,Y,Four-Way,N,Intersection,None,,,         ,Nathan,Kemp,Clear,Angle,no,no,no,no,no,False
101281030,METROPOLITAN NASHVILLE POLICE DEPT,2016-0610187,Davidson,Nashville,7/7/2016 6:14:00 AM,1,0,0,36.035810,-86.657040,PRESTON RD,,,,0.00,Feet,,CANE RIDGE RD,,,,0.00,Y,T-Intersection,N,Intersection,None,,,         ,William,Whitworth,Rain,Not Collision with Motor Vehicle in Transport,no,no,no,no,no,False
101281055,METROPOLITAN NASHVILLE POLICE DEPT,20160610529,Davidson,Nashville,7/7/2016 8:41:00 AM,2,2,0,36.059490,-86.668750,UNA ANTIOCH PKE,,,,0.00,,,MOSS RD,,,,0.00,Y,T-Intersection,N,Intersection,None,,,         ,Roy,McElwee,Clear,Front to Rear,no,no,no,no,no,False