master_record_number,agency,agency_tracking_number,county,city,collision_date,vehicles_involved,number_injured,number_dead,latitude,longitude,roadway_name,roadway_suffix,roadway_number,roadway_local_id,distance_from_reference,miles-feet_indicator,direction_from_reference,intersection_road_name,intersection_road_name_suffix,intersection_road_number,intersection_local_id,mile_marker,intersection_indicator,intersect_type,interchange_related_indicator,relation_to_junction,work_zone_type,construction_maintenance_zone,construction_maintenance_zone_location,fatal_case_number,officer_first_name,officer_last_name,weather_condition(s),manner_of_crash,pedestrian,bicycle,scooter,parking,hitrun,mou
101283814,METROPOLITAN NASHVILLE POLICE DEPT,20160623938,Davidson,Goodlettsville,7/11/2016 6:15:00 PM,2,0,0,36.302750,-86.691850,RIVERGATE MARKETPLACE PVTDR,,,,0.00,Feet,,GALLATIN PKEN,,,,0.00,Y,Four-Way,N,Intersection-Related,None,,,         ,Jordan,Vrbas,Clear,Front to Rear,no,no,no,no,no,False
101283816,METROPOLITAN NASHVILLE POLICE DEPT,20160623469,Davidson,Nashville,7/11/2016 3:24:00 PM,2,0,0,36.166410,-86.764820,I 24,,,,0.00,,,,,,,49.00,N,Not at Intersection, ,,None,,,         ,Christian,Martin,,,no,no,no,no,no,False
101283818,METROPOLITAN NASHVILLE POLICE DEPT,20160624020,Davidson,Nashville,7/11/2016 6:49:00 PM,2,2,0,36.138030,-86.805050,BLAKEMORE AV,,,,0.00,,,24TH AVS,,,,0.00,Y,Four-Way,N,Intersection-Related,None,,,         ,Tien,Nguyen,Clear,Front to Rear,no,no,no,no,no,Campus
101283820,METROPOLITAN NASHVILLE POLICE DEPT,2016-0623833,Davidson,Nashville,7/11/2016 5:33:00 PM,3,1,0,36.154160,-86.835660,I 40,,,,0.00,,,,,,,205.20,N,Not at Intersection,N,Non-Junction,None,,,         ,Michael,Rogers,Clear,Front to Rear,no,no,no,no,no,False
101283826,METROPOLITAN NASHVILLE POLICE DEPT,20160623946,Davidson,Nashville,7/11/2016 5:50:00 PM,2,0,0,36.142350,-86.709620,I 40,,,,0.00,,,,,,,214.20,N,Not at Intersection,N,Non-Junction,None,,,         ,Tyler,Maupin,Cloudy,Front to Rear,no,no,no,no,yes,False
101283827,METROPOLITAN NASHVILLE POLICE DEPT,20160620709,Davidson,Nashville,7/10/2016 12:00:00 AM,1,1,0,36.175530,-86.605920,I40 W ENT RAMP,,,,0.00,,,I40 E EXT RAMP,,,,0.00,Y,OTHER,N,Entrance/Exit Ramp Related,None,,,         ,Tyler,Maupin,Clear,Not Collision with Motor Vehicle in Transport,no,no,no,no,no,False
101283831,METROPOLITAN NASHVILLE POLICE DEPT,20160623992,Davidson,Nashville,7/11/2016 6:40:00 PM,2,1,0,36.184330,-86.754650,CLEVELAND ST,,,,38.00,Feet,West,W EASTLAND AV,,,,0.00,N,Not at Intersection,N,Non-Junction,None,,,         ,Terence,Maahs,Clear,"Sideswipe, Same Direction",no,no,no,no,no,False
101283833,METROPOLITAN NASHVILLE POLICE DEPT,20160623730,Davidson,Nashville,7/11/2016 4:56:00 PM,2,1,0,36.152370,-86.837220,CHARLOTTE AV,,,,47.00,Feet,West,42ND AVN,,,,0.00,N,Not at Intersection,N,Non-Junction,None,,,         ,Ethan,Usherwood,Clear,Front to Rear,no,no,no,no,no,False
101283838,METROPOLITAN NASHVILLE POLICE DEPT,20160623771,Davidson,Nashville,7/11/2016 12:00:00 AM,2,0,0,36.166840,-86.753910,S 8TH CT,,,,272.00,Feet,East,S 8TH ST,,,,0.00,N,Not at Intersection,N,Non-Junction,None,,,         ,Micah,Wright,Clear,Rear to Side,no,no,no,no,yes,False
101283842,METROPOLITAN NASHVILLE POLICE DEPT,20160623860,Davidson,Nashville,7/11/2016 5:30:00 PM,3,0,0,36.077050,-86.736360,HARDING PL,,,,82.00,Feet,East,SHADESCREST DR,,,,0.00,N,Not at Intersection, ,,None,,,         ,Eric,Thomas,,,no,no,no,no,no,False
101283844,METROPOLITAN NASHVILLE POLICE DEPT,20160623999,Davidson,Nashville,7/11/2016 6:26:00 PM,2,0,0,36.115810,-86.783090,I 440,,,,0.00,,,,,,,4.35,N,Not at Intersection,N,Non-Junction,None,,,         ,Nicholas,Smith,Cloudy,Front to Rear,no,no,no,no,no,False
101283851,METROPOLITAN NASHVILLE POLICE DEPT,20160623802,Davidson,Nashville,7/11/2016 4:00:00 PM,2,0,0,36.164250,-86.819900,28TH AVN,,,,1.00,Feet,North,ALBION ST,,,,0.00,N,Not at Intersection, ,Non-Junction,None,,,         ,Aimee,Ortiz,Clear,Front to Rear,no,no,no,no,no,False
101283852,METROPOLITAN NASHVILLE POLICE DEPT,20160624078,Davidson,Nashville,7/11/2016 7:09:00 PM,1,0,0,36.129160,-86.900240,I 40,,,,0.00,,,,,,,200.95,N,Not at Intersection, ,Non-Junction,None,,,         ,Jeremy,Huffine,Clear,Not Collision with Motor Vehicle in Transport,no,no,no,no,no,False
101283858,METROPOLITAN NASHVILLE POLICE DEPT,20160623872,Davidson,Nashville,7/11/2016 5:55:00 PM,2,0,0,36.119500,-86.766390,I 440,,,,0.00,,,,,,,5.40,N,Not at Intersection,N,Non-Junction,None,,,         ,Conner,Harris,Cloudy,"Sideswipe, Same Direction",no,no,no,no,no,False
101283873,METROPOLITAN NASHVILLE POLICE DEPT,20160624190,Davidson,Nashville,7/11/2016 7:52:00 PM,2,0,0,36.106210,-86.673060,MURFREESBORO PKE,,,,0.00,Feet,,DONELSON PKE,,,,0.00,Y,Four-Way, ,Intersection-Related,None,,,         ,Tyler,Maupin,Cloudy,Front to Rear,no,no,no,no,no,False
101283877,METROPOLITAN NASHVILLE POLICE DEPT,20160620584,Davidson,Nashville,7/10/2016 3:55:00 PM,1,1,0,36.063960,-86.701360,CREEKSIDE DR,,,,195.00,Feet,North,PACKARD DR,,,,0.00,N,Not at Intersection,N,Non-Junction,None,,,         ,Richard,Olive,Clear,Not Collision with Motor Vehicle in Transport,no,no,no,no,no,False
101283878,METROPOLITAN NASHVILLE POLICE DEPT,20160623832,Davidson,Goodlettsville,7/11/2016 5:39:00 PM,2,0,0,36.295680,-86.700270,RIVERGATE STATION PVTDR,,,,0.00,,,GALLATIN PKEN,,,,0.00,Y,T-Intersection, ,Intersection,None,,,         ,Christopher,Littles,Cloudy,Angle,no,no,no,no,no,False
101283884,METROPOLITAN NASHVILLE POLICE DEPT,20160623902,Davidson,Nashville,7/11/2016 6:07:00 PM,2,0,0,36.151180,-86.853610,CHARLOTTE AV,,,,0.00,,,54TH AVN,,,,0.00,Y,T-Intersection, ,Intersection,None,,,         ,Barrett,Teague,Clear,Angle,no,no,no,no,no,False
101283887,METROPOLITAN NASHVILLE POLICE DEPT,20160621213,Davidson,Not in City Limit,7/10/2016 9:19:00 PM,2,0,0,36.079270,-86.953790,COLEY DAVIS RD,,,,139.00,Feet,South,HIGHWAY 70S,,,,0.00,N,Not at Intersection, ,Non-Junction,None,,,         ,Adam,Reese,Clear,HeadOn,no,no,no,no,no,False
101283895,METROPOLITAN NASHVILLE POLICE DEPT,20160624130,Davidson,Nashville,7/11/2016 7:30:00 PM,2,0,0,36.143410,-86.824020,ACKLEN PARK DR,,,,210.00,Feet,West,PARK CIR,,,,0.00,N,Not at Intersection, ,Non-Junction,None,,,         ,Torian,Cox,Clear,Other,no,no,no,no,yes,False
101283906,METROPOLITAN NASHVILLE POLICE DEPT,20160623646,Davidson,Nashville,7/11/2016 4:27:00 PM,2,0,0,36.090960,-86.651100,MURFREESBORO PKE,,,,0.00,,,BOROWOOD DR,,,,0.00,Y,Four-Way,N,Non-Junction,None,,,         ,Michael,Apsey,Clear,Front to Rear,no,no,no,no,yes,False
101283913,METROPOLITAN NASHVILLE POLICE DEPT,20160624289,Davidson,Nashville,7/11/2016 8:36:00 PM,2,0,0,36.111440,-86.758000,THOMPSON LN,,,,0.00,,,KRAFT DR,,,,0.00,Y,T-Intersection,N,Intersection-Related,None,,,         ,Tien,Nguyen,Clear,Angle,no,no,no,no,no,False
101283916,METROPOLITAN NASHVILLE POLICE DEPT,20160624135,Davidson,Not in City Limit,7/11/2016 7:40:00 PM,2,0,0,36.079040,-86.944690,BELLEVUE CTR PVTDR,,,,0.00,,,SAWYER BROWN RD,,,,0.00,Y,T-Intersection,N,Intersection,None,,,         ,Adam,Reese,Cloudy,Front to Rear,no,no,no,no,no,False
101283925,METROPOLITAN NASHVILLE POLICE DEPT,20160623586,Davidson,Nashville,7/11/2016 4:00:00 PM,2,0,0,36.045260,-86.717040,OLD HICKORY BLVD,,,,0.00,,,HICKORY PLZ,,,,0.00,Y,Four-Way,N,Intersection,None,,,         ,Miguel,Garcia,Clear,Angle,no,no,no,no,no,False
101283926,METROPOLITAN NASHVILLE POLICE DEPT,20160613082,Davidson,Nashville,7/7/2016 10:00:00 PM,1,0,0,36.090140,-86.733780,NOLENSVILLE PKE,,,,55.00,Feet,North,ZOO RD,,,,0.00,N,Not at Intersection,N,Non-Junction,None,,,         ,Miguel,Garcia,Clear,Not Collision with Motor Vehicle in Transport,no,no,no,no,no,False
101283928,METROPOLITAN NASHVILLE POLICE DEPT,20160623987,Davidson,Nashville,7/11/2016 6:33:00 PM,1,0,0,36.130130,-86.695040,BRILEY PKWYN,,,,71.00,Feet,North,BRILEY PKWYS,,,,0.00,N,Not at Intersection,N,Non-Junction,None,,,         ,Bryan,Byrnes,Clear,Not Collision with Motor Vehicle in Transport,no,no,no,no,no,False
101283936,METROPOLITAN NASHVILLE POLICE DEPT,20160623571,Davidson,Nashville,7/11/2016 3:47:00 PM,2,0,0,36.193970,-86.776420,I 65,,,,0.00,,,,,,,86.45,N,Not at Intersection,Y,Entrance/Exit Ramp Related,None,,,         ,Michael,Brooks,Cloudy,"Sideswipe, Same Direction",no,no,no,no,yes,False
101283937,METROPOLITAN NASHVILLE POLICE DEPT,20160623820,Davidson,Nashville,7/11/2016 5:22:00 PM,2,0,0,36.172080,-86.796180,JEFFERSON ST,,,,65.00,Feet,West,WARREN ST,,,,0.00,N,Not at Intersection,N,Non-Junction,None,,,         ,Michael,Brooks,Cloudy,Front to Rear,no,no,no,no,no,False
101283942,METROPOLITAN NASHVILLE POLICE DEPT,20160619418,Davidson,Nashville,7/10/2016 3:15:00 AM,1,0,0,36.167970,-86.609860,I40 W ENT RAMP,,,,0.00,,,I 40,,,,0.00,Y,Y-Intersection,N,Entrance/Exit Ramp Related,None,,,         ,Anthony,Russo,Clear,Not Collision with Motor Vehicle in Transport,no,no,no,no,no,False
101283945,METROPOLITAN NASHVILLE POLICE DEPT,20160624460,Davidson,Nashville,7/11/2016 9:40:00 PM,1,0,0,36.177670,-86.795630,DELTA AV,,,,0.00,,,CHEATHAM PL,,,,0.00,Y,Four-Way,N,Non-Junction,None,,,         ,Landon,Bagwell,Clear,Not Collision with Motor Vehicle in Transport,no,no,no,no,yes,False
101283949,METROPOLITAN NASHVILLE POLICE DEPT,20160622104,Davidson,Not in City Limit,7/11/2016 4:50:00 AM,1,0,0,36.274600,-86.777690,BRICK CHURCH PKE,,,,0.00,,,,,,,0.00,,,N,Non-Junction,None,,,         ,Patrick,McGinnis,Cloudy,Not Collision with Motor Vehicle in Transport,no,no,no,no,no,False
101283950,METROPOLITAN NASHVILLE POLICE DEPT,20160624435,Davidson,Nashville,7/11/2016 9:31:00 PM,3,1,0,36.150260,-86.805310,ELLISTON PL,,,,87.00,Feet,North,23RD AVN,,,,0.00,N,Not at Intersection,N,Non-Junction,None,,,         ,Eric,Burford,Clear,Front to Rear,no,no,no,no,no,Campus
101283960,METROPOLITAN NASHVILLE POLICE DEPT,20160624665,Davidson,Nashville,7/11/2016 11:06:00 PM,2,1,0,36.155210,-86.626910,I40 E ENT RAMP,,,,0.00,,,I 40,,,,0.00,Y,OTHER,Y,Entrance/Exit Ramp Related,None,,,         ,Robert,Fondren,Cloudy,Angle,no,no,no,no,no,False
101283976,METROPOLITAN NASHVILLE POLICE DEPT,20160615952,Davidson,Nashville,7/8/2016 6:15:00 PM,2,1,0,36.134280,-86.779090,WEDGEWOOD AV,,,,0.00,Feet,East,8TH AVS,,,,0.00,N,Not at Intersection,N,OtherLocation,None,,,         ,Thomas,West,Clear,HeadOn,no,no,no,no,no,False
101283985,METROPOLITAN NASHVILLE POLICE DEPT,20160624995,Davidson,Nashville,7/12/2016 12:00:00 AM,1,0,0,36.196800,-86.734350,EMERSON ST,,,,0.00,,,CHASE ST,,,,0.00,Y,OTHER,N,Non-Junction,None,,,         ,Douglas,Smith,Clear,Not Collision with Motor Vehicle in Transport,no,no,no,yes,yes,False
101284002,METROPOLITAN NASHVILLE POLICE DEPT,2016-0611455,Davidson,Nashville,7/7/2016 2:08:00 PM,2,0,0,36.216150,-86.689070,PENNINGTON BEND RD,,,,89.00,Feet,North,MCGAVOCK PKE,,,,0.00,N,Not at Intersection, ,Non-Junction,None,,,         ,Jeb,Johnston,Cloudy,"Sideswipe, Same Direction",no,no,no,no,no,False
101284008,METROPOLITAN NASHVILLE POLICE DEPT,20160624678,Davidson,Nashville,7/11/2016 10:50:00 PM,1,0,0,36.212970,-86.775660,I 65,,,,0.00,,,,,,,87.80,N,Not at Intersection,N,Non-Junction,None,,,         ,James,Murphy,Clear,Not Collision with Motor Vehicle in Transport,no,no,no,no,no,False
101284013,METROPOLITAN NASHVILLE POLICE DEPT,20160622894,Davidson,Nashville,7/11/2016 10:24:00 AM,1,0,0,36.144930,-86.766660,4TH AVS,,,,0.00,,,CHESTNUT ST,,,,0.00,Y,Four-Way,N,Intersection,None,,,         ,Nathan,Smith,Clear,Not Collision with Motor Vehicle in Transport,no,no,no,no,no,False
101284018,METROPOLITAN NASHVILLE POLICE DEPT,2016-0625593,Davidson,Not in City Limit,7/12/2016 6:55:00 AM,2,0,0,36.080590,-86.955240,HIGHWAY 70S,,,,0.00,,,I40 E EXT RAMP,,,,0.00,Y,T-Intersection, ,,None,,,         ,Curtis,Rich,,,no,no,no,no,no,False
101284028,METROPOLITAN NASHVILLE POLICE DEPT,20160625584,Davidson,Nashville,7/12/2016 6:46:00 AM,2,1,0,36.186950,-86.860860,COUNTY HOSPITAL RD,,,,0.00,,,BRILEY PKWY N EXT RAMP,,,,0.00,Y,Y-Intersection,N,Entrance/Exit Ramp Related,None,,,         ,Andrae,Starling,Cloudy,Front to Rear,no,no,no,no,no,False
101284038,METROPOLITAN NASHVILLE POLICE DEPT,20160625623,Davidson,Nashville,7/12/2016 7:07:00 AM,2,1,0,36.133900,-86.775470,I 65,,,,0.00,,,,,,,81.35,N,Not at Intersection,N,Non-Junction,None,,,         ,Justin,Fox,Cloudy,"Sideswipe, Same Direction",no,no,no,no,yes,False
101284043,METROPOLITAN NASHVILLE POLICE DEPT,2016-0625719,Davidson,Nashville,7/12/2016 7:55:00 AM,2,0,0,36.153460,-86.850470,I 40,,,,0.00,,,,,,,204.40,N,Not at Intersection,N,Non-Junction,None,,,         ,Curtis,Rich,Cloudy,Front to Rear,no,no,no,no,no,False
101284073,METROPOLITAN NASHVILLE POLICE DEPT,20160625787,Davidson,Nashville,7/12/2016 8:05:00 AM,2,1,0,36.040120,-86.766850,OLD HICKORY BLVD,,,,435.00,Feet,West,SEVEN SPRINGS WAY,,,,0.00,N,Not at Intersection,N,Non-Junction,None,,,         ,Brent,Bauer,Clear,Front to Rear,no,no,no,no,no,False
101284075,METROPOLITAN NASHVILLE POLICE DEPT,2016-0625591,Davidson,Nashville,7/12/2016 6:36:00 AM,2,1,0,0.000000,0.000000,,,I24,,150.00,Feet,West,,,,,50.00,N,Not at Intersection,N,Non-Junction,None,,,         ,William,Vincion,Cloudy,Front to Rear,no,no,no,no,no,False
101284087,METROPOLITAN NASHVILLE POLICE DEPT,20160625944,Davidson,Nashville,7/12/2016 9:00:00 AM,2,0,0,36.253940,-86.716240,GALLATIN PKES,,,,309.00,Feet,North,MADISON SQ,,,,0.00,N,Not at Intersection, ,Non-Junction,None,,,         ,Brian,Otto,Clear,Front to Rear,no,no,no,no,no,False
101284109,METROPOLITAN NASHVILLE POLICE DEPT,20160625941,Davidson,Nashville,7/12/2016 8:57:00 AM,2,0,0,36.113950,-86.810880,WOODMONT BLVD,,,,0.00,,,HILLSBORO PKE,,,,0.00,Y,Four-Way, ,,None,,,         ,Phillip,Murphy,,,no,no,no,no,no,False
101284111,METROPOLITAN NASHVILLE POLICE DEPT,20160625976,Davidson,Nashville,7/12/2016 9:08:00 AM,2,0,0,36.234610,-86.815750,WHITES CREEK PKE,,,,0.00,,,BRILEY PKWY W EXT RAMP,,,,0.00,Y,T-Intersection, ,Intersection-Related,None,,,         ,Andrae,Starling,Clear,Angle,no,no,no,no,no,False
101284119,METROPOLITAN NASHVILLE POLICE DEPT,20160625563,Davidson,Nashville,7/12/2016 6:20:00 AM,2,0,0,36.157660,-86.790820,I 40,,,,0.00,,,,,,,209.00,N,Not at Intersection, ,Non-Junction,None,,,         ,Damon,Hutcheson,Cloudy,"Sideswipe, Same Direction",no,no,no,no,no,False
101284139,METROPOLITAN NASHVILLE POLICE DEPT,20160625824,Davidson,Nashville,7/12/2016 8:21:00 AM,3,1,0,36.121870,-86.759480,I 440,,,,0.00,,,,,,,5.80,N,Not at Intersection,N,Non-Junction,None,,,         ,Phillip,Murphy,Clear,Front to Rear,no,no,no,no,no,False
101284149,METROPOLITAN NASHVILLE POLICE DEPT,20160622732,Davidson,Nashville,7/11/2016 10:13:00 AM,2,0,0,36.225640,-86.597810,SAUNDERSVILLE RD,,,,0.00,,,ANDREW JACKSON PKWY,,,,0.00,Y,T-Intersection, ,Intersection-Related,None,,,         ,James,Curtis,Clear,Other,no,no,no,no,no,False
101284150,METROPOLITAN NASHVILLE POLICE DEPT,20160625698,Davidson,Nashville,7/12/2016 7:41:00 AM,2,0,0,36.143400,-86.703980,I 40,,,,0.00,,,,,,,214.50,N,Not at Intersection, ,,None,,,         ,James,Curtis,,,no,no,no,no,no,False
101284151,METROPOLITAN NASHVILLE POLICE DEPT,20160625801,Davidson,Nashville,7/12/2016 8:09:00 AM,2,0,0,36.140600,-86.721830,I 40,,,,0.00,,,,,,,213.55,N,Not at Intersection,N,Non-Junction,None,,,         ,James,Curtis,Cloudy,Front to Rear,no,no,no,no,no,False
101284152,METROPOLITAN NASHVILLE POLICE DEPT,20160626093,Davidson,Nashville,7/12/2016 8:57:00 AM,1,0,0,36.149850,-86.666410,DONELSON PKE,,,,314.00,Feet,South,ALLEN RD,,,,0.00,N,Not at Intersection, ,Non-Junction,None,,,         ,Johnathan,Carlisle,Cloudy,Not Collision with Motor Vehicle in Transport,no,no,no,yes,yes,False
101284154,METROPOLITAN NASHVILLE POLICE DEPT,2016-0626109,Davidson,Nashville,7/12/2016 10:00:00 AM,2,0,0,36.175010,-86.784680,3RD AVN,,,,0.00,,,JEFFERSON ST,,,,0.00,Y,Four-Way, ,,None,,,         ,Paul,Sorace,,,no,no,no,no,no,False
101284155,METROPOLITAN NASHVILLE POLICE DEPT,20160626207,Davidson,Nashville,7/12/2016 11:31:00 AM,1,0,0,36.087800,-86.688350,CORRECTIONS CENTER PVTDR,,,,0.00,,,EZELL PKE,,,,0.00,Y,Y-Intersection,N,Non-Junction,None,,,         ,Jessie,Meadows,Clear,Not Collision with Motor Vehicle in Transport,no,no,no,no,no,False
101284156,METROPOLITAN NASHVILLE POLICE DEPT,20160625903,Davidson,Nashville,7/12/2016 8:46:00 AM,2,0,0,36.153360,-86.686560,ELM HILL PKE,,,,50.00,Feet,East,ERMAC DR,,,,0.00,N,Not at Intersection,N,Non-Junction,None,,,         ,Wesley,Young,Clear,Angle,no,no,no,no,no,False
101284157,VANDERBILT UNIVERSITY POLICE,16-0625973,Davidson,Nashville,7/12/2016 10:30:00 AM,2,0,0,36.144590,-86.808310,KENSINGTON PL,,,,0.00,,,,,,,0.00,,, ,,None,,,         ,Linda,Jennings,,,no,no,no,yes,no,Campus
101284160,METROPOLITAN NASHVILLE POLICE DEPT,20160626295,Davidson,Nashville,7/12/2016 11:00:00 AM,2,0,0,36.119860,-86.766360,I 440,,,,0.00,,,,,,,5.40,N,Not at Intersection, ,,None,,,         ,Justin,Fox,,,no,no,no,no,no,False
101284161,METROPOLITAN NASHVILLE POLICE DEPT,20160623095,Davidson,Nashville,7/11/2016 11:20:00 AM,1,0,0,36.167690,-86.810970,MEHARRY BLVD,,,,450.00,Feet,East,24TH AVN,,,,0.00,N,Not at Intersection,N,Non-Junction,None,,,         ,Garren,Hoskins,Clear,Not Collision with Motor Vehicle in Transport,no,no,no,no,no,False
101284162,GOODLETTSVILLE POLICE DEPT,16-24306,Davidson,Goodlettsville,7/11/2016 4:40:00 PM,3,0,0,36.303510,-86.702140,RIVERGATE PKWY,,,,192.00,Feet,South,WREN RD,,,,0.00,N,Not at Intersection,N,Non-Junction,None,,,         ,Jeremy,Baker,Cloudy,Front to Rear,no,no,no,no,no,False
101284165,METROPOLITAN NASHVILLE POLICE DEPT,2016-0626356,Davidson,Nashville,7/12/2016 11:22:00 AM,2,0,0,36.133540,-86.828160,WEST END AV,,,,0.00,,,WHITEHALL,,,,0.00,Y,T-Intersection, ,,None,,,         ,Curtis,Rich,,,no,no,no,no,no,False
101284170,METROPOLITAN NASHVILLE POLICE DEPT,2016-0626257,Davidson,Nashville,7/12/2016 10:39:00 AM,2,0,0,36.060680,-86.916320,HIGHWAY 100,,,,50.00,Feet,West,OLD HICKORY BLVD,,,,0.00,N,Not at Intersection, ,Non-Junction,None,,,         ,Walter,Gray II,Cloudy,"Sideswipe, Same Direction",no,no,no,no,no,False
101284175,METROPOLITAN NASHVILLE POLICE DEPT,20160607661,Davidson,Nashville,7/6/2016 1:41:00 PM,3,0,0,36.177240,-86.758390,NEILL AV,,,,150.00,Feet,North,RAMSEY ST,,,,0.00,N,Not at Intersection,N,Non-Junction,None,,,         ,Christopher,Lo,Cloudy,"Sideswipe, Same Direction",no,no,no,no,no,False
101284183,VANDERBILT UNIVERSITY POLICE,16-0625970,Davidson,Nashville,7/12/2016 8:37:00 AM,2,0,0,36.110680,-86.763900,THOMPSON LN,,,,0.00,,,,,,,0.00,,, ,Non-Junction,None,,,         ,Donald,Clark,Clear,Angle,no,no,no,yes,no,False
101284186,METROPOLITAN NASHVILLE POLICE DEPT,20160626288,Davidson,Nashville,7/12/2016 10:38:00 AM,2,0,0,36.146840,-86.808630,WEST END AV,,,,0.00,,,25TH AVN,,,,0.00,Y,OTHER, ,,None,,,         ,Erik,Wagner,,,no,no,no,no,no,Campus
101284187,METROPOLITAN NASHVILLE POLICE DEPT,20160625778,Davidson,Nashville,7/12/2016 8:07:00 AM,2,0,0,36.113640,-86.772540,I 65,,,,0.00,,,,,,,80.00,N,Not at Intersection, ,Non-Junction,None,,,         ,Erik,Wagner,Cloudy,Front to Rear,no,no,no,no,no,False
101284205,METROPOLITAN NASHVILLE POLICE DEPT,2016-0626293,Davidson,Nashville,7/12/2016 10:55:00 AM,2,0,0,36.161020,-86.777200,4TH AVS,,,,0.00,,,BROADWAY,,,,0.00,Y,Four-Way, ,Intersection,None,,,         ,Daniel,Massey,Clear,Front to Rear,no,no,no,no,no,False
101284207,METROPOLITAN NASHVILLE POLICE DEPT,20160623748,Davidson,Nashville,7/11/2016 5:01:00 PM,2,2,0,36.140940,-86.718900,I 40,,,,0.00,,,,,,,213.70,N,Not at Intersection,N,Non-Junction,None,,,         ,Reuben,Hewit,Clear,Front to Rear,no,no,no,no,no,False
101284223,VANDERBILT UNIVERSITY POLICE,16-0625973,Davidson,Nashville,7/12/2016 8:55:00 AM,1,0,0,36.145350,-86.807070,25TH AVS,,,,0.00,,,,,,,0.00,,, ,Non-Junction,None,,,         ,Linda,Jennings,Clear,Not Collision with Motor Vehicle in Transport,no,no,no,no,no,Campus
101284225,METROPOLITAN NASHVILLE POLICE DEPT,20160626532,Davidson,Nashville,7/12/2016 12:21:00 PM,2,0,0,36.082100,-86.761700,HARDING PL,,,,0.00,Feet,,SIDCO DR,,,,0.00,Y,Four-Way, ,Intersection-Related,None,,,         ,Phillip,Murphy,Clear,Front to Rear,no,no,no,no,no,False
101284232,METROPOLITAN NASHVILLE POLICE DEPT,2016-0626713,Davidson,Nashville,7/12/2016 1:22:00 PM,2,0,0,36.130420,-86.899440,CHARLOTTE PKE,,,,0.00,,,I40 E EXT RAMP,,,,0.00,Y,T-Intersection, ,Intersection,None,,,         ,Curtis,Rich,Clear,Front to Rear,no,no,no,no,no,False
101284236,METROPOLITAN NASHVILLE POLICE DEPT,2016-0626648,Davidson,Not in City Limit,7/12/2016 12:57:00 PM,2,0,0,36.076620,-86.945350,SAWYER BROWN RD,,,,100.00,Feet,South,HIGHWAY 70S,,,,0.00,N,Not at Intersection, ,Non-Junction,None,,,         ,Walter,Gray II,Clear,"Sideswipe, Same Direction",no,no,no,no,no,False
101284263,METROPOLITAN NASHVILLE POLICE DEPT,20160626026,Davidson,Nashville,7/12/2016 9:16:00 AM,2,0,0,36.157050,-86.708980,LEBANON PKE,,,,0.00,,,OMOHUNDRO DR,,,,0.00,Y,T-Intersection,N,Intersection,None,,,         ,Wesley,Young,Clear,Angle,no,no,no,no,no,False
101284271,METROPOLITAN NASHVILLE POLICE DEPT,20160626596,Davidson,Nashville,7/12/2016 1:00:00 PM,2,0,0,36.112590,-86.747240,MCCLAIN AV,,,,82.00,Feet,East,GRANDVIEW AV,,,,0.00,N,Not at Intersection, ,,None,,,         ,Gregory,Cenicola,,,no,no,no,yes,no,False
101284272,METROPOLITAN NASHVILLE POLICE DEPT,20160626614,Davidson,Nashville,7/12/2016 12:31:00 PM,2,0,0,36.150870,-86.800360,WEST END AV,,,,0.00,,,,,,,0.00,,, ,Non-Junction,None,,,         ,Nathan,Smith,Clear,Angle,no,no,no,no,no,Campus
101284287,METROPOLITAN NASHVILLE POLICE DEPT,2016-0626772,Davidson,Nashville,7/12/2016 12:00:00 AM,2,0,0,36.070010,-86.708540,TURLEY DR,,,,150.00,Feet,South,FAULKNER PL,,,,0.00,N,Not at Intersection,N,Non-Junction,None,,,         ,William,Whitworth,Unknown,Angle,no,no,no,no,yes,False
101284308,METROPOLITAN NASHVILLE POLICE DEPT,20160625694,Davidson,Nashville,7/12/2016 7:41:00 AM,2,0,0,36.208180,-86.839680,CLARKSVILLE PKE,,,,56.00,Feet,South,W HAMILTON RD,,,,0.00,N,Not at Intersection, ,Non-Junction,None,,,         ,Michael,McCord,Cloudy,Front to Rear,no,no,no,no,no,False
101284320,METROPOLITAN NASHVILLE POLICE DEPT,20160626373,Davidson,Antioch,7/12/2016 11:34:00 AM,2,1,0,36.042850,-86.606550,HOBSON PKE,,,,0.00,,,MURFREESBORO PKE,,,,0.00,Y,Four-Way,N,Intersection,None,,,         ,Colin,Feeney,Clear,Angle,no,no,no,no,no,False
101284331,METROPOLITAN NASHVILLE POLICE DEPT,20160626747,Davidson,Nashville,7/12/2016 1:32:00 PM,2,0,0,36.232290,-86.624730,SHUTE LN,,,,0.00,,,OLD HICKORY BLVD,,,,0.00,Y,T-Intersection,N,Intersection,None,,,         ,Wesley,Young,Clear,Angle,no,no,no,no,no,False
101284348,METROPOLITAN NASHVILLE POLICE DEPT,20160626891,Davidson,Nashville,7/12/2016 2:28:00 PM,3,0,0,36.109430,-86.769900,I 65,,,,0.00,,,,,,,79.70,N,Not at Intersection,N,Non-Junction,None,,,         ,Tien,Nguyen,Clear,Front to Rear,no,no,no,no,no,False
101284349,METROPOLITAN NASHVILLE POLICE DEPT,20160627040,Davidson,Nashville,7/12/2016 2:59:00 PM,2,0,0,36.106350,-86.813570,HILLSBORO PKE,,,,202.00,Feet,North,ABBOTT MARTIN RD,,,,0.00,N,Not at Intersection,N,Non-Junction,None,,,         ,Tien,Nguyen,Clear,Front to Rear,no,no,no,no,no,False