master_record_number,agency,agency_tracking_number,county,city,collision_date,vehicles_involved,number_injured,number_dead,latitude,longitude,roadway_name,roadway_suffix,roadway_number,roadway_local_id,distance_from_reference,miles-feet_indicator,direction_from_reference,intersection_road_name,intersection_road_name_suffix,intersection_road_number,intersection_local_id,mile_marker,intersection_indicator,intersect_type,interchange_related_indicator,relation_to_junction,work_zone_type,construction_maintenance_zone,construction_maintenance_zone_location,fatal_case_number,officer_first_name,officer_last_name,weather_condition(s),manner_of_crash,pedestrian,bicycle,scooter,parking,hitrun,mou
101284351,METROPOLITAN NASHVILLE POLICE DEPT,20160618618,Davidson,Nashville,7/9/2016 7:47:00 PM,2,1,0,36.153900,-86.625640,STEWARTS FERRY PKE,,,,0.00,,,PERCY PRIEST DR,,,,0.00,Y,T-Intersection,N,Intersection,None,,,         ,Noah,Melton,Clear,Angle,no,no,no,no,no,False
101284357,METROPOLITAN NASHVILLE POLICE DEPT,20160627011,Davidson,Nashville,7/12/2016 3:08:00 PM,2,1,0,36.153850,-86.844440,I 40,,,,0.00,,,,,,,204.70,N,Not at Intersection,N,Non-Junction,None,,,         ,Barrett,Teague,Clear,Not Collision with Motor Vehicle in Transport,no,no,no,no,yes,False
101284369,METROPOLITAN NASHVILLE POLICE DEPT,20160627156,Davidson,Nashville,7/12/2016 1:55:00 PM,1,1,0,36.155800,-86.801240,PATTERSON ST,,,,299.00,Feet,West,19TH AVN,,,,0.00,N,Not at Intersection,N,"Driveway, Alley Access, etc",None,,,         ,Eric,Burford,Clear,Not Collision with Motor Vehicle in Transport,yes,no,no,yes,yes,False
101284377,METROPOLITAN NASHVILLE POLICE DEPT,20160627233,Davidson,Nashville,7/12/2016 4:30:00 PM,2,0,0,36.111160,-86.755230,SIDCO DR,,,,0.00,,,THOMPSON LN,,,,0.00,Y,T-Intersection, ,Intersection-Related,None,,,         ,Tien,Nguyen,Clear,Front to Rear,no,no,no,no,no,False
101284385,METROPOLITAN NASHVILLE POLICE DEPT,2016-0626906,Davidson,Nashville,7/12/2016 2:23:00 PM,2,0,0,36.154880,-86.823220,I40 E EXT RAMP,,,,0.00,Feet,East,I 440,,,,0.00,N,Not at Intersection, ,Non-Junction,None,,,         ,Walter,Gray II,Clear,"Sideswipe, Same Direction",no,no,no,no,no,False
101284386,METROPOLITAN NASHVILLE POLICE DEPT,2016-0626925,Davidson,Nashville,7/12/2016 2:33:00 PM,2,0,0,36.106680,-86.922270,OLD HICKORY BLVD,,,,100.00,Feet,North,TOLBERT RD,,,,0.00,N,Not at Intersection, ,Non-Junction,Utility Zone,,,         ,Walter,Gray II,Clear,Front to Rear,no,no,no,no,no,False
101284404,METROPOLITAN NASHVILLE POLICE DEPT,20160627351,Davidson,Nashville,7/12/2016 5:12:00 PM,2,1,0,36.117790,-86.800650,I 440,,,,0.00,,,,,,,3.20,N,Not at Intersection,N,Non-Junction,None,,,         ,Tien,Nguyen,Clear,Front to Rear,no,no,no,no,no,False
101284408,METROPOLITAN NASHVILLE POLICE DEPT,20160627235,Davidson,Nashville,7/12/2016 4:33:00 PM,2,1,0,36.156570,-86.760550,I40 W ENT RAMP,,,,0.00,Feet,East,I 24,,,,0.00,N,Not at Intersection,Y,Entrance/Exit Ramp Related,None,,,         ,Jason,King,Clear,Front to Rear,no,no,no,no,no,False
101284414,METROPOLITAN NASHVILLE POLICE DEPT,20160627432,Davidson,Nashville,7/12/2016 5:34:00 PM,2,0,0,36.171840,-86.601770,OLD HICKORY BLVD,,,,300.00,Feet,South,PRINCETON PL,,,,0.00,N,Not at Intersection, ,Non-Junction,None,,,         ,Tyler,Conrads,Clear,Front to Rear,no,no,no,no,no,False
101284422,METROPOLITAN NASHVILLE POLICE DEPT,2016-0627430,Davidson,Nashville,7/12/2016 5:27:00 PM,2,0,0,36.125630,-86.846750,HARDING PKE,,,,100.00,Feet,West,KENNER AV,,,,0.00,N,Not at Intersection, ,Non-Junction,None,,,         ,Walter,Gray II,Clear,"Sideswipe, Same Direction",no,no,no,no,no,False
101284430,METROPOLITAN NASHVILLE POLICE DEPT,20160627492,Davidson,Nashville,7/12/2016 5:07:00 PM,2,0,0,36.041150,-86.778760,OLD HICKORY BLVD,,,,204.00,Feet,East,FRANKLIN PIKE CIR,,,,0.00,N,Not at Intersection, ,Non-Junction,None,,,         ,Tien,Nguyen,Clear,Front to Rear,no,no,no,no,no,False
101284436,METROPOLITAN NASHVILLE POLICE DEPT,20160627184,Davidson,Nashville,7/12/2016 3:45:00 PM,2,0,0,36.148660,-86.807040,ELLISTON PL,,,,0.00,,,24TH AVN,,,,0.00,Y,Four-Way,N,Intersection,None,,,         ,Maria,Cortez,Clear,Angle,no,no,no,no,yes,Campus
101284437,METROPOLITAN NASHVILLE POLICE DEPT,20160627461,Davidson,Nashville,7/12/2016 6:16:00 PM,3,0,0,36.123870,-86.746320,I 440,,,,0.00,,,,,,,6.50,N,Not at Intersection,N,Non-Junction,None,,,         ,Jessie,Meadows,Clear,Front to Rear,no,no,no,no,no,False
101284442,METROPOLITAN NASHVILLE POLICE DEPT,20160623723,Davidson,Nashville,7/11/2016 4:52:00 PM,2,0,0,36.233500,-86.781360,BRICK CHURCH PKE,,,,0.00,,,MOOREWOOD DR,,,,0.00,Y,T-Intersection, ,Intersection,None,,,         ,Samuel,Miller,Clear,Angle,no,no,no,no,no,False
101284450,BERRY HILL POLICE DEPT,16-2512,Davidson,Berry Hill,7/12/2016 1:55:00 PM,1,0,0,36.126560,-86.773080,CRAIGHEAD ST,,,,368.00,Feet,East,WHITE AV,,,,0.00,N,Not at Intersection, ,Non-Junction,None,,,         ,John,Gleixner,Clear,Not Collision with Motor Vehicle in Transport,no,no,no,yes,no,False
101284452,METROPOLITAN NASHVILLE POLICE DEPT,20160627638,Davidson,Nashville,7/12/2016 5:45:00 PM,2,0,0,36.083270,-86.772370,FRANKLIN PKE,,,,482.00,Feet,North,ROBERTSON ACADEMY RD,,,,0.00,N,Not at Intersection, ,Non-Junction,None,,,         ,Tien,Nguyen,Clear,Front to Rear,no,no,no,no,no,False
101284453,METROPOLITAN NASHVILLE POLICE DEPT,20160623783,Davidson,Nashville,7/11/2016 4:52:00 PM,2,0,0,36.108890,-86.724500,I24 E ENT RAMP,,,,0.00,,,BRILEY PKWYN,,,,0.00,Y,OTHER, ,Non-Junction,None,,,         ,David,Hughes,Clear,Front to Rear,no,no,no,no,no,False
101284463,METROPOLITAN NASHVILLE POLICE DEPT,20160627367,Davidson,Goodlettsville,7/12/2016 5:00:00 PM,3,1,0,36.287230,-86.726260,I 65,,,,0.00,,,,,,,94.00,N,Not at Intersection,N,Non-Junction,None,,,         ,Jerry,Pirtle,Clear,Front to Rear,no,no,no,no,no,False
101284464,METROPOLITAN NASHVILLE POLICE DEPT,20160627138,Davidson,Nashville,7/12/2016 3:49:00 PM,2,1,0,36.241510,-86.761360,BRILEY PKWYE,,,,400.00,Feet,East,BRILEY PKWY E EXT RAMP,,,,0.00,N,Not at Intersection,N,Non-Junction,None,,,         ,Samuel,Miller,Clear,Front to Rear,no,no,no,no,no,False
101284466,METROPOLITAN NASHVILLE POLICE DEPT,20160627596,Davidson,Nashville,7/12/2016 6:20:00 PM,2,0,0,36.082030,-86.727070,NOLENSVILLE PKE,,,,219.00,Feet,South,WELSHWOOD DR,,,,0.00,N,Not at Intersection, ,Non-Junction,None,,,         ,Jeffrey,Livingston,Clear,Angle,no,no,no,no,no,False
101284472,METROPOLITAN NASHVILLE POLICE DEPT,20160626739,Davidson,Nashville,7/12/2016 1:38:00 PM,1,0,0,36.229310,-86.717000,LOG CABIN RD,,,,140.00,Feet,East,LOVEWOOD DR,,,,0.00,N,Not at Intersection,N,Non-Junction,None,,,         ,Rachael,Sacco,Cloudy,Not Collision with Motor Vehicle in Transport,no,no,no,no,no,False
101284529,METROPOLITAN NASHVILLE POLICE DEPT,20160627984,Davidson,Nashville,7/12/2016 8:43:00 PM,2,0,0,36.154630,-86.779160,LAFAYETTE ST,,,,0.00,,,8TH AVS,,,,0.00,Y,Roundabout, ,,None,,,         ,Jason,Thomas,,,no,no,no,no,no,False
101284530,METROPOLITAN NASHVILLE POLICE DEPT,20160627155,Davidson,Not in City Limit,7/12/2016 3:59:00 PM,2,2,0,36.263820,-86.704460,STATE RT 45,,,,0.00,,,DELAWARE AV,,,,0.00,Y,Four-Way,Y,Intersection,None,,,         ,Samuel,Miller,Clear,Angle,no,no,no,no,no,False
101284533,METROPOLITAN NASHVILLE POLICE DEPT,20160627897,Davidson,Nashville,7/12/2016 6:55:00 PM,2,0,0,36.231280,-86.758950,DICKERSON PKE,,,,0.00,,,OAK VALLEY DR,,,,0.00,Y,T-Intersection, ,Intersection,None,,,         ,Christopher,Valdez,Clear,Angle,no,no,no,no,no,False
101284536,METROPOLITAN NASHVILLE POLICE DEPT,20160623512,Davidson,Not in City Limit,7/11/2016 3:37:00 PM,2,0,0,36.263090,-86.712170,OLD HICKORY BLVDW,,,,60.00,Feet,West,STATE RT 45,,,,0.00,N,Not at Intersection, ,Non-Junction,None,,,         ,Samuel,Miller,Cloudy,Angle,no,no,no,no,no,False
101284545,METROPOLITAN NASHVILLE POLICE DEPT,20160624292,Davidson,Nashville,7/11/2016 8:45:00 PM,3,1,0,36.167150,-86.796370,12TH AVN,,,,0.00,,,HERMAN ST,,,,0.00,Y,Four-Way,N,Intersection,None,,,         ,Jessica,Johnson,Clear,Angle,no,no,no,no,no,False
101284546,METROPOLITAN NASHVILLE POLICE DEPT,20160627574,Davidson,Nashville,7/12/2016 6:20:00 PM,2,1,0,36.134010,-86.758950,NOLENSVILLE PKE,,,,0.00,,,CRAIGHEAD ST,,,,0.00,Y,T-Intersection,N,Intersection,None,,,         ,Conner,Harris,Clear,Angle,no,no,no,no,no,False
101284547,METROPOLITAN NASHVILLE POLICE DEPT,20160627872,Davidson,Nashville,7/12/2016 6:59:00 PM,2,2,0,36.045070,-86.659370,BELL RD,,,,119.00,Feet,East,I24 E ENT RAMP,,,,0.00,N,Not at Intersection,N,Non-Junction,None,,,         ,Jeffrey,Livingston,Clear,Front to Rear,no,no,no,no,no,False
101284551,METROPOLITAN NASHVILLE POLICE DEPT,20160628106,Davidson,Nashville,7/12/2016 9:37:00 PM,3,0,0,36.122630,-86.806910,I440 E EXT RAMP,,,,0.00,,,I 440,,,,0.00,Y,Four-Way, ,Intersection-Related,None,,,         ,Tien,Nguyen,Clear,Front to Rear,no,no,no,no,no,False
101284553,METROPOLITAN NASHVILLE POLICE DEPT,20160627386,Davidson,Nashville,7/12/2016 5:15:00 PM,2,0,0,36.149500,-86.773070,I 40,,,,0.00,,,,,,,210.25,N,Not at Intersection, ,,None,,,         ,William,Taylor,,,no,no,no,no,no,False
101284565,METROPOLITAN NASHVILLE POLICE DEPT,20160623515,Davidson,Nashville,7/11/2016 1:30:00 PM,2,0,0,36.177800,-86.791740,TAYLOR ST,,,,167.00,Feet,West,6TH AVN,,,,0.00,N,Not at Intersection,N,Non-Junction,None,,,         ,Jessica,Johnson,Clear,Angle,no,no,no,yes,yes,False
101284574,METROPOLITAN NASHVILLE POLICE DEPT,20160627987,Davidson,Nashville,7/12/2016 8:50:00 PM,1,1,0,36.089320,-86.643110,NASHBORO BLVD,,,,0.00,,,NASHBORO VILLAGE PVTDR,,,,0.00,Y,T-Intersection,N,Intersection,None,,,         ,Tyler,Maupin,Clear,Not Collision with Motor Vehicle in Transport,no,yes,no,no,no,False
101284578,METROPOLITAN NASHVILLE POLICE DEPT,20160627784,Davidson,Nashville,7/12/2016 7:15:00 PM,1,1,0,36.101570,-86.870340,HARDING PKE,,,,222.00,Feet,South,HARDING PL,,,,0.00,,Not at Intersection,N,Non-Junction,None,,,         ,Mark,Hatt,Clear,Not Collision with Motor Vehicle in Transport,yes,no,no,yes,no,False
101284583,METROPOLITAN NASHVILLE POLICE DEPT,20160608570,Davidson,Nashville,7/12/2016 6:28:00 PM,2,0,0,36.141260,-86.733580,I 40,,,,0.00,,,,,,,212.90,N,Not at Intersection, ,Non-Junction,None,,,         ,John,Daugherty,Clear,Front to Rear,no,no,no,no,no,False
101284589,METROPOLITAN NASHVILLE POLICE DEPT,20160628205,Davidson,Nashville,7/12/2016 10:05:00 PM,2,1,0,36.048910,-86.713700,NOLENSVILLE PKE,,,,43.00,Feet,North,HICKORYVIEW DR,,,,0.00,N,Not at Intersection,N,Non-Junction,None,,,         ,Thomas,West,Clear,Angle,no,no,no,no,no,False
101284591,METROPOLITAN NASHVILLE POLICE DEPT,20160626907,Davidson,Not in City Limit,7/12/2016 2:40:00 PM,1,1,0,36.290270,-86.886360,EATONS CREEK RD,,,,140.00,Feet,North,FORTE RD,,,,0.00,N,Not at Intersection,N,OtherLocation,None,,,         ,Michael,Brooks,Clear,Not Collision with Motor Vehicle in Transport,no,no,no,no,no,False
101284592,METROPOLITAN NASHVILLE POLICE DEPT,20160627312,Davidson,Nashville,7/12/2016 4:58:00 PM,2,0,0,36.164520,-86.794100,I 40,,,,0.00,,,,,,,208.45,N,Not at Intersection, ,Non-Junction,None,,,         ,Michael,Brooks,Clear,Front to Rear,no,no,no,no,no,False
101284593,METROPOLITAN NASHVILLE POLICE DEPT,20160627485,Davidson,Nashville,7/12/2016 5:47:00 PM,2,0,0,36.187990,-86.821260,CLARKSVILLE PKE,,,,0.00,,,,,,,0.00,,,N,Non-Junction,None,,,         ,Michael,Brooks,Clear,"Sideswipe, Opposite Direction",no,no,no,yes,yes,False
101284599,METROPOLITAN NASHVILLE POLICE DEPT,20160628452,Davidson,Nashville,7/12/2016 11:30:00 PM,1,0,0,36.086110,-86.872990,FORREST PARK DR,,,,379.00,Feet,West,MAYBELLE LN,,,,0.00,N,Not at Intersection, ,"Driveway, Alley Access, etc",None,,,         ,Clayton,Lewis,Clear,Not Collision with Motor Vehicle in Transport,no,no,no,yes,no,False
101284610,METROPOLITAN NASHVILLE POLICE DEPT,2016628356,Davidson,Nashville,7/12/2016 11:24:00 PM,2,4,0,36.150900,-86.770640,4TH AVS,,,,0.00,,,I40 W EXT RAMP,,,,0.00,Y,Four-Way,Y,Intersection,None,,,         ,William,Thorowgood,Clear,Angle,no,no,no,no,no,False
101284634,METROPOLITAN NASHVILLE POLICE DEPT,2016-0628498,Davidson,Nashville,7/13/2016 12:20:00 AM,2,0,0,36.165290,-86.775970,GAY ST,,,,133.00,Feet,North,1ST AVN,,,,0.00,N,Not at Intersection,N,Non-Junction,None,,,         ,Ryan,Henehan,Clear,HeadOn,no,no,no,no,no,False
101284638,METROPOLITAN NASHVILLE POLICE DEPT,20160628287,Davidson,Nashville,7/12/2016 10:18:00 PM,2,0,0,36.130420,-86.899440,CHARLOTTE PKE,,,,0.00,,,I40 W ENT RAMP,,,,0.00,Y,T-Intersection,N,Non-Junction,None,,,         ,Kristen,Morgan,Clear,Angle,no,no,no,no,no,False
101284643,METROPOLITAN NASHVILLE POLICE DEPT,20160628564,Davidson,Nashville,7/13/2016 12:46:00 AM,1,1,0,36.121690,-86.923040,OLD HICKORY BLVD,,,,0.00,,,OLD CHARLOTTE PKE,,,,0.00,Y,T-Intersection,N,Non-Junction,None,,,         ,Kristen,Morgan,Clear,Not Collision with Motor Vehicle in Transport,no,no,no,no,no,False
101284679,METROPOLITAN NASHVILLE POLICE DEPT,20160617927,Davidson,Nashville,7/9/2016 11:10:00 AM,2,0,0,36.209710,-86.766180,DICKERSON PKE,,,,0.00,,,MARTIN AV,,,,0.00,Y,OTHER, ,OtherLocation,None,,,         ,Eric,Richardson,Clear,Front to Rear,no,no,no,yes,yes,False
101284683,METROPOLITAN NASHVILLE POLICE DEPT,2016-0629195,Davidson,Nashville,7/13/2016 7:00:00 AM,2,0,0,36.096520,-86.877270,HARDING PKE,,,,121.00,Feet,East,VOSSLAND DR,,,,0.00,N,Not at Intersection, ,Non-Junction,None,,,         ,Curtis,Rich,Clear,Front to Rear,no,no,no,no,no,False
101284702,METROPOLITAN NASHVILLE POLICE DEPT,20160623180,Davidson,Nashville,7/11/2016 11:00:00 AM,1,0,0,36.203990,-86.757820,JONES AV,,,,0.00,,,EDWIN ST,,,,0.00,Y,Four-Way,N,Intersection-Related,None,,,         ,Alex,Moore,Clear,Not Collision with Motor Vehicle in Transport,no,no,no,no,yes,False
101284707,METROPOLITAN NASHVILLE POLICE DEPT,2016-0629221,Davidson,Nashville,7/13/2016 7:10:00 AM,2,0,0,36.139070,-86.880560,ANNEX AV,,,,0.00,,,CHARLOTTE PKE,,,,0.00,Y,Four-Way, ,Intersection-Related,None,,,         ,Douglas,Atwood,Clear,Front to Rear,no,no,no,no,no,False
101284709,METROPOLITAN NASHVILLE POLICE DEPT,20160626759,Davidson,Nashville,7/12/2016 1:31:00 PM,2,0,0,36.048800,-86.713670,NOLENSVILLE PKE,,,,0.00,,,HICKORYVIEW DR,,,,0.00,Y,Four-Way, ,Non-Junction,None,,,         ,Steven,Williams,Clear,Front to Rear,no,no,no,no,no,False
101284711,METROPOLITAN NASHVILLE POLICE DEPT,20160629279,Davidson,Nashville,7/13/2016 7:40:00 AM,2,0,0,36.251130,-86.734150,S GRAYCROFT AV,,,,298.00,Feet,South,FAIROAKS DR,,,,0.00,N,Not at Intersection, ,Non-Junction,None,,,         ,Brian,Otto,Clear,Angle,no,no,no,no,no,False
101284721,METROPOLITAN NASHVILLE POLICE DEPT,2016-0629254,Davidson,Nashville,7/13/2016 7:34:00 AM,3,0,0,36.170100,-86.593790,I 40,,,,0.00,,,,,,,221.25,N,Not at Intersection, ,Non-Junction,None,,,         ,Tyler,Adcock,Clear,Front to Rear,no,no,no,no,no,False
101284723,METROPOLITAN NASHVILLE POLICE DEPT,20160626921,Davidson,Nashville,7/12/2016 2:45:00 PM,2,2,0,36.152240,-86.625070,BELL RD,,,,0.00,,,STEWARTS FERRY PKE,,,,0.00,Y,Four-Way,N,Intersection,None,,,         ,Wesley,Young,Clear,Angle,no,no,no,no,no,False
101284726,VANDERBILT UNIVERSITY POLICE,16-0629392,Davidson,Nashville,7/13/2016 8:15:00 AM,2,0,0,36.140560,-86.812050,NATCHEZ TRC,,,,0.00,,,,,,,0.00,,Not at Intersection, ,,None,,,         ,William,Gladu,,,no,no,no,yes,no,Campus
101284734,METROPOLITAN NASHVILLE POLICE DEPT,20160629323,Davidson,Nashville,7/13/2016 7:10:00 AM,2,1,0,36.041320,-86.605140,MURFREESBORO PKE,,,,946.00,Feet,North,OLD HICKORY BLVD,,,,0.00,N,Not at Intersection,N,Non-Junction,None,,,         ,James,Grady,Clear,"Sideswipe, Same Direction",no,no,no,no,yes,False
101284736,METROPOLITAN NASHVILLE POLICE DEPT,20160629362,Davidson,Nashville,7/13/2016 8:10:00 AM,2,0,0,36.142210,-86.711150,I 40,,,,0.00,,,,,,,214.15,N,Not at Intersection, ,Non-Junction,None,,,         ,Eric,Keller,Clear,Angle,no,no,no,no,no,False
101284737,METROPOLITAN NASHVILLE POLICE DEPT,20160629298,Davidson,Nashville,7/13/2016 7:50:00 AM,2,0,0,36.069900,-86.689740,I 24,,,,0.00,,,,,,,57.00,N,Not at Intersection,N,Non-Junction,None,,,         ,Paul,Ellis,Clear,Front to Rear,no,no,no,no,no,False
101284749,METROPOLITAN NASHVILLE POLICE DEPT,20160629428,Davidson,Nashville,7/13/2016 8:30:00 AM,2,0,0,36.125090,-86.813280,I 440,,,,0.00,,,,,,,2.40,N,Not at Intersection, ,Non-Junction,None,,,         ,Ronald,Raynore,Clear,Front to Rear,no,no,no,no,no,False
101284765,METROPOLITAN NASHVILLE POLICE DEPT,20160629184,Davidson,Not in City Limit,7/13/2016 6:40:00 AM,3,0,0,36.292530,-86.810550,I 24,,,,0.00,,,,,,,39.30,N,Not at Intersection, ,Non-Junction,None,,,         ,Cheri,Cox,Clear,Front to Rear,no,no,no,no,yes,False
101284769,METROPOLITAN NASHVILLE POLICE DEPT,20160629467,Davidson,Nashville,7/13/2016 8:40:00 AM,2,1,0,36.100140,-86.711510,I 24,,,,0.00,,,,,,,54.55,N,Not at Intersection,N,Non-Junction,None,,,         ,James,Thomas,Clear,Front to Rear,no,no,no,no,no,False
101284772,METROPOLITAN NASHVILLE POLICE DEPT,2016-0629569,Davidson,Nashville,7/13/2016 9:03:00 AM,2,0,0,36.102720,-86.714010,I 24,,,,0.00,,,,,,,54.35,N,Not at Intersection, ,Non-Junction,None,,,         ,Stanley,Collins,Clear,"Sideswipe, Same Direction",no,no,no,no,no,False
101284773,METROPOLITAN NASHVILLE POLICE DEPT,20160629544,Davidson,Nashville,7/13/2016 8:55:00 AM,2,0,0,36.132050,-86.727180,I 24,,,,0.00,,,,,,,52.00,N,Not at Intersection, ,Non-Junction,None,,,         ,Joseph,Smith,Clear,Front to Rear,no,no,no,no,no,False
101284777,METROPOLITAN NASHVILLE POLICE DEPT,2016-0629580,Davidson,Nashville,7/13/2016 12:00:00 AM,1,0,0,36.073250,-86.924470,OLD HARDING PKE,,,,259.00,Feet,South,OLD HARDING PKE RAMP,,,,0.00,N,Not at Intersection,N,Non-Junction,None,,,         ,Walter,Gray II,Unknown,Not Collision with Motor Vehicle in Transport,no,no,no,yes,yes,False
101284780,METROPOLITAN NASHVILLE POLICE DEPT,20160629706,Davidson,Nashville,7/13/2016 10:15:00 AM,2,0,0,36.068200,-86.719110,NOLENSVILLE PKE,,,,0.00,,,HAYWOOD LN,,,,0.00,Y,T-Intersection,N,Intersection,None,,,         ,Earl,Davis,Clear,Angle,no,no,no,no,yes,False
101284785,METROPOLITAN NASHVILLE POLICE DEPT,20160626724,Davidson,Nashville,7/12/2016 2:00:00 PM,1,0,0,36.211740,-86.895510,ASHLAND CITY HWY,,,,0.00,,,WWCR AV,,,,0.00,,Not at Intersection,N,Non-Junction,None,,,         ,Kyle,Williams,Clear,Not Collision with Motor Vehicle in Transport,no,no,no,yes,yes,False
101284789,METROPOLITAN NASHVILLE POLICE DEPT,2016-0629732,Davidson,Nashville,7/13/2016 10:22:00 AM,1,0,0,36.139820,-86.887510,I 40,,,,0.00,,,,,,,202.00,N,Not at Intersection, ,Non-Junction,None,,,         ,Curtis,Rich,Clear,Not Collision with Motor Vehicle in Transport,no,no,no,no,no,False
101284790,METROPOLITAN NASHVILLE POLICE DEPT,2016-0626722,Davidson,Nashville,7/12/2016 1:15:00 PM,2,0,0,36.154630,-86.779160,8TH AVS,,,,0.00,,,LAFAYETTE ST,,,,0.00,Y,Roundabout, ,Intersection,None,,,         ,Daniel,Massey,Clear,"Sideswipe, Same Direction",no,no,no,no,no,False
101284794,METROPOLITAN NASHVILLE POLICE DEPT,2016629607,Davidson,Nashville,7/13/2016 9:39:00 AM,2,0,0,36.157320,-86.802710,CHARLOTTE AV,,,,0.00,Feet,East,JO JOHNSTON AV,,,,0.00,N,Not at Intersection, ,Non-Junction,None,,,         ,Ernie,Wilson,Clear,Front to Rear,no,no,no,no,no,False
101284796,METROPOLITAN NASHVILLE POLICE DEPT,2016-0626365,Davidson,Nashville,7/13/2016 12:00:00 AM,1,0,0,36.160580,-86.812050,BOOKER ST,,,,0.00,,,24TH AVN,,,,0.00,Y,T-Intersection, ,Intersection,None,,,         ,Chase,Burnett,Clear,Not Collision with Motor Vehicle in Transport,no,no,no,no,yes,False
101284798,METROPOLITAN NASHVILLE POLICE DEPT,20160629309,Davidson,Nashville,7/13/2016 7:42:00 AM,2,0,0,36.186450,-86.796140,I 65,,,,0.00,,,,,,,85.50,N,Not at Intersection,N,Non-Junction,None,,,         ,Joshua,Baker,Clear,Front to Rear,no,no,no,no,no,False
101284805,METROPOLITAN NASHVILLE POLICE DEPT,20160629270,Davidson,Not in City Limit,7/13/2016 7:36:00 AM,2,0,0,36.323070,-86.862660,I 24,,,,0.00,,,,,,,35.30,N,Not at Intersection, ,Non-Junction,None,,,         ,Cheri,Cox,Clear,Front to Rear,no,no,no,no,no,False
101284811,METROPOLITAN NASHVILLE POLICE DEPT,20160629874,Davidson,Nashville,7/13/2016 10:02:00 AM,2,0,0,36.187250,-86.820320,CLARKSVILLE PKE,,,,456.00,Feet,East,ROSA L PARKS BLVD,,,,0.00,N,Not at Intersection, ,Non-Junction,None,,,         ,Michael,Parman,Clear,Not Collision with Motor Vehicle in Transport,no,no,no,no,no,False
101284813,METROPOLITAN NASHVILLE POLICE DEPT,20160629794,Davidson,Nashville,7/13/2016 10:57:00 AM,2,0,0,36.214720,-86.601040,LEBANON PKE,,,,0.00,,,,,,,0.00,,,N,Non-Junction,None,,,         ,Wesley,Young,Clear,"Sideswipe, Same Direction",no,no,no,no,no,False
101284816,METROPOLITAN NASHVILLE POLICE DEPT,20160629735,Davidson,Nashville,7/13/2016 10:30:00 AM,2,1,0,36.085000,-86.728330,NOLENSVILLE PKE,,,,73.00,Feet,North,PARAGON MILLS RD,,,,0.00,N,Not at Intersection,N,Non-Junction,None,,,         ,Brent,Bauer,Clear,Front to Rear,no,no,no,no,no,False
101284819,METROPOLITAN NASHVILLE POLICE DEPT,20160625741,Davidson,Nashville,7/12/2016 7:51:00 AM,2,0,0,36.133230,-86.696660,BRILEY PKWYS,,,,70.00,Feet,North,BRILEY PKWY S EXT RAMP,,,,0.00,N,Not at Intersection,N,Non-Junction,None,,,         ,Kevin,Coleman,Clear,Front to Rear,no,no,no,no,no,False
101284830,METROPOLITAN NASHVILLE POLICE DEPT,20160623602,Davidson,Nashville,7/11/2016 4:08:00 PM,2,0,0,36.161710,-86.769160,KOREAN VETERANS BLVD,,,,485.00,Feet,South,S 1ST ST,,,,0.00,N,Not at Intersection,N,Non-Junction,None,,,         ,David,Snowden,Clear,Front to Rear,no,no,no,no,no,False
101284849,METROPOLITAN NASHVILLE POLICE DEPT,20160623956,Davidson,Nashville,7/11/2016 6:20:00 PM,2,1,0,36.154850,-86.627280,I40 E EXT RAMP,,,,0.00,,,I 40,,,,0.00,Y,OTHER,N,Entrance/Exit Ramp Related,None,,,         ,Reuben,Hewit,Clear,Front to Rear,no,no,no,no,no,False
101284861,METROPOLITAN NASHVILLE POLICE DEPT,20160626376,Davidson,Nashville,7/12/2016 11:35:00 AM,1,0,0,36.169100,-86.796890,I 40,,,,0.00,,,,,,,207.90,N,Not at Intersection, ,Non-Junction,None,,,         ,Kevin,Coleman,Clear,Not Collision with Motor Vehicle in Transport,no,no,no,no,no,False
101284863,METROPOLITAN NASHVILLE POLICE DEPT,20160629653,Davidson,Nashville,7/13/2016 9:00:00 AM,2,1,0,36.169210,-86.797190,I 40,,,,0.00,,,,,,,207.90,N,Not at Intersection,Y,Non-Junction,None,,,         ,Darrell,Osment,Clear,Front to Rear,no,no,no,no,no,False
101284864,VANDERBILT UNIVERSITY POLICE,16-0630061,Davidson,Nashville,7/13/2016 12:23:00 PM,1,0,0,36.146050,-86.803040,VANDERBILT PL PVTDR,,,,0.00,,,,,,,0.00,,, ,,None,,,         ,Linda,Jennings,,,no,no,no,yes,no,Campus
101284877,METROPOLITAN NASHVILLE POLICE DEPT,20160618156,Davidson,Nashville,7/9/2016 2:28:00 PM,2,0,0,36.110420,-86.722050,I 24,,,,0.00,,,,,,,53.65,N,Not at Intersection, ,Non-Junction,None,,,         ,William,Durham,Clear,Not Collision with Motor Vehicle in Transport,no,no,no,no,no,False
101284878,METROPOLITAN NASHVILLE POLICE DEPT,2016-0630177,Davidson,Nashville,7/13/2016 1:30:00 PM,2,0,0,36.143020,-86.830060,38TH AVN,,,,160.00,Feet,North,NEBRASKA AV,,,,0.00,N,Not at Intersection, ,,None,,,         ,Curtis,Rich,,,no,no,no,no,no,False