master_record_number,agency,agency_tracking_number,county,city,collision_date,vehicles_involved,number_injured,number_dead,latitude,longitude,roadway_name,roadway_suffix,roadway_number,roadway_local_id,distance_from_reference,miles-feet_indicator,direction_from_reference,intersection_road_name,intersection_road_name_suffix,intersection_road_number,intersection_local_id,mile_marker,intersection_indicator,intersect_type,interchange_related_indicator,relation_to_junction,work_zone_type,construction_maintenance_zone,construction_maintenance_zone_location,fatal_case_number,officer_first_name,officer_last_name,weather_condition(s),manner_of_crash,pedestrian,bicycle,scooter,parking,hitrun,mou
101285766,METROPOLITAN NASHVILLE POLICE DEPT,20160633691,Davidson,Nashville,7/14/2016 2:32:00 PM,2,0,0,36.109320,-86.720100,I24 W EXT RAMP,,,,0.00,Feet,East,I 24,,,,0.00,N,Not at Intersection,N,Entrance/Exit Ramp Related,None,,,         ,Jessie,Meadows,Rain,"Sideswipe, Same Direction",no,no,no,no,no,False
101285767,METROPOLITAN NASHVILLE POLICE DEPT,20160633790,Davidson,Nashville,7/14/2016 3:05:00 PM,1,0,0,36.079780,-86.720370,RECOVERY RD,,,,253.00,Feet,North,WALLACE RD,,,,0.00,N,Not at Intersection,N,Non-Junction,None,,,         ,Jessie,Meadows,Rain,Not Collision with Motor Vehicle in Transport,no,no,no,no,no,False
101285768,METROPOLITAN NASHVILLE POLICE DEPT,20160633908,Davidson,Nashville,7/14/2016 3:32:00 PM,2,0,0,36.078890,-86.645210,MARTWAY DR,,,,0.00,Feet,West,EDGE O LAKE DR,,,,0.00,N,Not at Intersection, ,Non-Junction,None,,,         ,Jessie,Meadows,Rain,Angle,no,no,no,no,no,False
101285769,METROPOLITAN NASHVILLE POLICE DEPT,20160634018,Davidson,Nashville,7/14/2016 5:17:00 PM,2,0,0,36.052110,-86.652990,MT VIEW RD,,,,74.00,Feet,East,RURAL HILL RD,,,,0.00,N,Not at Intersection, ,Non-Junction,None,,,         ,Jessie,Meadows,Rain,Front to Rear,no,no,no,no,no,False
101285780,METROPOLITAN NASHVILLE POLICE DEPT,20160634029,Davidson,Not in City Limit,7/14/2016 4:00:00 PM,2,0,0,36.258770,-86.738280,I 65,,,,0.00,,,,,,,91.85,N,Not at Intersection, ,,None,,,         ,Jerry,Pirtle,,,no,no,no,no,no,False
101285784,METROPOLITAN NASHVILLE POLICE DEPT,20160634204,Davidson,Nashville,7/14/2016 5:30:00 PM,2,0,0,36.131050,-86.773690,I 65,,,,0.00,,,,,,,81.15,N,Not at Intersection,N,Non-Junction,None,,,         ,Conner,Harris,Cloudy,Front to Rear,no,no,no,no,yes,False
101285785,METROPOLITAN NASHVILLE POLICE DEPT,20160634354,Davidson,Nashville,7/14/2016 6:00:00 PM,3,0,0,36.173290,-86.601610,CENTRAL PKE,,,,193.00,Feet,East,OLD HICKORY BLVD,,,,0.00,N,Not at Intersection, ,OtherLocation,None,,,         ,Christopher,Mackey,Cloudy,Other,no,no,no,no,no,False
101285791,METROPOLITAN NASHVILLE POLICE DEPT,20160633999,Davidson,Nashville,7/14/2016 4:10:00 PM,3,1,0,36.102410,-86.713650,I 24,,,,0.00,,,,,,,54.40,N,Not at Intersection,N,Non-Junction,None,,,         ,David,Hughes,Cloudy,Front to Rear,no,no,no,no,no,False
101285796,METROPOLITAN NASHVILLE POLICE DEPT,20160634276,Davidson,Nashville,7/14/2016 5:57:00 PM,2,0,0,36.169550,-86.600980,OLD HICKORY BLVD,,,,0.00,,,I40 E ENT RAMP,,,,0.00,Y,Four-Way, ,Intersection,None,,,         ,Noah,Melton,Cloudy,Angle,no,no,no,no,no,False
101285799,THP District 9 - Administrative,316039740,Davidson,Nashville,7/14/2016 12:00:00 AM,2,0,0,36.163600,-86.788620,10TH CIRN,,,,0.00,,,,,,,0.00,,Not at Intersection, ,Non-Junction,None,,,         ,Michael,Morgan,Clear,Angle,no,no,no,yes,yes,False
101285811,METROPOLITAN NASHVILLE POLICE DEPT,20160634211,Davidson,Nashville,7/14/2016 12:00:00 AM,2,0,0,36.044540,-86.744020,EDMONDSON PKE,,,,396.00,Feet,North,DERBY TRC,,,,0.00,N,Not at Intersection,N,Non-Junction,None,,,         ,Jose,Salazar,Cloudy,Unknown,no,no,no,yes,yes,False
101285812,VANDERBILT UNIVERSITY POLICE,16-0634313,Davidson,Nashville,7/14/2016 12:00:00 AM,2,0,0,36.141400,-86.774620,CHESTNUT ST,,,,0.00,,,,,,,0.00,,,N,Non-Junction,None,,,         ,Donald,Dennis,Unknown,Unknown,no,no,no,yes,yes,False
101285814,METROPOLITAN NASHVILLE POLICE DEPT,20160634395,Davidson,Nashville,7/14/2016 6:39:00 PM,2,0,0,36.044800,-86.669040,BELL RD,,,,170.00,Feet,East,BEECHWOOD TER,,,,0.00,N,Not at Intersection, ,,None,,,         ,Brandon,Vance,,,no,no,no,no,no,False
101285823,METROPOLITAN NASHVILLE POLICE DEPT,20160634196,Davidson,Nashville,7/14/2016 5:28:00 PM,2,1,0,36.149690,-86.779180,8TH AVS,,,,0.00,,,DIVISION ST,,,,0.00,Y,Four-Way,N,Intersection,None,,,         ,Jason,Thomas,Cloudy,Front to Rear,no,no,no,no,no,False
101285824,VANDERBILT UNIVERSITY POLICE,16-0634284,Davidson,Nashville,7/14/2016 5:30:00 PM,2,0,0,36.139170,-86.807000,CHILDRENS WAY,,,,0.00,,,25TH AVS,,,,0.00,Y,Four-Way, ,Intersection-Related,None,,,         ,Cedric,Edwards,Clear,Front to Rear,no,no,no,no,no,Campus
101285828,METROPOLITAN NASHVILLE POLICE DEPT,20160634562,Davidson,Nashville,7/14/2016 7:08:00 PM,2,0,0,36.175780,-86.750960,RUSSELL ST,,,,213.00,Feet,East,S 10TH ST,,,,0.00,N,Not at Intersection,N,Non-Junction,None,,,         ,James,Smith,Cloudy,"Sideswipe, Same Direction",no,no,no,no,no,False
101285829,METROPOLITAN NASHVILLE POLICE DEPT,20160634069,Davidson,Nashville,7/14/2016 4:40:00 PM,2,1,0,36.090390,-86.687330,HARDING PL,,,,80.00,Feet,West,EZELL PARK PVTDR,,,,0.00,N,Not at Intersection,N,Non-Junction,None,,,         ,David,Hughes,Cloudy,Rear to Side,no,no,no,no,yes,False
101285832,METROPOLITAN NASHVILLE POLICE DEPT,20160634130,Davidson,Not in City Limit,7/14/2016 5:00:00 PM,2,0,0,36.264200,-86.734260,STATE HWY 45,,,,127.00,Feet,West,HEAD DR,,,,0.00,N,Not at Intersection, ,Non-Junction,None,,,         ,Byron,Dewalt,Cloudy,Angle,no,no,no,no,no,False
101285834,METROPOLITAN NASHVILLE POLICE DEPT,20160634123,Davidson,Nashville,7/14/2016 4:50:00 PM,2,0,0,36.233560,-86.724820,GALLATIN PKE,,,,0.00,,,JOYCE LN,,,,0.00,Y,Four-Way,N,Intersection,None,,,         ,Audrean,Manquero,Cloudy,"Sideswipe, Same Direction",no,no,no,no,no,False
101285835,METROPOLITAN NASHVILLE POLICE DEPT,20160634441,Davidson,Nashville,7/14/2016 6:56:00 PM,2,1,0,36.150150,-86.857950,CHARLOTTE PKE,,,,0.00,,,WHITE BRIDGE PKE,,,,0.00,Y,Four-Way,N,Intersection-Related,None,,,         ,Justin,Coyle,Cloudy,Front to Rear,no,no,no,no,no,False
101285842,METROPOLITAN NASHVILLE POLICE DEPT,20160631543,Davidson,Nashville,7/13/2016 9:40:00 PM,2,0,0,36.077230,-86.838380,HILLSBORO PKE,,,,698.00,Feet,South,TYNE BLVD,,,,0.00,N,Not at Intersection,N,Non-Junction,None,,,         ,Mark,Hatt,Clear,Front to Rear,no,no,no,no,no,False
101285852,METROPOLITAN NASHVILLE POLICE DEPT,20160634371,Davidson,Nashville,7/14/2016 12:00:00 AM,2,2,0,36.180390,-86.762480,ELLINGTON PKWYN,,,,610.00,Feet,East,ELLINGTON PKWYS,,,,0.00,N,Not at Intersection,N,Non-Junction,None,,,         ,Gordon,Stovall,Clear,"Sideswipe, Same Direction",no,no,no,no,no,False
101285855,METROPOLITAN NASHVILLE POLICE DEPT,20160634644,Davidson,Nashville,7/14/2016 8:16:00 PM,2,1,0,36.159410,-86.780910,BROADWAY,,,,0.00,,,7TH AVN,,,,0.00,Y,Four-Way,N,Intersection,None,,,         ,Tyler,Hutton,Clear,Front to Rear,no,no,no,no,no,False
101285856,METROPOLITAN NASHVILLE POLICE DEPT,20160632640,Davidson,Nashville,7/14/2016 6:20:00 AM,2,0,0,36.209540,-86.776090,I 65,,,,0.00,,,,,,,87.55,N,Not at Intersection,N,Non-Junction,None,,,         ,Geoffrey,Daugherty,Clear,Front to Rear,no,no,no,no,no,False
101285857,METROPOLITAN NASHVILLE POLICE DEPT,20160634652,Davidson,Nashville,7/14/2016 8:21:00 PM,2,0,0,36.136620,-86.800870,21ST AVS,,,,0.00,,,BELCOURT AV,,,,0.00,Y,T-Intersection, ,Intersection-Related,None,,,         ,Tien,Nguyen,Clear,Rear to Side,no,no,no,no,no,Campus
101285858,METROPOLITAN NASHVILLE POLICE DEPT,20160634479,Davidson,Nashville,7/14/2016 7:11:00 PM,2,1,0,36.221700,-86.761670,HART LN,,,,0.00,,,DICKERSON PKE,,,,0.00,Y,T-Intersection,N,Intersection,None,,,         ,Joshua,Lackey,Cloudy,"Sideswipe, Same Direction",no,no,no,no,no,False
101285859,METROPOLITAN NASHVILLE POLICE DEPT,20160634502,Davidson,Nashville,7/14/2016 7:22:00 PM,2,0,0,36.193410,-86.776860,I 65,,,,0.00,,,,,,,86.50,N,Not at Intersection, ,Non-Junction,None,,,         ,Melvin,Taylor,Cloudy,"Sideswipe, Same Direction",no,no,no,no,no,False
101285877,METROPOLITAN NASHVILLE POLICE DEPT,20160630388,Davidson,Goodlettsville,7/13/2016 2:58:00 PM,2,2,0,36.293540,-86.696130,MYATT DR,,,,200.00,Feet,South,SPRING BRANCH DR,,,,0.00,N,Not at Intersection,N,Non-Junction,None,,,         ,Samuel,Miller,Clear,Front to Rear,no,no,no,no,no,False
101285878,METROPOLITAN NASHVILLE POLICE DEPT,20160634197,Davidson,Not in City Limit,7/14/2016 5:30:00 PM,2,1,0,36.263180,-86.713090,OLD HICKORY BLVDW,,,,0.00,,,OLD TIME VILLAGE PVTDR,,,,0.00,Y,T-Intersection,N,Non-Junction,None,,,         ,Samuel,Miller,Cloudy,Angle,no,no,no,no,no,False
101285891,METROPOLITAN NASHVILLE POLICE DEPT,20160634774,Davidson,Nashville,7/14/2016 8:48:00 PM,2,1,0,36.129490,-86.903310,CHARLOTTE PKE,,,,0.00,,,DAVIDSON DR,,,,0.00,Y,T-Intersection,N,Intersection,None,,,         ,Shaun,Heath,Cloudy,Front to Rear,no,no,no,no,no,False
101285897,METROPOLITAN NASHVILLE POLICE DEPT,20160634007,Davidson,Nashville,7/14/2016 3:51:00 PM,2,0,0,36.093880,-86.626180,HARBOR LIGHTS DR,,,,390.00,Feet,West,BELL RD,,,,0.00,N,Not at Intersection, ,Non-Junction,None,,,         ,Michael,Apsey,Cloudy,"Sideswipe, Same Direction",no,no,no,no,no,False
101285904,METROPOLITAN NASHVILLE POLICE DEPT,20160633889,Davidson,Nashville,7/14/2016 3:25:00 PM,2,3,0,36.240750,-86.757410,DICKERSON PKE,,,,0.00,,,BRILEY PKWY E EXT RAMP,,,,0.00,Y,T-Intersection,Y,Intersection,None,,,         ,Samuel,Miller,Cloudy,Front to Rear,no,no,no,no,no,False
101285905,METROPOLITAN NASHVILLE POLICE DEPT,20160634547,Davidson,Nashville,7/14/2016 7:34:00 PM,2,0,0,36.244210,-86.780340,BRICK CHURCH PKE,,,,0.00,,,BRICK CHURCH LN,,,,0.00,Y,T-Intersection,Y,Intersection,None,,,         ,Samuel,Miller,Cloudy,Angle,no,no,no,no,yes,False
101285908,METROPOLITAN NASHVILLE POLICE DEPT,20160634577,Davidson,Nashville,7/14/2016 7:45:00 PM,2,0,0,36.154630,-86.779160,LAFAYETTE ST,,,,0.00,,,8TH AVS,,,,0.00,Y,Roundabout, ,Non-Junction,None,,,         ,Gregory,Scott,Clear,"Sideswipe, Same Direction",no,no,no,no,no,False
101285920,METROPOLITAN NASHVILLE POLICE DEPT,20160630781,Davidson,Not in City Limit,7/13/2016 4:48:00 PM,3,0,0,36.278120,-86.734390,I 65,,,,0.00,,,,,,,93.20,N,Not at Intersection, ,Non-Junction,None,,,         ,Samuel,Miller,Clear,Front to Rear,no,no,no,no,no,False
101285925,METROPOLITAN NASHVILLE POLICE DEPT,20160631692,Davidson,Nashville,7/13/2016 12:00:00 AM,2,0,0,36.164950,-86.776090,1ST AVN,,,,0.00,,,GAY ST,,,,0.00,Y,Four-Way,N,Intersection,None,,,         ,Carlos,angulo,Clear,Angle,no,no,no,no,no,False
101285928,METROPOLITAN NASHVILLE POLICE DEPT,20160634846,Davidson,Nashville,7/14/2016 8:50:00 PM,1,0,0,36.072340,-86.704670,LEO LN,,,,0.00,,,LEO CT,,,,0.00,Y,OTHER,N,Non-Junction,None,,,         ,Sharissa,Perez,Cloudy,Not Collision with Motor Vehicle in Transport,no,no,no,yes,no,False
101285961,METROPOLITAN NASHVILLE POLICE DEPT,20160632450,Davidson,Not in City Limit,7/14/2016 4:20:00 AM,3,0,0,36.268850,-86.793250,I 24,,,,0.00,,,,,,,41.20,N,Not at Intersection,N,Non-Junction,None,,,         ,Matthew,Lachance,Clear,Not Collision with Motor Vehicle in Transport,no,no,no,no,no,False
101285962,METROPOLITAN NASHVILLE POLICE DEPT,20160629006,Davidson,Nashville,7/13/2016 4:50:00 AM,2,0,0,0.000000,0.000000,OLD HICKORY,BLVD,,5000,50.00,Feet,North,OLD HICKORY,BLVD,US5000,,0.00,N,Not at Intersection,N,Non-Junction,None,,,         ,Brandon,Hicks,Clear,Unknown,no,no,no,yes,yes,False
101285970,METROPOLITAN NASHVILLE POLICE DEPT,20160631655,Davidson,Nashville,7/13/2016 10:25:00 PM,3,2,0,36.058720,-86.773340,I 65,,,,0.00,,,,,,,75.15,N,Not at Intersection,N,Non-Junction,Construction Zone,Laneclosure,Before First Warning Area,         ,Thomas,West,Clear,Front to Rear,no,no,no,no,no,False
101285987,METROPOLITAN NASHVILLE POLICE DEPT,20160635566,Davidson,Nashville,7/15/2016 1:40:00 AM,1,0,0,36.058170,-86.774450,FRANKLIN PKE,,,,170.00,Feet,North,WILLOWDALE CT,,,,0.00,N,Not at Intersection, ,Non-Junction,None,,,         ,Anthony,Rizo,Clear,Not Collision with Motor Vehicle in Transport,no,no,no,no,no,False
101286022,METROPOLITAN NASHVILLE POLICE DEPT,20160635993,Davidson,Nashville,7/15/2016 5:38:00 AM,2,0,0,36.174730,-86.614260,CENTRAL PKE,,,,0.00,,,DODSON CHAPEL RD,,,,0.00,Y,Four-Way, ,Intersection,None,,,         ,Bo,Branum,Clear,Angle,no,no,no,no,no,False
101286047,METROPOLITAN NASHVILLE POLICE DEPT,20160636065,Davidson,Nashville,7/15/2016 6:30:00 AM,1,1,0,36.230650,-86.747370,ELLINGTON PKWYN,,,,1.00,Feet,North,BROADMOOR DR,,,,0.00,N,Not at Intersection,N,Unknown,None,,,         ,Harris,Smith,Clear,Not Collision with Motor Vehicle in Transport,no,no,no,no,no,False
101286049,METROPOLITAN NASHVILLE POLICE DEPT,20160620249,Davidson,Nashville,7/10/2016 12:27:00 PM,2,0,0,36.211250,-86.732860,GALLATIN PKE,,,,139.00,Feet,North,GREENFIELD AV,,,,0.00,N,Not at Intersection, ,Non-Junction,None,,,         ,Randall,Smith,Clear,Angle,no,no,no,no,no,False
101286055,METROPOLITAN NASHVILLE POLICE DEPT,20160636108,Davidson,Nashville,7/15/2016 7:05:00 AM,2,0,0,36.039680,-86.781580,I65 N EXT RAMP,,,,0.00,,,I 65,,,,0.00,Y,Y-Intersection, ,Entrance/Exit Ramp Related,None,,,         ,Nathan,Smith,Clear,Front to Rear,no,no,no,no,no,False
101286057,METROPOLITAN NASHVILLE POLICE DEPT,20160633716,Davidson,Nashville,7/14/2016 12:11:00 PM,2,0,0,36.141340,-86.666540,DONELSON PKE,,,,344.00,Feet,South,I40 W EXT RAMP,,,,0.00,N,Not at Intersection, ,Non-Junction,None,,,         ,Wesley,Young,Clear,Front to Rear,no,no,no,no,no,False
101286062,METROPOLITAN NASHVILLE POLICE DEPT,20160633746,Davidson,Nashville,7/14/2016 12:41:00 PM,2,0,0,36.143330,-86.722420,SPENCE LN,,,,231.00,Feet,South,ELM HILL PKE,,,,0.00,N,Not at Intersection, ,Non-Junction,None,,,         ,Wesley,Young,Clear,Angle,no,no,no,no,no,False
101286071,METROPOLITAN NASHVILLE POLICE DEPT,20160633773,Davidson,Nashville,7/14/2016 12:00:00 AM,2,0,0,36.218730,-86.600750,JACKSON MEADOWS DR,,,,979.00,Feet,West,ANDREW JACKSON PKWY,,,,0.00,N,Not at Intersection,N,Non-Junction,None,,,         ,Wesley,Young,Unknown,Angle,no,no,no,no,yes,False
101286076,METROPOLITAN NASHVILLE POLICE DEPT,20160633857,Davidson,Nashville,7/14/2016 1:15:00 PM,2,0,0,36.161910,-86.760900,I 24,,,,0.00,,,,,,,49.35,N,Not at Intersection,N,Non-Junction,None,,,         ,Wesley,Young,Clear,Front to Rear,no,no,no,no,yes,False
101286077,METROPOLITAN NASHVILLE POLICE DEPT,20160636188,Davidson,Nashville,7/15/2016 7:40:00 AM,2,0,0,36.173710,-86.581920,CENTRAL PKE,,,,0.00,,,N NEW HOPE RD,,,,0.00,Y,T-Intersection, ,Intersection-Related,None,,,         ,Evan,Hibschman,Cloudy,Front to Rear,no,no,no,no,no,False
101286079,METROPOLITAN NASHVILLE POLICE DEPT,2016-0636236,Davidson,Nashville,7/15/2016 8:00:00 AM,1,0,0,36.152350,-86.769010,LINDSLEY AV,,,,0.00,,,2ND AVS,,,,0.00,Y,Four-Way, ,Intersection,None,,,         ,Daniel,Massey,Clear,Not Collision with Motor Vehicle in Transport,no,no,no,no,no,False
101286080,METROPOLITAN NASHVILLE POLICE DEPT,20160636264,Davidson,Nashville,7/15/2016 8:33:00 AM,2,1,0,36.160450,-86.794330,CHARLOTTE AV,,,,219.00,Feet,West,CAPITOL PT,,,,0.00,N,Not at Intersection,N,Non-Junction,None,,,         ,Darrell,Osment,Cloudy,Front to Rear,no,no,no,no,no,False
101286084,METROPOLITAN NASHVILLE POLICE DEPT,2016-0633766,Davidson,Nashville,7/14/2016 2:32:00 PM,2,2,0,36.095340,-86.824620,BURTON HILLS BLVD,,,,244.00,Feet,East,HILLSBORO PKE,,,,0.00,N,Not at Intersection,N,OtherLocation,None,,,         ,Jonathan,Seidl,Rain,Angle,no,no,no,no,no,False
101286085,METROPOLITAN NASHVILLE POLICE DEPT,20160636246,Davidson,Nashville,7/15/2016 8:10:00 AM,2,1,0,36.215400,-86.588510,LEBANON PKE,,,,0.00,Feet,,BIG HORN DR,,,,0.00,Y,Four-Way,N,Intersection,None,,,         ,Cassandra,Del Bosco,Cloudy,Angle,no,no,no,no,no,False
101286086,METROPOLITAN NASHVILLE POLICE DEPT,20160636250,Davidson,Nashville,7/15/2016 7:50:00 AM,2,0,0,36.242400,-86.749670,I 65,,,,0.00,,,,,,,90.50,N,Not at Intersection,N,Non-Junction,None,,,         ,Richard,Martin,Clear,Front to Rear,no,no,no,no,no,False
101286089,METROPOLITAN NASHVILLE POLICE DEPT,20160636210,Davidson,Nashville,7/15/2016 7:45:00 AM,2,1,0,36.132650,-86.727160,I 24,,,,0.00,,,,,,,52.00,N,Not at Intersection,N,Non-Junction,None,,,         ,Todd,Watson,Cloudy,Front to Rear,no,no,no,no,no,False
101286090,METROPOLITAN NASHVILLE POLICE DEPT,20160633738,Davidson,Nashville,7/14/2016 2:13:00 PM,2,0,0,36.172380,-86.645890,YMCA CNCTR,,,,755.00,Feet,East,LEBANON PKE,,,,0.00,N,Not at Intersection, ,Non-Junction,None,,,         ,Torrance,Bennett,Rain,"Sideswipe, Same Direction",no,no,no,no,no,False
101286094,METROPOLITAN NASHVILLE POLICE DEPT,20160636306,Davidson,Nashville,7/15/2016 8:25:00 AM,2,0,0,36.100480,-86.871050,HARDING PKE,,,,53.00,Feet,North,PAGE RD,,,,0.00,N,Not at Intersection, ,,None,,,         ,Michael,Pyle,,,no,no,no,no,no,False
101286099,METROPOLITAN NASHVILLE POLICE DEPT,20160636096,Davidson,Nashville,7/15/2016 6:57:00 AM,2,0,0,36.195800,-86.776120,I 65,,,,0.00,,,,,,,86.60,N,Not at Intersection,N,Non-Junction,None,,,         ,Cheri,Cox,Clear,Front to Rear,no,no,no,no,no,False
101286102,METROPOLITAN NASHVILLE POLICE DEPT,20160636414,Davidson,Nashville,7/15/2016 9:25:00 AM,1,0,0,36.228170,-86.689040,PENNINGTON BEND RD,,,,1793.00,Feet,North,VALLEY BEND DR,,,,0.00,N,Not at Intersection,N,Non-Junction,None,,,         ,James,Hamlet,Clear,Not Collision with Motor Vehicle in Transport,no,no,no,no,no,False
101286106,METROPOLITAN NASHVILLE POLICE DEPT,20160636194,Davidson,Nashville,7/15/2016 7:45:00 AM,2,0,0,36.140740,-86.793640,HORTON AV,,,,0.00,,,16TH AVS,,,,0.00,Y,T-Intersection, ,Intersection,None,,,         ,Citlaly,Juarez,Clear,"Sideswipe, Same Direction",no,no,no,no,no,False
101286107,METROPOLITAN NASHVILLE POLICE DEPT,20160636323,Davidson,Not in City Limit,7/15/2016 8:45:00 AM,1,0,0,36.283900,-86.729750,I 65,,,,0.00,,,,,,,93.70,N,Not at Intersection,N,Non-Junction,None,,,         ,Joshua,Borum,Clear,Not Collision with Motor Vehicle in Transport,no,no,no,no,no,False
101286128,METROPOLITAN NASHVILLE POLICE DEPT,2016-0622893,Davidson,Madison,7/11/2016 11:20:00 AM,3,1,0,36.263380,-86.715050,OLD HICKORY BLVDW,,,,134.00,Feet,West,DOUGLAS ST,,,,0.00,N,Not at Intersection,N,OtherLocation,None,,,         ,Terrence,Bradley,Clear,Front to Rear,no,no,no,no,no,False
101286130,METROPOLITAN NASHVILLE POLICE DEPT,20160636163,Davidson,Nashville,7/15/2016 7:26:00 AM,2,0,0,36.252920,-86.739560,I 65,,,,0.00,,,,,,,91.40,N,Not at Intersection, ,Non-Junction,None,,,         ,William,Gibbs,Cloudy,Front to Rear,no,no,no,no,no,False
101286143,METROPOLITAN NASHVILLE POLICE DEPT,20160636621,Davidson,Nashville,7/15/2016 10:40:00 AM,2,0,0,36.111160,-86.755230,SIDCO DR,,,,0.00,,,THOMPSON LN,,,,0.00,Y,Four-Way, ,,None,,,         ,Justin,Pinkelton,,,no,no,no,no,no,False
101286144,METROPOLITAN NASHVILLE POLICE DEPT,20160636469,Davidson,Nashville,7/15/2016 9:50:00 AM,2,0,0,36.097350,-86.657490,MURFREESBORO PKE,,,,535.00,Feet,West,OLD MURFREESBORO PKE,,,,0.00,N,Not at Intersection,N,Non-Junction,Work Zone,Lane Shift-Crossover,Advanced Warning Area,         ,Steven,Rowlett,Cloudy,Front to Rear,no,no,no,no,no,False
101286147,METROPOLITAN NASHVILLE POLICE DEPT,20160636406,Davidson,Nashville,7/15/2016 12:00:00 AM,1,0,0,36.158620,-86.629240,LARCHWOOD DR,,,,210.00,Feet,North,LAUER DR,,,,0.00,N,Not at Intersection,N,Non-Junction,None,,,         ,Wesley,Young,Unknown,Not Collision with Motor Vehicle in Transport,no,no,no,no,yes,False
101286152,METROPOLITAN NASHVILLE POLICE DEPT,20160636600,Davidson,Nashville,7/15/2016 9:20:00 AM,2,0,0,36.227450,-86.779070,I 24,,,,0.00,,,,,,,44.60,N,Not at Intersection, ,Non-Junction,None,,,         ,Brandon,Evans,Clear,"Sideswipe, Same Direction",no,no,no,no,yes,False
101286153,METROPOLITAN NASHVILLE POLICE DEPT,20160636284,Davidson,Nashville,7/15/2016 8:19:00 AM,3,0,0,36.150880,-86.750000,I 40,,,,0.00,,,,,,,211.60,N,Not at Intersection, ,Non-Junction,None,,,         ,Torrance,Bennett,Cloudy,Front to Rear,no,no,no,no,no,False
101286158,METROPOLITAN NASHVILLE POLICE DEPT,20160624176,Davidson,Nashville,7/11/2016 7:57:00 PM,2,0,0,36.192220,-86.687490,BRILEY PKWY S EXT RAMP,,,,0.00,Feet,East,BRILEY PKWYS,,,,0.00,N,Not at Intersection,Y,Non-Junction,None,,,         ,Bryan,Byrnes,Clear,Angle,no,no,no,no,no,False
101286161,METROPOLITAN NASHVILLE POLICE DEPT,20160636649,Davidson,Nashville,7/15/2016 10:46:00 AM,2,0,0,36.151470,-86.667180,OLD DONELSON PKE,,,,60.00,Feet,South,NODYNE DR,,,,0.00,N,Not at Intersection, ,,None,,,         ,Johnathan,Carlisle,,,no,no,no,no,no,False
101286166,METROPOLITAN NASHVILLE POLICE DEPT,20160636143,Davidson,Nashville,7/15/2016 5:15:00 AM,1,0,0,36.246480,-86.876200,EATONS CREEK RD,,,,0.50,Miles,North,TAZ HYDE RD,,,,0.00,N,Not at Intersection,N,Non-Junction,None,,,         ,Earnest,Fields,Cloudy,Not Collision with Motor Vehicle in Transport,no,no,no,no,no,False
101286173,METROPOLITAN NASHVILLE POLICE DEPT,20160636623,Davidson,Nashville,7/15/2016 10:53:00 AM,2,0,0,36.133810,-86.726920,I24E,,,,55.00,Feet,East,I24 W EXT RAMP,,,,0.00,N,Not at Intersection, ,Non-Junction,None,,,         ,Jessie,Meadows,Clear,Front to Rear,no,no,no,no,no,False
101286174,METROPOLITAN NASHVILLE POLICE DEPT,20160636685,Davidson,Antioch,7/15/2016 11:56:00 AM,1,1,0,36.003580,-86.626800,BATTLE RD,,,,241.00,Feet,South,OLD HICKORY BLVD,,,,0.00,N,Not at Intersection,N,Non-Junction,None,,,         ,Jessie,Meadows,Clear,Not Collision with Motor Vehicle in Transport,no,no,no,no,no,False
101286190,METROPOLITAN NASHVILLE POLICE DEPT,20160636700,Davidson,Madison,7/15/2016 11:15:00 AM,2,0,0,36.279470,-86.709110,ONE MILE PKWY,,,,92.00,Feet,West,GALLATIN PKEN,,,,0.00,N,Not at Intersection, ,,None,,,         ,Brian,Otto,,,no,no,no,no,no,False
101286191,METROPOLITAN NASHVILLE POLICE DEPT,20160632850,Davidson,Nashville,7/14/2016 7:30:00 AM,2,1,0,36.143280,-86.686200,I 40,,,,0.00,,,,,,,215.50,N,Not at Intersection,N,Non-Junction,None,,,         ,Kevin,Coleman,Clear,Front to Rear,no,no,no,no,no,False
101286203,METROPOLITAN NASHVILLE POLICE DEPT,2016-0636848,Davidson,Nashville,7/15/2016 9:30:00 AM,2,0,0,36.150920,-86.785620,I 40,,,,0.00,,,,,,,209.50,N,Not at Intersection, ,Entrance/Exit Ramp Related,None,,,         ,Charles,Coe,Clear,Front to Rear,no,no,no,no,no,False
101286228,METROPOLITAN NASHVILLE POLICE DEPT,2016-0637013,Davidson,Nashville,7/15/2016 1:20:00 PM,2,0,0,36.171900,-86.798880,I 40,,,,0.00,,,,,,,207.90,N,Not at Intersection, ,Non-Junction,None,,,         ,George,Spencer,Clear,"Sideswipe, Same Direction",no,no,no,no,yes,False
101286230,METROPOLITAN NASHVILLE POLICE DEPT,20160634132,Davidson,Nashville,7/14/2016 5:10:00 PM,2,0,0,36.045040,-86.647190,CROSSINGS BLVD,,,,159.00,Feet,South,MT VIEW RD,,,,0.00,N,Not at Intersection, ,Non-Junction,Construction Zone,,,         ,Darryl,Williams,Cloudy,Front to Rear,no,no,no,no,no,False