master_record_number,agency,agency_tracking_number,county,city,collision_date,vehicles_involved,number_injured,number_dead,latitude,longitude,roadway_name,roadway_suffix,roadway_number,roadway_local_id,distance_from_reference,miles-feet_indicator,direction_from_reference,intersection_road_name,intersection_road_name_suffix,intersection_road_number,intersection_local_id,mile_marker,intersection_indicator,intersect_type,interchange_related_indicator,relation_to_junction,work_zone_type,construction_maintenance_zone,construction_maintenance_zone_location,fatal_case_number,officer_first_name,officer_last_name,weather_condition(s),manner_of_crash,pedestrian,bicycle,scooter,parking,hitrun,mou
101286234,METROPOLITAN NASHVILLE POLICE DEPT,20160636983,Davidson,Nashville,7/15/2016 12:54:00 PM,2,0,0,36.154450,-86.737310,LEBANON PKE,,,,670.00,Feet,East,OMOHUNDRO PL,,,,0.00,N,Not at Intersection, ,Non-Junction,None,,,         ,Wesley,Young,Clear,Angle,no,no,no,no,no,False
101286235,METROPOLITAN NASHVILLE POLICE DEPT,20160636488,Davidson,Nashville,7/15/2016 10:00:00 AM,2,1,0,36.063130,-86.916930,OLD HICKORY BLVD,,,,0.00,,,BELLEVUE RD,,,,0.00,Y,Four-Way,N,Intersection,None,,,         ,Walter,Gray II,Clear,Angle,no,no,no,no,no,False
101286236,METROPOLITAN NASHVILLE POLICE DEPT,20160636519,Davidson,Nashville,7/15/2016 10:15:00 AM,2,1,0,36.048860,-86.868400,OLD HICKORY BLVD,,,,407.00,Feet,East,CHICKERING MEADOW,,,,0.00,N,Not at Intersection,N,Non-Junction,Utility Zone,,,         ,Walter,Gray II,Cloudy,Front to Rear,no,no,no,no,no,False
101286242,METROPOLITAN NASHVILLE POLICE DEPT,20160620187,Davidson,Nashville,7/10/2016 11:20:00 AM,2,2,0,36.045140,-86.659240,BELL RD,,,,166.00,Feet,East,I24 E ENT RAMP,,,,0.00,N,Not at Intersection,N,Non-Junction,None,,,         ,Jedidayah,Merriweather,Clear,Front to Rear,no,no,no,no,no,False
101286243,METROPOLITAN NASHVILLE POLICE DEPT,20160636974,Davidson,Nashville,7/15/2016 12:50:00 PM,2,0,0,36.073920,-86.920750,OLD HICKORY BLVD,,,,53.00,Feet,North,BELLEVUE VALLEY PLAZA PVTDR,,,,0.00,N,Not at Intersection,N,"Driveway, Alley Access, etc",None,,,         ,Gregory,McDaniel,Clear,Angle,no,no,no,no,no,False
101286244,VANDERBILT UNIVERSITY POLICE,16-0637108,Davidson,Nashville,7/15/2016 12:35:00 PM,2,0,0,36.139300,-86.800140,21ST AVS,,,,0.00,,,,,,,0.00,,, ,Non-Junction,None,,,         ,Samuel,McClain,Clear,"Sideswipe, Same Direction",no,no,no,yes,yes,Campus
101286245,METROPOLITAN NASHVILLE POLICE DEPT,20160636869,Davidson,Nashville,7/15/2016 12:12:00 PM,1,2,0,36.235220,-86.775310,MOOREWOOD DR,,,,144.00,Feet,South,WILMOTH RD,,,,0.00,N,Not at Intersection,N,Non-Junction,None,,,         ,Richard,Martin,Clear,Not Collision with Motor Vehicle in Transport,no,no,no,no,no,False
101286249,METROPOLITAN NASHVILLE POLICE DEPT,20160637073,Davidson,Nashville,7/15/2016 1:30:00 PM,2,0,0,36.115490,-86.747540,NOLENSVILLE PKE,,,,0.00,,,WHITSETT RD,,,,0.00,Y,T-Intersection,N,Intersection,None,,,         ,Justin,Pinkelton,Cloudy,Angle,no,no,no,no,no,False
101286252,METROPOLITAN NASHVILLE POLICE DEPT,20160637016,Davidson,Nashville,7/15/2016 1:00:00 PM,2,0,0,36.089530,-86.702640,I 24,,,,0.00,,,,,,,55.45,N,Not at Intersection, ,Non-Junction,None,,,         ,Todd,Watson,Clear,Front to Rear,no,no,no,no,no,False
101286253,METROPOLITAN NASHVILLE POLICE DEPT,20160637081,Davidson,Nashville,7/15/2016 1:20:00 PM,2,0,0,36.086940,-86.693480,HARDING PL,,,,415.00,Feet,West,ANTIOCH PKE,,,,0.00,N,Not at Intersection, ,"Driveway, Alley Access, etc",None,,,         ,Brian,Lamb,Clear,Angle,no,no,no,no,no,False
101286259,METROPOLITAN NASHVILLE POLICE DEPT,20160636933,Davidson,Nashville,7/15/2016 1:29:00 PM,3,0,0,36.102320,-86.713240,I 24,,,,0.00,,,,,,,54.40,N,Not at Intersection,N,Non-Junction,None,,,         ,Jessie,Meadows,Clear,Front to Rear,no,no,no,no,no,False
101286260,METROPOLITAN NASHVILLE POLICE DEPT,20160637127,Davidson,Nashville,7/15/2016 2:39:00 PM,2,0,0,36.122660,-86.752370,I 440,,,,0.00,,,,,,,6.20,N,Not at Intersection,N,Non-Junction,None,,,         ,Jessie,Meadows,Clear,"Sideswipe, Same Direction",no,no,no,no,yes,False
101286265,METROPOLITAN NASHVILLE POLICE DEPT,2016-0634887,Davidson,Nashville,7/14/2016 7:29:00 PM,2,0,0,36.135940,-86.893090,I 40,,,,0.00,,,,,,,201.60,N,Not at Intersection,N,Non-Junction,None,,,         ,Benjamin,Spees,Rain,Not Collision with Motor Vehicle in Transport,no,no,no,no,yes,False
101286267,METROPOLITAN NASHVILLE POLICE DEPT,20160636830,Davidson,Hermitage,7/15/2016 11:25:00 AM,2,0,0,36.170850,-86.600770,I40 W EXT RAMP,,,,0.00,Feet,East,I 40,,,,0.00,N,Not at Intersection, ,Non-Junction,None,,,         ,William,Walls,Clear,Front to Rear,no,no,no,no,no,False
101286271,METROPOLITAN NASHVILLE POLICE DEPT,20160631585,Davidson,Antioch,7/13/2016 10:06:00 PM,1,1,0,36.009930,-86.612310,HEIL QUAKER BLVD,,,,0.00,Feet,East,BRIDGESTONE PKWY,,,,0.00,N,Not at Intersection,N,Non-Junction,None,,,         ,Tamara,Zurawski,Clear,Unknown,no,no,no,no,yes,False
101286281,METROPOLITAN NASHVILLE POLICE DEPT,20160634938,Davidson,Nashville,7/14/2016 9:30:00 PM,2,0,0,36.082100,-86.761700,HARDING PL,,,,0.00,,,SIDCO DR,,,,0.00,Y,Four-Way,N,Intersection-Related,None,,,         ,Nicholas,Smith,Clear,Front to Rear,no,no,no,no,no,False
101286294,METROPOLITAN NASHVILLE POLICE DEPT,20160637197,Davidson,Nashville,7/15/2016 2:42:00 PM,2,2,0,36.079600,-86.726320,NOLENSVILLE PKE,,,,0.00,,,HARDING PL,,,,0.00,Y,Four-Way,N,Intersection-Related,None,,,         ,Tien,Nguyen,Clear,Angle,no,no,no,no,no,False
101286299,METROPOLITAN NASHVILLE POLICE DEPT,20160637238,Davidson,Nashville,7/15/2016 2:55:00 PM,2,0,0,36.186020,-86.798260,I65 S EXT RAMP,,,,0.00,Feet,East,I 65,,,,0.00,N,Not at Intersection, ,Entrance/Exit Ramp Related,None,,,         ,Landon,Bagwell,Clear,Front to Rear,no,no,no,no,no,False
101286307,METROPOLITAN NASHVILLE POLICE DEPT,2016-0634891,Davidson,Nashville,7/14/2016 9:16:00 PM,2,2,0,36.153270,-86.769560,2ND AVS,,,,0.00,,,ASH ST,,,,0.00,Y,T-Intersection,N,Intersection-Related,None,,,         ,Michael,Schlegel,Cloudy,Angle,no,no,no,no,no,False
101286313,METROPOLITAN NASHVILLE POLICE DEPT,20160637263,Davidson,Nashville,7/15/2016 2:17:00 PM,2,0,0,36.082010,-86.764040,I 65,,,,0.00,,,,,,,77.80,N,Not at Intersection, ,Non-Junction,None,,,         ,Ralph,Smith IV,Clear,Angle,no,no,no,no,no,False
101286317,METROPOLITAN NASHVILLE POLICE DEPT,20160635020,Davidson,Nashville,7/14/2016 10:03:00 PM,3,0,0,36.078050,-86.708020,LUCKY DR,,,,175.00,Feet,East,TURLEY DR,,,,0.00,N,Not at Intersection,N,Non-Junction,None,,,         ,William,Durham,Cloudy,HeadOn,no,no,no,no,yes,False
101286332,METROPOLITAN NASHVILLE POLICE DEPT,2016-0628318,Davidson,Nashville,7/12/2016 11:00:00 PM,1,0,0,36.175760,-86.751690,S 10TH ST,,,,0.00,,,RUSSELL ST,,,,0.00,Y,T-Intersection,N,Non-Junction,None,,,         ,Ian,Herlein,Clear,Not Collision with Motor Vehicle in Transport,no,no,no,no,no,False
101286337,METROPOLITAN NASHVILLE POLICE DEPT,20160630879,Davidson,Goodlettsville,7/13/2016 5:19:00 PM,2,0,0,36.289540,-86.723990,I 65,,,,0.00,,,,,,,94.15,N,Not at Intersection,N,Non-Junction,None,,,         ,Samuel,Miller,Clear,Front to Rear,no,no,no,no,yes,False
101286338,METROPOLITAN NASHVILLE POLICE DEPT,20160630938,Davidson,Not in City Limit,7/13/2016 6:11:00 PM,2,0,0,36.262890,-86.681170,STATE RT 45,,,,60.00,Feet,West,RIO VISTA DR,,,,0.00,N,Not at Intersection,N,Non-Junction,None,,,         ,Samuel,Miller,Clear,Front to Rear,no,no,no,no,yes,False
101286339,METROPOLITAN NASHVILLE POLICE DEPT,20160631007,Davidson,Not in City Limit,7/13/2016 6:23:00 PM,2,0,0,36.265650,-86.686900,ARCHWOOD DR,,,,230.00,Feet,South,N DUPONT AV,,,,0.00,N,Not at Intersection, ,Non-Junction,None,,,         ,Samuel,Miller,Clear,Front to Rear,no,no,no,no,no,False
101286340,METROPOLITAN NASHVILLE POLICE DEPT,20160631638,Davidson,Not in City Limit,7/13/2016 10:28:00 PM,2,1,0,36.263330,-86.714600,OLD HICKORY BLVDW,,,,0.00,,,DOUGLAS ST,,,,0.00,Y,T-Intersection,Y,Intersection,None,,,         ,Samuel,Miller,Clear,Angle,no,no,no,no,yes,False
101286351,METROPOLITAN NASHVILLE POLICE DEPT,20160637431,Davidson,Nashville,7/15/2016 4:12:00 PM,2,0,0,36.037400,-86.786570,FRANKLIN PKE,,,,0.00,,,OLD HICKORY BLVD,,,,0.00,Y,Four-Way, ,Intersection-Related,None,,,         ,Tien,Nguyen,Clear,"Sideswipe, Same Direction",no,no,no,no,no,False
101286352,METROPOLITAN NASHVILLE POLICE DEPT,20160637407,Davidson,Nashville,7/15/2016 4:36:00 PM,2,0,0,36.086830,-86.697260,HARDING PL,,,,181.00,Feet,East,I24 W ENT RAMP,,,,0.00,N,Not at Intersection,N,Non-Junction,None,,,         ,Jessie,Meadows,Clear,"Sideswipe, Same Direction",no,no,no,no,no,False
101286359,METROPOLITAN NASHVILLE POLICE DEPT,20160637335,Davidson,Nashville,7/15/2016 3:13:00 PM,2,0,0,36.177890,-86.773110,I 24,,,,0.00,,,,,,,47.85,N,Not at Intersection, ,,None,,,         ,Micah,Wright,,,no,no,no,no,no,False
101286361,METROPOLITAN NASHVILLE POLICE DEPT,20160637325,Davidson,Nashville,7/15/2016 2:57:00 PM,2,0,0,36.083020,-86.761590,SIDCO DR,,,,106.00,Feet,South,CSX DR,,,,0.00,N,Not at Intersection,N,Non-Junction,None,,,         ,Nicholas,Smith,Clear,Front to Rear,no,no,no,no,no,False
101286381,METROPOLITAN NASHVILLE POLICE DEPT,20160637477,Davidson,Nashville,7/15/2016 4:19:00 PM,2,0,0,36.113290,-86.772400,I 65,,,,0.00,,,,,,,80.00,N,Not at Intersection,N,Non-Junction,None,,,         ,Ralph,Smith IV,Clear,Front to Rear,no,no,no,no,yes,False
101286382,GOODLETTSVILLE POLICE DEPT,16-24799,Davidson,Goodlettsville,7/15/2016 4:05:00 PM,3,0,0,36.295540,-86.716270,I 65,,,,0.00,,,,,,,94.75,N,Not at Intersection,N,Non-Junction,None,,,         ,Daniel,Knalls,Clear,Front to Rear,no,no,no,no,no,False
101286396,METROPOLITAN NASHVILLE POLICE DEPT,20160637493,Davidson,Nashville,7/15/2016 4:14:00 PM,2,1,0,36.145360,-86.626220,BELL RD,,,,53.00,Feet,South,LINCOYA BAY DR,,,,0.00,N,Not at Intersection,N,Non-Junction,None,,,         ,Patrick,Taylor,Clear,Front to Rear,no,no,no,no,no,False
101286414,METROPOLITAN NASHVILLE POLICE DEPT,20160637630,Davidson,Nashville,7/15/2016 5:56:00 PM,1,0,0,36.104090,-86.715530,I 24,,,,0.00,,,,,,,54.25,N,Not at Intersection, ,Non-Junction,None,,,         ,Jessie,Meadows,Clear,Not Collision with Motor Vehicle in Transport,no,no,no,no,no,False
101286423,METROPOLITAN NASHVILLE POLICE DEPT,20160637531,Davidson,Not in City Limit,7/15/2016 4:55:00 PM,2,1,0,36.272150,-86.689970,ANDERSON LN,,,,110.00,Feet,West,MYATT DR,,,,0.00,N,Not at Intersection,N,Non-Junction,None,,,         ,Samuel,Miller,Clear,Angle,no,no,no,no,no,False
101286425,METROPOLITAN NASHVILLE POLICE DEPT,20160637648,Davidson,Nashville,7/15/2016 5:16:00 PM,2,0,0,36.221200,-86.726610,GALLATIN PKE,,,,0.00,,,MCALPINE AV,,,,0.00,Y,Four-Way, ,Non-Junction,None,,,         ,Joshua,Lippert,Clear,Angle,no,no,no,no,no,False
101286427,METROPOLITAN NASHVILLE POLICE DEPT,20160631303,Davidson,Nashville,7/13/2016 8:34:00 PM,2,1,0,36.215930,-86.689210,MCGAVOCK PKE,,,,0.00,,,PENNINGTON BEND RD,,,,0.00,Y,T-Intersection,N,Intersection,None,,,         ,Mikala,Moore,Clear,HeadOn,no,no,no,no,no,False
101286452,METROPOLITAN NASHVILLE POLICE DEPT,20160637607,Davidson,Nashville,7/15/2016 5:11:00 PM,2,0,0,36.081620,-86.764100,I 65,,,,0.00,,,,,,,77.80,N,Not at Intersection, ,,None,,,         ,Nicholas,Smith,,,no,no,no,no,no,False
101286457,METROPOLITAN NASHVILLE POLICE DEPT,20160637558,Davidson,Nashville,7/15/2016 5:07:00 PM,2,0,0,36.042280,-86.743990,EDMONDSON PKE,,,,0.00,,,BRENTWOOD SQ,,,,0.00,Y,T-Intersection, ,Intersection-Related,None,,,         ,Tien,Nguyen,Clear,Front to Rear,no,no,no,no,no,False
101286458,METROPOLITAN NASHVILLE POLICE DEPT,20160637689,Davidson,Nashville,7/15/2016 5:19:00 PM,2,0,0,36.077150,-86.734090,HARDING PL,,,,0.00,,,OVERCREST DR,,,,0.00,Y,T-Intersection, ,Intersection-Related,None,,,         ,Tien,Nguyen,Clear,Front to Rear,no,no,no,no,no,False
101286470,METROPOLITAN NASHVILLE POLICE DEPT,20160633781,Davidson,Nashville,7/14/2016 1:49:00 PM,4,0,0,36.169210,-86.681200,LEBANON PKE,,,,359.00,Feet,East,FAIRWAY DR,,,,0.00,N,Not at Intersection,N,Non-Junction,None,,,         ,Mikala,Moore,Rain,Angle,no,no,no,no,no,False
101286474,METROPOLITAN NASHVILLE POLICE DEPT,20160637528,Davidson,Nashville,7/15/2016 4:53:00 PM,2,0,0,36.153660,-86.775870,LEA AV,,,,0.00,,,6TH AVS,,,,0.00,Y,OTHER, ,Intersection-Related,None,,,         ,Jason,Thomas,Clear,Angle,no,no,no,no,no,False
101286485,METROPOLITAN NASHVILLE POLICE DEPT,20160637615,Davidson,Not in City Limit,7/15/2016 5:25:00 PM,2,0,0,36.079030,-86.944640,SAWYER BROWN RD,,,,0.00,,,BELLEVUE CTR PVTDR,,,,0.00,Y,Four-Way, ,Intersection,None,,,         ,Ethan,Usherwood,Clear,"Sideswipe, Same Direction",no,no,no,no,no,False
101286490,METROPOLITAN NASHVILLE POLICE DEPT,20160637628,Davidson,Nashville,7/15/2016 5:32:00 PM,2,0,0,36.167880,-86.664030,LEBANON PKE,,,,0.00,,,OLD LEBANON PKE,,,,0.00,Y,T-Intersection,Y,Intersection,None,,,         ,Mikala,Moore,Clear,Angle,no,no,no,no,no,False
101286492,METROPOLITAN NASHVILLE POLICE DEPT,20160637791,Davidson,Nashville,7/15/2016 4:48:00 PM,2,0,0,36.110940,-86.745220,THOMPSON LN,,,,0.00,,,NOLENSVILLE PKE,,,,0.00,Y,Four-Way, ,Intersection-Related,None,,,         ,Tien,Nguyen,Clear,Front to Rear,no,no,no,no,no,False
101286516,METROPOLITAN NASHVILLE POLICE DEPT,20160637446,Davidson,Nashville,7/15/2016 4:15:00 PM,2,1,0,36.069910,-86.697400,HAYWOOD LN,,,,452.00,Feet,West,KEELEY DR,,,,0.00,N,Not at Intersection,N,Non-Junction,None,,,         ,Andrew,Mullen,Clear,Front to Rear,no,no,no,no,no,False
101286517,METROPOLITAN NASHVILLE POLICE DEPT,20160637536,Davidson,Nashville,7/15/2016 4:56:00 PM,2,1,0,36.186560,-86.613460,OLD HICKORY BLVD,,,,769.00,Feet,South,ANDREW JACKSON PKWY,,,,0.00,N,Not at Intersection,N,Non-Junction,None,,,         ,Noah,Melton,Clear,Front to Rear,no,no,no,no,no,False
101286526,METROPOLITAN NASHVILLE POLICE DEPT,20160637893,Davidson,Nashville,7/15/2016 12:00:00 AM,2,0,0,36.037400,-86.786570,FRANKLIN PKE,,,,0.00,,,OLD HICKORY BLVD,,,,0.00,Y,Four-Way,N,Intersection-Related,None,,,         ,Tien,Nguyen,Clear,Angle,no,no,no,no,yes,False
101286541,METROPOLITAN NASHVILLE POLICE DEPT,20160637450,Davidson,Nashville,7/15/2016 4:00:00 PM,2,0,0,36.183880,-86.610520,ANDREW JACKSON PKWY,,,,92.00,Feet,North,OLD HICKORY BLVD,,,,0.00,N,Not at Intersection,N,OtherLocation,None,,,         ,Christopher,Mackey,Clear,Front to Rear,no,no,no,no,yes,False
101286553,METROPOLITAN NASHVILLE POLICE DEPT,20160637989,Davidson,Nashville,7/15/2016 12:00:00 AM,3,0,0,36.143270,-86.844000,NEBRASKA AV,,,,65.00,Feet,East,48TH AVN,,,,0.00,N,Not at Intersection,N,Non-Junction,None,,,         ,Mark,Hatt,Clear,"Sideswipe, Same Direction",no,no,no,no,yes,False
101286554,METROPOLITAN NASHVILLE POLICE DEPT,20160638067,Davidson,Nashville,7/15/2016 5:54:00 PM,2,0,0,36.187690,-86.630060,LEBANON PKE,,,,0.00,Feet,East,HICKORY HILL LN,,,,0.00,N,Not at Intersection,N,Non-Junction,None,,,         ,Noah,Melton,Clear,Other,no,no,no,yes,yes,False
101286560,METROPOLITAN NASHVILLE POLICE DEPT,20160637723,Davidson,Nashville,7/15/2016 6:07:00 PM,1,1,0,36.239150,-86.779860,BRILEY PKWY W EXT RAMP,,,,0.00,Feet,East,BRILEY PKWY W ENT RAMP,,,,0.00,N,Not at Intersection,N,Entrance/Exit Ramp Related,None,,,         ,Harold,Willmore IV,Clear,Not Collision with Motor Vehicle in Transport,no,no,no,no,no,False
101286568,METROPOLITAN NASHVILLE POLICE DEPT,20160638116,Davidson,Nashville,7/15/2016 7:33:00 PM,1,0,0,36.048690,-86.734500,HUNTINGTON PKWY,,,,0.00,,,HUNTERS RDG,,,,0.00,Y,T-Intersection,N,Intersection-Related,None,,,         ,Tien,Nguyen,Clear,Not Collision with Motor Vehicle in Transport,no,no,no,no,no,False
101286570,METROPOLITAN NASHVILLE POLICE DEPT,20160637587,Davidson,Nashville,7/15/2016 5:19:00 PM,2,1,0,36.205940,-86.777980,BRICK CHURCH PKE,,,,79.00,Feet,North,I65 S ENT RAMP,,,,0.00,N,Not at Intersection,Y,Entrance/Exit Ramp Related,None,,,         ,Christopher,Templin,Clear,"Sideswipe, Opposite Direction",no,no,no,no,no,False
101286585,METROPOLITAN NASHVILLE POLICE DEPT,20160637757,Davidson,Not in City Limit,7/15/2016 6:24:00 PM,2,2,0,36.264070,-86.690290,STATE RT 45,,,,0.00,,,MYATT DR,,,,0.00,Y,Four-Way,Y,Intersection,None,,,         ,Samuel,Miller,,Angle,no,no,no,no,yes,False
101286595,METROPOLITAN NASHVILLE POLICE DEPT,20160637738,Davidson,Nashville,7/15/2016 5:14:00 PM,4,0,0,36.152380,-86.837060,CHARLOTTE AV,,,,0.00,,,42ND AVN,,,,0.00,Y,Four-Way,N,Intersection-Related,None,,,         ,Ryan,Potts,Clear,Front to Rear,no,no,no,no,no,False
101286596,METROPOLITAN NASHVILLE POLICE DEPT,20160637871,Davidson,Nashville,7/15/2016 7:12:00 PM,2,0,0,36.066670,-86.717940,NORTHCREST DR,,,,0.00,,,NOLENSVILLE PKE,,,,0.00,Y,T-Intersection, ,Non-Junction,None,,,         ,Eric,Thomas,Clear,"Sideswipe, Same Direction",no,no,no,no,no,False
101286616,METROPOLITAN NASHVILLE POLICE DEPT,20160638462,Davidson,Nashville,7/15/2016 9:16:00 PM,2,0,0,36.134510,-86.825460,WEST END AV,,,,57.00,Feet,West,BOWLING AV,,,,0.00,N,Not at Intersection, ,Non-Junction,None,,,         ,Eric,Westbrook,Clear,Front to Rear,no,no,no,no,no,False
101286624,METROPOLITAN NASHVILLE POLICE DEPT,20160638244,Davidson,Nashville,7/15/2016 8:54:00 PM,2,0,0,36.046130,-86.660670,I 24,,,,0.00,,,,,,,59.30,N,Not at Intersection, ,Non-Junction,None,,,         ,Joseph,Progar,Clear,"Sideswipe, Same Direction",no,no,no,no,no,False
101286627,METROPOLITAN NASHVILLE POLICE DEPT,2016-0637495,Davidson,Nashville,7/15/2016 4:39:00 PM,4,2,0,36.045260,-86.717040,OLD HICKORY BLVD,,,,0.00,,,HICKORY PLZ,,,,0.00,Y,Four-Way,N,Intersection,None,,,         ,William,King,Clear,Angle,no,no,no,no,no,False
101286628,METROPOLITAN NASHVILLE POLICE DEPT,2016-0637430,Davidson,Nashville,7/15/2016 4:12:00 PM,2,0,0,36.040400,-86.769400,OLD HICKORY BLVD,,,,300.00,Feet,West,SEVEN SPRINGS WAY,,,,0.00,N,Not at Intersection, ,Non-Junction,None,,,         ,William,King,Clear,Front to Rear,no,no,no,no,no,False
101286630,METROPOLITAN NASHVILLE POLICE DEPT,20160616494,Davidson,Nashville,7/8/2016 10:00:00 PM,1,0,0,36.109720,-86.730420,THOMPSON LN,,,,196.00,Feet,East,MASHBURN RD,,,,0.00,N,Not at Intersection, ,Non-Junction,None,,,         ,William,Durham,Rain,Not Collision with Motor Vehicle in Transport,no,no,no,no,no,False
101286639,METROPOLITAN NASHVILLE POLICE DEPT,20160636040,Davidson,Nashville,7/15/2016 6:00:00 AM,2,0,0,36.144660,-86.744040,FESSLERS LN,,,,0.00,,,ELM HILL PKE,,,,0.00,Y,Four-Way,N,Intersection,None,,,         ,Austin,Childress,Clear,Angle,no,no,no,no,no,False
101286645,METROPOLITAN NASHVILLE POLICE DEPT,20160638636,Davidson,Nashville,7/15/2016 10:50:00 PM,2,0,0,36.071570,-86.733260,EDMONDSON PKE,,,,231.00,Feet,South,BLACKMAN RD,,,,0.00,N,Not at Intersection, ,,None,,,         ,Edin,Plancic,,,no,no,no,no,no,False
101286686,METROPOLITAN NASHVILLE POLICE DEPT,20160639107,Davidson,Nashville,7/16/2016 2:04:00 AM,2,0,0,36.134490,-86.779070,8TH AVS,,,,76.00,Feet,North,WEDGEWOOD AV,,,,0.00,N,Not at Intersection, ,Non-Junction,None,,,         ,Anthony,Rizo,Clear,"Sideswipe, Same Direction",no,no,no,no,no,False
101286688,METROPOLITAN NASHVILLE POLICE DEPT,20160639069,Davidson,Nashville,7/16/2016 12:00:00 AM,2,0,0,36.186300,-86.735310,BENJAMIN ST,,,,75.00,Feet,East,MANCHESTER AV,,,,0.00,N,Not at Intersection,N,Non-Junction,None,,,         ,Michael,Wolterbeek,Cloudy,"Sideswipe, Same Direction",no,no,no,no,yes,False
101286691,METROPOLITAN NASHVILLE POLICE DEPT,20160638744,Davidson,Nashville,7/15/2016 12:00:00 AM,1,0,0,36.151420,-86.636440,I 40,,,,0.00,,,,,,,218.50,N,Not at Intersection,N,Non-Junction,None,,,         ,Anthony,Russo,Clear,Not Collision with Motor Vehicle in Transport,no,no,no,no,no,False
101286693,METROPOLITAN NASHVILLE POLICE DEPT,20160638901,Davidson,Nashville,7/16/2016 12:56:00 AM,2,0,0,36.173270,-86.791400,JEFFERSON ST,,,,0.00,,,ROSA L PARKS BLVD,,,,0.00,Y,Four-Way, ,,None,,,         ,Joshua,Green,,,no,no,no,no,no,False
101286707,METROPOLITAN NASHVILLE POLICE DEPT,20160639248,Davidson,Nashville,7/16/2016 3:00:00 AM,1,0,0,36.171710,-86.768420,I 24,,,,0.00,,,,,,,48.35,N,Not at Intersection, ,,None,,,         ,Brian,Zullo,,,no,no,no,no,no,False
101286708,METROPOLITAN NASHVILLE POLICE DEPT,20160636056,Davidson,Nashville,7/15/2016 6:15:00 AM,2,1,0,36.195590,-86.776150,I 65,,,,0.00,,,,,,,86.55,N,Not at Intersection,N,Non-Junction,None,,,         ,Geoffrey,Daugherty,Clear,Front to Rear,no,no,no,no,no,False
101286709,METROPOLITAN NASHVILLE POLICE DEPT,20160625390,Davidson,Nashville,7/12/2016 4:45:00 AM,2,0,0,36.206420,-86.777930,BRICK CHURCH PKE,,,,72.00,Feet,South,W TRINITY LN,,,,0.00,N,Not at Intersection, ,Non-Junction,None,,,         ,James,Murphy,Clear,"Sideswipe, Same Direction",no,no,no,no,no,False
101286720,METROPOLITAN NASHVILLE POLICE DEPT,20160639000,Davidson,Madison,7/16/2016 1:15:00 AM,1,0,0,36.263810,-86.687120,STATE RT 45,,,,0.00,,,ARCHWOOD DR,,,,0.00,Y,OTHER,Y,Non-Junction,None,,,         ,Caesar,Harris,Clear,Not Collision with Motor Vehicle in Transport,no,no,no,no,no,False
101286721,METROPOLITAN NASHVILLE POLICE DEPT,20160639117,Davidson,Nashville,7/16/2016 1:30:00 AM,2,0,0,36.155040,-86.797520,18TH AVN,,,,0.00,,,CHURCH ST,,,,0.00,Y,Four-Way, ,Non-Junction,None,,,         ,Ryan,Worstall,Clear,Front to Rear,no,no,no,no,no,False
101286725,METROPOLITAN NASHVILLE POLICE DEPT,20160639255,Davidson,Nashville,7/16/2016 12:00:00 AM,1,0,0,36.027880,-86.743940,EDMONDSON PKE,,,,565.00,Feet,South,CLOVERLAND DR,,,,0.00,N,Not at Intersection,N,Non-Junction,None,,,         ,Marc,Haugen,Clear,Not Collision with Motor Vehicle in Transport,no,no,no,no,yes,False
101286745,METROPOLITAN NASHVILLE POLICE DEPT,20160638989,Davidson,Nashville,7/16/2016 1:01:00 AM,2,0,0,36.043870,-86.650480,HICKORY HOLLOW PKWY,,,,0.00,,,CROSSINGS PL,,,,0.00,Y,T-Intersection, ,Non-Junction,None,,,         ,David,Moser,Clear,Front to Rear,no,no,no,no,no,False
101286760,METROPOLITAN NASHVILLE POLICE DEPT,20160639177,Davidson,Nashville,7/16/2016 2:48:00 AM,7,0,0,36.044180,-86.665360,ARBOR RIDGE DR,,,,234.00,Feet,North,ARBOR PL,,,,0.00,N,Not at Intersection,N,"Driveway, Alley Access, etc",None,,,         ,Autumn,Manning,Clear,Angle,no,no,no,yes,yes,False
101286762,METROPOLITAN NASHVILLE POLICE DEPT,20150593496,Davidson,Nashville,7/2/2016 3:45:00 AM,2,1,0,36.153010,-86.796000,WEST END AV,,,,0.00,,,18TH AVN,,,,0.00,Y,Four-Way,N,Intersection,None,,,         ,Craig,Oakley,Clear,Angle,no,no,no,no,no,False
101286774,METROPOLITAN NASHVILLE POLICE DEPT,20160629631,Davidson,Nashville,7/13/2016 9:48:00 AM,4,2,0,36.180020,-86.809510,16TH AVN,,,,0.00,Feet,East,BUCHANAN ST,,,,0.00,N,Not at Intersection,N,Non-Junction,None,,,         ,Earnest,Fields,Clear,Front to Rear,no,no,no,no,no,False
101286780,METROPOLITAN NASHVILLE POLICE DEPT,20160639515,Davidson,Nashville,7/16/2016 7:50:00 AM,2,0,0,36.152020,-86.847210,CHARLOTTE AV,,,,0.00,,,50TH AVN,,,,0.00,Y,Four-Way, ,,None,,,         ,Gregory,McDaniel,,,no,no,no,no,no,False
101286783,METROPOLITAN NASHVILLE POLICE DEPT,20160639453,Davidson,Nashville,7/16/2016 7:15:00 AM,1,1,0,36.045410,-86.658930,I 24,,,,0.00,,,,,,,59.40,N,Not at Intersection,N,Non-Junction,None,,,         ,Jason,Dudley,Cloudy,Not Collision with Motor Vehicle in Transport,no,no,no,no,no,False