master_record_number,agency,agency_tracking_number,county,city,collision_date,vehicles_involved,number_injured,number_dead,latitude,longitude,roadway_name,roadway_suffix,roadway_number,roadway_local_id,distance_from_reference,miles-feet_indicator,direction_from_reference,intersection_road_name,intersection_road_name_suffix,intersection_road_number,intersection_local_id,mile_marker,intersection_indicator,intersect_type,interchange_related_indicator,relation_to_junction,work_zone_type,construction_maintenance_zone,construction_maintenance_zone_location,fatal_case_number,officer_first_name,officer_last_name,weather_condition(s),manner_of_crash,pedestrian,bicycle,scooter,parking,hitrun,mou
101287417,BERRY HILL POLICE DEPT,16-2564,Davidson,Berry Hill,7/16/2016 5:40:00 PM,2,1,0,36.112390,-86.768020,THOMPSON LN,,,,0.00,,,W IRIS DR,,,,0.00,Y,OTHER,N,OtherLocation,None,,,         ,Larry,Carter,Cloudy,Angle,no,no,no,no,no,False
101287422,METROPOLITAN NASHVILLE POLICE DEPT,2016-0641972,Davidson,Nashville,7/17/2016 10:06:00 AM,1,1,0,36.079190,-86.644900,EDGE O LAKE DR,,,,140.00,Feet,South,MURFREESBORO PKE,,,,0.00,N,Not at Intersection,N,Non-Junction,None,,,         ,Roderic,Williams,Clear,Not Collision with Motor Vehicle in Transport,no,no,no,no,no,False
101287424,METROPOLITAN NASHVILLE POLICE DEPT,20160642116,Davidson,Nashville,7/17/2016 11:40:00 AM,2,0,0,36.112260,-86.922670,I40 W EXT RAMP,,,,0.00,,,I 40,,,,0.00,Y,Four-Way, ,,None,,,         ,Michael,Pyle,,,no,no,no,no,no,False
101287437,METROPOLITAN NASHVILLE POLICE DEPT,20160642248,Davidson,Nashville,7/17/2016 1:15:00 PM,2,0,0,36.077090,-86.725560,EDMONDSON PKE,,,,0.00,,,WALLACE RD,,,,0.00,Y,Four-Way,N,Intersection-Related,None,,,         ,Earl,Davis,Clear,Front to Rear,no,no,no,no,yes,False
101287456,METROPOLITAN NASHVILLE POLICE DEPT,20160642208,Davidson,Nashville,7/17/2016 1:02:00 PM,2,0,0,36.130290,-86.899940,I40 W EXT RAMP,,,,0.00,,,CHARLOTTE PKE,,,,0.00,Y,T-Intersection, ,Entrance/Exit Ramp Related,None,,,         ,Cody,Jaworski,Clear,Front to Rear,no,no,no,no,no,False
101287470,METROPOLITAN NASHVILLE POLICE DEPT,20160642039,Davidson,Nashville,7/17/2016 10:50:00 AM,2,0,0,36.187970,-86.595030,RACHELS RETREAT CIR,,,,417.00,Feet,East,OLD LEBANON DIRT RD,,,,0.00,N,Not at Intersection, ,,None,,,         ,Evan,Hibschman,,,no,no,no,no,no,False
101287517,METROPOLITAN NASHVILLE POLICE DEPT,20160642224,Davidson,Nashville,7/17/2016 1:30:00 PM,2,0,0,36.056720,-86.715830,NOLENSVILLE PKE,,,,276.00,Feet,North,APRIL LN,,,,0.00,N,Not at Intersection, ,Non-Junction,None,,,         ,Blake,Lutz,Clear,Front to Rear,no,no,no,no,no,False
101287532,METROPOLITAN NASHVILLE POLICE DEPT,20160642435,Davidson,Nashville,7/17/2016 3:45:00 PM,1,1,0,36.237860,-86.741830,BRILEY PKWY E EXT RAMP,,,,0.00,,,ELLINGTON PKWYN,,,,0.00,Y,Roundabout,Y,Entrance/Exit Ramp Related,None,,,         ,Rachael,Sacco,Clear,Not Collision with Motor Vehicle in Transport,no,no,no,no,no,False
101287533,METROPOLITAN NASHVILLE POLICE DEPT,20160642445,Davidson,Nashville,7/17/2016 1:48:00 PM,2,0,0,36.068280,-86.632210,MURFREESBORO PKE,,,,426.00,Feet,North,FOREST VIEW DR,,,,0.00,N,Not at Intersection,N,Non-Junction,None,,,         ,Tamara,Zurawski,Clear,Angle,no,no,no,yes,yes,False
101287549,METROPOLITAN NASHVILLE POLICE DEPT,20160637236,Davidson,Nashville,7/15/2016 2:15:00 PM,2,0,0,36.168520,-86.766150,I 24,,,,0.00,,,,,,,48.80,N,Not at Intersection, ,Non-Junction,None,,,         ,Kendra,Cowper,Clear,Front to Rear,no,no,no,no,no,False
101287557,METROPOLITAN NASHVILLE POLICE DEPT,20160642429,Davidson,Nashville,7/17/2016 3:40:00 PM,2,1,0,36.244200,-86.784950,I 24,,,,0.00,,,,,,,42.90,N,Not at Intersection,N,Non-Junction,None,,,         ,Khalid,Abbady,Clear,Front to Rear,no,no,no,no,no,False
101287558,METROPOLITAN NASHVILLE POLICE DEPT,20160642438,Davidson,Not in City Limit,7/17/2016 3:25:00 PM,2,2,0,36.044460,-86.956230,HIGHWAY 100,,,,0.00,,,OLD HARDING PKE,,,,0.00,Y,Four-Way,N,Intersection,None,,,         ,Adam,Reese,Clear,HeadOn,no,no,no,no,no,False
101287560,METROPOLITAN NASHVILLE POLICE DEPT,20160642474,Davidson,Not in City Limit,7/17/2016 2:00:00 PM,2,0,0,36.264160,-86.735580,I65 N EXT RAMP,,,,0.00,,,OLD HICKORY BLVDW,,,,0.00,Y,OTHER,N,Entrance/Exit Ramp Related,None,,,         ,Christopher,Littles,Clear,Front to Rear,no,no,no,no,yes,False
101287578,METROPOLITAN NASHVILLE POLICE DEPT,20160642409,Davidson,Nashville,7/17/2016 3:01:00 PM,2,0,0,36.154370,-86.759780,I 40,,,,0.00,,,,,,,211.00,N,Not at Intersection, ,Non-Junction,None,,,         ,Jonathan,Cavezza,Clear,"Sideswipe, Same Direction",no,no,no,no,no,False
101287584,METROPOLITAN NASHVILLE POLICE DEPT,20160642552,Davidson,Nashville,7/17/2016 4:57:00 PM,2,0,0,36.156430,-86.787390,12TH AVS,,,,40.00,Feet,South,BROADWAY,,,,0.00,N,Not at Intersection,N,"Driveway, Alley Access, etc",None,,,         ,Tyler,Hutton,Clear,Angle,no,no,no,no,no,False
101287585,METROPOLITAN NASHVILLE POLICE DEPT,2016-0642503,Davidson,Nashville,7/17/2016 4:30:00 PM,2,0,0,36.151110,-86.791730,MUSIC SQE,,,,144.00,Feet,North,MUSIC CIRN,,,,0.00,N,Not at Intersection, ,Non-Junction,None,,,         ,Akira,McSwain,Clear,Angle,no,no,no,no,no,False
101287599,METROPOLITAN NASHVILLE POLICE DEPT,20160642592,Davidson,Not in City Limit,7/17/2016 5:17:00 PM,2,1,0,36.264040,-86.689860,STATE RT 45,,,,126.00,Feet,East,MYATT DR,,,,0.00,N,Not at Intersection,N,Non-Junction,None,,,         ,Jordan,Lowry,Clear,Front to Rear,no,no,no,no,no,False
101287603,METROPOLITAN NASHVILLE POLICE DEPT,20160642529,Davidson,Nashville,7/17/2016 4:12:00 PM,2,0,0,36.140730,-86.732280,I 40,,,,0.00,,,,,,,213.00,N,Not at Intersection,N,Non-Junction,None,,,         ,Jonathan,Cavezza,Clear,Angle,no,no,no,no,yes,False
101287619,METROPOLITAN NASHVILLE POLICE DEPT,20160642800,Davidson,Nashville,7/17/2016 6:55:00 PM,2,0,0,36.058670,-86.678520,I 24,,,,0.00,,,,,,,58.00,N,Not at Intersection,N,Non-Junction,None,,,         ,Kevin,Keating,Clear,"Sideswipe, Same Direction",no,no,no,no,yes,False
101287635,METROPOLITAN NASHVILLE POLICE DEPT,20160642703,Davidson,Nashville,7/17/2016 6:15:00 PM,2,0,0,36.187920,-86.798480,DOMINICAN DR,,,,0.00,,,ROSA L PARKS BLVD,,,,0.00,Y,Four-Way,N,Intersection,None,,,         ,Roy,Sain Jr.,Clear,Front to Rear,no,no,no,no,no,False
101287644,METROPOLITAN NASHVILLE POLICE DEPT,20160642818,Davidson,Nashville,7/17/2016 7:13:00 PM,1,1,0,36.169830,-86.808800,I 40,,,,0.00,,,,,,,207.20,N,Not at Intersection,N,Non-Junction,None,,,         ,Zachary,Ronan,Clear,Not Collision with Motor Vehicle in Transport,no,no,no,no,no,False
101287665,METROPOLITAN NASHVILLE POLICE DEPT,20160642937,Davidson,Nashville,7/17/2016 8:00:00 PM,2,0,0,36.136180,-86.788660,12TH AVS,,,,7.00,Feet,North,WEDGEWOOD AV,,,,0.00,N,Not at Intersection, ,Non-Junction,None,,,         ,Akira,McSwain,Clear,Front to Rear,no,no,no,no,no,False
101287672,METROPOLITAN NASHVILLE POLICE DEPT,20160642486,Davidson,Nashville,7/17/2016 12:00:00 AM,2,1,0,36.212030,-86.691520,BRILEY PKWYS,,,,210.00,Feet,South,BRILEY PKWYN,,,,0.00,N,Not at Intersection,N,Non-Junction,None,,,         ,Craig,Gentry,Clear,Front to Rear,no,no,no,no,no,False
101287686,METROPOLITAN NASHVILLE POLICE DEPT,2016-0642652,Davidson,Nashville,7/17/2016 5:47:00 PM,1,0,0,36.126410,-86.846310,HARDING PKE,,,,0.00,,,,,,,0.00,,,N,Non-Junction,None,,,         ,Ryan,Allen,Clear,Not Collision with Motor Vehicle in Transport,no,no,no,yes,yes,False
101287688,METROPOLITAN NASHVILLE POLICE DEPT,20160642867,Davidson,Nashville,7/17/2016 7:40:00 PM,2,0,0,36.176910,-86.774580,SPRING ST,,,,0.00,,,N 1ST ST,,,,0.00,Y,Four-Way, ,Intersection,None,,,         ,Kendra,Cowper,Clear,Front to Rear,no,no,no,no,no,False
101287697,METROPOLITAN NASHVILLE POLICE DEPT,20160640470,Davidson,Nashville,7/16/2016 6:39:00 PM,2,0,0,36.077430,-86.725670,NOLENSVILLE PKE,,,,126.00,Feet,North,WALLACE RD,,,,0.00,N,Not at Intersection, ,Non-Junction,None,,,         ,Jose,Salazar,Clear,Front to Rear,no,no,no,no,no,False
101287701,METROPOLITAN NASHVILLE POLICE DEPT,20160643004,Davidson,Nashville,7/17/2016 8:45:00 PM,2,1,0,36.064790,-86.628480,HAMILTON CHURCH RD,,,,0.00,,,MURFREESBORO PKE,,,,0.00,Y,Four-Way,N,Intersection,None,,,         ,Sharissa,Perez,Clear,HeadOn,no,no,no,no,no,False
101287710,METROPOLITAN NASHVILLE POLICE DEPT,20160642790,Davidson,Nashville,7/17/2016 6:55:00 PM,2,2,0,36.155890,-86.628780,I 40,,,,0.00,,,,,,,219.00,N,Not at Intersection,N,Non-Junction,None,,,         ,Jonathan,Cavezza,Clear,"Sideswipe, Same Direction",no,no,no,no,yes,False
101287739,METROPOLITAN NASHVILLE POLICE DEPT,20160643312,Davidson,Nashville,7/17/2016 9:08:00 PM,2,0,0,36.086430,-86.648370,MURFREESBORO PKE,,,,215.00,Feet,South,NASHBORO BLVD,,,,0.00,N,Not at Intersection, ,Non-Junction,None,,,         ,Kyle,Arndt,Clear,Rear to Side,no,no,no,yes,yes,False
101287740,METROPOLITAN NASHVILLE POLICE DEPT,16-0643214,Davidson,Nashville,7/17/2016 11:20:00 PM,3,0,0,36.162150,-86.648470,STEWARTS FERRY PIKE,,,,0.00,,,,,,,0.00,,Not at Intersection,N,Non-Junction,None,,,         ,Brian,Gant,Clear,Front to Rear,no,no,no,yes,no,False
101287753,METROPOLITAN NASHVILLE POLICE DEPT,20160643169,Davidson,Nashville,7/17/2016 10:55:00 PM,1,0,0,36.218090,-86.840840,KINGS LN,,,,1132.00,Feet,West,CLARKSVILLE PKE,,,,0.00,N,Not at Intersection, ,Non-Junction,None,,,         ,Charles,Duke,Clear,Not Collision with Motor Vehicle in Transport,no,no,no,no,no,False
101287761,METROPOLITAN NASHVILLE POLICE DEPT,2016-0643461,Davidson,Nashville,7/17/2016 9:15:00 PM,1,0,0,36.171550,-86.589420,CENTRAL PKE,,,,679.00,Feet,East,VALLEY GROVE DR,,,,0.00,N,Not at Intersection, ,Non-Junction,None,,,         ,Gregory,Dixon,Clear,Not Collision with Motor Vehicle in Transport,no,no,no,no,no,False
101287770,METROPOLITAN NASHVILLE POLICE DEPT,20160639234,Davidson,Not in City Limit,7/16/2016 3:56:00 AM,2,0,0,36.074320,-86.977470,I 40,,,,0.00,,,,,,,195.00,N,Not at Intersection, ,Non-Junction,None,,,         ,Kristen,Morgan,Clear,Front to Rear,no,no,no,no,no,False
101287771,METROPOLITAN NASHVILLE POLICE DEPT,20160643255,Davidson,Nashville,7/17/2016 9:52:00 PM,1,0,0,36.151930,-86.880480,AMERICAN RD,,,,243.00,Feet,East,AMERICAN CT,,,,0.00,N,Not at Intersection,N,Non-Junction,None,,,         ,Kristen,Morgan,Clear,Not Collision with Motor Vehicle in Transport,no,no,no,no,yes,False
101287772,METROPOLITAN NASHVILLE POLICE DEPT,20160643650,Davidson,Nashville,7/18/2016 3:15:00 AM,1,0,0,36.165790,-86.763040,S 4TH ST,,,,111.00,Feet,North,I24 W ENT RAMP,,,,0.00,N,Not at Intersection,N,Entrance/Exit Ramp Related,None,,,         ,Eric,Hall,Clear,Not Collision with Motor Vehicle in Transport,no,no,no,no,no,False
101287778,METROPOLITAN NASHVILLE POLICE DEPT,20160636789,Davidson,Nashville,7/15/2016 12:20:00 PM,3,0,0,36.152280,-86.776730,MIDDLETON ST,,,,0.00,,,,,,,0.00,,,N,Non-Junction,None,,,         ,Robert,Magner,Clear,Other,no,no,no,yes,yes,False
101287793,METROPOLITAN NASHVILLE POLICE DEPT,20160643648,Davidson,Nashville,7/18/2016 3:15:00 AM,1,1,0,36.054920,-86.636560,HAMILTON CHURCH RD,,,,0.00,,,ZELIDA AV,,,,0.00,Y,OTHER,N,Intersection-Related,None,,,         ,William,Coy,Clear,Not Collision with Motor Vehicle in Transport,no,no,no,no,no,False
101287795,METROPOLITAN NASHVILLE POLICE DEPT,20160643899,Davidson,Nashville,7/18/2016 5:55:00 AM,2,0,0,36.192320,-86.616300,OLD HICKORY BLVD,,,,0.00,,,JUAREZ DR,,,,0.00,Y,Four-Way, ,,None,,,         ,Justin,Franklin,,,no,no,no,no,no,False
101287810,METROPOLITAN NASHVILLE POLICE DEPT,2016642213,Davidson,Nashville,7/17/2016 1:00:00 PM,2,0,0,36.134280,-86.779090,WEDGEWOOD AV,,,,0.00,Feet,,8TH AVS,,,,0.00,Y,Four-Way, ,Intersection-Related,None,,,         ,Gregory,Cenicola,Clear,HeadOn,no,no,no,no,no,False
101287817,METROPOLITAN NASHVILLE POLICE DEPT,20160641942,Davidson,Nashville,7/17/2016 9:43:00 AM,2,2,0,36.044950,-86.724500,OLD HICKORY BLVD,,,,123.00,Feet,East,AMALIE DR,,,,0.00,N,Not at Intersection,N,Non-Junction,None,,,         ,Sean,Williams,Clear,"Sideswipe, Same Direction",no,no,no,no,no,False
101287821,METROPOLITAN NASHVILLE POLICE DEPT,20160643939,Davidson,Nashville,7/18/2016 6:44:00 AM,4,2,0,36.082100,-86.761700,HARDING PL,,,,0.00,,,SIDCO DR,,,,0.00,Y,Four-Way,N,Intersection,None,,,         ,Nathan,Kemp,Clear,Angle,no,no,no,no,no,False
101287822,METROPOLITAN NASHVILLE POLICE DEPT,20160620303,Davidson,Nashville,7/10/2016 1:28:00 PM,2,1,0,36.040840,-86.773470,OLD HICKORY BLVD,,,,0.00,Feet,East,HEALTH PARK DR,,,,0.00,N,Not at Intersection,N,Non-Junction,None,,,         ,Sean,Williams,Clear,Front to Rear,no,no,no,no,no,False
101287828,METROPOLITAN NASHVILLE POLICE DEPT,20160643971,Davidson,Nashville,7/18/2016 7:00:00 AM,2,0,0,36.155650,-86.789720,I40 E EXT RAMP,,,,0.00,Feet,,BROADWAY,,,,0.00,Y,Four-Way, ,Entrance/Exit Ramp Related,None,,,         ,Damon,Hutcheson,Clear,"Sideswipe, Same Direction",no,no,no,no,yes,False
101287835,METROPOLITAN NASHVILLE POLICE DEPT,20160644015,Davidson,Nashville,7/18/2016 7:31:00 AM,2,1,0,36.194580,-86.776200,I 65,,,,0.00,,,,,,,86.50,N,Not at Intersection,N,Non-Junction,None,,,         ,Michael,Parman,Clear,Front to Rear,no,no,no,no,no,False
101287837,METROPOLITAN NASHVILLE POLICE DEPT,20160644023,Davidson,Nashville,7/18/2016 7:37:00 AM,2,0,0,36.184410,-86.790760,3RD AVN,,,,280.00,Feet,South,BUCHANAN ST,,,,0.00,N,Not at Intersection, ,,None,,,         ,Pedro,Rivera Chaparro,,,no,no,no,yes,no,False
101287840,METROPOLITAN NASHVILLE POLICE DEPT,20160637148,Davidson,Nashville,7/15/2016 2:10:00 PM,2,0,0,36.168240,-86.762580,S 5TH ST,,,,130.00,Feet,South,EDGEFIELD MANOR PVTDR,,,,0.00,N,Not at Intersection, ,,None,,,         ,Johnathon,Birdwell,,,no,no,no,no,no,False
101287852,METROPOLITAN NASHVILLE POLICE DEPT,2016643998,Davidson,Nashville,7/18/2016 7:30:00 AM,2,0,0,36.030180,-86.638350,I 24,,,,0.00,,,,,,,61.00,N,Not at Intersection, ,Non-Junction,None,,,         ,Phouthasone,Phantakou,Clear,Front to Rear,no,no,no,no,no,False
101287857,METROPOLITAN NASHVILLE POLICE DEPT,20160644005,Davidson,Nashville,7/18/2016 7:25:00 AM,2,1,0,36.151440,-86.822800,I 440,,,,0.00,,,,,,,0.55,N,Not at Intersection,N,Non-Junction,None,,,         ,Brandon,Helms,Clear,Front to Rear,no,no,no,no,no,False
101287858,METROPOLITAN NASHVILLE POLICE DEPT,20160644199,Davidson,Nashville,7/18/2016 8:50:00 AM,2,0,0,36.012810,-86.618570,I 24,,,,0.00,,,,,,,62.70,N,Not at Intersection,N,Non-Junction,None,,,         ,Robert,Erickson,Clear,"Sideswipe, Same Direction",no,no,no,no,yes,False
101287866,METROPOLITAN NASHVILLE POLICE DEPT,20160642264,Davidson,Nashville,7/17/2016 1:35:00 PM,2,0,0,36.182200,-86.774820,I 24,,,,0.00,,,,,,,47.45,N,Not at Intersection, ,Non-Junction,None,,,         ,Casey,Tomes,Clear,Front to Rear,no,no,no,no,no,False
101287869,METROPOLITAN NASHVILLE POLICE DEPT,20160644172,Davidson,Nashville,7/18/2016 8:30:00 AM,2,0,0,36.152830,-86.754800,I 40,,,,0.00,,,,,,,211.30,N,Not at Intersection,N,Non-Junction,None,,,         ,Larry,Benz,Clear,Front to Rear,no,no,no,no,no,False
101287872,METROPOLITAN NASHVILLE POLICE DEPT,20160644174,Davidson,Nashville,7/18/2016 8:41:00 AM,5,0,0,36.122190,-86.753880,I 440,,,,0.00,,,,,,,6.15,N,Not at Intersection,N,Non-Junction,None,,,         ,Nathan,Kemp,Clear,Front to Rear,no,no,no,no,no,False
101287878,METROPOLITAN NASHVILLE POLICE DEPT,20160644208,Davidson,Nashville,7/18/2016 8:52:00 AM,2,0,0,36.209730,-86.872700,ASHLAND CITY HWY WB EXT RAMP,,,,0.00,Feet,East,BRILEY PKWY S ENT RAMP,,,,0.00,N,Not at Intersection,N,Entrance/Exit Ramp Related,None,,,         ,Michael,Parman,Clear,Front to Rear,no,no,no,no,yes,False
101287894,METROPOLITAN NASHVILLE POLICE DEPT,20160644064,Davidson,Nashville,7/18/2016 7:55:00 AM,2,1,0,36.157110,-86.774670,4TH AVS,,,,0.00,,,KOREAN VETERANS BLVD,,,,0.00,Y,Four-Way,N,Intersection-Related,None,,,         ,Byron,Carter,Clear,Front to Rear,no,no,no,no,no,False
101287897,METROPOLITAN NASHVILLE POLICE DEPT,20160644210,Davidson,Nashville,7/18/2016 8:56:00 AM,2,0,0,36.152450,-86.834860,CHARLOTTE AV,,,,0.00,,,40TH AVN,,,,0.00,Y,Four-Way, ,Intersection,None,,,         ,Brandon,Helms,Clear,Angle,no,no,no,no,no,False
101287910,METROPOLITAN NASHVILLE POLICE DEPT,20160644195,Davidson,Nashville,7/18/2016 8:50:00 AM,2,3,0,36.086580,-86.771970,FRANKLIN PKE,,,,0.00,,,HARDING PL,,,,0.00,Y,Four-Way,N,Intersection,None,,,         ,Kevin,Crawford,Clear,Angle,no,no,no,no,no,False
101287914,METROPOLITAN NASHVILLE POLICE DEPT,20160644426,Davidson,Nashville,7/18/2016 10:20:00 AM,2,0,0,36.152800,-86.771870,4TH AVS,,,,187.00,Feet,North,ASH ST,,,,0.00,N,Not at Intersection, ,Non-Junction,None,,,         ,Damon,Hutcheson,Clear,Front to Rear,no,no,no,no,yes,False
101287921,METROPOLITAN NASHVILLE POLICE DEPT,20160644016,Davidson,Nashville,7/18/2016 7:30:00 AM,2,0,0,36.183710,-86.747450,EASTLAND AV,,,,276.00,Feet,East,GALLATIN AV,,,,0.00,N,Not at Intersection, ,"Driveway, Alley Access, etc",Work Zone,,,         ,Casey,Tomes,Clear,Angle,no,no,no,no,no,False
101287922,METROPOLITAN NASHVILLE POLICE DEPT,20160644154,Davidson,Nashville,7/18/2016 8:30:00 AM,3,0,0,36.176840,-86.776620,SPRING ST,,,,0.00,,,,,,,0.00,,Not at Intersection, ,Non-Junction,None,,,         ,Daniel,Russett,Clear,"Sideswipe, Same Direction",no,no,no,no,no,False
101287927,METROPOLITAN NASHVILLE POLICE DEPT,20160644333,Davidson,Nashville,7/18/2016 9:45:00 AM,2,0,0,36.138440,-86.723530,SPENCE LN,,,,265.00,Feet,South,CORNELIA ST,,,,0.00,N,Not at Intersection,N,Non-Junction,None,,,         ,Scott,Toney,Clear,Front to Rear,no,no,no,no,no,False
101287928,METROPOLITAN NASHVILLE POLICE DEPT,20160644193,Davidson,Nashville,7/18/2016 8:41:00 AM,2,0,0,36.123120,-86.750980,I 440,,,,0.00,,,,,,,6.30,N,Not at Intersection,N,Non-Junction,None,,,         ,Nathan,Smith,Clear,Front to Rear,no,no,no,no,no,False
101287930,METROPOLITAN NASHVILLE POLICE DEPT,20160632780,Davidson,Nashville,7/14/2016 7:08:00 AM,2,0,0,36.141780,-86.713800,I 40,,,,0.00,,,,,,,214.00,N,Not at Intersection, ,Non-Junction,None,,,         ,James,Curtis,Clear,Front to Rear,no,no,no,no,no,False
101287931,METROPOLITAN NASHVILLE POLICE DEPT,20160632995,Davidson,Nashville,7/14/2016 9:04:00 AM,1,0,0,36.127120,-86.629650,BELL RD,,,,130.00,Feet,South,PRIEST WOODS DR,,,,0.00,N,Not at Intersection,N,Non-Junction,None,,,         ,James,Curtis,Clear,Not Collision with Motor Vehicle in Transport,no,no,no,no,no,False
101287932,METROPOLITAN NASHVILLE POLICE DEPT,20160636378,Davidson,Nashville,7/15/2016 7:50:00 AM,2,0,0,36.216080,-86.684070,WESTERN HILLS DR,,,,0.00,,,DAVIDWOOD CT,,,,0.00,Y,T-Intersection, ,Intersection,None,,,         ,James,Curtis,Cloudy,Angle,no,no,no,no,no,False
101287933,METROPOLITAN NASHVILLE POLICE DEPT,20160632678,Davidson,Nashville,7/14/2016 6:53:00 AM,1,1,0,36.167560,-86.663340,DONELSON PKE,,,,37.00,Feet,South,LEBANON PKE,,,,0.00,N,Not at Intersection,N,Non-Junction,None,,,         ,James,Curtis,Clear,Not Collision with Motor Vehicle in Transport,no,no,no,no,no,False
101287934,METROPOLITAN NASHVILLE POLICE DEPT,20160636740,Davidson,Nashville,7/15/2016 11:33:00 AM,2,1,0,36.193000,-86.623720,LEBANON PKE,,,,56.00,Feet,North,JUAREZ DR,,,,0.00,N,Not at Intersection,N,Non-Junction,None,,,         ,James,Curtis,Clear,Front to Rear,no,no,no,no,no,False
101287935,METROPOLITAN NASHVILLE POLICE DEPT,20160644159,Davidson,Nashville,7/18/2016 8:36:00 AM,2,1,0,36.152820,-86.683410,ELM HILL PKE,,,,0.00,,,MCGAVOCK PKE,,,,0.00,Y,Four-Way,N,Intersection,None,,,         ,James,Curtis,Clear,Angle,no,no,no,no,no,False
101287938,METROPOLITAN NASHVILLE POLICE DEPT,20160644088,Davidson,Nashville,7/18/2016 8:00:00 AM,2,0,0,36.154210,-86.833670,I 40,,,,0.00,,,,,,,205.30,N,Not at Intersection, ,Non-Junction,None,,,         ,Garren,Hoskins,Clear,"Sideswipe, Same Direction",no,no,no,no,no,False
101287967,METROPOLITAN NASHVILLE POLICE DEPT,20160644721,Davidson,Nashville,7/18/2016 12:15:00 PM,2,1,0,36.152510,-86.818470,28TH AVN,,,,0.00,,,CITY BLVD,,,,0.00,Y,Four-Way,N,Intersection,None,,,         ,Nathan,Kemp,Clear,HeadOn,no,no,no,no,yes,False
101287978,METROPOLITAN NASHVILLE POLICE DEPT,20160642299,Davidson,Nashville,7/17/2016 1:50:00 PM,4,2,0,36.050730,-86.646910,HICKORY HOLLOW TER,,,,0.00,Feet,,BELL RD,,,,0.00,Y,Four-Way,N,Intersection,None,,,         ,Jedidayah,Merriweather,Clear,"Sideswipe, Same Direction",no,no,no,no,no,False
101287982,METROPOLITAN NASHVILLE POLICE DEPT,2016-0644524,Davidson,Nashville,7/18/2016 11:02:00 AM,2,2,0,36.080370,-86.685700,ANTIOCH PKE,,,,0.00,,,FRANKLIN LIMESTONE RD,,,,0.00,Y,Four-Way,N,Intersection,None,,,         ,William,Whitworth,Clear,Angle,no,no,no,no,no,False
101287984,METROPOLITAN NASHVILLE POLICE DEPT,20160643973,Davidson,Nashville,7/18/2016 7:05:00 AM,1,0,0,36.162930,-86.778460,4TH AVN,,,,229.00,Feet,North,COMMERCE ST,,,,0.00,N,Not at Intersection, ,"Driveway, Alley Access, etc",None,,,         ,Robert,Magner,Clear,Not Collision with Motor Vehicle in Transport,no,no,no,no,no,False
101287988,METROPOLITAN NASHVILLE POLICE DEPT,20160623223,Davidson,Nashville,7/11/2016 1:50:00 PM,2,2,0,36.183440,-86.744890,EASTLAND AV,,,,0.00,,,N 14TH ST,,,,0.00,Y,Four-Way,Y,Intersection,None,,,         ,Christopher,Lo,Clear,Front to Rear,no,no,no,no,no,False
101287991,METROPOLITAN NASHVILLE POLICE DEPT,20160644880,Davidson,Nashville,7/18/2016 1:16:00 PM,2,0,0,36.133600,-86.779160,8TH AVS,,,,8.00,Feet,North,ROYCROFT PL,,,,0.00,N,Not at Intersection, ,Non-Junction,None,,,         ,Nathan,Kemp,Clear,"Sideswipe, Same Direction",no,no,no,no,no,False
101288013,METROPOLITAN NASHVILLE POLICE DEPT,20160644830,Davidson,Nashville,7/18/2016 12:45:00 PM,2,0,0,36.154490,-86.786590,DEMONBREUN ST,,,,123.00,Feet,West,12TH AVS,,,,0.00,N,Not at Intersection, ,,None,,,         ,Damon,Hutcheson,,,no,no,no,no,no,False
101288018,METROPOLITAN NASHVILLE POLICE DEPT,20160644782,Davidson,Nashville,7/18/2016 12:35:00 PM,2,0,0,36.110940,-86.745220,THOMPSON LN,,,,0.00,,,NOLENSVILLE PKE,,,,0.00,Y,Four-Way, ,Intersection-Related,None,,,         ,Phillip,Murphy,Clear,Front to Rear,no,no,no,no,no,False
101288022,METROPOLITAN NASHVILLE POLICE DEPT,20160644617,Davidson,Nashville,7/18/2016 11:41:00 AM,2,0,0,36.158170,-86.791100,CHURCH,,,,0.00,Feet,,,,,,0.01,N,Not at Intersection, ,Non-Junction,None,,,         ,Daniel,Russett,Clear,"Sideswipe, Same Direction",no,no,no,no,no,False
101288023,METROPOLITAN NASHVILLE POLICE DEPT,2016-0644641,Davidson,Nashville,7/18/2016 10:50:00 AM,1,0,0,36.220260,-86.857680,SUMATRA RD,,,,575.00,Feet,East,LILA LN,,,,0.00,N,Not at Intersection, ,Non-Junction,None,,,         ,William,Caillouette,Clear,Not Collision with Motor Vehicle in Transport,no,no,no,no,no,False
101288026,METROPOLITAN NASHVILLE POLICE DEPT,20160644039,Davidson,Nashville,7/18/2016 7:38:00 AM,2,0,0,36.039940,-86.765090,OLD HICKORY BLVD,,,,88.00,Feet,East,HEARTHSTONE MANOR LN,,,,0.00,N,Not at Intersection, ,Non-Junction,None,,,         ,Erik,Wagner,Clear,Front to Rear,no,no,no,no,no,False
101288028,METROPOLITAN NASHVILLE POLICE DEPT,20160644693,Davidson,Nashville,7/18/2016 12:01:00 PM,2,0,0,36.123680,-86.908520,I 40,,,,0.00,,,,,,,200.40,N,Not at Intersection, ,,None,,,         ,Walter,Gray II,,,no,no,no,no,no,False