master_record_number,agency,agency_tracking_number,county,city,collision_date,vehicles_involved,number_injured,number_dead,latitude,longitude,roadway_name,roadway_suffix,roadway_number,roadway_local_id,distance_from_reference,miles-feet_indicator,direction_from_reference,intersection_road_name,intersection_road_name_suffix,intersection_road_number,intersection_local_id,mile_marker,intersection_indicator,intersect_type,interchange_related_indicator,relation_to_junction,work_zone_type,construction_maintenance_zone,construction_maintenance_zone_location,fatal_case_number,officer_first_name,officer_last_name,weather_condition(s),manner_of_crash,pedestrian,bicycle,scooter,parking,hitrun,mou
101288029,METROPOLITAN NASHVILLE POLICE DEPT,20160644234,Davidson,Nashville,7/18/2016 9:07:00 AM,2,0,0,36.120740,-86.790560,12TH AVS,,,,27.00,Feet,South,KIRKWOOD AV,,,,0.00,N,Not at Intersection,N,Non-Junction,None,,,         ,Paul,Joyner,Clear,Front to Rear,no,no,no,no,no,False
101288031,METROPOLITAN NASHVILLE POLICE DEPT,20160643985,Davidson,Nashville,7/18/2016 7:18:00 AM,2,0,0,36.082100,-86.761700,HARDING PL,,,,0.00,,,SIDCO DR,,,,0.00,Y,Four-Way,N,Intersection-Related,None,,,         ,Phillip,Murphy,Clear,Front to Rear,no,no,no,no,no,False
101288032,METROPOLITAN NASHVILLE POLICE DEPT,20160644847,Davidson,Nashville,7/18/2016 1:05:00 PM,2,0,0,36.146680,-86.694730,BRILEY PKWY S EXT RAMP,,,,0.00,Feet,East,BRILEY PKWYS,,,,0.00,N,Not at Intersection, ,Non-Junction,None,,,         ,Steven,Rowlett,Clear,"Sideswipe, Same Direction",no,no,no,no,no,False
101288033,METROPOLITAN NASHVILLE POLICE DEPT,20160644871,Davidson,Nashville,7/18/2016 1:45:00 PM,2,0,0,36.109170,-86.720140,I24 W EXT RAMP,,,,0.00,Feet,East,I 24,,,,0.00,N,Not at Intersection, ,Entrance/Exit Ramp Related,None,,,         ,Jessie,Meadows,Clear,"Sideswipe, Same Direction",no,no,no,no,no,False
101288037,METROPOLITAN NASHVILLE POLICE DEPT,20160644761,Davidson,Nashville,7/18/2016 12:20:00 PM,2,0,0,36.103700,-86.819530,HILLSBORO CIR,,,,488.00,Feet,South,BANDYWOOD DR,,,,0.00,N,Not at Intersection, ,,Construction Zone,,,         ,Michael,Pyle,,,no,no,no,no,no,False
101288040,METROPOLITAN NASHVILLE POLICE DEPT,20160644908,Davidson,Nashville,7/18/2016 1:31:00 PM,2,0,0,36.137440,-86.795560,17TH AVS,,,,0.00,,,DOROTHY PL,,,,0.00,Y,T-Intersection, ,Intersection,Construction Zone,,,         ,Darrell,Osment,Cloudy,Angle,no,no,no,no,no,False
101288048,METROPOLITAN NASHVILLE POLICE DEPT,20160644883,Davidson,Nashville,7/18/2016 1:15:00 PM,2,1,0,36.161530,-86.620160,I 40,,,,0.00,,,,,,,219.65,N,Not at Intersection,N,Non-Junction,None,,,         ,Eric,Keller,Clear,Front to Rear,no,no,no,no,no,False
101288053,METROPOLITAN NASHVILLE POLICE DEPT,20160642872,Davidson,Nashville,7/17/2016 7:50:00 PM,2,1,0,36.176780,-86.812470,OSAGE ST,,,,9.00,Feet,West,22ND AVN,,,,0.00,N,Not at Intersection,N,Non-Junction,None,,,         ,Adam,Crutcher,Clear,Angle,no,no,no,no,yes,False
101288056,BELLE MEADE POLICE DEPT,16-0202,Davidson,Belle Meade,7/18/2016 1:45:00 PM,2,0,0,36.114990,-86.861250,HARDING PKE,,,,0.00,,,DAVIDSON RD,,,,0.00,Y,T-Intersection, ,,None,,,         ,Dale,Corter,,,no,no,no,no,no,False
101288057,METROPOLITAN NASHVILLE POLICE DEPT,20160643078,Davidson,Not in City Limit,7/17/2016 9:45:00 PM,2,0,0,36.264300,-86.733130,OLD HICKORY BLVDW,,,,219.00,Feet,East,HEAD DR,,,,0.00,N,Not at Intersection, ,Non-Junction,None,,,         ,Jordan,Vrbas,Clear,"Sideswipe, Same Direction",no,no,no,no,no,False
101288077,METROPOLITAN NASHVILLE POLICE DEPT,2016-0636477,Davidson,Nashville,7/15/2016 12:00:00 AM,4,1,0,36.202010,-86.776850,I 65,,,,0.00,,,,,,,87.00,N,Not at Intersection,N,Non-Junction,None,,,         ,Nicholas,MacDougall,Clear,Front to Rear,no,no,no,no,no,False
101288088,METROPOLITAN NASHVILLE POLICE DEPT,20160642968,Davidson,Nashville,7/17/2016 8:40:00 PM,1,1,0,36.070560,-86.634730,MURFREESBORO PKE,,,,644.00,Feet,South,BELL RD,,,,0.00,N,Not at Intersection,N,Non-Junction,None,,,         ,Kevin,Keating,Clear,Not Collision with Motor Vehicle in Transport,yes,no,no,no,yes,False
101288093,METROPOLITAN NASHVILLE POLICE DEPT,2016-0642210,Davidson,Nashville,7/17/2016 1:00:00 PM,2,0,0,36.211370,-86.797420,WHITES CREEK PKE,,,,64.00,Feet,South,E NOCTURNE DR,,,,0.00,N,Not at Intersection, ,Non-Junction,None,,,         ,Nicholas,MacDougall,Clear,Front to Rear,no,no,no,no,no,False
101288116,METROPOLITAN NASHVILLE POLICE DEPT,20160645129,Davidson,Nashville,7/18/2016 3:18:00 PM,2,0,0,36.045840,-86.674830,BELL RD,,,,147.00,Feet,West,BLUE HOLE RD,,,,0.00,N,Not at Intersection, ,Non-Junction,None,,,         ,Jessie,Meadows,Clear,Front to Rear,no,no,no,no,no,False
101288117,METROPOLITAN NASHVILLE POLICE DEPT,20160645221,Davidson,Nashville,7/18/2016 4:15:00 PM,2,0,0,36.082730,-86.710290,HARDING PL,,,,65.00,Feet,East,TAMPA DR,,,,0.00,N,Not at Intersection, ,Non-Junction,None,,,         ,Jessie,Meadows,Clear,"Sideswipe, Same Direction",no,no,no,no,no,False
101288120,METROPOLITAN NASHVILLE POLICE DEPT,20160644829,Davidson,Not in City Limit,7/18/2016 12:51:00 PM,2,0,0,36.009100,-87.028100,HIGHWAY 96,,,,312.00,Feet,South,OLD HARDING PKE,,,,0.00,N,Not at Intersection, ,Non-Junction,None,,,         ,Walter,Gray II,Clear,Not Collision with Motor Vehicle in Transport,no,no,no,no,yes,False
101288121,METROPOLITAN NASHVILLE POLICE DEPT,2016-0645059,Davidson,Nashville,7/18/2016 2:30:00 PM,2,0,0,36.148140,-86.857910,WHITE BRIDGE PKE,,,,100.00,Feet,South,LENOX AV,,,,0.00,N,Not at Intersection, ,Non-Junction,None,,,         ,Walter,Gray II,Clear,Front to Rear,no,no,no,no,no,False
101288126,METROPOLITAN NASHVILLE POLICE DEPT,20160645096,Davidson,Nashville,7/18/2016 2:56:00 PM,2,0,0,36.182310,-86.808570,14TH AVN,,,,434.00,Feet,South,CLAY ST,,,,0.00,N,Not at Intersection, ,Non-Junction,None,,,         ,Brian,Theriac,Clear,"Sideswipe, Same Direction",no,no,no,no,yes,False
101288141,METROPOLITAN NASHVILLE POLICE DEPT,20160623697,Davidson,Nashville,7/18/2016 4:40:00 PM,2,0,0,36.150370,-86.857040,CHARLOTTE PKE,,,,50.00,Feet,East,ORLANDO AV,,,,0.00,N,Not at Intersection, ,,None,,,         ,Barrett,Teague,,,no,no,no,no,no,False
101288152,METROPOLITAN NASHVILLE POLICE DEPT,2016-0645309,Davidson,Nashville,7/18/2016 4:12:00 PM,2,0,0,36.082110,-86.772480,FRANKLIN PKE,,,,50.00,Feet,North,ROBERTSON ACADEMY RD,,,,0.00,N,Not at Intersection,N,Non-Junction,None,,,         ,William,King,Clear,Front to Rear,no,no,no,no,no,False
101288157,METROPOLITAN NASHVILLE POLICE DEPT,20160645396,Davidson,Nashville,7/18/2016 4:20:00 PM,2,0,0,36.197130,-86.742000,GALLATIN PKE,,,,50.00,Feet,North,CAROLYN AV,,,,0.00,N,Not at Intersection, ,Non-Junction,Maintenance Zone,,,         ,Terence,Maahs,Clear,Angle,no,no,no,no,no,False
101288158,VANDERBILT UNIVERSITY POLICE,16-0645438,Davidson,Nashville,7/18/2016 4:10:00 PM,2,0,0,36.106520,-86.764340,POWELL AV,,,,0.00,,,,,,,0.00,,, ,Non-Junction,None,,,         ,William,Amburn,Clear,Rear to Side,no,no,no,yes,no,False
101288159,METROPOLITAN NASHVILLE POLICE DEPT,20160645380,Davidson,Not in City Limit,7/18/2016 4:32:00 PM,2,0,0,36.012810,-87.045060,HIGHWAY 100,,,,120.00,Feet,East,FAIRVIEW BLVD,,,,0.00,N,Not at Intersection, ,Non-Junction,None,,,         ,Adam,Reese,Clear,Front to Rear,no,no,no,no,no,False
101288163,METROPOLITAN NASHVILLE POLICE DEPT,20160645385,Davidson,Nashville,7/18/2016 4:38:00 PM,3,1,0,36.192560,-86.829440,CLARKSVILLE PKE,,,,142.00,Feet,West,CLIFF DR,,,,0.00,N,Not at Intersection,N,Non-Junction,None,,,         ,Kevin,Reynolds,Clear,Front to Rear,no,no,no,no,yes,False
101288166,METROPOLITAN NASHVILLE POLICE DEPT,20160645292,Davidson,Nashville,7/18/2016 4:08:00 PM,2,0,0,36.064880,-86.622770,HAMILTON CHURCH RD,,,,197.00,Feet,West,OWENDALE DR,,,,0.00,N,Not at Intersection, ,Non-Junction,None,,,         ,Joseph,Progar,Cloudy,Front to Rear,no,no,no,no,no,False
101288168,METROPOLITAN NASHVILLE POLICE DEPT,20160645111,Davidson,Nashville,7/18/2016 3:00:00 PM,2,0,0,36.120700,-86.807970,LOMBARDY AV,,,,0.00,,,HILLSBORO PKE,,,,0.00,Y,Four-Way,N,Intersection,None,,,         ,Ralph,Smith IV,Clear,Front to Rear,no,no,no,no,no,False
101288173,BERRY HILL POLICE DEPT,16-2586,Davidson,Berry Hill,7/18/2016 3:52:00 PM,2,0,0,36.125310,-86.764800,ROSEDALE AV,,,,0.00,,,FAIRGROUND CT,,,,0.00,Y,T-Intersection, ,,None,,,         ,Roy,Morris,,,no,no,no,no,no,False
101288176,METROPOLITAN NASHVILLE POLICE DEPT,20160645116,Davidson,Nashville,7/18/2016 3:01:00 PM,2,0,0,36.187720,-86.794390,I 65,,,,0.00,,,,,,,85.45,N,Not at Intersection,N,Non-Junction,None,,,         ,Christian,Martin,Clear,"Sideswipe, Same Direction",no,no,no,no,no,False
101288182,METROPOLITAN NASHVILLE POLICE DEPT,20160645326,Davidson,Nashville,7/18/2016 4:15:00 PM,2,0,0,36.136450,-86.727210,I24 E EXT RAMP,,,,0.00,,,I 24,,,,0.00,Y,Y-Intersection,N,Entrance/Exit Ramp Related,None,,,         ,Marcus,Darden,Clear,Front to Rear,no,no,no,no,yes,False
101288183,METROPOLITAN NASHVILLE POLICE DEPT,20160645467,Davidson,Nashville,7/18/2016 3:20:00 PM,3,0,0,36.149190,-86.773800,I 40,,,,0.00,,,,,,,210.20,N,Not at Intersection, ,Non-Junction,None,,,         ,Conner,Harris,Clear,Front to Rear,no,no,no,no,no,False
101288188,METROPOLITAN NASHVILLE POLICE DEPT,20160645364,Davidson,Nashville,7/18/2016 3:00:00 PM,2,0,0,36.187290,-86.794880,I 65,,,,0.00,,,,,,,85.40,N,Not at Intersection, ,Entrance/Exit Ramp Related,None,,,         ,Christian,Martin,Clear,"Sideswipe, Same Direction",no,no,no,no,yes,False
101288189,METROPOLITAN NASHVILLE POLICE DEPT,20160645494,Davidson,Nashville,7/18/2016 5:10:00 PM,2,1,0,36.153090,-86.703470,MASSMAN DR,,,,693.00,Feet,West,ACORN DR,,,,0.00,N,Not at Intersection,N,Non-Junction,None,,,         ,John,Kelley,Clear,Angle,no,no,no,no,no,False
101288197,METROPOLITAN NASHVILLE POLICE DEPT,20160645262,Davidson,Nashville,7/18/2016 3:56:00 PM,1,1,0,36.096690,-86.805910,BELMONT PARK TER,,,,0.00,,,CASTLEMAN DR,,,,0.00,Y,T-Intersection,N,Intersection,Construction Zone,Work On Shoulder Or Median,Advanced Warning Area,         ,Megan,Lamon,Clear,Not Collision with Motor Vehicle in Transport,yes,no,no,no,no,False
101288200,METROPOLITAN NASHVILLE POLICE DEPT,20160645106,Davidson,Nashville,7/18/2016 2:55:00 PM,2,1,0,36.229380,-86.759280,BROADMOOR DR,,,,0.00,,,DICKERSON PKE,,,,0.00,Y,Four-Way,N,Intersection,None,,,         ,Christopher,Valdez,Clear,Angle,no,no,no,no,no,False
101288201,METROPOLITAN NASHVILLE POLICE DEPT,20160645281,Davidson,Nashville,7/18/2016 3:57:00 PM,4,1,0,36.171230,-86.767790,I 24,,,,0.00,,,,,,,48.40,N,Not at Intersection,N,Non-Junction,None,,,         ,Christopher,Valdez,Clear,Front to Rear,no,no,no,no,yes,False
101288203,METROPOLITAN NASHVILLE POLICE DEPT,20160645465,Davidson,Nashville,7/18/2016 4:30:00 PM,2,0,0,36.215400,-86.588510,LEBANON PKE,,,,0.00,,,BIG HORN DR,,,,0.00,Y,OTHER, ,OtherLocation,None,,,         ,Christopher,Mackey,Clear,Front to Rear,no,no,no,no,no,False
101288206,METROPOLITAN NASHVILLE POLICE DEPT,20160645122,Davidson,Nashville,7/18/2016 2:41:00 PM,1,0,0,36.152290,-86.766300,I40 E ENT RAMP,,,,0.00,,,I 40,,,,0.00,Y,OTHER, ,,None,,,         ,Bryan,Byrnes,,,no,no,no,no,no,False
101288207,METROPOLITAN NASHVILLE POLICE DEPT,20160645102,Davidson,Nashville,7/18/2016 2:55:00 PM,2,0,0,36.151340,-86.768360,2ND AVS,,,,0.00,,,I40 E ENT RAMP,,,,0.00,Y,Four-Way,N,Intersection,None,,,         ,Tyler,Hutton,Clear,Angle,no,no,no,no,yes,False
101288209,Nashville Airport Police,16-01938,Davidson,Nashville,7/8/2016 12:31:00 PM,1,0,0,36.134260,-86.668240,TERMINAL DR,,,,721.00,Feet,South,I40 E EXT RAMP,,,,0.00,N,Not at Intersection, ,Non-Junction,None,,,         ,Andrew,Hall,Clear,Not Collision with Motor Vehicle in Transport,no,no,no,yes,yes,False
101288219,METROPOLITAN NASHVILLE POLICE DEPT,20160645574,Davidson,Nashville,7/18/2016 5:30:00 PM,2,0,0,36.181360,-86.774590,I 24,,,,0.00,,,,,,,47.60,N,Not at Intersection, ,Non-Junction,None,,,         ,Peter,Vaught,Clear,"Sideswipe, Same Direction",no,no,no,no,no,False
101288220,METROPOLITAN NASHVILLE POLICE DEPT,20160645693,Davidson,Nashville,7/18/2016 5:15:00 PM,2,0,0,36.148590,-86.691290,MARRIOTT DR,,,,269.00,Feet,East,BRILEY PKWY N EXT RAMP,,,,0.00,N,Not at Intersection, ,Non-Junction,None,,,         ,John,Kelley,Clear,Front to Rear,no,no,no,no,no,False
101288227,METROPOLITAN NASHVILLE POLICE DEPT,20160645686,Davidson,Nashville,7/18/2016 6:08:00 PM,2,0,0,36.109460,-86.728110,THOMPSON LN,,,,0.00,,,BRILEY PKWYN,,,,0.00,Y,Four-Way,N,Non-Junction,None,,,         ,Brandon,Vance,Clear,Front to Rear,no,no,no,no,yes,False
101288231,METROPOLITAN NASHVILLE POLICE DEPT,20160645478,Davidson,Nashville,7/18/2016 5:52:00 PM,2,2,0,36.044910,-86.670650,BELL RD,,,,66.00,Feet,West,HICKORY PARK DR,,,,0.00,N,Not at Intersection,N,Non-Junction,None,,,         ,Jessie,Meadows,Clear,Angle,no,no,no,no,no,False
101288237,METROPOLITAN NASHVILLE POLICE DEPT,20160645573,Davidson,Nashville,7/18/2016 5:49:00 PM,2,0,0,36.133410,-86.774670,I65 N EXT RAMP,,,,0.00,,,I 65,,,,0.00,Y,OTHER, ,Entrance/Exit Ramp Related,None,,,         ,Ralph,Smith IV,Clear,Front to Rear,no,no,no,no,no,False
101288239,METROPOLITAN NASHVILLE POLICE DEPT,20160645807,Davidson,Nashville,7/18/2016 7:25:00 PM,2,1,0,36.198440,-86.770800,DICKERSON PKE,,,,464.00,Feet,North,MARIE ST,,,,0.00,N,Not at Intersection,N,Non-Junction,None,,,         ,Christopher,Valdez,Clear,Front to Rear,no,no,no,no,no,False
101288249,METROPOLITAN NASHVILLE POLICE DEPT,20160645576,Davidson,Nashville,7/18/2016 4:50:00 PM,1,0,0,36.158990,-86.770450,KOREAN VETERANS BLVD,,,,496.00,Feet,East,HERMITAGE AV,,,,0.00,N,Not at Intersection, ,Non-Junction,None,,,         ,Darrien,Spann,Clear,Not Collision with Motor Vehicle in Transport,no,no,no,no,no,False
101288256,METROPOLITAN NASHVILLE POLICE DEPT,20160645533,Davidson,Old Hickory,7/18/2016 5:34:00 PM,3,1,0,36.205220,-86.622010,ROBINSON,RD,SR1480,,0.00,,,MERRITT,ST,SR1,,0.00,Y,Four-Way,N,Intersection,None,,,         ,Codey,Mullins,Clear,Front to Rear,no,no,no,no,no,False
101288259,METROPOLITAN NASHVILLE POLICE DEPT,20160645594,Davidson,Nashville,7/18/2016 6:00:00 PM,2,0,0,36.164360,-86.819930,28TH AVN,,,,0.00,Feet,,I40 W EXT RAMP,,,,0.00,Y,Four-Way, ,,None,,,         ,Jessica,Johnson,,,no,no,no,no,no,False
101288260,METROPOLITAN NASHVILLE POLICE DEPT,20160638444,Davidson,Not in City Limit,7/15/2016 9:56:00 PM,2,0,0,36.262210,-86.712210,GALLATIN PKES,,,,0.00,,,E OLD HICKORY BLVD,,,,0.00,Y,Four-Way,Y,Intersection,None,,,         ,Samuel,Miller,Clear,Angle,no,no,no,no,no,False
101288266,METROPOLITAN NASHVILLE POLICE DEPT,20160645429,Davidson,Nashville,7/18/2016 4:45:00 PM,1,2,0,36.166780,-86.765040,I 24,,,,0.00,,,,,,,48.95,N,Not at Intersection,N,Non-Junction,None,,,         ,Gregory,Scott,Clear,Not Collision with Motor Vehicle in Transport,no,no,no,no,no,False
101288267,METROPOLITAN NASHVILLE POLICE DEPT,20160645418,Davidson,Nashville,7/18/2016 4:35:00 PM,2,0,0,36.120450,-86.749980,NOLENSVILLE PKE,,,,34.00,Feet,South,I440 E ENT RAMP,,,,0.00,N,Not at Intersection,N,Non-Junction,None,,,         ,Jeffrey,Livingston,Clear,Front to Rear,no,no,no,no,yes,False
101288277,METROPOLITAN NASHVILLE POLICE DEPT,20160645944,Davidson,Nashville,7/18/2016 8:00:00 PM,2,0,0,36.190310,-86.761100,N 6TH ST,,,,27.00,Feet,South,EVANSTON AV,,,,0.00,N,Not at Intersection,N,Non-Junction,None,,,         ,Peter,Vaught,Clear,Angle,no,no,no,no,no,False
101288295,METROPOLITAN NASHVILLE POLICE DEPT,20160645849,Davidson,Nashville,7/18/2016 7:42:00 PM,1,3,0,36.169700,-86.588610,I 40,,,,0.00,,,,,,,221.50,N,Not at Intersection,N,Non-Junction,None,,,         ,Codey,Mullins,Clear,Not Collision with Motor Vehicle in Transport,no,no,no,no,no,False
101288296,METROPOLITAN NASHVILLE POLICE DEPT,2016-0646139,Davidson,Nashville,7/18/2016 9:21:00 PM,3,0,0,36.040480,-86.782600,I 65,,,,0.00,,,,,,,74.70,N,Not at Intersection,N,Non-Junction,Construction Zone,Laneclosure,Transition Area,         ,William,King,Clear,"Sideswipe, Same Direction",no,no,no,no,yes,False
101288297,METROPOLITAN NASHVILLE POLICE DEPT,20160646201,Davidson,Nashville,7/18/2016 9:43:00 PM,1,1,0,36.222890,-86.761230,DICKERSON PKE,,,,296.00,Feet,South,SUNSET DR,,,,0.00,N,Not at Intersection,N,Non-Junction,None,,,         ,Christopher,Valdez,Clear,Not Collision with Motor Vehicle in Transport,yes,no,no,no,no,False
101288304,METROPOLITAN NASHVILLE POLICE DEPT,20160645718,Davidson,Nashville,7/18/2016 6:44:00 PM,2,2,0,36.025470,-86.713050,NOLENSVILLE PKE,,,,0.00,,,LENOX VILLAGE DR,,,,0.00,Y,Four-Way,N,Intersection,None,,,         ,Kevin,Keating,Clear,HeadOn,no,no,no,no,no,False
101288309,METROPOLITAN NASHVILLE POLICE DEPT,20160645217,Davidson,Nashville,7/18/2016 12:00:00 AM,2,0,0,36.170500,-86.676960,MCGAVOCK PKE,,,,0.00,,,,,,,0.00,,Not at Intersection,N,Non-Junction,None,,,         ,Brent,Hedgcoth,Clear,"Sideswipe, Same Direction",no,no,no,yes,yes,False
101288310,METROPOLITAN NASHVILLE POLICE DEPT,20160615800,Davidson,Nashville,7/7/2016 12:00:00 AM,2,0,0,36.168520,-86.666360,LEBANON PKE,,,,170.00,Feet,East,J B ESTILLE DR,,,,0.00,N,Not at Intersection, ,,None,,,         ,Brent,Hedgcoth,,,no,no,no,no,no,False
101288323,METROPOLITAN NASHVILLE POLICE DEPT,20160643904,Davidson,Nashville,7/18/2016 6:08:00 AM,2,0,0,36.116060,-86.783440,I 440,,,,0.00,,,,,,,4.35,N,Not at Intersection, ,Non-Junction,None,,,         ,Tyler,Bryson,Clear,Not Collision with Motor Vehicle in Transport,no,no,no,no,no,False
101288351,METROPOLITAN NASHVILLE POLICE DEPT,20160643765,Davidson,Nashville,7/18/2016 4:18:00 AM,2,0,0,36.173590,-86.602150,OLD HICKORY BLVD,,,,0.00,Feet,,CENTRAL PKE,,,,0.00,Y,Four-Way,N,Intersection-Related,None,,,         ,Robert,Fondren,Cloudy,Front to Rear,no,no,no,no,yes,False
101288353,METROPOLITAN NASHVILLE POLICE DEPT,20160637620,Davidson,Nashville,7/15/2016 5:15:00 PM,2,0,0,36.140360,-86.776400,I 65,,,,0.00,,,,,,,81.80,N,Not at Intersection, ,Non-Junction,None,,,         ,Thomas,West,Clear,Front to Rear,no,no,no,no,no,False
101288354,METROPOLITAN NASHVILLE POLICE DEPT,20160646319,Davidson,Nashville,7/18/2016 10:47:00 PM,2,0,0,36.166400,-86.869560,BRILEY PKWYS,,,,671.00,Feet,South,BRILEY PKWYN,,,,0.00,N,Not at Intersection,N,Non-Junction,None,,,         ,Clayton,Lewis,Clear,Front to Rear,no,no,no,no,no,False
101288355,METROPOLITAN NASHVILLE POLICE DEPT,20160646607,Davidson,Nashville,7/19/2016 12:50:00 AM,1,0,0,36.166830,-86.826880,33RD AVN,,,,110.00,Feet,South,JOHN A MERRITT BLVD,,,,0.00,N,Not at Intersection,N,Non-Junction,None,,,         ,Matthew,Lachance,Clear,Not Collision with Motor Vehicle in Transport,no,no,no,no,no,False
101288378,METROPOLITAN NASHVILLE POLICE DEPT,20160619060,Davidson,Not in City Limit,7/9/2016 11:50:00 PM,2,1,0,36.262820,-86.680970,STATE RT 45,,,,0.00,,,RIO VISTA DR,,,,0.00,Y,Four-Way,Y,Intersection,None,,,         ,Nicholas,Diamond,Clear,Other,no,no,no,no,yes,False
101288394,METROPOLITAN NASHVILLE POLICE DEPT,20160646322,Davidson,Nashville,7/18/2016 9:07:00 PM,2,0,0,36.172810,-86.890740,COCKRILL BEND BLVD,,,,1657.00,Feet,South,COCKRILL BEND CIR,,,,0.00,N,Not at Intersection,N,Non-Junction,None,,,         ,Kristen,Morgan,Clear,"Sideswipe, Opposite Direction",no,no,no,no,yes,False
101288399,BERRY HILL POLICE DEPT,16-2578,Davidson,Berry Hill,7/17/2016 1:10:00 PM,2,0,0,36.121220,-86.775580,FRANKLIN PKE,,,,0.00,,,,,,,0.00,,, ,Non-Junction,None,,,         ,Ronnie,Hill,Clear,Angle,no,no,no,yes,no,False
101288420,METROPOLITAN NASHVILLE POLICE DEPT,20160629989,Davidson,Nashville,7/13/2016 10:23:00 AM,2,2,0,36.112330,-86.767020,THOMPSON LN,,,,0.00,Feet,North,BRANSFORD AV,,,,0.00,N,Not at Intersection,N,Non-Junction,None,,,         ,Sean,Williams,Clear,"Sideswipe, Same Direction",no,no,no,no,no,False
101288439,METROPOLITAN NASHVILLE POLICE DEPT,20160644774,Davidson,Nashville,7/18/2016 12:32:00 PM,2,0,0,36.154630,-86.779160,8TH AVS,,,,0.00,,,LAFAYETTE ST,,,,0.00,Y,Roundabout, ,Intersection,None,,,         ,Byron,Carter,Clear,Front to Rear,no,no,no,no,no,False
101288447,METROPOLITAN NASHVILLE POLICE DEPT,20160647242,Davidson,Nashville,7/19/2016 6:46:00 AM,2,0,0,36.045810,-86.658200,BELL RD,,,,110.00,Feet,West,COLLINS PARK DR,,,,0.00,N,Not at Intersection, ,Non-Junction,None,,,         ,Randall,Combs,Clear,Front to Rear,no,no,no,no,no,False
101288461,METROPOLITAN NASHVILLE POLICE DEPT,2016-0647226,Davidson,Not in City Limit,7/19/2016 6:45:00 AM,2,0,0,36.076810,-86.996290,SCARCROFT LN,,,,152.00,Feet,East,FAIRDALE CT,,,,0.00,N,Not at Intersection, ,,None,,,         ,Curtis,Rich,,,no,no,no,no,no,False
101288462,METROPOLITAN NASHVILLE POLICE DEPT,20160647292,Davidson,Nashville,7/19/2016 7:30:00 AM,1,0,0,36.222790,-86.694050,BRILEY PKWYS,,,,92.00,Feet,East,MUSIC VALLEY DR,,,,0.00,N,Not at Intersection,N,Non-Junction,None,,,         ,Johnathan,Carlisle,Clear,Not Collision with Motor Vehicle in Transport,no,no,no,no,no,False
101288465,METROPOLITAN NASHVILLE POLICE DEPT,20160647349,Davidson,Nashville,7/19/2016 7:55:00 AM,2,1,0,36.118190,-86.700180,MURFREESBORO PKE,,,,0.00,,,BRILEY PKWYN,,,,0.00,Y,OTHER,N,Intersection,None,,,         ,MIchael,Mihajlov,Clear,Front to Rear,no,no,no,no,no,False
101288474,METROPOLITAN NASHVILLE POLICE DEPT,20160647430,Davidson,Old Hickory,7/19/2016 8:27:00 AM,2,1,0,36.255570,-86.653610,ROBINSON RD,,,,0.00,,,MERRITT ST,,,,0.00,Y,T-Intersection,N,Intersection,None,,,         ,Wesley,Young,Clear,Front to Rear,no,no,no,no,no,False
101288478,METROPOLITAN NASHVILLE POLICE DEPT,2016-0647448,Davidson,Nashville,7/19/2016 8:33:00 AM,2,3,0,36.122080,-86.807150,I440 E ENT RAMP,,,,0.00,Feet,,I 440,,,,0.00,Y,Y-Intersection,Y,Intersection-Related,Construction Zone,,,         ,Curtis,Rich,Clear,Angle,no,no,no,no,no,False
101288479,METROPOLITAN NASHVILLE POLICE DEPT,2016-0647381,Davidson,Nashville,7/19/2016 8:00:00 AM,2,0,0,36.163680,-86.778980,4TH AVN,,,,0.00,,,CHURCH ST,,,,0.00,Y,Four-Way, ,,None,,,         ,Paul,Sorace,,,no,no,no,no,no,False
101288484,METROPOLITAN NASHVILLE POLICE DEPT,20160647392,Davidson,Nashville,7/19/2016 8:00:00 AM,2,0,0,36.078880,-86.695510,I 24,,,,0.00,,,,,,,56.30,N,Not at Intersection, ,Non-Junction,None,,,         ,Julius,Gallon,Clear,"Sideswipe, Same Direction",no,no,no,no,no,False
101288485,METROPOLITAN NASHVILLE POLICE DEPT,2016-0639864,Davidson,Nashville,7/16/2016 11:31:00 AM,2,1,0,36.104650,-86.742010,NOLENSVILLE PKE,,,,211.00,Feet,North,RADNOR ST,,,,0.00,N,Not at Intersection,N,Non-Junction,None,,,         ,Sean,Williams,Clear,Front to Rear,no,no,no,no,no,False
101288496,METROPOLITAN NASHVILLE POLICE DEPT,20160647335,Davidson,Nashville,7/19/2016 7:46:00 AM,4,2,0,36.106320,-86.718650,I 24,,,,0.00,,,,,,,54.00,N,Not at Intersection,N,Non-Junction,None,,,         ,Paul,Ellis,Clear,Front to Rear,no,no,no,no,no,False
101288502,METROPOLITAN NASHVILLE POLICE DEPT,2016-0647410,Davidson,Nashville,7/19/2016 8:10:00 AM,3,0,0,36.130960,-86.716580,MURFREESBORO PKE,,,,120.00,Feet,East,FOOTHILL DR,,,,0.00,N,Not at Intersection, ,Non-Junction,None,,,         ,Scott,Toney,Clear,Front to Rear,no,no,no,no,no,False