master_record_number,agency,agency_tracking_number,county,city,collision_date,vehicles_involved,number_injured,number_dead,latitude,longitude,roadway_name,roadway_suffix,roadway_number,roadway_local_id,distance_from_reference,miles-feet_indicator,direction_from_reference,intersection_road_name,intersection_road_name_suffix,intersection_road_number,intersection_local_id,mile_marker,intersection_indicator,intersect_type,interchange_related_indicator,relation_to_junction,work_zone_type,construction_maintenance_zone,construction_maintenance_zone_location,fatal_case_number,officer_first_name,officer_last_name,weather_condition(s),manner_of_crash,pedestrian,bicycle,scooter,parking,hitrun,mou
101288928,METROPOLITAN NASHVILLE POLICE DEPT,20160649480,Davidson,Nashville,7/19/2016 9:05:00 PM,2,0,0,36.146680,-86.812390,POSTON AV,,,,0.00,,,CENTENNIAL PARK PVTDR,,,,0.00,Y,T-Intersection, ,Intersection-Related,None,,,         ,Tien,Nguyen,Clear,Front to Rear,no,no,no,no,no,Campus
101288932,METROPOLITAN NASHVILLE POLICE DEPT,20160648632,Davidson,Not in City Limit,7/19/2016 3:32:00 PM,2,0,0,36.266640,-86.690110,MYATT DR,,,,0.00,,,N DUPONT AV,,,,0.00,Y,Four-Way,Y,Intersection,None,,,         ,Samuel,Miller,Cloudy,Front to Rear,no,no,no,no,no,False
101288935,METROPOLITAN NASHVILLE POLICE DEPT,20160648572,Davidson,Not in City Limit,7/19/2016 3:32:00 PM,2,1,0,36.266730,-86.690120,MYATT DR,,,,30.00,Feet,North,N DUPONT AV,,,,0.00,N,Not at Intersection,N,Non-Junction,None,,,         ,Samuel,Miller,Cloudy,Front to Rear,no,no,no,no,no,False
101288945,METROPOLITAN NASHVILLE POLICE DEPT,20160649456,Davidson,Nashville,7/19/2016 8:58:00 PM,2,0,0,36.043520,-86.688790,BELL RD,,,,1228.00,Feet,East,BENZING RD,,,,0.00,N,Not at Intersection,N,Non-Junction,Work Zone,Work On Shoulder Or Median,Activity Area,         ,Joseph,Progar,Clear,Front to Rear,no,no,no,no,no,False
101288961,METROPOLITAN NASHVILLE POLICE DEPT,20160645803,Davidson,Nashville,7/18/2016 7:10:00 PM,2,1,0,36.130120,-86.715510,MURFREESBORO PKE,,,,334.00,Feet,West,MILLWOOD DR,,,,0.00,N,Not at Intersection,N,Non-Junction,None,,,         ,Michael,Russell,Clear,Front to Rear,no,no,no,no,no,False
101288966,METROPOLITAN NASHVILLE POLICE DEPT,20160645332,Davidson,Not in City Limit,7/18/2016 3:53:00 PM,2,0,0,36.260330,-86.712880,GALLATIN PKES,,,,0.00,,,HICKORY ST,,,,0.00,Y,T-Intersection,Y,Intersection-Related,None,,,         ,Samuel,Miller,Clear,Angle,no,no,no,no,no,False
101288970,METROPOLITAN NASHVILLE POLICE DEPT,20160645507,Davidson,Nashville,7/18/2016 5:10:00 PM,2,1,0,36.226190,-86.597730,SAUNDERSVILLE RD,,,,200.00,Feet,North,LEXINGTON WAY,,,,0.00,N,Not at Intersection,N,Non-Junction,None,,,         ,Sandra,Talavera,Clear,Front to Rear,no,no,no,no,no,False
101288979,METROPOLITAN NASHVILLE POLICE DEPT,20160619060,Davidson,Not in City Limit,7/9/2016 11:58:00 PM,2,1,0,36.262990,-86.680940,STATE RT 45,,,,0.00,,,RIO VISTA DR,,,,0.00,Y,Four-Way,Y,Intersection,None,,,         ,Nicholas,Diamond,Clear,Other,no,no,no,no,yes,False
101288980,METROPOLITAN NASHVILLE POLICE DEPT,20160641221,Davidson,Nashville,7/16/2016 11:50:00 PM,2,0,0,36.155820,-86.795920,17TH AVN,,,,0.00,,,CHURCH ST,,,,0.00,Y,Four-Way,N,Intersection,None,,,         ,Craig,Oakley,Clear,Angle,no,no,no,no,no,False
101288992,METROPOLITAN NASHVILLE POLICE DEPT,20160649902,Davidson,Nashville,7/19/2016 11:29:00 PM,1,0,0,36.216430,-86.692370,BRILEY PKWYN,,,,64.00,Feet,South,MCGAVOCK PKE WB ENT RAMP,,,,0.00,N,Not at Intersection,N,Non-Junction,Construction Zone,Laneclosure,Activity Area,         ,Curtis,Fisher,Clear,Unknown,no,no,no,no,yes,False
101288998,METROPOLITAN NASHVILLE POLICE DEPT,20160650255,Davidson,Antioch,7/20/2016 1:47:00 AM,1,0,0,0.000000,0.000000,MURFREESBORO,PIKE,,,0.00,,,OLD HICKORY,BLVD,,,0.00,Y,T-Intersection,N,Intersection,None,,,         ,Blaze,Williams,Clear,Not Collision with Motor Vehicle in Transport,no,no,no,no,yes,False
101289064,METROPOLITAN NASHVILLE POLICE DEPT,20160648071,Davidson,Nashville,7/19/2016 12:30:00 PM,2,0,0,36.148430,-86.780710,I 40,,,,0.00,,,,,,,209.80,N,Not at Intersection,N,Non-Junction,None,,,         ,Gregory,Cenicola,Clear,Front to Rear,no,no,no,no,no,False
101289093,METROPOLITAN NASHVILLE POLICE DEPT,20160650761,Davidson,Nashville,7/20/2016 6:55:00 AM,2,0,0,36.174130,-86.604950,CENTRAL PKE,,,,116.00,Feet,East,CENTRAL PKE ENT RAMP,,,,0.00,N,Not at Intersection, ,Non-Junction,None,,,         ,Patrick,Lancaster,Clear,Front to Rear,no,no,no,no,no,False
101289094,METROPOLITAN NASHVILLE POLICE DEPT,20160648317,Davidson,Nashville,7/19/2016 1:27:00 PM,2,0,0,36.190090,-86.772900,EVANSTON AV,,,,14.00,Feet,North,DICKERSON PKE,,,,0.00,N,Not at Intersection, ,Non-Junction,None,,,         ,Jared,Eaves,Clear,Front to Rear,no,no,no,no,no,False
101289111,METROPOLITAN NASHVILLE POLICE DEPT,20160647918,Davidson,Nashville,7/19/2016 11:23:00 AM,2,0,0,36.152670,-86.796690,WEST END AV,,,,0.00,,,,,,,0.00,,, ,Non-Junction,None,,,         ,Nathan,Smith,Clear,Angle,no,no,no,no,no,False
101289113,METROPOLITAN NASHVILLE POLICE DEPT,20160650744,Davidson,Nashville,7/20/2016 6:45:00 AM,1,1,0,36.231600,-86.781520,EWING DR,,,,0.00,,,BRICK CHURCH PKE,,,,0.00,Y,Four-Way,N,Intersection,None,,,         ,Joshua,Borum,Clear,Not Collision with Motor Vehicle in Transport,yes,no,no,no,yes,False
101289115,METROPOLITAN NASHVILLE POLICE DEPT,20160650809,Davidson,Nashville,7/20/2016 7:28:00 AM,2,0,0,36.201940,-86.776850,I 65,,,,0.00,,,,,,,87.00,N,Not at Intersection, ,Non-Junction,None,,,         ,Michael,McCord,Clear,"Sideswipe, Same Direction",no,no,no,no,no,False
101289116,METROPOLITAN NASHVILLE POLICE DEPT,20160645809,Davidson,Nashville,7/19/2016 10:53:00 AM,2,0,0,36.229380,-86.759280,EWING DR,,,,0.00,,,DICKERSON PKE,,,,0.00,Y,Four-Way,N,Intersection-Related,None,,,         ,Alex,Moore,Clear,"Sideswipe, Same Direction",no,no,no,no,yes,False
101289117,METROPOLITAN NASHVILLE POLICE DEPT,20160647822,Davidson,Nashville,7/19/2016 10:58:00 AM,2,0,0,36.181120,-86.774680,I 24,,,,0.00,,,,,,,47.60,N,Not at Intersection,N,Non-Junction,None,,,         ,Catherine,Poole,Clear,Front to Rear,no,no,no,no,no,False
101289124,METROPOLITAN NASHVILLE POLICE DEPT,2016-0644644,Davidson,Goodlettsville,7/18/2016 11:50:00 AM,2,0,0,36.290960,-86.704340,ALTUS AV,,,,0.00,,,RIVERGATE SQUARE PVTDR,,,,0.00,Y,OTHER,N,Non-Junction,None,,,         ,Arthur,Hipp,Clear,Angle,no,no,no,no,no,False
101289128,METROPOLITAN NASHVILLE POLICE DEPT,2016-0651044,Davidson,Nashville,7/20/2016 8:55:00 AM,3,3,0,36.048150,-86.865820,OLD HICKORY BLVD,,,,154.00,Feet,East,CHICKERING WOOD DR,,,,0.00,N,Not at Intersection,N,Non-Junction,None,,,         ,Curtis,Rich,Clear,Front to Rear,no,no,no,no,no,False
101289141,METROPOLITAN NASHVILLE POLICE DEPT,20160617477,Davidson,Not in City Limit,7/9/2016 10:58:00 AM,2,1,0,36.263270,-86.711850,GALLATIN PKEN,,,,76.00,Feet,North,STATE RT 45,,,,0.00,N,Not at Intersection,N,Non-Junction,None,,,         ,DuJuan,Kendrick,Clear,HeadOn,no,no,no,no,no,False
101289142,METROPOLITAN NASHVILLE POLICE DEPT,2016-0648871,Davidson,Nashville,7/19/2016 5:16:00 PM,2,0,0,36.140720,-86.833360,MURPHY RD,,,,86.00,Feet,West,40TH AVN,,,,0.00,N,Not at Intersection, ,Non-Junction,None,,,         ,Walter,Gray II,Cloudy,Front to Rear,no,no,no,no,no,False
101289143,VANDERBILT UNIVERSITY POLICE,16-0648327,Davidson,Nashville,7/19/2016 12:30:00 PM,2,0,0,36.149670,-86.802860,WEST END AV,,,,209.00,Feet,East,LOUISE AV,,,,0.00,N,Not at Intersection, ,Non-Junction,None,,,         ,Linda,Jennings,Clear,Angle,no,no,no,no,yes,Campus
101289144,METROPOLITAN NASHVILLE POLICE DEPT,20160651133,Davidson,Not in City Limit,7/20/2016 9:34:00 AM,1,0,0,36.323590,-86.863290,I 24,,,,0.00,,,,,,,35.25,N,Not at Intersection, ,Non-Junction,None,,,         ,Michael,McCord,Clear,Not Collision with Motor Vehicle in Transport,no,no,no,no,no,False
101289153,METROPOLITAN NASHVILLE POLICE DEPT,20160651202,Davidson,Nashville,7/20/2016 9:55:00 AM,2,0,0,36.102930,-86.797490,GRANNY WHITE PKE,,,,48.00,Feet,North,COVE PL,,,,0.00,N,Not at Intersection, ,Non-Junction,None,,,         ,Justin,Pinkelton,Clear,Angle,no,no,no,no,no,False
101289154,METROPOLITAN NASHVILLE POLICE DEPT,2016-0650743,Davidson,Nashville,7/20/2016 6:41:00 AM,2,3,0,36.043820,-86.713090,NOLENSVILLE PKE,,,,155.00,Feet,South,BRENTWOOD EAST DR,,,,0.00,N,Not at Intersection,N,"Driveway, Alley Access, etc",None,,,         ,William,Whitworth,Cloudy,Angle,no,no,no,no,no,False
101289159,METROPOLITAN NASHVILLE POLICE DEPT,20160650928,Davidson,Nashville,7/20/2016 8:10:00 AM,2,1,0,36.228370,-86.772860,I 65,,,,0.00,,,,,,,88.85,N,Not at Intersection,N,Non-Junction,None,,,         ,Royce,McLester,Clear,Front to Rear,no,no,no,no,yes,False
101289160,METROPOLITAN NASHVILLE POLICE DEPT,20160651093,Davidson,Nashville,7/20/2016 9:19:00 AM,2,2,0,36.142530,-86.735430,I 40,,,,0.00,,,,,,,212.80,N,Not at Intersection,Y,OtherLocation,None,,,         ,Johnathan,Carlisle,Clear,Front to Rear,no,no,no,no,no,False
101289161,METROPOLITAN NASHVILLE POLICE DEPT,2016-0651054,Davidson,Nashville,7/20/2016 8:55:00 AM,2,0,0,0.000000,0.000000,,,I24,,2000.00,Feet,East,,,,,49.00,N,Not at Intersection,N,Non-Junction,None,,,         ,William,Vincion,Clear,Front to Rear,no,no,no,no,no,False
101289181,GOODLETTSVILLE POLICE DEPT,16-25428,Davidson,Goodlettsville,7/20/2016 10:00:00 AM,2,0,0,36.307343,-86.694971,VIETNAM VETERANS,BLVD,SR386,,0.10,Miles,West,VIETNAM VETERANS,BLVD,SR386,,1.20,N,Not at Intersection, ,Non-Junction,None,,,         ,Charles,Hauskin,Clear,Front to Rear,no,no,no,no,no,False
101289202,METROPOLITAN NASHVILLE POLICE DEPT,20160651002,Davidson,Nashville,7/20/2016 8:20:00 AM,2,0,0,36.140730,-86.732280,I 40,,,,0.00,,,,,,,213.00,N,Not at Intersection, ,Non-Junction,None,,,         ,Todd,Watson,Clear,Front to Rear,no,no,no,no,no,False
101289204,METROPOLITAN NASHVILLE POLICE DEPT,20160651314,Davidson,Nashville,7/20/2016 10:43:00 AM,2,1,0,36.152820,-86.683410,ELM HILL PKE,,,,0.00,,,MCGAVOCK PKE,,,,0.00,Y,Four-Way,N,Intersection,None,,,         ,Wesley,Young,Clear,Angle,no,no,no,no,no,False
101289207,METROPOLITAN NASHVILLE POLICE DEPT,20160651083,Davidson,Not in City Limit,7/20/2016 9:16:00 AM,1,1,0,36.262180,-86.679110,STATE RT 45,,,,0.00,,,EAGAN CIR,,,,0.00,Y,OTHER,N,Non-Junction,None,,,         ,Eric,Richardson,Clear,Not Collision with Motor Vehicle in Transport,no,no,no,no,no,False
101289231,METROPOLITAN NASHVILLE POLICE DEPT,2016-0634176,Davidson,Goodlettsville,7/14/2016 12:00:00 AM,2,1,0,36.292950,-86.695530,MYATT DR,,,,421.00,Feet,South,SPRING BRANCH DR,,,,0.00,N,Not at Intersection,N,Non-Junction,None,,,         ,Joel,Callies,Clear,Angle,no,no,no,no,no,False
101289242,METROPOLITAN NASHVILLE POLICE DEPT,20160651355,Davidson,Nashville,7/20/2016 11:35:00 AM,2,0,0,36.079960,-86.726440,NOLENSVILLE PKE,,,,135.00,Feet,North,HARDING PL,,,,0.00,N,Not at Intersection, ,Non-Junction,None,,,         ,Jessie,Meadows,Clear,Front to Rear,no,no,no,no,no,False
101289245,METROPOLITAN NASHVILLE POLICE DEPT,20160651534,Davidson,Nashville,7/20/2016 12:17:00 PM,1,0,0,36.236490,-86.795420,BRILEY PKWYE,,,,527.00,Feet,North,BRILEY PKWYW,,,,0.00,N,Not at Intersection, ,Non-Junction,None,,,         ,Michael,McCord,Clear,Not Collision with Motor Vehicle in Transport,no,no,no,no,no,False
101289246,METROPOLITAN NASHVILLE POLICE DEPT,2016-0651546,Davidson,Nashville,7/20/2016 12:00:00 PM,2,0,0,36.236110,-86.743920,ELLINGTON PKWYN,,,,0.00,,,BRILEY PKWY E ENT RAMP,,,,0.00,Y,Y-Intersection,N,Non-Junction,None,,,         ,George,Patonis,Clear,"Sideswipe, Same Direction",no,no,no,no,yes,False
101289247,METROPOLITAN NASHVILLE POLICE DEPT,20160649716,Davidson,Nashville,7/19/2016 10:21:00 PM,1,1,0,36.088060,-86.771800,FRANKLIN PKE,,,,0.00,Feet,,S CURTISWOOD LN,,,,0.00,Y,T-Intersection,N,Intersection-Related,None,,,         ,Tien,Nguyen,Clear,Not Collision with Motor Vehicle in Transport,no,no,no,no,no,False
101289248,METROPOLITAN NASHVILLE POLICE DEPT,20160651517,Davidson,Nashville,7/20/2016 12:08:00 PM,2,0,0,36.075200,-86.724970,NOLENSVILLE PKE,,,,50.00,Feet,North,FLORA MAXWELL RD,,,,0.00,N,Not at Intersection, ,Non-Junction,None,,,         ,Earl,Davis,Clear,"Sideswipe, Same Direction",no,no,no,no,no,False
101289255,METROPOLITAN NASHVILLE POLICE DEPT,2016-0651481,Davidson,Nashville,7/20/2016 12:00:00 PM,2,0,0,36.033310,-86.678550,RIDGEFALLS WAY,,,,243.00,Feet,West,CANOE RIDGE PT,,,,0.00,N,Not at Intersection,N,Non-Junction,None,,,         ,William,Whitworth,Clear,"Sideswipe, Opposite Direction",no,no,no,no,no,False
101289259,METROPOLITAN NASHVILLE POLICE DEPT,20160650755,Davidson,Nashville,7/20/2016 6:45:00 AM,3,0,0,36.151170,-86.799750,WEST END AV,,,,140.00,Feet,West,20TH AVS,,,,0.00,N,Not at Intersection, ,Non-Junction,None,,,         ,Nathan,Kemp,Clear,Front to Rear,no,no,no,no,no,Campus
101289260,METROPOLITAN NASHVILLE POLICE DEPT,20160651217,Davidson,Nashville,7/20/2016 10:07:00 AM,2,0,0,36.150480,-86.770350,4TH AVS,,,,0.00,,,I40 E EXT RAMP,,,,0.00,Y,Four-Way,N,Intersection,None,,,         ,Nathan,Kemp,Clear,Angle,no,no,no,no,no,False
101289261,METROPOLITAN NASHVILLE POLICE DEPT,20160651625,Davidson,Nashville,7/20/2016 12:58:00 PM,2,0,0,36.131170,-86.778780,8TH AVS,,,,220.00,Feet,South,SOUTH DOUGLAS AV,,,,0.00,N,Not at Intersection, ,Non-Junction,None,,,         ,Nathan,Kemp,Clear,Angle,no,no,no,no,no,False
101289269,METROPOLITAN NASHVILLE POLICE DEPT,20160651586,Davidson,Nashville,7/20/2016 12:40:00 PM,2,0,0,36.076340,-86.727310,EDMONDSON PKE,,,,500.00,Feet,West,WALLACE RD,,,,0.00,N,Not at Intersection, ,Non-Junction,None,,,         ,Earl,Davis,Clear,Angle,no,no,no,no,no,False
101289271,METROPOLITAN NASHVILLE POLICE DEPT,20160651584,Davidson,Nashville,7/20/2016 12:42:00 PM,2,0,0,36.150690,-86.767950,LAFAYETTE ST,,,,0.00,,,2ND AVS,,,,0.00,Y,Four-Way, ,Intersection,None,,,         ,Wesley,Young,Clear,"Sideswipe, Same Direction",no,no,no,no,no,False
101289285,METROPOLITAN NASHVILLE POLICE DEPT,20160616348,Davidson,Nashville,7/8/2016 8:56:00 PM,2,0,0,36.162230,-86.774360,1ST AVS,,,,0.00,,,BROADWAY,,,,0.00,Y,T-Intersection,N,Intersection-Related,None,,,         ,David,Snowden,Rain,Angle,no,no,no,no,yes,False
101289292,METROPOLITAN NASHVILLE POLICE DEPT,20160651502,Davidson,Nashville,7/20/2016 12:07:00 PM,2,0,0,36.143960,-86.768750,CHESTNUT ST,,,,261.00,Feet,East,MARTIN ST,,,,0.00,N,Not at Intersection, ,,None,,,         ,Ronald,Raynore,,,no,no,no,no,no,False
101289295,METROPOLITAN NASHVILLE POLICE DEPT,20160651073,Davidson,Nashville,7/20/2016 9:04:00 AM,2,0,0,36.164970,-86.819320,I40 W EXT RAMP,,,,0.00,,,I 40,,,,0.00,Y,Four-Way, ,Non-Junction,None,,,         ,Franklin,Taylor,Clear,Front to Rear,no,no,no,no,no,False
101289296,METROPOLITAN NASHVILLE POLICE DEPT,20160651626,Davidson,Nashville,7/20/2016 12:59:00 PM,2,0,0,36.128370,-86.713270,MURFREESBORO PKE,,,,101.00,Feet,North,PHILFRE CT,,,,0.00,N,Not at Intersection, ,Non-Junction,None,,,         ,Wesley,Young,Clear,"Sideswipe, Same Direction",no,no,no,no,no,False
101289298,METROPOLITAN NASHVILLE POLICE DEPT,20160650843,Davidson,Nashville,7/20/2016 7:42:00 AM,2,0,0,36.175800,-86.786810,4TH AVN,,,,0.00,,,MADISON ST,,,,0.00,Y,OTHER, ,Intersection,None,,,         ,James,Jarvis,Clear,Angle,no,no,no,no,no,False
101289308,METROPOLITAN NASHVILLE POLICE DEPT,20160651823,Davidson,Nashville,7/20/2016 2:05:00 PM,2,0,0,36.040010,-86.743470,OLD HICKORY BLVD,,,,0.00,,,EDMONDSON PKE,,,,0.00,Y,Four-Way, ,Intersection,None,,,         ,Brent,Bauer,Cloudy,Angle,no,no,no,no,no,False
101289314,METROPOLITAN NASHVILLE POLICE DEPT,2016-0651566,Davidson,Nashville,7/20/2016 12:36:00 PM,2,0,0,36.096540,-86.809300,LONE OAK RD,,,,0.00,,,CASTLEMAN DR,,,,0.00,Y,T-Intersection, ,Intersection,None,,,         ,Shedie,Herbert III,Clear,Front to Rear,no,no,no,no,no,False
101289318,METROPOLITAN NASHVILLE POLICE DEPT,20160651766,Davidson,Nashville,7/20/2016 1:46:00 PM,2,1,0,36.140950,-86.800310,21ST AVS,,,,77.00,Feet,North,DIXIE PL,,,,0.00,N,Not at Intersection,N,Non-Junction,None,,,         ,Ronald,Raynore,Clear,Front to Rear,no,no,no,no,no,Campus
101289337,VANDERBILT UNIVERSITY POLICE,16-0651818,Davidson,Nashville,7/20/2016 1:55:00 PM,2,0,0,36.139300,-86.803710,CHILDRENS WAY,,,,0.00,,,,,,,0.00,,, ,Non-Junction,None,,,         ,Linda,Jennings,Cloudy,Angle,no,no,no,yes,no,Campus
101289344,METROPOLITAN NASHVILLE POLICE DEPT,20160651875,Davidson,Nashville,7/20/2016 1:53:00 PM,2,0,0,36.155650,-86.789720,I40 E ENT RAMP,,,,0.00,,,BROADWAY,,,,0.00,Y,Four-Way,N,Intersection-Related,None,,,         ,Tien,Nguyen,Rain,"Sideswipe, Same Direction",no,no,no,no,yes,False
101289346,METROPOLITAN NASHVILLE POLICE DEPT,20160648903,Davidson,Nashville,7/19/2016 5:21:00 PM,4,2,0,36.060900,-86.903820,OLD HICKORY BLVD,,,,0.00,,,,,,,0.00,,Not at Intersection,N,Non-Junction,None,,,         ,John,Thomas,Rain,Front to Rear,no,no,no,no,no,False
101289353,METROPOLITAN NASHVILLE POLICE DEPT,20160634427,Davidson,Nashville,7/14/2016 6:50:00 PM,2,0,0,36.152490,-86.852190,MORROW RD,,,,375.00,Feet,North,CHARLOTTE AV,,,,0.00,N,Not at Intersection, ,"Driveway, Alley Access, etc",None,,,         ,Justin,Coyle,Cloudy,"Sideswipe, Same Direction",no,no,no,no,no,False
101289359,METROPOLITAN NASHVILLE POLICE DEPT,20160647444,Davidson,Nashville,7/19/2016 8:14:00 AM,2,0,0,36.076140,-86.839050,HILLSBORO PKE,,,,1136.00,Feet,South,TYNE BLVD,,,,0.00,N,Not at Intersection, ,Non-Junction,None,,,         ,Phillip,Murphy,Clear,Front to Rear,no,no,no,no,no,False
101289360,METROPOLITAN NASHVILLE POLICE DEPT,20160647937,Davidson,Nashville,7/19/2016 10:57:00 AM,2,0,0,36.134280,-86.779080,WEDGEWOOD AV,,,,4.00,Feet,East,8TH AVS,,,,0.00,N,Not at Intersection,N,Non-Junction,None,,,         ,Phillip,Murphy,Clear,Angle,no,no,no,no,no,False
101289361,METROPOLITAN NASHVILLE POLICE DEPT,20160651925,Davidson,Nashville,7/20/2016 2:55:00 PM,2,0,0,36.185230,-86.612820,OLD HICKORY BLVD,,,,881.00,Feet,North,DODSON CHAPEL RD,,,,0.00,N,Not at Intersection,N,Non-Junction,None,,,         ,Wesley,Young,Cloudy,Front to Rear,no,no,no,no,no,False
101289363,METROPOLITAN NASHVILLE POLICE DEPT,20160651893,Davidson,Nashville,7/20/2016 1:58:00 PM,2,0,0,36.037400,-86.786570,FRANKLIN PKE,,,,0.00,,,OLD HICKORY BLVD,,,,0.00,Y,Four-Way,N,Intersection,None,,,         ,Charles,Griffin,Cloudy,Front to Rear,no,no,no,no,yes,False
101289369,METROPOLITAN NASHVILLE POLICE DEPT,20160649146,Davidson,Nashville,7/19/2016 5:35:00 PM,2,0,0,36.174700,-86.869950,BRILEY PKWYN,,,,418.00,Feet,North,BRILEY PKWYS,,,,0.00,N,Not at Intersection, ,Non-Junction,None,,,         ,Torian,Cox,Clear,Front to Rear,no,no,no,no,no,False
101289371,METROPOLITAN NASHVILLE POLICE DEPT,20160651916,Davidson,Nashville,7/20/2016 2:40:00 PM,2,0,0,36.204900,-86.771270,LUCAS LN,,,,434.00,Feet,South,W TRINITY LN,,,,0.00,N,Not at Intersection, ,Non-Junction,None,,,         ,Audrean,Manquero,Cloudy,Front to Rear,no,no,no,no,no,False
101289384,METROPOLITAN NASHVILLE POLICE DEPT,20160652003,Davidson,Nashville,7/20/2016 2:51:00 PM,1,0,0,36.101930,-86.763730,ARMORY DR,,,,0.00,,,I65 N EXT RAMP,,,,0.00,Y,OTHER,N,Entrance/Exit Ramp Related,None,,,         ,Charles,Griffin,Rain,Not Collision with Motor Vehicle in Transport,no,no,no,no,no,False
101289388,METROPOLITAN NASHVILLE POLICE DEPT,20160652049,Davidson,Nashville,7/20/2016 3:30:00 PM,2,0,0,36.145600,-86.822330,I 440,,,,0.00,,,,,,,1.15,N,Not at Intersection, ,Non-Junction,None,,,         ,Torian,Cox,Rain,Front to Rear,no,no,no,no,yes,False
101289394,METROPOLITAN NASHVILLE POLICE DEPT,20160652127,Davidson,Nashville,7/20/2016 4:19:00 PM,2,0,0,36.086780,-86.694350,HARDING PL,,,,473.00,Feet,East,S PERIMETER PARK DR,,,,0.00,N,Not at Intersection, ,Non-Junction,None,,,         ,Jessie,Meadows,Clear,Front to Rear,no,no,no,no,no,False
101289406,METROPOLITAN NASHVILLE POLICE DEPT,20160651652,Davidson,Nashville,7/20/2016 1:09:00 PM,2,0,0,36.187560,-86.812260,18TH AVN,,,,0.00,,,MCKINNEY AV,,,,0.00,Y,OTHER, ,Non-Junction,None,,,         ,Alex,Marchak,Clear,"Sideswipe, Opposite Direction",no,no,no,no,no,False
101289420,METROPOLITAN NASHVILLE POLICE DEPT,20160652067,Davidson,Nashville,7/20/2016 3:41:00 PM,1,1,0,36.141510,-86.877110,CHARLOTTE PKE,,,,364.00,Feet,East,CHARLOTTE ROAD CIR,,,,0.00,N,Not at Intersection,N,Non-Junction,None,,,         ,Shaun,Heath,Cloudy,Not Collision with Motor Vehicle in Transport,no,no,no,no,no,False
101289425,METROPOLITAN NASHVILLE POLICE DEPT,2016-0649006,Davidson,Nashville,7/19/2016 4:15:00 PM,2,0,0,36.164190,-86.615860,I 40,,,,0.00,,,,,,,219.95,N,Not at Intersection, ,Non-Junction,None,,,         ,Sandra,Talavera,Cloudy,Angle,no,no,no,no,no,False
101289430,METROPOLITAN NASHVILLE POLICE DEPT,20160652167,Davidson,Nashville,7/20/2016 4:15:00 PM,2,0,0,36.143410,-86.666660,DONELSON PKE,,,,406.00,Feet,North,I40 W ENT RAMP,,,,0.00,N,Not at Intersection, ,,None,,,         ,John,Kelley,,,no,no,no,no,no,False
101289437,METROPOLITAN NASHVILLE POLICE DEPT,20160648848,Davidson,Nashville,7/19/2016 5:12:00 PM,3,0,0,36.235940,-86.705610,BRILEY PKWYW,,,,384.00,Feet,South,PENNINGTON BEND RD,,,,0.00,N,Not at Intersection,N,Non-Junction,None,,,         ,Samuel,Miller,Rain,Angle,no,no,no,no,no,False
101289444,METROPOLITAN NASHVILLE POLICE DEPT,20160652195,Davidson,Nashville,7/20/2016 4:38:00 PM,2,2,0,36.143420,-86.822710,I 440,,,,0.00,,,,,,,1.00,N,Not at Intersection,N,Non-Junction,None,,,         ,Charles,Griffin,Cloudy,Front to Rear,no,no,no,no,no,False
101289445,METROPOLITAN NASHVILLE POLICE DEPT,20160652220,Davidson,Nashville,7/20/2016 4:47:00 PM,2,0,0,36.133830,-86.788810,12TH AVS,,,,0.00,,,ACKLEN AV,,,,0.00,Y,T-Intersection, ,Intersection,Construction Zone,,,         ,Maria,Cortez,Cloudy,Angle,no,no,no,no,no,False
101289447,METROPOLITAN NASHVILLE POLICE DEPT,20160652217,Davidson,Nashville,7/20/2016 4:47:00 PM,2,1,0,36.087990,-86.782740,BATTERY LN,,,,0.00,,,DUSTIN LN,,,,0.00,Y,T-Intersection,N,Intersection-Related,None,,,         ,Tien,Nguyen,Cloudy,Front to Rear,no,no,no,no,no,False
101289456,METROPOLITAN NASHVILLE POLICE DEPT,20160652175,Davidson,Nashville,7/20/2016 4:28:00 PM,1,0,0,36.148890,-86.864400,US HWY 70,,,,227.00,Feet,East,LELLYETT ST,,,,0.00,N,Not at Intersection,N,Non-Junction,None,,,         ,Dustin,Tidwell,Clear,Not Collision with Motor Vehicle in Transport,no,no,no,no,no,False
101289459,METROPOLITAN NASHVILLE POLICE DEPT,20160652279,Davidson,Nashville,7/20/2016 5:12:00 PM,2,0,0,36.152150,-86.803130,ELLISTON PL,,,,176.00,Feet,West,CHURCH ST,,,,0.00,N,Not at Intersection, ,Non-Junction,None,,,         ,Eric,Burford,Clear,Angle,no,no,no,no,no,Campus
101289460,METROPOLITAN NASHVILLE POLICE DEPT,20160651332,Davidson,Lakewood,7/20/2016 10:54:00 AM,2,2,0,36.255840,-86.654000,ROBINSON RD,,,,0.00,Feet,,MERRITT ST,,,,0.00,Y,OTHER,N,Non-Junction,None,,,         ,Byron,Dewalt,Clear,Front to Rear,no,no,no,no,no,False
101289462,METROPOLITAN NASHVILLE POLICE DEPT,20160652113,Davidson,Nashville,7/20/2016 3:40:00 PM,2,0,0,36.127780,-86.862500,HILLWOOD BLVD,,,,0.00,,,W HILLWOOD DR,,,,0.00,Y,Four-Way,N,Non-Junction,None,,,         ,Justin,Coyle,Rain,Front to Rear,no,no,no,no,no,False