master_record_number,agency,agency_tracking_number,county,city,collision_date,vehicles_involved,number_injured,number_dead,latitude,longitude,roadway_name,roadway_suffix,roadway_number,roadway_local_id,distance_from_reference,miles-feet_indicator,direction_from_reference,intersection_road_name,intersection_road_name_suffix,intersection_road_number,intersection_local_id,mile_marker,intersection_indicator,intersect_type,interchange_related_indicator,relation_to_junction,work_zone_type,construction_maintenance_zone,construction_maintenance_zone_location,fatal_case_number,officer_first_name,officer_last_name,weather_condition(s),manner_of_crash,pedestrian,bicycle,scooter,parking,hitrun,mou
101300562,METROPOLITAN NASHVILLE POLICE DEPT,20160655491,Davidson,Nashville,7/21/2016 3:27:00 PM,2,1,0,36.170830,-86.601530,I40 W EXT RAMP,,,,0.00,,,I 40,,,,0.00,Y,Four-Way,N,Intersection,None,,,         ,Wesley,Young,Clear,Angle,no,no,no,no,no,False
101300571,METROPOLITAN NASHVILLE POLICE DEPT,2016-0657720,Davidson,Nashville,7/22/2016 8:00:00 AM,2,0,0,36.149620,-86.823880,33RD AVN,,,,0.00,Feet,,NEVADA AV,,,,0.00,Y,T-Intersection, ,Intersection,None,,,         ,Curtis,Rich,Clear,Rear to Side,no,no,no,no,no,False
101300572,METROPOLITAN NASHVILLE POLICE DEPT,20160657730,Davidson,Nashville,7/22/2016 8:12:00 AM,2,0,0,36.146840,-86.808630,WEST END AV,,,,0.00,,,25TH AVN,,,,0.00,Y,Four-Way, ,Intersection,None,,,         ,Nathan,Kemp,Clear,Front to Rear,no,no,no,no,no,Campus
101300586,METROPOLITAN NASHVILLE POLICE DEPT,20160651219,Davidson,Nashville,7/20/2016 9:21:00 AM,2,0,0,36.190550,-86.747160,W GREENWOOD AV,,,,0.00,,,BAILEY ST,,,,0.00,Y,T-Intersection,N,Non-Junction,None,,,         ,Alex,Moore,Clear,"Sideswipe, Opposite Direction",no,no,no,no,yes,False
101300598,METROPOLITAN NASHVILLE POLICE DEPT,20160657683,Davidson,Nashville,7/22/2016 7:46:00 AM,2,1,0,36.169250,-86.757870,S 7TH ST,,,,0.00,,,SHELBY AV,,,,0.00,Y,Four-Way,N,Non-Junction,None,,,         ,Johnathon,Birdwell,Clear,Front to Rear,no,no,no,no,no,False
101300601,METROPOLITAN NASHVILLE POLICE DEPT,20160644975,Davidson,Nashville,7/18/2016 2:02:00 PM,2,0,0,36.198750,-86.741120,GALLATIN PKE,,,,1.18,Miles,East,LISCHEY AV,,,,0.00,N,Not at Intersection, ,Non-Junction,Work Zone,,,         ,Christopher,Lo,Clear,Angle,no,no,no,no,no,False
101300607,METROPOLITAN NASHVILLE POLICE DEPT,20160657794,Davidson,Nashville,7/22/2016 8:30:00 AM,2,0,0,36.173590,-86.602150,CENTRAL PKE,,,,0.00,,,OLD HICKORY BLVD,,,,0.00,Y,Four-Way, ,Intersection,None,,,         ,Wesley,Young,Clear,Angle,no,no,no,no,no,False
101300624,METROPOLITAN NASHVILLE POLICE DEPT,20160655113,Davidson,Nashville,7/21/2016 12:50:00 PM,2,2,0,36.199840,-86.619470,LEBANON PKE,,,,0.00,,,,,,,0.00,,Not at Intersection,N,Non-Junction,None,,,         ,Patrick,Lancaster,Clear,Rear to Rear,no,no,no,yes,no,False
101300643,METROPOLITAN NASHVILLE POLICE DEPT,20160657772,Davidson,Nashville,7/22/2016 7:58:00 AM,2,0,0,36.075010,-86.662540,UNA ANTIOCH PKE,,,,0.00,,,BILLINGSGATE RD,,,,0.00,Y,T-Intersection,N,Intersection,None,,,         ,Brian,Lamb,Clear,Angle,no,no,no,no,no,False
101300644,METROPOLITAN NASHVILLE POLICE DEPT,20160657900,Davidson,Nashville,7/22/2016 9:35:00 AM,2,0,0,36.190840,-86.615350,OLD HICKORY BLVD,,,,0.00,,,OLD LEBANON DIRT RD,,,,0.00,Y,Four-Way, ,Intersection,None,,,         ,Wesley,Young,Clear,Front to Rear,no,no,no,no,no,False
101300645,METROPOLITAN NASHVILLE POLICE DEPT,20160655121,Davidson,Nashville,7/21/2016 12:30:00 PM,2,0,0,36.163250,-86.776070,2ND AVN,,,,0.00,,,COMMERCE ST,,,,0.00,Y,T-Intersection, ,Intersection,None,,,         ,Robert,Magner,Clear,"Sideswipe, Same Direction",no,no,no,no,no,False
101300650,METROPOLITAN NASHVILLE POLICE DEPT,20160657945,Davidson,Nashville,7/22/2016 9:46:00 AM,2,0,0,36.109690,-86.671460,KNAPP BLVD,,,,0.00,,,DONELSON PKE,,,,0.00,Y,Four-Way,N,Intersection-Related,None,,,         ,Steven,Rowlett,Clear,Front to Rear,no,no,no,no,yes,False
101300665,METROPOLITAN NASHVILLE POLICE DEPT,20160657902,Davidson,Not in City Limit,7/22/2016 9:37:00 AM,1,0,0,36.319660,-86.814280,CROCKER SPRINGS RD,,,,852.00,Feet,North,CROCKER SPRINGS RD PVTDR,,,,0.00,N,Not at Intersection, ,,None,,,         ,Joshua,Borum,,,no,no,no,no,no,False
101300667,METROPOLITAN NASHVILLE POLICE DEPT,2016-0655525,Davidson,Not in City Limit,7/21/2016 3:25:00 PM,2,0,0,36.108300,-86.926640,I 40,,,,0.00,,,,,,,199.00,N,Not at Intersection, ,Non-Junction,None,,,         ,Walter,Gray II,Clear,Not Collision with Motor Vehicle in Transport,no,no,no,no,yes,False
101300668,METROPOLITAN NASHVILLE POLICE DEPT,2016-0655693,Davidson,Not in City Limit,7/21/2016 4:32:00 PM,2,0,0,36.078790,-87.038580,I 40,,,,0.00,,,,,,,191.50,N,Not at Intersection, ,,Work Zone,,,         ,Walter,Gray II,,,no,no,no,no,no,False
101300669,METROPOLITAN NASHVILLE POLICE DEPT,2016-0657660,Davidson,Nashville,7/22/2016 7:37:00 AM,2,1,0,36.055820,-86.642150,BELL RD,,,,304.00,Feet,North,THE OVERLOOK PVTDR,,,,0.00,N,Not at Intersection,N,Non-Junction,None,,,         ,William,Whitworth,Clear,Front to Rear,no,no,no,no,no,False
101300670,METROPOLITAN NASHVILLE POLICE DEPT,2016-0657851,Davidson,Antioch,7/22/2016 8:45:00 AM,3,0,0,36.033950,-86.611620,OLD HICKORY BLVD,,,,478.00,Feet,North,PRESERVE BLVD,,,,0.00,N,Not at Intersection,N,Non-Junction,None,,,         ,William,Whitworth,Clear,Front to Rear,no,no,no,no,no,False
101300682,METROPOLITAN NASHVILLE POLICE DEPT,2016-0657735,Davidson,Nashville,7/22/2016 8:00:00 AM,1,0,0,36.158560,-86.787590,11TH AVN,,,,0.00,,,GRUNDY ST,,,,0.00,Y,OTHER,N,Non-Junction,None,,,         ,William,Vincion,Clear,Not Collision with Motor Vehicle in Transport,no,no,no,yes,yes,False
101300683,METROPOLITAN NASHVILLE POLICE DEPT,20160657907,Davidson,Nashville,7/22/2016 9:33:00 AM,2,0,0,36.158040,-86.771690,HERMITAGE AV,,,,108.00,Feet,South,KOREAN VETERANS BLVD,,,,0.00,N,Not at Intersection,N,Non-Junction,None,,,         ,Seth,Quiles,Clear,Angle,no,no,no,no,no,False
101300689,METROPOLITAN NASHVILLE POLICE DEPT,20160658006,Davidson,Nashville,7/22/2016 10:10:00 AM,3,1,0,36.046980,-86.863010,HILLSBORO PKE,,,,144.00,Feet,South,OLD HICKORY BLVD,,,,0.00,N,Not at Intersection,N,Non-Junction,None,,,         ,Nathan,Kemp,Clear,Front to Rear,no,no,no,no,no,False
101300691,METROPOLITAN NASHVILLE POLICE DEPT,20160657586,Davidson,Nashville,7/22/2016 12:00:00 AM,2,0,0,36.182900,-86.798580,I65 N EXT RAMP,,,,0.00,,,I 65,,,,0.00,Y,Four-Way, ,,None,,,         ,Julie,Nabors,,,no,no,no,no,no,False
101300693,METROPOLITAN NASHVILLE POLICE DEPT,20160658013,Davidson,Nashville,7/22/2016 10:15:00 AM,2,0,0,36.175500,-86.789750,6TH AVN,,,,350.00,Feet,South,MONROE ST,,,,0.00,N,Not at Intersection, ,Non-Junction,None,,,         ,Garren,Hoskins,Clear,"Sideswipe, Opposite Direction",no,no,no,no,no,False
101300701,METROPOLITAN NASHVILLE POLICE DEPT,2016-0658092,Davidson,Nashville,7/22/2016 10:53:00 AM,2,0,0,36.123840,-86.806500,HILLSBORO PKE,,,,70.00,Feet,North,I440 W EXT RAMP,,,,0.00,N,Not at Intersection, ,Non-Junction,None,,,         ,Walter,Gray II,Cloudy,Front to Rear,no,no,no,no,no,False
101300705,METROPOLITAN NASHVILLE POLICE DEPT,20160648022,Davidson,Nashville,7/19/2016 12:45:00 PM,2,0,0,36.164870,-86.819990,I40 W EXT RAMP,,,,0.00,,,I 40,,,,0.00,Y,Y-Intersection, ,,None,,,         ,Darryl,Morton,,,no,no,no,no,no,False
101300709,METROPOLITAN NASHVILLE POLICE DEPT,20160658180,Davidson,Nashville,7/22/2016 11:34:00 AM,2,0,0,36.192490,-86.622820,JUAREZ DR,,,,519.00,Feet,West,PANAMA DR,,,,0.00,N,Not at Intersection, ,Non-Junction,None,,,         ,Wesley,Young,Clear,Angle,no,no,no,no,no,False
101300713,METROPOLITAN NASHVILLE POLICE DEPT,20160658227,Davidson,Nashville,7/22/2016 11:20:00 AM,2,0,0,36.039780,-86.781480,I65 N EXT RAMP,,,,0.00,,,OLD HICKORY BLVD,,,,0.00,Y,OTHER, ,Entrance/Exit Ramp Related,None,,,         ,Earl,Davis,Clear,Front to Rear,no,no,no,no,no,False
101300726,METROPOLITAN NASHVILLE POLICE DEPT,20160654798,Davidson,Nashville,7/21/2016 10:43:00 AM,2,1,0,36.214760,-86.748000,ELLINGTON PKWYN,,,,137.00,Feet,South,ELLINGTON PKWY N EXT RAMP,,,,0.00,N,Not at Intersection,N,Non-Junction,None,,,         ,Christopher,Lo,Clear,Front to Rear,no,no,no,no,no,False
101300727,METROPOLITAN NASHVILLE POLICE DEPT,20160658017,Davidson,Nashville,7/22/2016 12:00:00 AM,2,0,0,36.206440,-86.598390,TOPEKA DR,,,,96.00,Feet,East,DENVER DR,,,,0.00,N,Not at Intersection,N,"Driveway, Alley Access, etc",None,,,         ,William,Walls,Clear,"Sideswipe, Opposite Direction",no,no,no,yes,yes,False
101300741,METROPOLITAN NASHVILLE POLICE DEPT,20160658270,Davidson,Nashville,7/22/2016 12:52:00 PM,2,0,0,36.128200,-86.713060,MURFREESBORO PKE,,,,15.00,Feet,North,PHILFRE CT,,,,0.00,N,Not at Intersection, ,Non-Junction,None,,,         ,Jessie,Meadows,Clear,Angle,no,no,no,no,no,False
101300743,METROPOLITAN NASHVILLE POLICE DEPT,20160658361,Davidson,Nashville,7/22/2016 12:54:00 PM,2,0,0,36.081100,-86.758360,HARDING PL,,,,0.00,,,TROUSDALE DR,,,,0.00,Y,Four-Way, ,,None,,,         ,Nathan,Kemp,,,no,no,no,no,no,False
101300761,METROPOLITAN NASHVILLE POLICE DEPT,20160658184,Davidson,Nashville,7/22/2016 11:30:00 AM,2,0,0,36.170400,-86.768450,INTERSTATE DR,,,,0.00,,,WOODLAND ST,,,,0.00,Y,Four-Way, ,Intersection,None,,,         ,Kimberly,Annson,Clear,"Sideswipe, Same Direction",no,no,no,no,no,False
101300763,METROPOLITAN NASHVILLE POLICE DEPT,20160658155,Davidson,Nashville,7/22/2016 11:20:00 AM,1,1,0,36.166200,-86.809780,ALBION ST,,,,300.00,Feet,West,21ST AVN,,,,0.00,N,Not at Intersection,N,SharedUsePathOrTrail,None,,,         ,Garren,Hoskins,Clear,Not Collision with Motor Vehicle in Transport,yes,no,no,yes,no,False
101300781,METROPOLITAN NASHVILLE POLICE DEPT,20160657948,Davidson,Nashville,7/22/2016 12:00:00 AM,2,0,0,36.168660,-86.780620,3RD AVE N,,,,50.00,Feet,South,,,,,1.00,N,Not at Intersection, ,Non-Junction,None,,,         ,Daniel,Russett,Clear,"Sideswipe, Same Direction",no,no,no,no,no,False
101300783,METROPOLITAN NASHVILLE POLICE DEPT,20160658424,Davidson,Nashville,7/22/2016 1:05:00 PM,2,0,0,36.086580,-86.771970,FRANKLIN PKE,,,,0.00,,,HARDING PL,,,,0.00,Y,Four-Way,N,Intersection,None,,,         ,Justin,Pinkelton,Cloudy,Front to Rear,no,no,no,no,yes,False
101300785,METROPOLITAN NASHVILLE POLICE DEPT,20160657637,Davidson,Nashville,7/22/2016 7:28:00 AM,2,0,0,36.040900,-86.779380,STONE BROOK DR,,,,0.00,,,OLD HICKORY BLVD,,,,0.00,Y,Four-Way, ,Intersection-Related,None,,,         ,Phillip,Murphy,Clear,"Sideswipe, Same Direction",no,no,no,no,no,False
101300798,METROPOLITAN NASHVILLE POLICE DEPT,20160658310,Davidson,Nashville,7/22/2016 12:20:00 PM,2,0,0,36.080420,-86.722010,HARDING PL,,,,382.00,Feet,East,HARDING MALL DR,,,,0.00,N,Not at Intersection,N,Non-Junction,None,,,         ,Brandon,O'Guin,Clear,Angle,no,no,no,no,no,False
101300800,METROPOLITAN NASHVILLE POLICE DEPT,20160655507,Davidson,Nashville,7/21/2016 12:00:00 AM,2,0,0,36.158530,-86.606110,BELL RD,,,,0.54,Miles,West,OLD HICKORY BLVD,,,,0.00,N,Not at Intersection,N,Non-Junction,None,,,         ,Kyle,Burks,Clear,Rear to Side,no,no,no,yes,yes,False
101300806,METROPOLITAN NASHVILLE POLICE DEPT,20160658271,Davidson,Nashville,7/22/2016 11:52:00 AM,1,0,0,36.214600,-86.867110,CATO RD,,,,772.00,Feet,West,BRILEY PKWY N ENT RAMP,,,,0.00,N,Not at Intersection,N,Non-Junction,None,,,         ,Michael,McCord,Clear,Not Collision with Motor Vehicle in Transport,no,no,no,no,no,False
101300811,METROPOLITAN NASHVILLE POLICE DEPT,20160658521,Davidson,Nashville,7/22/2016 2:46:00 PM,1,0,0,36.110160,-86.702230,MCGAVOCK PKE,,,,670.00,Feet,South,SCHOOL LN,,,,0.00,N,Not at Intersection, ,Non-Junction,None,,,         ,Jessie,Meadows,Clear,Not Collision with Motor Vehicle in Transport,no,no,no,no,no,False
101300815,METROPOLITAN NASHVILLE POLICE DEPT,2016-0654953,Davidson,Nashville,7/20/2016 8:30:00 PM,2,1,0,36.040930,-86.651710,I 24,,,,0.00,,,,,,,59.90,N,Not at Intersection,N,Non-Junction,None,,,         ,William,Whitworth,Clear,"Sideswipe, Same Direction",no,no,no,no,yes,False
101300827,METROPOLITAN NASHVILLE POLICE DEPT,20160658406,Davidson,Nashville,7/22/2016 1:15:00 PM,2,0,0,36.051880,-86.714470,NOLENSVILLE PKE,,,,137.00,Feet,North,OCALA DR,,,,0.00,N,Not at Intersection,N,Non-Junction,None,,,         ,Jessie,Meadows,Clear,Front to Rear,no,no,no,no,yes,False
101300844,METROPOLITAN NASHVILLE POLICE DEPT,20160655920,Davidson,Nashville,7/21/2016 5:35:00 PM,2,0,0,36.102250,-86.713460,I 24,,,,0.00,,,,,,,54.40,N,Not at Intersection, ,Non-Junction,None,,,         ,Michael,Russell,Clear,Front to Rear,no,no,no,no,no,False
101300852,METROPOLITAN NASHVILLE POLICE DEPT,20160630856,Davidson,Not in City Limit,7/13/2016 5:42:00 PM,2,3,0,36.263670,-86.704480,STATE RT 45,,,,0.00,,,DELAWARE AV,,,,0.00,Y,Four-Way,N,Intersection-Related,None,,,         ,Christopher,Littles,Clear,Angle,no,no,no,no,no,False
101300858,METROPOLITAN NASHVILLE POLICE DEPT,20160658598,Davidson,Nashville,7/22/2016 2:44:00 PM,2,0,0,36.113290,-86.772400,I 65,,,,0.00,,,,,,,80.00,N,Not at Intersection, ,Non-Junction,None,,,         ,Charles,Griffin,Cloudy,"Sideswipe, Same Direction",no,no,no,no,no,False
101300870,METROPOLITAN NASHVILLE POLICE DEPT,20160658663,Davidson,Nashville,7/22/2016 3:33:00 PM,2,0,0,36.193370,-86.623390,LEBANON PKE,,,,222.00,Feet,North,JUAREZ DR,,,,0.00,N,Not at Intersection, ,OtherLocation,None,,,         ,Christopher,Mackey,Clear,Front to Rear,no,no,no,no,no,False
101300873,METROPOLITAN NASHVILLE POLICE DEPT,20160658647,Davidson,Nashville,7/22/2016 12:00:00 AM,2,0,0,36.142050,-86.734210,I 40,,,,0.00,,,,,,,212.85,N,Not at Intersection,N,Non-Junction,None,,,         ,Craig,Gentry,Clear,Front to Rear,no,no,no,no,yes,False
101300876,METROPOLITAN NASHVILLE POLICE DEPT,20160658538,Davidson,Nashville,7/22/2016 2:40:00 PM,2,0,0,36.142590,-86.815500,WEST END AV,,,,0.00,,,31ST AVN,,,,0.00,Y,Four-Way, ,Intersection-Related,None,,,         ,Nicholas,Smith,Cloudy,Front to Rear,no,no,no,no,no,Campus
101300877,METROPOLITAN NASHVILLE POLICE DEPT,2016-0658208,Davidson,Nashville,7/22/2016 11:40:00 AM,2,0,0,36.153920,-86.787760,DEMONBREUN ST,,,,0.00,,,I40 W EXT RAMP,,,,0.00,Y,Four-Way, ,Intersection,Construction Zone,,,         ,William,Vincion,Cloudy,"Sideswipe, Same Direction",no,no,no,no,no,False
101300895,METROPOLITAN NASHVILLE POLICE DEPT,20160658405,Davidson,Nashville,7/22/2016 3:31:00 PM,2,0,0,36.070640,-86.634820,MURFREESBORO PKE,,,,602.00,Feet,South,BELL RD,,,,0.00,N,Not at Intersection, ,Non-Junction,None,,,         ,Jessie,Meadows,Clear,Front to Rear,no,no,no,no,no,False
101300899,METROPOLITAN NASHVILLE POLICE DEPT,20160658724,Davidson,Nashville,7/22/2016 3:52:00 PM,2,1,0,36.044680,-86.659520,I24 E ENT RAMP,,,,0.00,,,I 24,,,,0.00,Y,Y-Intersection,N,Entrance/Exit Ramp Related,None,,,         ,Kevin,Keating,Clear,Front to Rear,no,no,no,no,no,False
101300906,METROPOLITAN NASHVILLE POLICE DEPT,20160656007,Davidson,Goodlettsville,7/21/2016 6:00:00 PM,2,0,0,36.291510,-86.703230,GALLATIN PKEN,,,,284.00,Feet,South,RIVERGATE SQUARE PVTDR,,,,0.00,N,Not at Intersection,N,Non-Junction,None,,,         ,Derrick,Toney,Clear,Angle,no,no,no,no,no,False
101300911,METROPOLITAN NASHVILLE POLICE DEPT,20160658539,Davidson,Nashville,7/22/2016 2:40:00 PM,3,1,0,36.184930,-86.797440,I 65,,,,0.00,,,,,,,85.40,N,Not at Intersection,N,Non-Junction,None,,,         ,Keiara,Ward,Clear,"Sideswipe, Same Direction",no,no,no,no,no,False
101300923,METROPOLITAN NASHVILLE POLICE DEPT,20160658864,Davidson,Nashville,7/22/2016 12:00:00 AM,2,0,0,36.171850,-86.767900,JAMES ROBERTSON PKWY,,,,0.00,,,ELLINGTON PKWY N ENT RAMP,,,,0.00,Y,OTHER, ,Entrance/Exit Ramp Related,None,,,         ,Gordon,Stovall,Cloudy,Front to Rear,no,no,no,no,no,False
101300941,METROPOLITAN NASHVILLE POLICE DEPT,20160658814,Davidson,Nashville,7/22/2016 4:31:00 PM,3,0,0,36.171790,-86.768070,JAMES ROBERTSON PKWY,,,,53.00,Feet,West,I24 W EXT RAMP,,,,0.00,N,Not at Intersection,N,Entrance/Exit Ramp Related,None,,,         ,Kimberly,Brown,Clear,Front to Rear,no,no,no,no,no,False
101300945,METROPOLITAN NASHVILLE POLICE DEPT,20160658451,Davidson,Nashville,7/22/2016 1:44:00 PM,3,2,0,36.151420,-86.768640,I 40,,,,0.00,,,,,,,210.50,N,Not at Intersection,N,Non-Junction,None,,,         ,Torrance,Bennett,Clear,Front to Rear,no,no,no,no,no,False
101300962,METROPOLITAN NASHVILLE POLICE DEPT,20160658811,Davidson,Nashville,7/22/2016 4:31:00 PM,2,0,0,36.120050,-86.802660,I 440,,,,0.00,,,,,,,3.00,N,Not at Intersection, ,Non-Junction,None,,,         ,Charles,Griffin,Cloudy,Front to Rear,no,no,no,no,no,False
101300987,THP District 3 - Nashville,316040984,Davidson,Nashville,7/22/2016 5:10:00 PM,2,0,0,36.035400,-86.783010,I 65,,,,0.00,,,,,,,74.30,N,Not at Intersection, ,Non-Junction,None,,,         ,William,Goodman,Cloudy,Front to Rear,no,no,no,no,no,False
101300990,METROPOLITAN NASHVILLE POLICE DEPT,20160658923,Davidson,Nashville,7/22/2016 5:08:00 PM,2,1,0,36.175010,-86.784680,3RD AVN,,,,0.00,,,JEFFERSON ST,,,,0.00,Y,Four-Way,Y,Intersection-Related,None,,,         ,Christian,Martin,Cloudy,Front to Rear,no,no,no,no,no,False
101301000,GOODLETTSVILLE POLICE DEPT,16-25749,Davidson,Goodlettsville,7/22/2016 5:50:00 PM,2,0,0,36.315490,-86.713510,RIVERGATE PKWY,,,,0.00,Feet,,S MAIN ST,,,,0.00,Y,T-Intersection, ,Intersection-Related,None,,,         ,Wesley,Kinnaird,Clear,Front to Rear,no,no,no,no,no,False
101301007,METROPOLITAN NASHVILLE POLICE DEPT,20160658975,Davidson,Nashville,7/22/2016 5:20:00 PM,2,0,0,36.186730,-86.795460,I65 N ENT RAMP,,,,0.00,Feet,East,I 65,,,,0.00,N,Not at Intersection, ,Entrance/Exit Ramp Related,None,,,         ,Keiara,Ward,Clear,Front to Rear,no,no,no,no,no,False
101301021,METROPOLITAN NASHVILLE POLICE DEPT,20160659018,Davidson,Nashville,7/22/2016 5:00:00 PM,2,0,0,36.162200,-86.811150,HERMAN ST,,,,211.00,Feet,East,24TH AVN,,,,0.00,N,Not at Intersection, ,,None,,,         ,Aimee,Ortiz,,,no,no,no,no,no,False
101301022,METROPOLITAN NASHVILLE POLICE DEPT,2016-0658842,Davidson,Nashville,7/22/2016 4:08:00 PM,5,0,0,36.118800,-86.809350,HILLSBORO PKE,,,,336.00,Feet,South,STOKES LN,,,,0.00,N,Not at Intersection,N,Non-Junction,None,,,         ,Ralph,Smith IV,Cloudy,Front to Rear,no,no,no,no,no,False
101301025,METROPOLITAN NASHVILLE POLICE DEPT,20160658741,Davidson,Nashville,7/22/2016 4:31:00 PM,2,0,0,36.120050,-86.802660,I 440,,,,0.00,,,,,,,3.00,N,Not at Intersection, ,Non-Junction,None,,,         ,Charles,Griffin,Cloudy,Front to Rear,no,no,no,no,no,False
101301027,METROPOLITAN NASHVILLE POLICE DEPT,20160658654,Davidson,Nashville,7/22/2016 5:00:00 PM,2,0,0,36.129950,-86.754830,NOLENSVILLE PKE,,,,101.00,Feet,South,POLK AV,,,,0.00,N,Not at Intersection,N,Non-Junction,None,,,         ,Jessie,Meadows,Clear,"Sideswipe, Same Direction",no,no,no,no,no,False
101301028,METROPOLITAN NASHVILLE POLICE DEPT,20160658915,Davidson,Nashville,7/22/2016 6:04:00 PM,2,0,0,36.098650,-86.710300,I 24,,,,0.00,,,,,,,54.65,N,Not at Intersection,N,Non-Junction,None,,,         ,Jessie,Meadows,Clear,Front to Rear,no,no,no,no,no,False
101301029,METROPOLITAN NASHVILLE POLICE DEPT,20160659005,Davidson,Nashville,7/22/2016 6:17:00 PM,2,0,0,36.085700,-86.701670,I24 E EXT RAMP,,,,0.00,Feet,East,I 24,,,,0.00,N,Not at Intersection, ,Entrance/Exit Ramp Related,None,,,         ,Jessie,Meadows,Clear,Front to Rear,no,no,no,no,no,False
101301030,METROPOLITAN NASHVILLE POLICE DEPT,20160659088,Davidson,Nashville,7/22/2016 6:00:00 PM,2,0,0,36.115940,-86.794570,I 440,,,,0.00,,,,,,,3.70,N,Not at Intersection, ,Non-Junction,None,,,         ,Eric,Burford,Rain,Front to Rear,no,no,no,no,no,False
101301036,METROPOLITAN NASHVILLE POLICE DEPT,20160659107,Davidson,Nashville,7/22/2016 4:34:00 PM,2,0,0,36.134270,-86.774730,I65 N EXT RAMP,,,,0.00,,,I 65,,,,0.00,Y,Four-Way,N,Non-Junction,None,,,         ,Nicholas,Smith,Cloudy,"Sideswipe, Same Direction",no,no,no,no,yes,False
101301041,METROPOLITAN NASHVILLE POLICE DEPT,20160658396,Davidson,Nashville,7/22/2016 1:14:00 PM,2,0,0,36.243730,-86.762360,SKYLINE COMMONS PVTDR,,,,0.00,,,DOVERSIDE DR,,,,0.00,Y,OTHER,N,Non-Junction,None,,,         ,Ted,Woosley,Clear,Front to Rear,no,no,no,yes,yes,False
101301044,METROPOLITAN NASHVILLE POLICE DEPT,20160659173,Davidson,Nashville,7/22/2016 6:25:00 PM,2,0,0,36.085970,-86.691090,ANTIOCH PKE,,,,0.00,Feet,North,PERIMETER HILL DR,,,,0.00,N,Not at Intersection, ,Non-Junction,None,,,         ,Richard,Olive,Cloudy,"Sideswipe, Same Direction",no,no,no,no,no,False
101301050,METROPOLITAN NASHVILLE POLICE DEPT,2016-0659165,Davidson,Nashville,7/22/2016 6:09:00 PM,2,0,0,36.150560,-86.866800,I 40,,,,0.00,,,,,,,203.40,N,Not at Intersection,N,Non-Junction,None,,,         ,Walter,Gray II,Cloudy,Other,no,no,no,no,yes,False
101301060,METROPOLITAN NASHVILLE POLICE DEPT,20160659073,Davidson,Nashville,7/22/2016 6:10:00 PM,1,1,0,36.160470,-86.778440,5TH AVS,,,,0.00,,,BROADWAY,,,,0.00,Y,Four-Way,N,Intersection-Related,None,,,         ,Derek,Betty,Clear,Not Collision with Motor Vehicle in Transport,yes,no,no,no,no,False
101301063,METROPOLITAN NASHVILLE POLICE DEPT,20160659164,Davidson,Not in City Limit,7/22/2016 6:40:00 PM,2,0,0,36.258710,-86.738280,I 65,,,,0.00,,,,,,,91.85,N,Not at Intersection, ,Non-Junction,None,,,         ,William,Crowe,Cloudy,"Sideswipe, Same Direction",no,no,no,no,no,False
101301064,METROPOLITAN NASHVILLE POLICE DEPT,20160658966,Davidson,Nashville,7/22/2016 5:11:00 PM,2,0,0,36.037290,-86.787630,OLD HICKORY BLVD,,,,300.00,Feet,West,FRANKLIN PKE,,,,0.00,N,Not at Intersection, ,Non-Junction,None,,,         ,Charles,Griffin,Cloudy,Front to Rear,no,no,no,no,no,False
101301067,METROPOLITAN NASHVILLE POLICE DEPT,20160658938,Davidson,Nashville,7/22/2016 5:13:00 PM,2,0,0,36.136090,-86.892890,I 40,,,,0.00,,,,,,,201.60,N,Not at Intersection, ,,None,,,         ,Benjamin,Spees,,,no,no,no,no,no,False
101301069,METROPOLITAN NASHVILLE POLICE DEPT,20160659015,Davidson,Nashville,7/22/2016 5:17:00 PM,2,0,0,36.111620,-86.792580,WOODMONT BLVD,,,,0.00,,,GRANNY WHITE PKE,,,,0.00,Y,Four-Way, ,Non-Junction,None,,,         ,Ralph,Smith IV,Rain,Front to Rear,no,no,no,no,no,False
101301071,METROPOLITAN NASHVILLE POLICE DEPT,20160658666,Davidson,Nashville,7/22/2016 3:34:00 PM,2,0,0,36.116990,-86.697520,MCGAVOCK PKE,,,,173.00,Feet,North,MURFREESBORO PKE,,,,0.00,N,Not at Intersection, ,Non-Junction,None,,,         ,Jaby,Djabbarov,Clear,Angle,no,no,no,no,no,False
101301074,METROPOLITAN NASHVILLE POLICE DEPT,20160658978,Davidson,Nashville,7/22/2016 5:20:00 PM,1,0,0,36.160800,-86.781800,COMMERCE ST,,,,0.00,,,7TH AVN,,,,0.00,Y,Four-Way, ,Intersection-Related,None,,,         ,Derek,Betty,Clear,Not Collision with Motor Vehicle in Transport,no,yes,no,no,no,False
101301077,METROPOLITAN NASHVILLE POLICE DEPT,20160659108,Davidson,Nashville,7/22/2016 5:54:00 PM,2,0,0,36.043020,-86.744130,EDMONDSON PKE,,,,150.00,Feet,South,DERBY TRC,,,,0.00,N,Not at Intersection, ,Non-Junction,None,,,         ,Charles,Griffin,Cloudy,Angle,no,no,no,no,no,False
101301082,METROPOLITAN NASHVILLE POLICE DEPT,20160659370,Davidson,Nashville,7/22/2016 6:30:00 PM,2,0,0,36.121800,-86.794830,BELMONT BLVD,,,,86.00,Feet,North,KIRKWOOD AV,,,,0.00,N,Not at Intersection, ,Non-Junction,None,,,         ,Eric,Burford,Rain,Front to Rear,no,no,no,no,no,False