master_record_number,agency,agency_tracking_number,county,city,collision_date,vehicles_involved,number_injured,number_dead,latitude,longitude,roadway_name,roadway_suffix,roadway_number,roadway_local_id,distance_from_reference,miles-feet_indicator,direction_from_reference,intersection_road_name,intersection_road_name_suffix,intersection_road_number,intersection_local_id,mile_marker,intersection_indicator,intersect_type,interchange_related_indicator,relation_to_junction,work_zone_type,construction_maintenance_zone,construction_maintenance_zone_location,fatal_case_number,officer_first_name,officer_last_name,weather_condition(s),manner_of_crash,pedestrian,bicycle,scooter,parking,hitrun,mou
101301085,METROPOLITAN NASHVILLE POLICE DEPT,20160658990,Davidson,Not in City Limit,7/22/2016 5:19:00 PM,2,0,0,36.263570,-86.716790,OLD HICKORY BLVDW,,,,50.00,Feet,West,PEGGY ST,,,,0.00,N,Not at Intersection,N,Non-Junction,None,,,         ,Samuel,Miller,Cloudy,Front to Rear,no,no,no,no,no,False
101301092,METROPOLITAN NASHVILLE POLICE DEPT,20160658914,Davidson,Nashville,7/22/2016 4:40:00 PM,1,1,0,36.213240,-86.733680,BAXTER AV,,,,354.00,Feet,North,HART LN,,,,0.00,N,Not at Intersection,N,Non-Junction,None,,,         ,Audrean,Manquero,Cloudy,Not Collision with Motor Vehicle in Transport,yes,no,no,yes,no,False
101301095,GOODLETTSVILLE POLICE DEPT,16-25750,Davidson,Goodlettsville,7/22/2016 5:59:00 PM,2,0,0,36.315010,-86.711470,RIVERGATE PKWY,,,,150.00,Feet,West,DONALD AV,,,,0.00,N,Not at Intersection, ,Non-Junction,None,,,         ,Stephen,Hodges,Clear,"Sideswipe, Same Direction",no,no,no,no,yes,False
101301100,METROPOLITAN NASHVILLE POLICE DEPT,20160659076,Davidson,Goodlettsville,7/22/2016 6:00:00 PM,2,0,0,36.290760,-86.722300,I 65,,,,0.00,,,,,,,94.30,N,Not at Intersection, ,Non-Junction,None,,,         ,Samuel,Miller,Cloudy,Front to Rear,no,no,no,no,no,False
101301102,METROPOLITAN NASHVILLE POLICE DEPT,20160658776,Davidson,Nashville,7/22/2016 4:05:00 PM,2,0,0,36.045270,-86.714260,OLD HICKORY BLVD,,,,160.00,Feet,East,BRENTWOOD EAST DR,,,,0.00,N,Not at Intersection, ,Non-Junction,None,,,         ,Nicholas,Berens,Cloudy,Angle,no,no,no,no,no,False
101301107,METROPOLITAN NASHVILLE POLICE DEPT,20160658695,Davidson,Nashville,7/22/2016 3:47:00 PM,2,0,0,36.090590,-86.626140,BELL RD,,,,139.00,Feet,East,SMITH SPRINGS RD,,,,0.00,N,Not at Intersection,N,Non-Junction,None,,,         ,Michael,Apsey,Cloudy,Angle,no,no,no,no,no,False
101301108,METROPOLITAN NASHVILLE POLICE DEPT,20160659300,Davidson,Nashville,7/22/2016 6:25:00 PM,2,0,0,36.124750,-86.794250,BELMONT BLVD,,,,0.00,,,SWEETBRIAR AV,,,,0.00,Y,T-Intersection,N,Intersection,None,,,         ,Charles,Griffin,Rain,Front to Rear,no,no,no,no,no,False
101301118,METROPOLITAN NASHVILLE POLICE DEPT,20160658933,Davidson,Nashville,7/22/2016 5:11:00 PM,2,1,0,36.090470,-86.627030,SMITH SPRINGS RD,,,,166.00,Feet,West,BELL RD,,,,0.00,N,Not at Intersection,N,Non-Junction,None,,,         ,Michael,Apsey,Cloudy,Angle,no,no,no,no,yes,False
101301127,METROPOLITAN NASHVILLE POLICE DEPT,20160658534,Davidson,Nashville,7/22/2016 2:37:00 PM,2,0,0,36.153630,-86.753610,HERMITAGE AV,,,,0.00,,,DECATUR AV,,,,0.00,Y,T-Intersection,N,Intersection,None,,,         ,Wesley,Young,Clear,Angle,no,no,no,no,yes,False
101301140,METROPOLITAN NASHVILLE POLICE DEPT,20160659139,Davidson,Nashville,7/22/2016 12:00:00 AM,2,0,0,36.172980,-86.765440,SPRING ST,,,,57.00,Feet,North,MAIN ST,,,,0.00,N,Not at Intersection, ,,None,,,         ,Gordon,Stovall,,,no,no,no,no,no,False
101301141,METROPOLITAN NASHVILLE POLICE DEPT,20160659264,Davidson,Nashville,7/22/2016 6:57:00 PM,2,0,0,36.210610,-86.721780,GOLF ST,,,,13.00,Feet,West,JAKES AV,,,,0.00,N,Not at Intersection, ,Non-Junction,None,,,         ,Audrean,Manquero,Cloudy,Angle,no,no,no,no,no,False
101301162,METROPOLITAN NASHVILLE POLICE DEPT,20160659586,Davidson,Nashville,7/22/2016 8:18:00 PM,2,0,0,36.149620,-86.798020,BROADWAY,,,,0.00,,,20TH AVS,,,,0.00,Y,T-Intersection, ,Intersection,None,,,         ,Charles,Griffin,Clear,Angle,no,no,no,no,no,Campus
101301169,METROPOLITAN NASHVILLE POLICE DEPT,20160659052,Davidson,Nashville,7/22/2016 6:00:00 PM,2,1,0,36.180300,-86.816260,BUCHANAN ST,,,,0.00,,,24TH AVN,,,,0.00,Y,Four-Way,N,Intersection-Related,None,,,         ,Landon,Bagwell,Cloudy,Front to Rear,no,no,no,no,no,False
101301177,METROPOLITAN NASHVILLE POLICE DEPT,20160659115,Davidson,Nashville,7/22/2016 6:20:00 PM,2,0,0,36.047010,-86.713460,NOLENSVILLE PKE,,,,602.00,Feet,North,OLD HICKORY BLVD,,,,0.00,N,Not at Intersection, ,Non-Junction,None,,,         ,Darryl,Williams,Clear,"Sideswipe, Same Direction",no,no,no,no,no,False
101301183,METROPOLITAN NASHVILLE POLICE DEPT,20160659181,Davidson,Nashville,7/22/2016 6:50:00 PM,2,0,0,36.111060,-86.747360,THOMPSON LN,,,,0.00,,,LOUISE DR,,,,0.00,Y,T-Intersection, ,Non-Junction,None,,,         ,Eric,Thomas,Rain,HeadOn,no,no,no,no,no,False
101301191,METROPOLITAN NASHVILLE POLICE DEPT,20160659948,Davidson,Nashville,7/22/2016 11:10:00 PM,2,0,0,36.173590,-86.602150,CENTRAL PKE,,,,0.00,,,OLD HICKORY BLVD,,,,0.00,Y,Four-Way,N,Intersection,None,,,         ,Bo,Branum,Clear,Angle,no,no,no,no,no,False
101301204,METROPOLITAN NASHVILLE POLICE DEPT,20160659945,Davidson,Nashville,7/22/2016 11:05:00 PM,2,1,0,36.206850,-86.777880,BRICK CHURCH PKE,,,,0.00,,,,,,,0.00,,,N,Intersection-Related,None,,,         ,Geoffrey,Daugherty,Clear,Front to Rear,no,no,no,no,no,False
101301213,METROPOLITAN NASHVILLE POLICE DEPT,20160660093,Davidson,Nashville,7/22/2016 10:30:00 PM,2,0,0,36.066580,-86.718140,NORTHCREST DR,,,,67.00,Feet,West,NOLENSVILLE PKE,,,,0.00,N,Not at Intersection, ,Non-Junction,None,,,         ,Stephen,Waterman,Clear,Rear to Side,no,no,no,yes,yes,False
101301216,METROPOLITAN NASHVILLE POLICE DEPT,20160659949,Davidson,Nashville,7/22/2016 11:07:00 PM,2,0,0,36.085300,-86.647860,MURFREESBORO PKE,,,,630.00,Feet,North,BROOKSBORO PL,,,,0.00,N,Not at Intersection, ,"Driveway, Alley Access, etc",None,,,         ,Bridget,Griepentrog,Clear,Front to Rear,no,no,no,no,no,False
101301219,METROPOLITAN NASHVILLE POLICE DEPT,201606602271,Davidson,Nashville,7/23/2016 12:00:00 AM,1,0,0,36.122080,-86.717690,EAST THOMPSON LN,,,,93.00,Feet,South,LAWNDALE DR,,,,0.00,N,Not at Intersection,N,Non-Junction,None,,,         ,Brian,Mclarty,Clear,Not Collision with Motor Vehicle in Transport,no,no,no,no,no,False
101301220,METROPOLITAN NASHVILLE POLICE DEPT,20160660300,Davidson,Nashville,7/23/2016 1:29:00 AM,2,0,0,36.229380,-86.759280,BROADMOOR DR,,,,0.00,,,DICKERSON PKE,,,,0.00,Y,Four-Way,Y,Intersection,None,,,         ,Edward,Conrads,Cloudy,HeadOn,no,no,no,no,no,False
101301252,METROPOLITAN NASHVILLE POLICE DEPT,20160660445,Davidson,Not in City Limit,7/23/2016 2:43:00 AM,1,0,0,36.300290,-86.886950,CLARKSVILLE PKE,,,,0.00,,,,,,,0.00,,,N,Non-Junction,None,,,         ,Geoffrey,Daugherty,Clear,Not Collision with Motor Vehicle in Transport,no,no,no,no,no,False
101301253,METROPOLITAN NASHVILLE POLICE DEPT,20160660506,Davidson,Nashville,7/23/2016 3:19:00 AM,1,0,0,36.224090,-86.774280,I24 W ENT RAMP,,,,0.00,,,I 65,,,,0.00,Y,OTHER, ,,None,,,         ,Patrick,McGinnis,,,no,no,no,no,no,False
101301254,METROPOLITAN NASHVILLE POLICE DEPT,20160656741,Davidson,Nashville,7/21/2016 11:30:00 PM,2,1,0,36.090330,-86.626500,BELL RD,,,,0.00,,,SMITH SPRINGS RD,,,,0.00,Y,Four-Way,N,Non-Junction,None,,,         ,Charles,Shaw,Clear,Angle,no,no,no,no,no,False
101301257,METROPOLITAN NASHVILLE POLICE DEPT,20160660508,Davidson,Not in City Limit,7/23/2016 3:20:00 AM,1,0,0,36.074170,-86.973030,I 40,,,,0.00,,,,,,,195.25,N,Not at Intersection,N,Non-Junction,None,,,         ,Albert,Wilson,Clear,Not Collision with Motor Vehicle in Transport,no,no,no,no,no,False
101301258,METROPOLITAN NASHVILLE POLICE DEPT,2016-0660427,Davidson,Nashville,7/23/2016 12:00:00 AM,2,0,0,36.161020,-86.777200,BROADWAY,,,,0.00,,,4TH AVN,,,,0.00,Y,Four-Way, ,Intersection,None,,,         ,Kevin,Ott,Clear,"Sideswipe, Same Direction",no,no,no,no,no,False
101301259,METROPOLITAN NASHVILLE POLICE DEPT,20160660410,Davidson,Not in City Limit,7/23/2016 12:00:00 AM,1,0,0,36.260130,-86.851000,CLARKSVILLE PKE,,,,0.76,Miles,North,LLOYD RD,,,,0.00,N,Not at Intersection,N,Non-Junction,None,,,         ,Matthew,Lachance,Clear,Not Collision with Motor Vehicle in Transport,no,no,no,yes,no,False
101301260,METROPOLITAN NASHVILLE POLICE DEPT,20160660492,Davidson,Not in City Limit,7/23/2016 2:45:00 AM,1,0,0,36.300580,-86.886870,CLARKSVILLE PKE,,,,0.00,,,,,,,0.00,,Not at Intersection,N,Non-Junction,None,,,         ,Geoffrey,Daugherty,Clear,Not Collision with Motor Vehicle in Transport,no,no,no,no,no,False
101301267,METROPOLITAN NASHVILLE POLICE DEPT,2016-0660514,Davidson,Nashville,7/23/2016 3:30:00 AM,2,1,0,36.063060,-86.771800,I 65,,,,0.00,,,,,,,75.45,N,Not at Intersection,N,Non-Junction,None,,,         ,Thomas,Miller,Clear,"Sideswipe, Same Direction",no,no,no,no,yes,False
101301269,METROPOLITAN NASHVILLE POLICE DEPT,20160660632,Davidson,Nashville,7/23/2016 4:45:00 AM,2,0,0,36.215820,-86.801610,WHITES CREEK PKE,,,,217.00,Feet,South,MALTA DR,,,,0.00,N,Not at Intersection,N,Non-Junction,None,,,         ,Benjamin,Cole,Clear,Angle,no,no,no,no,yes,False
101301271,METROPOLITAN NASHVILLE POLICE DEPT,20160660666,Davidson,Nashville,7/23/2016 5:29:00 AM,2,0,0,36.111260,-86.712590,BRILEY PKWYS,,,,254.00,Feet,East,DRUMMOND DR,,,,0.00,N,Not at Intersection,N,Non-Junction,None,,,         ,Erik,Dabbs,Cloudy,Front to Rear,no,no,no,no,yes,False
101301286,METROPOLITAN NASHVILLE POLICE DEPT,20160659881,Davidson,Nashville,7/22/2016 10:39:00 PM,2,1,0,36.130070,-86.900780,CHARLOTTE PKE,,,,0.00,Feet,,CABOT DR,,,,0.00,Y,Y-Intersection,N,Intersection-Related,None,,,         ,Kristen,Morgan,Clear,Front to Rear,no,no,no,no,no,False
101301305,METROPOLITAN NASHVILLE POLICE DEPT,20160660778,Davidson,Nashville,7/23/2016 6:58:00 AM,1,0,0,36.146570,-86.705000,ELM HILL PKE,,,,419.00,Feet,North,AIR LANE DR,,,,0.00,N,Not at Intersection, ,Non-Junction,None,,,         ,Richard,Hyatt,Cloudy,Not Collision with Motor Vehicle in Transport,no,no,no,no,no,False
101301316,METROPOLITAN NASHVILLE POLICE DEPT,20160658272,Davidson,Madison,7/22/2016 12:16:00 PM,2,0,0,36.263150,-86.712800,OLD HICKORY BLVDW,,,,59.00,Feet,West,OLD TIME VILLAGE PVTDR,,,,0.00,N,Not at Intersection, ,Non-Junction,None,,,         ,Spencer,Pittman,Cloudy,Front to Rear,no,no,no,no,no,False
101301331,GOODLETTSVILLE POLICE DEPT,16-25337,Davidson,Goodlettsville,7/21/2016 5:09:00 PM,2,0,0,36.311709,-86.682196,VIETNAM VETERANS BLVD,,SR386,,1665.00,Feet,East,CONFERENCE DR,,,,0.00,N,Not at Intersection, ,Non-Junction,None,,,         ,John,Spencer,Rain,Front to Rear,no,no,no,no,no,False
101301349,METROPOLITAN NASHVILLE POLICE DEPT,2016-0600601,Davidson,Nashville,7/4/2016 2:10:00 PM,1,0,0,36.216780,-86.712440,CARDINAL AV,,,,123.00,Feet,North,MURRAY PL,,,,0.00,N,Not at Intersection, ,,None,,,         ,Richard,Conger,,,no,no,no,no,no,False
101301350,METROPOLITAN NASHVILLE POLICE DEPT,2016-0654979,Davidson,Nashville,7/21/2016 12:03:00 PM,2,0,0,36.160470,-86.778440,BROADWAY,,,,0.00,,,5TH AVS,,,,0.00,Y,Four-Way,N,Intersection-Related,None,,,         ,Daniel,Massey,Clear,Angle,no,no,no,no,yes,False
101301359,METROPOLITAN NASHVILLE POLICE DEPT,20160661103,Davidson,Nashville,7/23/2016 10:10:00 AM,2,0,0,36.074070,-86.920800,OLD HICKORY BLVD,,,,111.00,Feet,North,BELLEVUE VALLEY PLAZA PVTDR,,,,0.00,N,Not at Intersection, ,Non-Junction,None,,,         ,Andrew,Maholland,Clear,Angle,no,no,no,no,yes,False
101301360,METROPOLITAN NASHVILLE POLICE DEPT,20160661110,Davidson,Nashville,7/23/2016 10:14:00 AM,2,0,0,36.160940,-86.849380,TENNESSEE AV,,,,85.00,Feet,West,51ST AVN,,,,0.00,N,Not at Intersection,N,Non-Junction,None,,,         ,Brandon,Helms,Clear,Front to Rear,no,no,no,no,yes,False
101301361,METROPOLITAN NASHVILLE POLICE DEPT,2016-0661109,Davidson,Nashville,7/23/2016 10:15:00 AM,2,0,0,36.109690,-86.816830,CRESTMOOR RD,,,,268.00,Feet,East,CLEGHORN AV,,,,0.00,N,Not at Intersection, ,Non-Junction,None,,,         ,Paul,Junkmann,Cloudy,Angle,no,no,no,no,no,False
101301367,METROPOLITAN NASHVILLE POLICE DEPT,20160661122,Davidson,Nashville,7/23/2016 10:22:00 AM,2,0,0,36.210920,-86.733110,GREENFIELD AV,,,,0.00,,,GALLATIN PKE,,,,0.00,Y,T-Intersection,N,Intersection,None,,,         ,Richard,Conger,Clear,"Sideswipe, Opposite Direction",no,no,no,no,no,False
101301373,METROPOLITAN NASHVILLE POLICE DEPT,2016-0658302,Davidson,Nashville,7/22/2016 12:15:00 PM,2,0,0,36.151780,-86.768600,2ND AVS,,,,0.00,,,I40 W EXT RAMP,,,,0.00,Y,Four-Way, ,Intersection,None,,,         ,Daniel,Massey,Clear,"Sideswipe, Same Direction",no,no,no,no,no,False
101301385,METROPOLITAN NASHVILLE POLICE DEPT,20160660928,Davidson,Nashville,7/23/2016 12:00:00 AM,2,0,0,36.165710,-86.755800,S 7TH ST,,,,56.00,Feet,North,S 8TH CT,,,,0.00,N,Not at Intersection,N,Non-Junction,None,,,         ,Steven,Spillers,Unknown,"Sideswipe, Opposite Direction",no,no,no,no,yes,False
101301392,METROPOLITAN NASHVILLE POLICE DEPT,20160661253,Davidson,Nashville,7/23/2016 11:50:00 AM,2,0,0,36.156100,-86.848800,51ST AVN,,,,147.00,Feet,South,INDIANA AV,,,,0.00,N,Not at Intersection, ,Non-Junction,None,,,         ,Brandon,Helms,Clear,Angle,no,no,no,no,no,False
101301393,METROPOLITAN NASHVILLE POLICE DEPT,20160658394,Davidson,Nashville,7/22/2016 1:13:00 PM,2,1,0,36.042280,-86.637760,MT VIEW RD,,,,971.00,Feet,East,BABY RUTH LN,,,,0.00,N,Not at Intersection,N,Non-Junction,None,,,         ,Robert,Erickson,Clear,Front to Rear,no,no,no,no,yes,False
101301413,METROPOLITAN NASHVILLE POLICE DEPT,20160661160,Davidson,Nashville,7/23/2016 10:45:00 AM,2,0,0,36.045460,-86.704030,OLD HICKORY BLVD,,,,125.00,Feet,West,EULALA DR,,,,0.00,N,Not at Intersection, ,Non-Junction,None,,,         ,Blake,Lutz,Clear,Front to Rear,no,no,no,no,yes,False
101301414,METROPOLITAN NASHVILLE POLICE DEPT,20160661250,Davidson,Nashville,7/23/2016 11:45:00 AM,2,1,0,36.039260,-86.782500,OLD HICKORY BLVD,,,,0.00,Feet,East,I 65,,,,0.00,N,Not at Intersection,N,Non-Junction,None,,,         ,Brent,Bauer,Cloudy,"Sideswipe, Same Direction",no,no,no,no,no,False
101301431,METROPOLITAN NASHVILLE POLICE DEPT,20160661348,Davidson,Nashville,7/23/2016 12:38:00 PM,2,0,0,36.150690,-86.767950,LAFAYETTE ST,,,,0.00,,,2ND AVS,,,,0.00,Y,Four-Way,N,Intersection,None,,,         ,Richard,Hyatt,Cloudy,Angle,no,no,no,no,yes,False
101301447,METROPOLITAN NASHVILLE POLICE DEPT,20160661386,Davidson,Nashville,7/23/2016 1:11:00 PM,2,1,0,36.200320,-86.618600,LEBANON PKE,,,,0.00,,,HERMITAGE RD,,,,0.00,Y,Four-Way,N,Intersection,None,,,         ,Michael,Dance,Clear,Angle,no,no,no,no,no,False
101301456,METROPOLITAN NASHVILLE POLICE DEPT,20160661374,Davidson,Nashville,7/23/2016 12:45:00 PM,2,0,0,36.087430,-86.692210,ANTIOCH PKE,,,,0.00,,,HARDING PL,,,,0.00,Y,Four-Way, ,Intersection,None,,,         ,Paul,Ellis,Cloudy,Front to Rear,no,no,no,no,no,False
101301457,METROPOLITAN NASHVILLE POLICE DEPT,20160661389,Davidson,Not in City Limit,7/23/2016 1:06:00 PM,2,0,0,36.279760,-86.708650,GALLATIN PKEN,,,,76.00,Feet,South,ELMORE AV,,,,0.00,N,Not at Intersection,N,Non-Junction,None,,,         ,Spencer,Pittman,Clear,Angle,no,no,no,no,no,False
101301465,METROPOLITAN NASHVILLE POLICE DEPT,20160661352,Davidson,Not in City Limit,7/23/2016 12:45:00 PM,3,3,0,36.092480,-86.938480,I 40,,,,0.00,,,,,,,197.60,N,Not at Intersection,N,Non-Junction,None,,,         ,Wesley,Tilley,Clear,Front to Rear,no,no,no,no,no,False
101301488,METROPOLITAN NASHVILLE POLICE DEPT,20160661502,Davidson,Nashville,7/23/2016 2:55:00 PM,2,0,0,36.226310,-86.603190,SAUNDERSVILLE RD,,,,0.00,,,SHUTE LN,,,,0.00,Y,T-Intersection, ,Non-Junction,None,,,         ,Tyler,Conrads,Rain,Front to Rear,no,no,no,no,no,False
101301489,METROPOLITAN NASHVILLE POLICE DEPT,20160658785,Davidson,Nashville,7/22/2016 4:16:00 PM,2,4,0,36.128880,-86.786000,10TH AVS,,,,0.00,,,LAWRENCE AV,,,,0.00,Y,Four-Way,N,Intersection,None,,,         ,Maria,Cortez,Cloudy,Angle,no,no,no,no,no,False
101301494,METROPOLITAN NASHVILLE POLICE DEPT,20160661495,Davidson,Nashville,7/23/2016 2:40:00 PM,2,0,0,36.130930,-86.795550,BELMONT BLVD,,,,0.00,,,COMPTON AV,,,,0.00,Y,T-Intersection, ,,None,,,         ,Charles,Griffin,,,no,no,no,no,no,False
101301513,THP District 3 - Nashville,316040817,Davidson,Nashville,7/21/2016 9:20:00 PM,2,0,0,36.215790,-86.775320,I 65,,,,0.00,,,,,,,88.00,N,Not at Intersection, ,,Construction Zone,,,         ,Randall retired,Cole retired,,,no,no,no,no,no,False
101301514,METROPOLITAN NASHVILLE POLICE DEPT,20160658965,Davidson,Nashville,7/22/2016 5:10:00 PM,2,0,0,36.147470,-86.744010,I 40,,,,0.00,,,,,,,212.00,N,Not at Intersection, ,Non-Junction,None,,,         ,John,Daugherty,Clear,Front to Rear,no,no,no,no,no,False
101301525,METROPOLITAN NASHVILLE POLICE DEPT,20160661506,Davidson,Nashville,7/23/2016 2:50:00 PM,2,1,0,36.168910,-86.600570,OLD HICKORY BLVD,,,,153.00,Feet,North,MILLS RD,,,,0.00,N,Not at Intersection,N,Non-Junction,None,,,         ,Tyler,Maupin,Cloudy,Angle,no,no,no,no,no,False
101301545,METROPOLITAN NASHVILLE POLICE DEPT,20160656451,Davidson,Nashville,7/21/2016 9:24:00 PM,2,0,0,36.182380,-86.799580,I65 S ENT RAMP,,,,0.00,,,I 65,,,,0.00,Y,OTHER,Y,Entrance/Exit Ramp Related,None,,,         ,Christopher,Templin,Clear,"Sideswipe, Same Direction",no,no,no,no,no,False
101301559,METROPOLITAN NASHVILLE POLICE DEPT,20160661635,Davidson,Nashville,7/23/2016 3:55:00 PM,2,1,0,36.049280,-86.651730,BELL RD,,,,0.00,,,HICKORY HOLLOW MALL PVTDR PL,,,,0.00,Y,Four-Way,N,Intersection,None,,,         ,Marcus,Darden,Clear,HeadOn,no,no,no,no,no,False
101301562,METROPOLITAN NASHVILLE POLICE DEPT,20160661662,Davidson,Nashville,7/23/2016 4:05:00 PM,2,0,0,36.196780,-86.741700,CAHAL AV,,,,137.00,Feet,East,GALLATIN AV,,,,0.00,N,Not at Intersection, ,,None,,,         ,Jonathan,Hadley,,,no,no,no,yes,no,False
101301567,METROPOLITAN NASHVILLE POLICE DEPT,20160661767,Davidson,Nashville,7/23/2016 12:00:00 AM,2,0,0,36.188500,-86.793580,I 65,,,,0.00,,,,,,,85.50,N,Not at Intersection, ,Non-Junction,None,,,         ,Adam,Gartner,Clear,Front to Rear,no,no,no,no,yes,False
101301571,METROPOLITAN NASHVILLE POLICE DEPT,20160661833,Davidson,Nashville,7/23/2016 5:06:00 PM,2,0,0,36.044410,-86.780390,I 65,,,,0.00,,,,,,,75.00,N,Not at Intersection, ,Non-Junction,None,,,         ,Charles,Griffin,Clear,"Sideswipe, Same Direction",no,no,no,no,no,False
101301580,METROPOLITAN NASHVILLE POLICE DEPT,20160661498,Davidson,Nashville,7/23/2016 2:54:00 PM,1,1,0,36.066430,-86.644160,RURAL HILL RD,,,,625.00,Feet,North,EVANFIELD CT,,,,0.00,N,Not at Intersection,N,Non-Junction,None,,,         ,Darryl,Williams,Clear,Not Collision with Motor Vehicle in Transport,no,no,no,no,no,False
101301592,METROPOLITAN NASHVILLE POLICE DEPT,20160661568,Davidson,Nashville,7/23/2016 3:25:00 PM,2,0,0,36.239700,-86.738940,ELLINGTON PKWY S ENT RAMP,,,,0.00,,,ELLINGTON PKWYN,,,,0.00,Y,OTHER,N,Non-Junction,None,,,         ,William,Crowe,Clear,Angle,no,no,no,no,no,False
101301603,GOODLETTSVILLE POLICE DEPT,16-25861,Davidson,Goodlettsville,7/23/2016 6:13:00 PM,2,0,0,36.309390,-86.695460,VIETNAM VETERANS BLVD SB EXT R,,,,0.00,,,CONFERENCE DR,,,,0.00,Y,T-Intersection, ,Entrance/Exit Ramp Related,None,,,         ,Hannah,Poole,Clear,Front to Rear,no,no,no,no,no,False
101301606,METROPOLITAN NASHVILLE POLICE DEPT,20160652350,Davidson,Nashville,7/21/2016 12:00:00 AM,2,0,0,36.175230,-86.771630,I 24,,,,0.00,,,,,,,48.05,N,Not at Intersection, ,Non-Junction,None,,,         ,Kendra,Cowper,Clear,Front to Rear,no,no,no,no,yes,False
101301612,METROPOLITAN NASHVILLE POLICE DEPT,20160655748,Davidson,Nashville,7/21/2016 4:51:00 PM,2,0,0,36.167470,-86.812730,MEHARRY BLVD,,,,71.00,Feet,West,24TH AVN,,,,0.00,N,Not at Intersection,N,Non-Junction,None,,,         ,Christopher,Templin,Clear,HeadOn,no,no,no,no,no,False
101301616,METROPOLITAN NASHVILLE POLICE DEPT,20160661973,Davidson,Nashville,7/23/2016 6:31:00 PM,2,0,0,36.084810,-86.763310,I 65,,,,0.00,,,,,,,78.00,N,Not at Intersection, ,Non-Junction,None,,,         ,Charles,Griffin,Clear,Angle,no,no,no,no,no,False
101301624,METROPOLITAN NASHVILLE POLICE DEPT,20160655893,Davidson,Nashville,7/21/2016 12:00:00 AM,2,0,0,36.191530,-86.787030,I 65,,,,0.00,,,,,,,85.90,N,Not at Intersection, ,Non-Junction,None,,,         ,Kendra,Cowper,Clear,Front to Rear,no,no,no,no,no,False
101301629,METROPOLITAN NASHVILLE POLICE DEPT,20160661488,Davidson,Nashville,7/23/2016 2:48:00 PM,1,1,0,36.080040,-86.884480,HIGHWAY 100,,,,483.00,Feet,North,VAUGHNS GAP RD,,,,0.00,N,Not at Intersection,N,Non-Junction,None,,,         ,Ethan,Usherwood,Clear,Not Collision with Motor Vehicle in Transport,no,no,no,no,no,False
101301631,METROPOLITAN NASHVILLE POLICE DEPT,20160662043,Davidson,Nashville,7/23/2016 7:05:00 PM,1,0,0,36.166650,-86.807070,ALBION ST,,,,500.00,Feet,South,DR D B TODD JR BLVD,,,,0.00,N,Not at Intersection, ,Non-Junction,None,,,         ,Harold,Willmore IV,Clear,Not Collision with Motor Vehicle in Transport,no,no,no,yes,no,False
101301632,METROPOLITAN NASHVILLE POLICE DEPT,20160662069,Davidson,Nashville,7/23/2016 6:55:00 PM,2,0,0,36.153670,-86.808190,23RD AVN,,,,0.00,,,MURPHY AV,,,,0.00,Y,T-Intersection,N,Intersection,None,,,         ,Charles,Griffin,Clear,Angle,no,no,no,no,no,False
101301633,METROPOLITAN NASHVILLE POLICE DEPT,20160661979,Davidson,Nashville,7/23/2016 6:30:00 PM,2,0,0,36.167730,-86.663550,LEBANON PKE,,,,72.00,Feet,West,DONELSON PKE,,,,0.00,N,Not at Intersection, ,,None,,,         ,John,Kelley,,,no,no,no,no,no,False
101301639,METROPOLITAN NASHVILLE POLICE DEPT,20160661878,Davidson,Nashville,7/23/2016 5:38:00 PM,3,1,0,36.176500,-86.769510,SPRING ST,,,,60.00,Feet,East,I24 W EXT RAMP,,,,0.00,N,Not at Intersection,N,Non-Junction,None,,,         ,Joshua,Lackey,Clear,Front to Rear,no,no,no,no,no,False
101301643,METROPOLITAN NASHVILLE POLICE DEPT,20160662127,Davidson,Nashville,7/23/2016 7:40:00 PM,1,3,0,36.143590,-86.816230,31ST AVN,,,,0.00,,,HEDRICK ST,,,,0.00,Y,T-Intersection,N,Intersection,None,,,         ,Ralph,Smith IV,Clear,Not Collision with Motor Vehicle in Transport,no,no,no,no,no,Campus
101301645,METROPOLITAN NASHVILLE POLICE DEPT,20160661881,Davidson,Not in City Limit,7/23/2016 5:34:00 PM,2,0,0,36.079570,-86.953510,HIGHWAY 70S,,,,0.00,,,COLEY DAVIS RD,,,,0.00,Y,Four-Way, ,,None,,,         ,Benjamin,Spees,,,no,no,no,no,no,False
101301654,METROPOLITAN NASHVILLE POLICE DEPT,20160662272,Davidson,Nashville,7/23/2016 8:20:00 PM,1,1,0,36.141760,-86.671670,I 40,,,,0.00,,,,,,,215.00,N,Not at Intersection,N,Non-Junction,None,,,         ,John,Kelley,Clear,Not Collision with Motor Vehicle in Transport,no,no,no,no,no,False
101301660,METROPOLITAN NASHVILLE POLICE DEPT,20160662078,Davidson,Nashville,7/23/2016 12:00:00 AM,2,0,0,36.152150,-86.634800,I 40,,,,0.00,,,,,,,218.60,N,Not at Intersection,N,Non-Junction,None,,,         ,Tyler,Maupin,Cloudy,"Sideswipe, Same Direction",no,no,no,no,yes,False