master_record_number,agency,agency_tracking_number,county,city,collision_date,vehicles_involved,number_injured,number_dead,latitude,longitude,roadway_name,roadway_suffix,roadway_number,roadway_local_id,distance_from_reference,miles-feet_indicator,direction_from_reference,intersection_road_name,intersection_road_name_suffix,intersection_road_number,intersection_local_id,mile_marker,intersection_indicator,intersect_type,interchange_related_indicator,relation_to_junction,work_zone_type,construction_maintenance_zone,construction_maintenance_zone_location,fatal_case_number,officer_first_name,officer_last_name,weather_condition(s),manner_of_crash,pedestrian,bicycle,scooter,parking,hitrun,mou
101304035,METROPOLITAN NASHVILLE POLICE DEPT,20160647158,Davidson,Nashville,7/19/2016 5:38:00 AM,2,1,0,36.146720,-86.743760,FESSLERS LN,,,,0.00,,,RUNDLE AV,,,,0.00,Y,OTHER,N,Entrance/Exit Ramp Related,None,,,         ,Robert,Fondren,Clear,"Sideswipe, Same Direction",no,no,no,no,no,False
101304039,METROPOLITAN NASHVILLE POLICE DEPT,2016-0654547,Davidson,Nashville,7/21/2016 8:30:00 AM,2,0,0,36.169560,-86.604640,I 40,,,,0.00,,,,,,,220.60,N,Not at Intersection,N,Entrance/Exit Ramp Related,None,,,         ,Michael,Baker,Clear,Front to Rear,no,no,no,no,no,False
101304041,METROPOLITAN NASHVILLE POLICE DEPT,20160658917,Davidson,Nashville,7/22/2016 5:05:00 PM,2,1,0,36.202500,-86.820480,BUENA VISTA PKE,,,,0.00,,,W TRINITY LN,,,,0.00,Y,T-Intersection,Y,Intersection-Related,None,,,         ,Daniel,Wadham,Clear,Front to Rear,no,no,no,no,yes,False
101304042,METROPOLITAN NASHVILLE POLICE DEPT,20160648526,Davidson,Nashville,7/19/2016 3:25:00 PM,11,2,0,36.160810,-86.621320,I 40,,,,0.00,,,,,,,219.55,N,Not at Intersection,N,Non-Junction,None,,,         ,Bradley,McIntyre,Rain,Not Collision with Motor Vehicle in Transport,no,no,no,no,no,False
101304043,METROPOLITAN NASHVILLE POLICE DEPT,20160660743,Davidson,Nashville,7/23/2016 6:43:00 AM,1,1,0,36.144350,-86.881650,I 40,,,,0.00,,,,,,,202.45,N,Not at Intersection,N,Non-Junction,None,,,         ,Michael,Phelps,Cloudy,Not Collision with Motor Vehicle in Transport,no,no,no,no,no,False
101304052,METROPOLITAN NASHVILLE POLICE DEPT,2016-0654698,Davidson,Nashville,7/21/2016 10:00:00 AM,2,1,0,36.142110,-86.822960,I 440,,,,0.00,,,,,,,0.10,N,Not at Intersection,N,Non-Junction,None,,,         ,Curtis,Rich,Clear,Angle,no,no,no,no,no,False
101304058,METROPOLITAN NASHVILLE POLICE DEPT,20160667682,Davidson,Not in City Limit,7/25/2016 6:41:00 PM,2,0,0,36.078760,-87.022500,MCCRORY LN,,,,0.00,,,NEWSOM STATION RD,,,,0.00,Y,T-Intersection,N,Intersection,None,,,         ,Adam,Reese,Cloudy,Angle,no,no,no,no,no,False
101304060,METROPOLITAN NASHVILLE POLICE DEPT,20160666533,Davidson,Nashville,7/25/2016 11:06:00 AM,1,1,0,36.171840,-86.799410,I40 E ENT RAMP,,,,0.00,,,I 40,,,,0.00,Y,Y-Intersection,Y,Entrance/Exit Ramp Related,None,,,         ,Isaac,Wood,Clear,Not Collision with Motor Vehicle in Transport,no,no,no,no,no,False
101304075,METROPOLITAN NASHVILLE POLICE DEPT,20160670561,Davidson,Nashville,7/26/2016 3:28:00 PM,3,3,0,36.069240,-86.689010,I24 W ENT RAMP,,,,16.00,Feet,West,I24 W ENT RAMP,,,,0.00,N,Not at Intersection,N,Non-Junction,None,,,         ,Matthew,Johnson,Clear,Angle,no,no,no,no,no,False
101304084,METROPOLITAN NASHVILLE POLICE DEPT,20160673204,Davidson,Nashville,7/27/2016 9:38:00 AM,2,0,0,36.200940,-86.776780,I 65,,,,0.00,,,,,,,86.95,N,Not at Intersection, ,Non-Junction,None,,,         ,Royce,McLester,Clear,Front to Rear,no,no,no,no,no,False
101304086,METROPOLITAN NASHVILLE POLICE DEPT,2016-0672931,Davidson,Nashville,7/27/2016 7:50:00 AM,2,1,0,36.206160,-86.776520,I 65,,,,0.00,,,,,,,87.30,N,Not at Intersection,N,Non-Junction,None,,,         ,Paul,Sorace,Clear,Front to Rear,no,no,no,no,yes,False
101304088,METROPOLITAN NASHVILLE POLICE DEPT,20160673280,Davidson,Nashville,7/27/2016 10:06:00 AM,2,0,0,36.121740,-86.750580,NOLENSVILLE PKE,,,,0.00,,,I440 E EXT RAMP,,,,0.00,Y,T-Intersection, ,,None,,,         ,Justin,Fox,,,no,no,no,no,no,False
101304108,METROPOLITAN NASHVILLE POLICE DEPT,2016-673156,Davidson,Nashville,7/27/2016 9:05:00 AM,3,0,0,36.153320,-86.775740,LAFAYETTE ST,,,,0.00,,,6TH AVS,,,,0.00,Y,Five Point Or More,N,Intersection,None,,,         ,Charles,Coe,Clear,Front to Rear,no,no,no,no,no,False
101304121,METROPOLITAN NASHVILLE POLICE DEPT,2016-0666002,Davidson,Nashville,7/25/2016 7:36:00 AM,2,0,0,36.080650,-86.758410,TROUSDALE DR,,,,166.00,Feet,South,HARDING PL,,,,0.00,N,Not at Intersection, ,Non-Junction,None,,,         ,Sean,Williams,Clear,Front to Rear,no,no,no,no,no,False
101304122,METROPOLITAN NASHVILLE POLICE DEPT,20160673309,Davidson,Nashville,7/27/2016 10:20:00 AM,3,0,0,36.115280,-86.810670,HILLSBORO PKE,,,,189.00,Feet,South,HAMPTON PL,,,,0.00,N,Not at Intersection,N,Non-Junction,None,,,         ,Ronald,Raynore,Clear,Angle,no,no,no,no,yes,False
101304137,METROPOLITAN NASHVILLE POLICE DEPT,20160673406,Davidson,Nashville,7/27/2016 11:00:00 AM,1,0,0,36.159560,-86.774640,3RD AVS,,,,0.00,,,DEMONBREUN ST,,,,0.00,Y,Four-Way, ,Non-Junction,Construction Zone,,,         ,Kimberly,Annson,Clear,Not Collision with Motor Vehicle in Transport,no,no,no,no,no,False
101304139,METROPOLITAN NASHVILLE POLICE DEPT,20160672836,Davidson,Nashville,7/27/2016 7:24:00 AM,2,0,0,36.121830,-86.759060,I 440,,,,0.00,,,,,,,5.85,N,Not at Intersection,N,Non-Junction,None,,,         ,Nathan,Kemp,Clear,Front to Rear,no,no,no,no,no,False
101304140,METROPOLITAN NASHVILLE POLICE DEPT,20160673137,Davidson,Nashville,7/27/2016 9:18:00 AM,2,0,0,36.044790,-86.724870,OLD HICKORY BLVD,,,,0.00,,,AMALIE DR,,,,0.00,Y,Four-Way, ,,None,,,         ,Nathan,Kemp,,,no,no,no,no,no,False
101304141,METROPOLITAN NASHVILLE POLICE DEPT,20160673281,Davidson,Nashville,7/27/2016 10:07:00 AM,2,0,0,36.032560,-86.768700,CLOVERLAND DR,,,,0.00,,,CHURCH STE,,,,0.00,Y,Four-Way, ,,None,,,         ,Nathan,Kemp,,,no,no,no,no,no,False
101304142,METROPOLITAN NASHVILLE POLICE DEPT,20160672993,Davidson,Nashville,7/27/2016 8:24:00 AM,2,2,0,36.082100,-86.761700,HARDING PL,,,,0.00,,,SIDCO DR,,,,0.00,Y,Four-Way,N,Intersection,None,,,         ,Nathan,Kemp,Clear,Angle,no,no,no,no,no,False
101304143,METROPOLITAN NASHVILLE POLICE DEPT,20160672758,Davidson,Nashville,7/27/2016 6:16:00 AM,2,0,0,36.159350,-86.796870,CHARLOTTE AV,,,,85.00,Feet,West,16TH AVN,,,,0.00,N,Not at Intersection, ,Non-Junction,None,,,         ,Nathan,Kemp,Clear,"Sideswipe, Same Direction",no,no,no,no,no,False
101304144,METROPOLITAN NASHVILLE POLICE DEPT,20160672923,Davidson,Nashville,7/27/2016 7:47:00 AM,2,0,0,36.109730,-86.770090,I 65,,,,0.00,,,,,,,79.70,N,Not at Intersection,N,Non-Junction,None,,,         ,Nathan,Kemp,Clear,"Sideswipe, Same Direction",no,no,no,no,yes,False
101304149,METROPOLITAN NASHVILLE POLICE DEPT,20160673409,Davidson,Nashville,7/27/2016 12:00:00 AM,2,0,0,36.154090,-86.757650,I 40,,,,0.00,,,,,,,211.10,N,Not at Intersection, ,Non-Junction,None,,,         ,Michael,Dance,Clear,"Sideswipe, Same Direction",no,no,no,no,no,False
101304167,METROPOLITAN NASHVILLE POLICE DEPT,2016-0673446,Davidson,Nashville,7/27/2016 11:23:00 AM,1,0,0,36.137040,-86.790230,WADE AV,,,,100.00,Feet,East,14TH AVS,,,,0.00,N,Not at Intersection,N,Non-Junction,None,,,         ,Allen,Bates,Clear,Not Collision with Motor Vehicle in Transport,no,no,no,no,yes,False
101304169,METROPOLITAN NASHVILLE POLICE DEPT,20160673585,Davidson,Nashville,7/27/2016 12:05:00 PM,2,0,0,36.083240,-86.733890,LYNN DR,,,,250.00,Feet,South,CORNING DR,,,,0.00,N,Not at Intersection, ,Non-Junction,None,,,         ,Earl,Davis,Clear,Angle,no,no,no,no,no,False
101304180,METROPOLITAN NASHVILLE POLICE DEPT,20160672997,Davidson,Old Hickory,7/27/2016 8:21:00 AM,2,0,0,36.264070,-86.662660,INDUSTRIAL DR,,,,0.00,,,ROBINSON RD,,,,0.00,Y,Y-Intersection,N,Intersection,None,,,         ,Wesley,Young,Clear,Front to Rear,no,no,no,no,no,False
101304192,METROPOLITAN NASHVILLE POLICE DEPT,20160672803,Davidson,Nashville,7/27/2016 7:06:00 AM,2,1,0,36.234250,-86.766850,I 65,,,,0.00,,,,,,,89.40,N,Not at Intersection,N,Non-Junction,None,,,         ,Jack,Crouch,Clear,Front to Rear,no,no,no,no,no,False
101304193,METROPOLITAN NASHVILLE POLICE DEPT,2016-0673533,Davidson,Nashville,7/27/2016 11:50:00 AM,2,0,0,36.184310,-86.775600,I 24,,,,0.00,,,,,,,47.30,N,Not at Intersection,N,Non-Junction,None,,,         ,Paul,Sorace,Clear,"Sideswipe, Same Direction",no,no,no,no,yes,False
101304215,METROPOLITAN NASHVILLE POLICE DEPT,20160673587,Davidson,Nashville,7/26/2016 8:00:00 PM,1,0,0,36.092480,-86.703200,METROPLEX DR,,,,0.00,,,,,,,0.00,,, ,Non-Junction,None,,,         ,Paul,Ellis,Clear,Not Collision with Motor Vehicle in Transport,no,no,no,yes,yes,False
101304216,METROPOLITAN NASHVILLE POLICE DEPT,20160673271,Davidson,Old Hickory,7/27/2016 10:03:00 AM,2,0,0,36.266520,-86.656270,OLD HICKORY BLVD,,,,0.00,,,INDUSTRIAL DR,,,,0.00,Y,Four-Way, ,Non-Junction,None,,,         ,Wesley,Young,Clear,"Sideswipe, Same Direction",no,no,no,no,no,False
101304221,METROPOLITAN NASHVILLE POLICE DEPT,20160673721,Davidson,Nashville,7/27/2016 1:01:00 PM,2,0,0,36.102180,-86.756270,ARMORY DR,,,,0.00,,,SIDCO DR,,,,0.00,Y,Four-Way, ,Intersection,None,,,         ,Justin,Pinkelton,Clear,Front to Rear,no,no,no,no,no,False
101304222,METROPOLITAN NASHVILLE POLICE DEPT,2016-0672824,Davidson,Nashville,7/27/2016 7:12:00 AM,2,0,0,36.080540,-86.645650,MURFREESBORO PKE,,,,413.00,Feet,South,SCOTT VALLEY DR,,,,0.00,N,Not at Intersection, ,Non-Junction,None,,,         ,William,Whitworth,Clear,Angle,no,no,no,no,no,False
101304223,METROPOLITAN NASHVILLE POLICE DEPT,2016-0672976,Davidson,Nashville,7/27/2016 8:14:00 AM,4,1,0,36.115200,-86.724670,I 24,,,,0.00,,,,,,,53.25,N,Not at Intersection,N,Non-Junction,None,,,         ,William,Whitworth,Clear,Front to Rear,no,no,no,no,yes,False
101304224,METROPOLITAN NASHVILLE POLICE DEPT,20160673655,Davidson,Nashville,7/27/2016 12:35:00 PM,2,0,0,36.158840,-86.798080,CHARLOTTE AV,,,,0.00,Feet,,17TH AVN,,,,0.00,Y,Four-Way,N,Intersection-Related,None,,,         ,Wesley,Henderson,Cloudy,Front to Rear,no,no,no,no,yes,False
101304225,METROPOLITAN NASHVILLE POLICE DEPT,2016-0673478,Davidson,Nashville,7/27/2016 11:29:00 AM,2,0,0,36.097150,-86.709100,I 24,,,,0.00,,,,,,,54.80,N,Not at Intersection,N,Non-Junction,None,,,         ,William,Whitworth,Clear,Front to Rear,no,no,no,no,no,False
101304243,METROPOLITAN NASHVILLE POLICE DEPT,20160673084,Davidson,Nashville,7/27/2016 8:55:00 AM,2,0,0,36.154890,-86.779150,8TH AVS,,,,0.00,,,KOREAN VETERANS BLVD,,,,0.00,Y,Roundabout, ,Intersection-Related,None,,,         ,Timothy,Powell,Clear,"Sideswipe, Same Direction",no,no,no,no,no,False
101304260,METROPOLITAN NASHVILLE POLICE DEPT,2016-0658349,Davidson,Nashville,7/22/2016 12:50:00 PM,3,3,0,36.105480,-86.671440,MURFREESBORO PKE,,,,119.00,Feet,East,EZELL PKE,,,,0.00,N,Not at Intersection,N,Non-Junction,None,,,         ,William,Whitworth,Cloudy,Angle,no,no,no,no,no,False
101304279,METROPOLITAN NASHVILLE POLICE DEPT,20160673467,Davidson,Nashville,7/27/2016 11:29:00 AM,2,1,0,36.169850,-86.763510,S 5TH ST,,,,0.00,,,FATHERLAND ST,,,,0.00,Y,Four-Way,N,Intersection,None,,,         ,Johnathon,Birdwell,Clear,Angle,no,no,no,no,no,False
101304282,METROPOLITAN NASHVILLE POLICE DEPT,20160673451,Davidson,Nashville,7/27/2016 11:22:00 AM,2,0,0,36.163320,-86.613120,BELL RD,,,,0.00,,,DODSON CHAPEL RD,,,,0.00,Y,T-Intersection,N,Intersection,None,,,         ,Wesley,Young,Clear,"Sideswipe, Same Direction",no,no,no,no,no,False
101304283,BERRY HILL POLICE DEPT,16-2694,Davidson,Berry Hill,7/27/2016 9:26:00 AM,2,0,0,36.112330,-86.767020,THOMPSON LN,,,,0.00,,,BRANSFORD AV,,,,0.00,Y,Four-Way, ,Intersection,None,,,         ,Ronnie,Hill,Clear,"Sideswipe, Same Direction",no,no,no,no,no,False
101304299,METROPOLITAN NASHVILLE POLICE DEPT,20160670706,Davidson,Nashville,7/26/2016 2:10:00 PM,2,0,0,36.129630,-86.795560,BELMONT BLVD,,,,0.00,,,BLAIR BLVD,,,,0.00,Y,T-Intersection, ,Intersection,None,,,         ,Maria,Cortez,Cloudy,Front to Rear,no,no,no,no,no,False
101304306,METROPOLITAN NASHVILLE POLICE DEPT,20160673963,Davidson,Nashville,7/27/2016 2:26:00 PM,1,0,0,36.136440,-86.761060,MOORE AV,,,,141.00,Feet,West,4TH AVS,,,,0.00,N,Not at Intersection, ,Non-Junction,None,,,         ,Tien,Nguyen,Clear,Not Collision with Motor Vehicle in Transport,no,no,no,no,no,False
101304320,METROPOLITAN NASHVILLE POLICE DEPT,20160673594,Davidson,Nashville,7/27/2016 12:10:00 PM,2,0,0,36.152820,-86.683410,ELM HILL PKE,,,,0.00,,,MCGAVOCK PKE,,,,0.00,Y,Four-Way,N,Intersection,None,,,         ,Wesley,Young,Clear,Angle,no,no,no,no,no,False
101304324,METROPOLITAN NASHVILLE POLICE DEPT,20160671125,Davidson,Nashville,7/26/2016 5:47:00 PM,2,0,0,36.144270,-86.647540,I 40,,,,0.00,,,,,,,217.25,N,Not at Intersection,N,Non-Junction,None,,,         ,Michael,Apsey,Clear,Front to Rear,no,no,no,no,no,False
101304333,GOODLETTSVILLE POLICE DEPT,16-26317,Davidson,Goodlettsville,7/27/2016 1:15:00 PM,2,0,0,36.324160,-86.704200,LONG HOLLOW PKE,,,,50.00,Feet,West,I65 N EXT RAMP,,,,0.00,N,Not at Intersection,N,Entrance/Exit Ramp Related,None,,,         ,George,Forbes,Rain,HeadOn,no,no,no,no,no,False
101304334,METROPOLITAN NASHVILLE POLICE DEPT,20160673730,Davidson,Nashville,7/27/2016 1:05:00 PM,2,0,0,36.152820,-86.683410,ELM HILL PKE,,,,0.00,,,MCGAVOCK PKE,,,,0.00,Y,Four-Way, ,Intersection-Related,None,,,         ,Wesley,Young,Clear,Front to Rear,no,no,no,no,no,False
101304336,METROPOLITAN NASHVILLE POLICE DEPT,20160671625,Davidson,Nashville,7/26/2016 8:39:00 PM,2,0,0,36.153830,-86.788570,DEMONBREUN ST,,,,104.00,Feet,North,14TH AVS,,,,0.00,N,Not at Intersection, ,,None,,,         ,Charles,Griffin,,,no,no,no,no,no,False
101304337,METROPOLITAN NASHVILLE POLICE DEPT,20160673964,Davidson,Nashville,7/27/2016 2:19:00 PM,2,0,0,36.082250,-86.765920,I65 S ENT RAMP,,,,0.00,Feet,East,I 65,,,,0.00,N,Not at Intersection, ,Entrance/Exit Ramp Related,None,,,         ,Charles,Griffin,Clear,Front to Rear,no,no,no,no,no,False
101304338,METROPOLITAN NASHVILLE POLICE DEPT,20160673993,Davidson,Nashville,7/27/2016 3:05:00 PM,2,1,0,36.089180,-86.689130,HARDING PL,,,,234.00,Feet,West,HARDING INDUSTRIAL DR,,,,0.00,N,Not at Intersection,N,Non-Junction,None,,,         ,Steven,Frazier Jr.,Clear,Angle,no,no,no,no,no,False
101304347,METROPOLITAN NASHVILLE POLICE DEPT,20160674055,Davidson,Nashville,7/27/2016 3:26:00 PM,2,0,0,36.148250,-86.809100,25TH AVN,,,,332.00,Feet,South,BRANDAU PL,,,,0.00,N,Not at Intersection, ,Non-Junction,None,,,         ,Tien,Nguyen,Clear,Front to Rear,no,no,no,no,no,Campus
101304368,METROPOLITAN NASHVILLE POLICE DEPT,20160674172,Davidson,Nashville,7/27/2016 4:01:00 PM,2,0,0,36.037450,-86.786220,OLD HICKORY BLVD,,,,100.00,Feet,East,FRANKLIN PKE,,,,0.00,N,Not at Intersection, ,Non-Junction,None,,,         ,Charles,Griffin,Clear,Front to Rear,no,no,no,no,no,False
101304369,METROPOLITAN NASHVILLE POLICE DEPT,20160674102,Davidson,Nashville,7/27/2016 1:40:00 PM,1,0,0,36.141480,-86.670270,I 40,,,,0.00,,,,,,,215.00,N,Not at Intersection, ,,None,,,         ,Thomas,Barnes,,,no,no,no,no,no,False
101304372,METROPOLITAN NASHVILLE POLICE DEPT,20160674034,Davidson,Nashville,7/27/2016 3:15:00 PM,2,0,0,36.130390,-86.801960,21ST AVS,,,,0.00,,,BLAIR BLVD,,,,0.00,Y,Four-Way, ,Intersection,None,,,         ,Maria,Cortez,Clear,Angle,no,no,no,no,no,False
101304377,METROPOLITAN NASHVILLE POLICE DEPT,20160674010,Davidson,Nashville,7/27/2016 12:00:00 AM,2,0,0,36.154910,-86.788610,I 40,,,,0.00,,,,,,,209.20,N,Not at Intersection,N,Non-Junction,None,,,         ,Michael,Baron,Clear,Angle,no,no,no,no,yes,False
101304378,METROPOLITAN NASHVILLE POLICE DEPT,20160674149,Davidson,Nashville,7/27/2016 12:00:00 AM,2,0,0,36.156570,-86.775870,KOREAN VETERANS BLVD,,,,0.00,,,5TH AVS,,,,0.00,Y,Four-Way,N,Intersection-Related,None,,,         ,Michael,Baron,Clear,Front to Rear,no,no,no,no,yes,False
101304393,METROPOLITAN NASHVILLE POLICE DEPT,2016-0668097,Davidson,Nashville,7/25/2016 8:36:00 PM,1,1,0,36.189730,-86.584480,OLD LEBANON DIRT RD,,,,390.00,Feet,East,CHESNEY GLEN DR,,,,0.00,N,Not at Intersection,N,Non-Junction,None,,,         ,Sandra,Talavera,Clear,Not Collision with Motor Vehicle in Transport,no,no,no,no,no,False
101304394,METROPOLITAN NASHVILLE POLICE DEPT,20160674298,Davidson,Nashville,7/27/2016 4:45:00 PM,2,0,0,36.134020,-86.722560,MURFREESBORO PKE,,,,0.00,,,PLUS PARK BLVD,,,,0.00,Y,T-Intersection, ,Intersection,None,,,         ,Tyler,Conrads,Clear,Angle,no,no,no,no,no,False
101304400,METROPOLITAN NASHVILLE POLICE DEPT,20160674269,Davidson,Nashville,7/27/2016 4:35:00 PM,3,0,0,36.133210,-86.726490,I24 W EXT RAMP,,,,0.00,Feet,East,I 24,,,,0.00,N,Not at Intersection,N,Non-Junction,None,,,         ,Steven,Frazier Jr.,Clear,Front to Rear,no,no,no,no,no,False
101304401,METROPOLITAN NASHVILLE POLICE DEPT,20160674431,Davidson,Nashville,7/27/2016 5:34:00 PM,1,0,0,36.234230,-86.718890,BRILEY PKWYE,,,,410.00,Feet,East,BRILEY PKWYW,,,,0.00,N,Not at Intersection, ,Non-Junction,Construction Zone,,,         ,Jessie,Meadows,Clear,Not Collision with Motor Vehicle in Transport,no,no,no,no,no,False
101304409,METROPOLITAN NASHVILLE POLICE DEPT,20160674337,Davidson,Nashville,7/27/2016 5:00:00 PM,1,1,0,36.080720,-86.678530,FRANKLIN LIMESTONE RD,,,,255.00,Feet,South,MULLINS RD,,,,0.00,N,Not at Intersection,N,Non-Junction,None,,,         ,Matthew,Johnson,Clear,Not Collision with Motor Vehicle in Transport,no,no,no,no,no,False
101304415,METROPOLITAN NASHVILLE POLICE DEPT,20160674187,Davidson,Antioch,7/27/2016 4:32:00 PM,2,0,0,36.042200,-86.607690,HOBSON PKE,,,,410.00,Feet,West,MURFREESBORO PKE,,,,0.00,N,Not at Intersection, ,Non-Junction,None,,,         ,Jessie,Meadows,Clear,Front to Rear,no,no,no,no,no,False
101304416,METROPOLITAN NASHVILLE POLICE DEPT,20160674302,Davidson,Nashville,7/27/2016 5:59:00 PM,2,0,0,36.125170,-86.733370,I 440,,,,0.00,,,,,,,7.20,N,Not at Intersection, ,Non-Junction,None,,,         ,Jessie,Meadows,Clear,Front to Rear,no,no,no,no,no,False
101304418,METROPOLITAN NASHVILLE POLICE DEPT,20160674424,Davidson,Nashville,7/27/2016 4:46:00 PM,2,0,0,36.173790,-86.791710,ROSA L PARKS BLVD,,,,0.00,,,MADISON ST,,,,0.00,Y,Four-Way,N,Non-Junction,None,,,         ,Zachary,Ronan,Clear,Angle,no,no,no,no,yes,False
101304423,METROPOLITAN NASHVILLE POLICE DEPT,20160674437,Davidson,Nashville,7/27/2016 5:40:00 PM,2,0,0,36.173890,-86.602760,CENTRAL PKE,,,,209.00,Feet,West,OLD HICKORY BLVD,,,,0.00,N,Not at Intersection,N,OtherLocation,None,,,         ,Christopher,Mackey,Clear,Other,no,no,no,no,no,False
101304431,METROPOLITAN NASHVILLE POLICE DEPT,20160674567,Davidson,Nashville,7/27/2016 12:00:00 AM,2,0,0,36.145630,-86.752840,MURFREESBORO PKE,,,,96.00,Feet,West,LESTER AV,,,,0.00,N,Not at Intersection,N,Non-Junction,None,,,         ,Craig,Gentry,Clear,"Sideswipe, Same Direction",no,no,no,no,yes,False
101304433,METROPOLITAN NASHVILLE POLICE DEPT,20160674532,Davidson,Nashville,7/27/2016 5:45:00 PM,2,1,0,36.105700,-86.673360,DONELSON PKE,,,,205.00,Feet,South,MURFREESBORO PKE,,,,0.00,N,Not at Intersection,N,Non-Junction,None,,,         ,Jeffrey,Livingston,Cloudy,Front to Rear,no,no,no,no,no,False
101304435,METROPOLITAN NASHVILLE POLICE DEPT,20160674531,Davidson,Nashville,7/27/2016 6:03:00 PM,2,0,0,36.190250,-86.759750,EVANSTON AV,,,,0.00,,,N 7TH ST,,,,0.00,Y,Four-Way, ,Intersection,None,,,         ,Joshua,Lippert,Clear,Angle,no,no,no,no,no,False
101304438,METROPOLITAN NASHVILLE POLICE DEPT,20160674348,Davidson,Nashville,7/27/2016 5:03:00 PM,2,0,0,36.116000,-86.788460,I 440,,,,0.00,,,,,,,3.90,N,Not at Intersection,N,Non-Junction,None,,,         ,Tien,Nguyen,Clear,Front to Rear,no,no,no,no,no,False
101304446,METROPOLITAN NASHVILLE POLICE DEPT,20160671593,Davidson,Nashville,7/26/2016 9:14:00 PM,2,3,0,36.142760,-86.627040,BELL RD,,,,526.00,Feet,South,LAKERIDGE RUN,,,,0.00,N,Not at Intersection,N,Non-Junction,None,,,         ,Reuben,Hewit,Clear,HeadOn,no,no,no,no,no,False
101304447,METROPOLITAN NASHVILLE POLICE DEPT,20160670897,Davidson,Nashville,7/26/2016 5:10:00 PM,2,0,0,36.153300,-86.772180,ELM ST,,,,0.00,,,4TH AVS,,,,0.00,Y,OTHER, ,Non-Junction,None,,,         ,Jacob,Paul,Clear,"Sideswipe, Same Direction",no,no,no,no,no,False
101304453,METROPOLITAN NASHVILLE POLICE DEPT,2016-0674380,Davidson,Nashville,7/27/2016 4:45:00 PM,2,0,0,36.198540,-86.620300,OLD HICKORY BLVD,,,,48.00,Feet,West,LEBANON PKE,,,,0.00,N,Not at Intersection, ,,None,,,         ,Sandra,Talavera,,,no,no,no,no,no,False
101304456,METROPOLITAN NASHVILLE POLICE DEPT,20160673999,Davidson,Nashville,7/27/2016 2:56:00 PM,2,0,0,36.143230,-86.704260,I 40,,,,0.00,,,,,,,214.50,N,Not at Intersection,N,Non-Junction,None,,,         ,Reuben,Hewit,Clear,Front to Rear,no,no,no,no,no,False
101304462,METROPOLITAN NASHVILLE POLICE DEPT,20160674436,Davidson,Nashville,7/27/2016 5:33:00 PM,2,5,0,36.134890,-86.759560,NOLENSVILLE PKE,,,,0.00,,,WALSH RD,,,,0.00,Y,T-Intersection,N,Non-Junction,None,,,         ,Charles,Griffin,Clear,Angle,no,no,no,no,no,False
101304477,METROPOLITAN NASHVILLE POLICE DEPT,20160674338,Davidson,Nashville,7/27/2016 4:59:00 PM,2,0,0,36.045790,-86.855740,OLD HICKORY BLVD,,,,100.00,Feet,West,WILDWOOD VALLEY DR,,,,0.00,N,Not at Intersection, ,Non-Junction,None,,,         ,Charles,Griffin,Clear,Front to Rear,no,no,no,no,no,False
101304482,METROPOLITAN NASHVILLE POLICE DEPT,2016674502,Davidson,Nashville,7/27/2016 5:55:00 PM,2,0,0,36.154160,-86.770150,2ND AVS,,,,0.00,,,ELM ST,,,,0.00,Y,OTHER, ,Non-Junction,None,,,         ,Jacob,Paul,Clear,"Sideswipe, Same Direction",no,no,no,no,no,False
101304484,METROPOLITAN NASHVILLE POLICE DEPT,20160674471,Davidson,Nashville,7/27/2016 5:44:00 PM,3,0,0,36.088600,-86.688220,EZELL PKE,,,,293.00,Feet,North,CORRECTIONS CENTER PVTDR,,,,0.00,N,Not at Intersection, ,Non-Junction,None,,,         ,Jarret,Sonnenberg,Clear,Front to Rear,no,no,no,no,no,False
101304488,METROPOLITAN NASHVILLE POLICE DEPT,20160674792,Davidson,Nashville,7/27/2016 7:40:00 PM,2,0,0,36.069270,-86.692150,I24 E EXT RAMP,,,,0.00,,,I 24,,,,0.00,Y,Y-Intersection, ,Entrance/Exit Ramp Related,None,,,         ,Jeffrey,Livingston,Cloudy,Front to Rear,no,no,no,no,no,False
101304489,METROPOLITAN NASHVILLE POLICE DEPT,20160674756,Davidson,Nashville,7/27/2016 7:40:00 PM,1,1,0,36.238810,-86.723860,GALLATIN PKES,,,,0.00,,,GALLATIN PKE,,,,0.00,Y,T-Intersection,N,Intersection,None,,,         ,Christopher,Littles,Cloudy,Not Collision with Motor Vehicle in Transport,no,no,no,no,no,False
101304498,METROPOLITAN NASHVILLE POLICE DEPT,20160674299,Davidson,Nashville,7/27/2016 4:40:00 PM,2,0,0,36.150450,-86.770410,I40 E EXT RAMP,,,,0.00,Feet,East,I 40,,,,0.00,N,Not at Intersection, ,Non-Junction,None,,,         ,Darryl,Williams,Clear,Angle,no,no,no,no,no,False
101304500,METROPOLITAN NASHVILLE POLICE DEPT,20160670792,Davidson,Nashville,7/26/2016 4:45:00 PM,3,1,0,36.103660,-86.714900,I 24,,,,0.00,,,,,,,54.30,N,Not at Intersection,N,Non-Junction,None,,,         ,Michael,Russell,Cloudy,Front to Rear,no,no,no,no,no,False
101304501,BERRY HILL POLICE DEPT,16-2698,Davidson,Nashville,7/27/2016 12:00:00 AM,2,0,0,36.111080,-86.754470,THOMPSON LN,,,,0.00,,,EUGENIA AV,,,,0.00,Y,Four-Way, ,Intersection,None,,,         ,John,Gleixner,Clear,Front to Rear,no,no,no,no,no,False