master_record_number,agency,agency_tracking_number,county,city,collision_date,vehicles_involved,number_injured,number_dead,latitude,longitude,roadway_name,roadway_suffix,roadway_number,roadway_local_id,distance_from_reference,miles-feet_indicator,direction_from_reference,intersection_road_name,intersection_road_name_suffix,intersection_road_number,intersection_local_id,mile_marker,intersection_indicator,intersect_type,interchange_related_indicator,relation_to_junction,work_zone_type,construction_maintenance_zone,construction_maintenance_zone_location,fatal_case_number,officer_first_name,officer_last_name,weather_condition(s),manner_of_crash,pedestrian,bicycle,scooter,parking,hitrun,mou
101315336,METROPOLITAN NASHVILLE POLICE DEPT,20160670575,Davidson,Nashville,7/26/2016 3:27:00 PM,2,0,0,36.032610,-86.769320,CHURCH STE,,,,185.00,Feet,West,CLOVERLAND DR,,,,0.00,N,Not at Intersection, ,Non-Junction,None,,,         ,Miguel,Garcia,Rain,Front to Rear,no,no,no,no,no,False
101315338,METROPOLITAN NASHVILLE POLICE DEPT,20160652761,Davidson,Nashville,7/20/2016 8:10:00 PM,2,0,0,36.109320,-86.770240,I 65,,,,0.00,,,,,,,79.70,N,Not at Intersection, ,Non-Junction,None,,,         ,Miguel,Garcia,Clear,"Sideswipe, Same Direction",no,no,no,no,yes,False
101315339,METROPOLITAN NASHVILLE POLICE DEPT,20160649236,Davidson,Nashville,7/19/2016 7:37:00 PM,3,0,0,36.078770,-86.745660,HARDING PL,,,,139.00,Feet,West,DANBY DR,,,,0.00,N,Not at Intersection, ,Non-Junction,None,,,         ,Miguel,Garcia,Clear,Front to Rear,no,no,no,no,yes,False
101315340,METROPOLITAN NASHVILLE POLICE DEPT,20160649131,Davidson,Nashville,7/19/2016 5:41:00 PM,2,0,0,36.037860,-86.786460,FRANKLIN PKE,,,,167.00,Feet,North,OLD HICKORY BLVD,,,,0.00,N,Not at Intersection, ,Non-Junction,None,,,         ,Miguel,Garcia,Clear,"Sideswipe, Same Direction",no,no,no,no,no,False
101315378,METROPOLITAN NASHVILLE POLICE DEPT,20160677819,Davidson,Nashville,7/28/2016 6:47:00 PM,2,3,0,36.170830,-86.746800,SHELBY AV,,,,0.00,,,S 14TH ST,,,,0.00,Y,Four-Way,N,Intersection,None,,,         ,Audrean,Manquero,Cloudy,Angle,no,no,no,no,no,False
101315383,METROPOLITAN NASHVILLE POLICE DEPT,20160678474,Davidson,Nashville,7/28/2016 10:43:00 PM,2,0,0,36.171430,-86.769040,JAMES ROBERTSON PKWY,,,,0.00,,,INTERSTATE DR,,,,0.00,Y,Four-Way, ,Intersection,None,,,         ,Zachary,Ronan,Clear,Angle,no,no,no,no,no,False
101315405,METROPOLITAN NASHVILLE POLICE DEPT,20160678531,Davidson,Nashville,7/28/2016 11:00:00 PM,2,0,0,36.191870,-86.780390,I 65,,,,0.00,,,,,,,86.30,N,Not at Intersection, ,Non-Junction,Work Zone,,,         ,Jeremy,King,Cloudy,Front to Rear,no,no,no,no,no,False
101315439,METROPOLITAN NASHVILLE POLICE DEPT,2016-0678515,Davidson,Nashville,7/28/2016 10:54:00 PM,2,1,0,36.110940,-86.745220,THOMPSON LN,,,,0.00,,,NOLENSVILLE PKE,,,,0.00,Y,Four-Way,N,Intersection-Related,None,,,         ,Anthony,Rizo,Clear,Angle,no,no,no,no,no,False
101315486,METROPOLITAN NASHVILLE POLICE DEPT,20160670262,Davidson,Nashville,7/26/2016 1:20:00 PM,2,0,0,36.169740,-86.806740,DR D B TODD JR BLVD,,,,100.00,Feet,North,JEFFERSON ST,,,,0.00,N,Not at Intersection, ,Non-Junction,None,,,         ,Garren,Hoskins,Clear,Angle,no,no,no,no,no,False
101315491,METROPOLITAN NASHVILLE POLICE DEPT,20160677047,Davidson,Nashville,7/28/2016 12:37:00 PM,2,1,0,36.167630,-86.787750,ROSA L PARKS BLVD,,,,0.00,,,10TH CIRN,,,,0.00,Y,T-Intersection,Y,Intersection,None,,,         ,Robert,Magner,Clear,Angle,yes,no,no,no,yes,False
101315494,METROPOLITAN NASHVILLE POLICE DEPT,20160606625,Davidson,Nashville,7/6/2016 12:00:00 AM,2,0,0,36.236390,-86.773760,MOOREWOOD DR,,,,221.00,Feet,South,CRISLYNNDALE DR,,,,0.00,N,Not at Intersection, ,Non-Junction,None,,,         ,DuJuan,Kendrick,Unknown,Unknown,no,no,no,no,yes,False
101315507,METROPOLITAN NASHVILLE POLICE DEPT,2016676555,Davidson,Nashville,7/28/2016 9:55:00 AM,1,2,0,36.173220,-86.689130,BRILEY PKWYN,,,,0.00,,,,,,,0.00,,,N,Non-Junction,None,,,         ,Martin,Gonzalez,Rain,Not Collision with Motor Vehicle in Transport,no,no,no,no,no,False
101315529,METROPOLITAN NASHVILLE POLICE DEPT,20160677161,Davidson,Madison,7/28/2016 2:17:00 PM,2,0,0,36.272010,-86.684590,RIO VISTA DR,,,,0.00,,,ANDERSON LN,,,,0.00,Y,OTHER, ,Non-Junction,None,,,         ,Eric,Richardson,Rain,"Sideswipe, Opposite Direction",no,no,no,no,no,False
101315559,METROPOLITAN NASHVILLE POLICE DEPT,20160669506,Davidson,Nashville,7/26/2016 9:03:00 AM,2,1,0,36.104720,-86.767000,I 65,,,,0.00,,,,,,,79.40,N,Not at Intersection,N,Non-Junction,None,,,         ,Nathan,Smith,Clear,Front to Rear,no,no,no,no,no,False
101315602,METROPOLITAN NASHVILLE POLICE DEPT,20160673475,Davidson,Nashville,7/27/2016 11:32:00 AM,2,0,0,36.206980,-86.736100,GALLATIN PKE,,,,0.00,,,MAYNOR AV,,,,0.00,Y,T-Intersection, ,Non-Junction,Work Zone,,,         ,Alex,Moore,Clear,Front to Rear,no,no,no,no,no,False
101315612,METROPOLITAN NASHVILLE POLICE DEPT,20160677188,Davidson,Nashville,7/28/2016 2:20:00 PM,3,0,0,36.176540,-86.755700,MCFERRIN AV,,,,0.00,,,MAIN ST,,,,0.00,Y,Four-Way,Y,Intersection-Related,None,,,         ,Richard,Conger,Clear,Front to Rear,no,no,no,no,no,False
101315781,METROPOLITAN NASHVILLE POLICE DEPT,2016-0677000,Davidson,Nashville,7/28/2016 12:40:00 PM,2,0,0,36.155710,-86.789560,BROADWAY,,,,33.00,Feet,West,I40 E ENT RAMP,,,,0.00,N,Not at Intersection,N,Non-Junction,None,,,         ,David,Anderson,Cloudy,Angle,no,no,no,no,yes,False
101315835,BELLE MEADE POLICE DEPT,16-0210,Davidson,Belle Meade,7/26/2016 3:20:00 PM,2,0,0,36.109500,-86.865130,HARDING PKE,,,,1515.00,Feet,South,JACKSON BLVD,,,,0.00,N,Not at Intersection, ,Non-Junction,None,,,         ,Doris,Howell,Clear,Front to Rear,no,no,no,no,no,False
101315854,BERRY HILL POLICE DEPT,16-2687,Davidson,Nashville,7/26/2016 12:00:00 AM,2,0,0,36.111440,-86.758000,THOMPSON LN,,,,0.00,,,KRAFT DR,,,,0.00,Y,T-Intersection, ,Intersection,None,,,         ,John,Gleixner,Clear,Angle,no,no,no,no,no,False
101315884,METROPOLITAN NASHVILLE POLICE DEPT,20160678108,Davidson,Nashville,7/28/2016 8:39:00 PM,2,0,0,36.154660,-86.683270,MERRY OAKS DR,,,,0.00,,,,,,,0.00,,, ,Non-Junction,None,,,         ,John,Daugherty,Clear,"Sideswipe, Opposite Direction",no,no,no,yes,no,False
101315912,METROPOLITAN NASHVILLE POLICE DEPT,2016-0666871,Davidson,Nashville,7/25/2016 12:35:00 PM,1,0,0,36.249950,-86.741330,I 65,,,,0.00,,,,,,,91.20,N,Not at Intersection,N,Non-Junction,None,,,         ,Anthony,McClain,Rain,Not Collision with Motor Vehicle in Transport,no,no,no,no,no,False
101316082,METROPOLITAN NASHVILLE POLICE DEPT,2016-0667305,Davidson,Nashville,7/25/2016 3:30:00 PM,2,2,0,36.091810,-86.735380,NOLENSVILLE PKE,,,,171.00,Feet,North,YELTON CT,,,,0.00,N,Not at Intersection,N,Non-Junction,None,,,         ,Eric,Thomas,Clear,Other,no,no,no,no,no,False
101316154,METROPOLITAN NASHVILLE POLICE DEPT,2016-0674675,Davidson,Nashville,7/27/2016 7:00:00 PM,2,0,0,36.136200,-86.726730,I 24,,,,0.00,,,,,,,52.25,N,Not at Intersection, ,,None,,,         ,John,Joyce,,,no,no,no,no,no,False
101316195,METROPOLITAN NASHVILLE POLICE DEPT,20160674467,Davidson,Nashville,7/27/2016 3:00:00 PM,2,0,0,36.213610,-86.597800,TRENTON DR,,,,0.00,,,ANDREW JACKSON PKWY,,,,0.00,Y,Four-Way, ,Non-Junction,None,,,         ,Alex,Lampley,Clear,Angle,no,no,no,no,no,False
101316254,METROPOLITAN NASHVILLE POLICE DEPT,2016-0643079,Davidson,Nashville,7/17/2016 12:00:00 AM,3,0,0,36.151950,-86.795440,BROADWAY,,,,60.00,Feet,South,18TH AVS,,,,0.00,N,Not at Intersection,N,Non-Junction,None,,,         ,Akira,McSwain,Clear,Angle,no,no,no,no,yes,False
101316264,METROPOLITAN NASHVILLE POLICE DEPT,20160678128,Davidson,Nashville,7/28/2016 8:18:00 PM,2,0,0,36.084270,-86.658730,PICCADILLY ROW,,,,190.00,Feet,West,ALDERSGATE RD,,,,0.00,N,Not at Intersection,N,Non-Junction,None,,,         ,Richard,Olive,Clear,"Sideswipe, Same Direction",no,no,no,no,yes,False
101316294,BERRY HILL POLICE DEPT,16-2706,Davidson,Berry Hill,7/28/2016 6:09:00 AM,1,1,0,36.120620,-86.763760,MELROSE AV,,,,802.00,Feet,West,FOUR FORTY CENTER PVTDR,,,,0.00,N,Not at Intersection,N,Non-Junction,None,,,         ,Roy,Yoquelet,Rain,Not Collision with Motor Vehicle in Transport,no,no,no,no,no,False
101316355,METROPOLITAN NASHVILLE POLICE DEPT,2016-0675794,Davidson,Nashville,7/28/2016 2:30:00 AM,1,0,0,36.025920,-86.743160,EDMONDSON PKE,,,,629.00,Feet,North,MT PISGAH RD,,,,0.00,N,Not at Intersection,N,Non-Junction,None,,,         ,David,Barras,Clear,Not Collision with Motor Vehicle in Transport,no,no,no,no,no,False
101316356,METROPOLITAN NASHVILLE POLICE DEPT,2016-0678587,Davidson,Nashville,7/28/2016 11:20:00 PM,2,0,0,36.079600,-86.726320,NOLENSVILLE PKE,,,,0.00,,,HARDING PL,,,,0.00,Y,Four-Way, ,,None,,,         ,David,Barras,,,no,no,no,no,no,False
101316548,METROPOLITAN NASHVILLE POLICE DEPT,2016-0664154,Davidson,Nashville,7/24/2016 2:00:00 PM,1,0,0,36.141020,-86.659080,I 40,,,,0.00,,,,,,,217.95,N,Not at Intersection, ,Non-Junction,None,,,         ,Roderic,Williams,Clear,Not Collision with Motor Vehicle in Transport,no,no,no,no,no,False
101316577,METROPOLITAN NASHVILLE POLICE DEPT,20160644009,Davidson,Nashville,7/18/2016 5:50:00 AM,2,1,0,36.118230,-86.700230,MURFREESBORO PKE,,,,1.00,Feet,West,BRILEY PKWYN,,,,0.00,N,Not at Intersection,N,Non-Junction,None,,,         ,Sean,Williams,Clear,Unknown,no,no,no,no,no,False
101316987,METROPOLITAN NASHVILLE POLICE DEPT,20160669128,Davidson,Nashville,7/26/2016 6:06:00 AM,2,3,0,36.226720,-86.625330,OLD HICKORY BLVD,,,,502.00,Feet,East,CLEVELAND HALL BLVD,,,,0.00,N,Not at Intersection,N,Non-Junction,None,,,         ,Ashley,Arnold,Clear,Front to Rear,no,no,no,no,no,False
101317037,METROPOLITAN NASHVILLE POLICE DEPT,20160671899,Davidson,Nashville,7/26/2016 10:29:00 PM,3,0,0,36.130290,-86.899940,CHARLOTTE PKE,,,,0.00,,,I40 W EXT RAMP,,,,0.00,Y,T-Intersection,N,Intersection,None,,,         ,Ryan,McManman,Clear,"Sideswipe, Same Direction",no,no,no,no,yes,False
101317104,METROPOLITAN NASHVILLE POLICE DEPT,20160555996,Davidson,Nashville,7/13/2016 10:30:00 AM,2,0,0,36.158130,-86.791190,I 40,,,,0.00,,,,,,,209.00,N,Not at Intersection, ,Non-Junction,None,,,         ,Sean,Williams,Clear,Unknown,no,no,no,no,yes,False
101317267,METROPOLITAN NASHVILLE POLICE DEPT,20160678389,Davidson,Nashville,7/28/2016 9:47:00 PM,2,0,0,36.166790,-86.764880,I 24,,,,0.00,,,,,,,48.95,N,Not at Intersection, ,Non-Junction,Construction Zone,,,         ,Ryan,Howard,Clear,"Sideswipe, Same Direction",no,no,no,no,no,False
101317299,METROPOLITAN NASHVILLE POLICE DEPT,20160645285,Davidson,Nashville,7/18/2016 4:45:00 PM,2,0,0,36.106310,-86.744560,MORTON AV,,,,0.00,,,MEADE AV,,,,0.00,Y,T-Intersection, ,Non-Junction,None,,,         ,Miguel,Garcia,Clear,Angle,no,no,no,no,no,False
101317618,GOODLETTSVILLE POLICE DEPT,16-26438,Davidson,Goodlettsville,7/28/2016 3:47:00 PM,2,1,0,36.308010,-86.704060,RIVERGATE PKWY,,,,69.00,Feet,North,I65 N ENT RAMP,,,,0.00,N,Not at Intersection,N,Non-Junction,None,,,         ,George,Forbes,Clear,Front to Rear,no,no,no,no,no,False
101317619,METROPOLITAN NASHVILLE POLICE DEPT,20160677169,Davidson,Nashville,7/28/2016 2:00:00 PM,2,1,0,36.151970,-86.767340,I 40,,,,0.00,,,,,,,210.55,N,Not at Intersection,N,Non-Junction,None,,,         ,Jason,Smith,Clear,Front to Rear,no,no,no,no,no,False
101317627,METROPOLITAN NASHVILLE POLICE DEPT,20160654959,Davidson,Nashville,7/21/2016 11:21:00 AM,2,0,0,36.156310,-86.802990,20TH AVN,,,,28.00,Feet,North,MURPHY AV,,,,0.00,N,Not at Intersection,N,Non-Junction,None,,,         ,Darrell,Osment,Clear,"Sideswipe, Same Direction",no,no,no,no,no,False
101317634,METROPOLITAN NASHVILLE POLICE DEPT,20160642231,Davidson,Nashville,7/17/2016 10:30:00 AM,2,0,0,36.201020,-86.737690,BRONTE AV,,,,455.00,Feet,South,LITTON AV,,,,0.00,N,Not at Intersection, ,Non-Junction,None,,,         ,Richard,Conger,Clear,"Sideswipe, Same Direction",no,no,no,yes,no,False
101317638,METROPOLITAN NASHVILLE POLICE DEPT,20160648199,Davidson,Nashville,7/19/2016 12:38:00 PM,2,2,0,36.138700,-86.819770,WEST END AV,,,,274.00,Feet,South,MURPHY RD,,,,0.00,N,Not at Intersection,N,Non-Junction,None,,,         ,Darrell,Osment,Cloudy,Front to Rear,no,no,no,no,no,False
101317726,METROPOLITAN NASHVILLE POLICE DEPT,2016-0676790,Davidson,Nashville,7/28/2016 11:36:00 AM,3,4,0,36.111270,-86.724620,EAST THOMPSON LN,,,,419.00,Feet,West,I24 E EXT RAMP,,,,0.00,N,Not at Intersection,N,"Driveway, Alley Access, etc",None,,,         ,William,Whitworth,Rain,HeadOn,no,no,no,no,no,False
101317829,GOODLETTSVILLE POLICE DEPT,16-24626,Davidson,Goodlettsville,7/14/2016 3:17:00 AM,1,0,1,36.329070,-86.707460,I 65,,,,0.00,,,,,,,97.40,N,Not at Intersection,N,Non-Junction,None,,,16-0536  ,John,Spencer,Clear,Not Collision with Motor Vehicle in Transport,no,no,no,no,no,False
101318081,METROPOLITAN NASHVILLE POLICE DEPT,20160652582,Davidson,Nashville,7/20/2016 7:15:00 PM,2,1,1,36.137760,-86.949400,RIVER ROAD PKE,,,,1909.00,Feet,East,INDIAN CREEK RD,,,,0.00,N,Not at Intersection,N,Non-Junction,None,,,16-0539  ,Christopher,Augustin,Cloudy,"Sideswipe, Opposite Direction",no,no,no,no,no,False
101318237,METROPOLITAN NASHVILLE POLICE DEPT,20160676463,Davidson,Nashville,7/28/2016 8:59:00 AM,3,0,0,36.165860,-86.781910,CHARLOTTE AV,,,,0.00,Feet,,5TH AVN,,,,0.00,Y,Four-Way,N,Intersection-Related,None,,,         ,Wesley,Henderson,Cloudy,Front to Rear,no,no,no,no,no,False
101318249,METROPOLITAN NASHVILLE POLICE DEPT,20160658428,Davidson,Nashville,7/22/2016 1:26:00 PM,2,0,0,36.179120,-86.773690,I 24,,,,0.00,,,,,,,47.75,N,Not at Intersection, ,Non-Junction,None,,,         ,Christopher,Lo,Cloudy,Front to Rear,no,no,no,no,no,False
101318267,METROPOLITAN NASHVILLE POLICE DEPT,20160677089,Davidson,Nashville,7/28/2016 1:41:00 PM,2,0,0,36.204940,-86.736820,MCGAVOCK PKE,,,,237.00,Feet,East,GALLATIN PKE,,,,0.00,N,Not at Intersection, ,Non-Junction,None,,,         ,Christopher,Lo,Clear,Rear to Side,no,no,no,no,no,False
101318331,METROPOLITAN NASHVILLE POLICE DEPT,2016-0666984,Davidson,Nashville,7/25/2016 1:46:00 PM,2,5,0,36.097740,-86.738480,VERITAS ST,,,,0.00,Feet,East,NOLENSVILLE PKE,,,,0.00,N,Not at Intersection,N,Non-Junction,None,,,         ,Sean,Williams,Rain,Angle,no,no,no,no,no,False
101318388,METROPOLITAN NASHVILLE POLICE DEPT,20160629946,Davidson,Nashville,7/13/2016 12:09:00 PM,2,0,0,36.148850,-86.804560,WEST END AV,,,,0.00,,,23RD AVN,,,,0.00,Y,T-Intersection, ,Intersection,None,,,         ,Darrell,Osment,Clear,Angle,no,no,no,no,no,Campus
101318403,THP District 9 - Administrative,316042023,Davidson,Nashville,7/28/2016 5:23:00 PM,2,0,0,36.153820,-86.755920,HERMITAGE AV,,,,48.00,Feet,East,FAIRFIELD AV,,,,0.00,N,Not at Intersection, ,Non-Junction,None,,,         ,Steve,Sakarapanee,Clear,Front to Rear,no,no,no,no,no,False
101318667,METROPOLITAN NASHVILLE POLICE DEPT,20160674886,Davidson,Nashville,7/27/2016 8:14:00 PM,2,0,0,36.217040,-86.695890,MCGAVOCK PKE,,,,145.00,Feet,East,MUSIC VALLEY DR,,,,0.00,N,Not at Intersection, ,Non-Junction,None,,,         ,Mikala,Moore,Clear,"Sideswipe, Same Direction",no,no,no,no,no,False
101319159,METROPOLITAN NASHVILLE POLICE DEPT,20160654809,Davidson,Nashville,7/21/2016 10:47:00 AM,2,2,0,36.231070,-86.724940,GALLATIN PKE,,,,0.00,,,SOLLEY DR,,,,0.00,Y,Four-Way,N,Intersection,None,,,         ,Christopher,Lo,Clear,Front to Rear,no,no,no,no,no,False
101319984,METROPOLITAN NASHVILLE POLICE DEPT,20160640017,Davidson,Not in City Limit,7/17/2016 1:57:00 PM,2,0,0,36.271090,-86.710370,ROOSEVELT AV,,,,0.00,,,GALLATIN PKEN,,,,0.00,Y,T-Intersection, ,Intersection,None,,,         ,Brandon,Wood,Clear,Front to Rear,no,no,no,no,no,False
101320104,METROPOLITAN NASHVILLE POLICE DEPT,20160676849,Davidson,Nashville,7/28/2016 11:54:00 AM,2,2,0,36.046070,-86.675880,BELL RD,,,,468.00,Feet,West,BLUE HOLE RD,,,,0.00,N,Not at Intersection,N,Non-Junction,None,,,         ,Scott,Carter,Rain,Angle,no,no,no,no,no,False
101320351,Nashville Airport Police,16-2144,Davidson,Nashville,7/28/2016 2:50:00 PM,2,0,0,36.116980,-86.669080,HANGAR LN,,,,0.00,,,AIRPORT SERVICE RD,,,,0.00,Y,T-Intersection, ,Intersection,None,,,         ,Mark,Lawrence,Clear,Other,no,no,no,no,no,False
101320798,GOODLETTSVILLE POLICE DEPT,16-26321,Davidson,Goodlettsville,7/27/2016 3:05:00 PM,2,2,0,36.309440,-86.695570,VIETNAM VETERANS BLVD SB EXT R,,,,0.00,,,CONFERENCE DR,,,,0.00,Y,T-Intersection,Y,Entrance/Exit Ramp Related,None,,,         ,John,Spencer,Clear,Front to Rear,no,no,no,no,no,False
101324174,Metro Park Police,20160614636,Davidson,Nashville,7/8/2016 9:45:00 AM,2,0,0,36.146840,-86.808630,WEST END AV,,,,0.00,,,25TH AVN,,,,0.00,Y,OTHER, ,Non-Junction,None,,,         ,Jordan,Irvin,Clear,"Sideswipe, Same Direction",no,no,no,no,no,Campus
101324938,METROPOLITAN NASHVILLE POLICE DEPT,20160628828,Davidson,Nashville,7/13/2016 3:11:00 AM,1,1,0,36.042050,-86.832780,OLD HICKORY BLVD,,,,289.00,Feet,East,ST REGIS CT,,,,0.00,N,Not at Intersection,N,Non-Junction,None,,,         ,Jessie,Loy,Clear,Not Collision with Motor Vehicle in Transport,no,no,no,no,no,False
101324972,METROPOLITAN NASHVILLE POLICE DEPT,20160667518,Davidson,Nashville,7/25/2016 5:20:00 PM,2,0,0,36.040210,-86.650470,I 24,,,,0.00,,,,,,,60.00,N,Not at Intersection, ,Non-Junction,None,,,         ,Michael,Wilson,Clear,Front to Rear,no,no,no,no,yes,False
101325177,VANDERBILT UNIVERSITY POLICE,2016-674923,Davidson,Nashville,7/27/2016 12:00:00 AM,2,0,0,36.108420,-86.762820,POWELL AV,,,,0.00,,,,,,,0.00,,,N,Non-Junction,None,,,         ,Robert,Skucy,Clear,Unknown,no,no,no,yes,yes,OHO
101326512,Nashville Airport Police,2016-1997,Davidson,Nashville,7/15/2016 11:14:00 PM,2,0,0,36.133900,-86.666800,TERMINAL DR,,,,0.00,,,,,,,0.00,,, ,Non-Junction,None,,,         ,Keneil,Williams,Clear,"Sideswipe, Same Direction",no,no,no,yes,no,False
101326688,METROPOLITAN NASHVILLE POLICE DEPT,2016-0663874,Davidson,Nashville,7/24/2016 10:45:00 AM,2,0,0,36.117910,-86.699830,MURFREESBORO PKE,,,,164.00,Feet,East,BRILEY PKWY N EXT RAMP,,,,0.00,N,Not at Intersection,N,Non-Junction,None,,,         ,Scott,Toney,Clear,"Sideswipe, Same Direction",no,no,no,no,no,False
101328543,METROPOLITAN NASHVILLE POLICE DEPT,20160624095,Davidson,Nashville,7/11/2016 7:20:00 PM,2,2,0,36.183860,-86.852430,COUNTY HOSPITAL RD,,,,1450.00,Feet,West,CAMILLA CALDWELL LN,,,,0.00,N,Not at Intersection,N,Non-Junction,None,,,         ,Nathan,Dungan,Clear,Not Collision with Motor Vehicle in Transport,yes,no,no,no,no,False
101344706,METROPOLITAN NASHVILLE POLICE DEPT,20160637371,Davidson,Nashville,7/15/2016 4:00:00 PM,2,0,0,36.191020,-86.788470,I 65,,,,0.00,,,,,,,85.85,N,Not at Intersection, ,Non-Junction,None,,,         ,Darrien,Spann,Clear,Angle,no,no,no,no,no,False
101363299,METROPOLITAN NASHVILLE POLICE DEPT,20160652557,Davidson,Goodlettsville,7/20/2016 12:00:00 AM,2,0,0,36.293140,-86.702350,RIVERGATE STATION PVTDR,,,,0.00,,,GALLATIN PKEN,,,,0.00,Y,Four-Way,N,Non-Junction,None,,,         ,Joel,Callies,Clear,Unknown,no,no,no,yes,yes,False
101389513,METROPOLITAN NASHVILLE POLICE DEPT,20160664957,Davidson,Nashville,7/24/2016 8:30:00 PM,2,0,0,36.045450,-86.712430,OLD HICKORY BLVD,,,,246.00,Feet,East,NOLENSVILLE PKE,,,,0.00,N,Not at Intersection, ,Non-Junction,None,,,         ,Miguel,Garcia,Clear,"Sideswipe, Same Direction",no,no,no,no,yes,False
101397227,METROPOLITAN NASHVILLE POLICE DEPT,20160655049,Davidson,Nashville,7/21/2016 1:24:00 PM,1,0,0,36.126750,-86.710930,THOMPSON PL,,,,50.00,Feet,East,MURFREESBORO PKE,,,,0.00,N,Not at Intersection, ,Non-Junction,None,,,         ,Terry,Denton,Clear,Not Collision with Motor Vehicle in Transport,no,no,no,no,no,False
101420222,METROPOLITAN NASHVILLE POLICE DEPT,20160622303,Davidson,Nashville,7/11/2016 7:11:00 AM,2,0,0,36.153870,-86.787470,I40 W EXT RAMP,,,,0.00,,,DEMONBREUN ST,,,,0.00,Y,Four-Way,Y,Entrance/Exit Ramp Related,None,,,         ,Byron,Carter,Cloudy,Not Collision with Motor Vehicle in Transport,no,no,no,no,no,False
101426847,METROPOLITAN NASHVILLE POLICE DEPT,20160649059,Davidson,Nashville,7/19/2016 6:43:00 PM,2,0,0,36.088570,-86.751730,TROUSDALE DR,,,,524.00,Feet,South,GRASSMERE PK,,,,0.00,N,Not at Intersection, ,Non-Junction,None,,,         ,Miguel,Garcia,Clear,Angle,no,no,no,no,no,False
101467437,METROPOLITAN NASHVILLE POLICE DEPT,20160630799,Davidson,Nashville,7/13/2016 12:00:00 AM,2,0,0,36.133290,-86.768840,WEDGEWOOD AV,,,,0.00,,,BRANSFORD AV,,,,0.00,Y,T-Intersection,N,Non-Junction,None,,,         ,Akira,McSwain,Clear,Front to Rear,no,no,no,no,no,False
101643183,TENNESSEE STATE UNIVERSITY ,16-TSU-27146,Davidson,Nashville,7/27/2016 12:00:00 AM,2,0,0,36.165640,-86.834260,JOHN L DRIVER BLVD,,,,0.00,,,39TH AVN,,,,0.00,Y,OTHER, ,Non-Junction,None,,,         ,Harold,Taylor,Clear,Front to Rear,no,no,no,yes,yes,False
101713384,METROPOLITAN NASHVILLE POLICE DEPT,20170663545,Davidson,Nashville,7/27/2016 12:00:00 AM,2,0,0,36.192910,-86.830000,CLARKSVILLE PKE,,,,350.00,Feet,West,CLIFF DR,,,,0.00,N,Not at Intersection, ,Non-Junction,None,,,         ,Melvin,Taylor,Clear,"Sideswipe, Same Direction",no,no,no,no,no,False
102084146,METROPOLITAN NASHVILLE POLICE DEPT,20180632681,Davidson,Nashville,7/3/2016 10:40:00 PM,2,0,0,36.065390,-86.687040,VILLAS OF BAVARIA PVTDR,,,,346.00,Feet,North,APACHE TRL,,,,0.00,N,Not at Intersection, ,Non-Junction,None,,,         ,Eric,Keller,Unknown,Angle,no,no,no,yes,no,False
101315446,METROPOLITAN NASHVILLE POLICE DEPT,20160678845,Davidson,Nashville,7/29/2016 1:13:00 AM,1,0,0,36.247650,-86.831150,DRY FORK RD,,,,0.00,,,DRY FORK RD,,,,0.00,,Not at Intersection,N,Non-Junction,None,,,         ,Myriah,Iles,Cloudy,Not Collision with Motor Vehicle in Transport,no,no,no,no,no,False
101315458,METROPOLITAN NASHVILLE POLICE DEPT,20160679226,Davidson,Nashville,7/29/2016 4:52:00 AM,2,0,0,36.195040,-86.775570,I 65,,,,0.00,,,,,,,86.50,N,Not at Intersection, ,Non-Junction,None,,,         ,Steven,Henry Jr.,Clear,Front to Rear,no,no,no,no,no,False
101315466,METROPOLITAN NASHVILLE POLICE DEPT,20160679170,Davidson,Nashville,7/29/2016 12:00:00 AM,1,0,0,36.172660,-86.869760,BRILEY PKWY S EXT RAMP,,,,0.00,Feet,East,BRILEY PKWYS,,,,0.00,N,Not at Intersection,Y,Entrance/Exit Ramp Related,None,,,         ,Clayton,Lewis,Clear,Not Collision with Motor Vehicle in Transport,no,no,no,no,yes,False
101315505,METROPOLITAN NASHVILLE POLICE DEPT,20160679463,Davidson,Nashville,7/29/2016 7:20:00 AM,2,0,0,36.142230,-86.731000,ARLINGTON AV,,,,0.00,,,POPLAR AV,,,,0.00,Y,T-Intersection, ,Intersection,None,,,         ,Richard,Hyatt,Cloudy,Angle,no,no,no,no,no,False
101315528,METROPOLITAN NASHVILLE POLICE DEPT,20160679559,Davidson,Nashville,7/29/2016 8:01:00 AM,2,0,0,36.219060,-86.774950,I 65,,,,0.00,,,,,,,88.20,N,Not at Intersection, ,Non-Junction,None,,,         ,Michael,McCord,Cloudy,Front to Rear,no,no,no,no,no,False
101315530,METROPOLITAN NASHVILLE POLICE DEPT,20160679514,Davidson,Nashville,7/29/2016 7:35:00 AM,1,0,0,36.042900,-86.625340,ASHEFORD TRC,,,,204.00,Feet,West,ASHEFORD CT,,,,0.00,N,Not at Intersection, ,,None,,,         ,Robert,Erickson,,,no,no,no,no,no,False
101315556,METROPOLITAN NASHVILLE POLICE DEPT,20160679598,Davidson,Nashville,7/29/2016 7:25:00 AM,2,0,0,36.152360,-86.676870,EMERY DR,,,,247.00,Feet,North,ROYAL PKWY,,,,0.00,N,Not at Intersection, ,Non-Junction,None,,,         ,Evan,Hibschman,Cloudy,Angle,no,no,no,no,no,False