master_record_number,agency,agency_tracking_number,county,city,collision_date,vehicles_involved,number_injured,number_dead,latitude,longitude,roadway_name,roadway_suffix,roadway_number,roadway_local_id,distance_from_reference,miles-feet_indicator,direction_from_reference,intersection_road_name,intersection_road_name_suffix,intersection_road_number,intersection_local_id,mile_marker,intersection_indicator,intersect_type,interchange_related_indicator,relation_to_junction,work_zone_type,construction_maintenance_zone,construction_maintenance_zone_location,fatal_case_number,officer_first_name,officer_last_name,weather_condition(s),manner_of_crash,pedestrian,bicycle,scooter,parking,hitrun,mou
101317821,METROPOLITAN NASHVILLE POLICE DEPT,20160680953,Davidson,Nashville,7/29/2016 5:10:00 PM,2,0,0,36.139540,-86.700560,KAREN DR,,,,0.00,,,,,,,0.00,,, ,Non-Junction,None,,,         ,Brian,Smith,Clear,Angle,no,no,no,no,no,False
101317825,METROPOLITAN NASHVILLE POLICE DEPT,20160686630,Davidson,Nashville,7/31/2016 7:29:00 PM,2,0,0,36.143950,-86.788020,13TH AVS,,,,0.00,,,TREMONT ST,,,,0.00,Y,OTHER, ,Non-Junction,None,,,         ,Ralph,Smith IV,Clear,Front to Rear,no,no,no,no,no,False
101317857,METROPOLITAN NASHVILLE POLICE DEPT,20160688608,Davidson,Nashville,8/1/2016 1:19:00 PM,2,2,0,36.160780,-86.621370,I 40,,,,0.00,,,,,,,219.55,N,Not at Intersection,N,Non-Junction,None,,,         ,James,Curtis,Clear,Front to Rear,no,no,no,no,yes,False
101317865,METROPOLITAN NASHVILLE POLICE DEPT,20160688699,Davidson,Nashville,8/1/2016 1:50:00 PM,2,2,0,36.218150,-86.804490,MOORMANS ARM RD,,,,299.00,Feet,West,WHITES CREEK PKE,,,,0.00,N,Not at Intersection,N,Non-Junction,None,,,         ,Brandon,Evans,Clear,Front to Rear,no,no,no,no,no,False
101317870,METROPOLITAN NASHVILLE POLICE DEPT,20160686715,Davidson,Nashville,7/31/2016 9:48:00 PM,2,0,0,36.237800,-86.818140,W GREEN LN,,,,22.00,Feet,West,WHITES CREEK PKE,,,,0.00,N,Not at Intersection,N,Non-Junction,None,,,         ,Victor,Alexander,Cloudy,Angle,no,no,no,no,yes,False
101317879,METROPOLITAN NASHVILLE POLICE DEPT,2016-0687665,Davidson,Nashville,8/1/2016 7:20:00 AM,2,0,0,36.238360,-86.756200,I 65,,,,0.00,,,,,,,90.05,N,Not at Intersection, ,Non-Junction,None,,,         ,Arthur,Hipp,Clear,Front to Rear,no,no,no,no,no,False
101317883,METROPOLITAN NASHVILLE POLICE DEPT,2016-0688789,Davidson,Nashville,8/1/2016 2:29:00 PM,2,0,0,36.076480,-86.725370,NOLENSVILLE PKE,,,,300.00,Feet,South,WALLACE RD,,,,0.00,N,Not at Intersection, ,Non-Junction,None,,,         ,William,Whitworth,Clear,Front to Rear,no,no,no,no,no,False
101317888,METROPOLITAN NASHVILLE POLICE DEPT,2016-0688570,Davidson,Nashville,8/1/2016 12:50:00 PM,2,0,0,0.000000,0.000000,FOGG STREET,,,,110.00,Feet,East,8TH AVENUE SOUTH,,,,0.00,N,Not at Intersection, ,Non-Junction,Construction Zone,,,         ,William,Vincion,Clear,"Sideswipe, Opposite Direction",no,no,no,no,no,False
101317911,METROPOLITAN NASHVILLE POLICE DEPT,20160688846,Davidson,Nashville,8/1/2016 3:10:00 PM,3,0,0,36.052750,-86.686270,TUSCULUM RD,,,,92.00,Feet,West,LEESHAN CT,,,,0.00,N,Not at Intersection,N,Non-Junction,None,,,         ,Jessie,Meadows,Clear,Front to Rear,no,no,no,no,no,False
101317914,METROPOLITAN NASHVILLE POLICE DEPT,2016-0689036,Davidson,Nashville,8/1/2016 3:45:00 PM,2,0,0,36.124990,-86.752200,NOLENSVILLE PKE,,,,0.00,,,ROSEDALE AV,,,,0.00,Y,T-Intersection, ,Intersection-Related,None,,,         ,Austin,Kendrick,Clear,Front to Rear,no,no,no,no,no,False
101317916,METROPOLITAN NASHVILLE POLICE DEPT,20160688925,Davidson,Nashville,8/1/2016 3:17:00 PM,1,1,0,36.152050,-86.680660,ELM HILL PKE,,,,90.00,Feet,East,AIRWAYS CIR,,,,0.00,N,Not at Intersection,N,Non-Junction,None,,,         ,Dontaveous,Eubanks,Clear,Not Collision with Motor Vehicle in Transport,no,no,no,no,no,False
101317923,METROPOLITAN NASHVILLE POLICE DEPT,20160688886,Davidson,Nashville,8/1/2016 3:08:00 PM,2,0,0,36.150040,-86.791920,MUSIC SQE,,,,0.00,,,ROY ACUFF PL,,,,0.00,Y,T-Intersection,N,Intersection-Related,None,,,         ,Tien,Nguyen,Clear,Angle,no,no,no,no,no,False
101317924,METROPOLITAN NASHVILLE POLICE DEPT,20160688862,Davidson,Nashville,8/1/2016 2:20:00 PM,2,0,0,36.154340,-86.798960,19TH AVN,,,,0.00,,,CHURCH ST,,,,0.00,Y,Four-Way,N,Intersection-Related,None,,,         ,Tien,Nguyen,Clear,HeadOn,no,no,no,no,no,False
101317928,METROPOLITAN NASHVILLE POLICE DEPT,2016-0689074,Davidson,Nashville,8/1/2016 3:59:00 PM,2,0,0,36.154450,-86.842160,DELAWARE AV,,,,50.00,Feet,East,46TH AVN,,,,0.00,N,Not at Intersection,N,Non-Junction,None,,,         ,Walter,Gray II,Cloudy,Front to Rear,no,no,no,no,yes,False
101317931,METROPOLITAN NASHVILLE POLICE DEPT,20160689043,Davidson,Nashville,8/1/2016 3:20:00 PM,2,0,0,36.147550,-86.758650,LEWIS ST,,,,0.00,,,LAFAYETTE ST,,,,0.00,Y,Four-Way, ,Non-Junction,None,,,         ,Andrew,Mullen,Clear,Angle,no,no,no,no,yes,False
101317941,METROPOLITAN NASHVILLE POLICE DEPT,20160689177,Davidson,Antioch,8/1/2016 4:52:00 PM,1,0,0,36.021570,-86.711540,NOLENSVILLE PKE,,,,83.00,Feet,North,BIENVILLE DR,,,,0.00,N,Not at Intersection, ,Non-Junction,None,,,         ,Jessie,Meadows,Clear,Not Collision with Motor Vehicle in Transport,no,no,no,no,no,False
101317965,METROPOLITAN NASHVILLE POLICE DEPT,20160689200,Davidson,Nashville,8/1/2016 4:41:00 PM,1,1,0,36.135250,-86.819170,CHESTERFIELD AV,,,,348.00,Feet,North,I440 W EXT RAMP,,,,0.00,N,Not at Intersection,N,Non-Junction,None,,,         ,Tien,Nguyen,Clear,Not Collision with Motor Vehicle in Transport,no,yes,no,no,no,False
101317967,METROPOLITAN NASHVILLE POLICE DEPT,20160689109,Davidson,Nashville,8/1/2016 3:56:00 PM,2,1,0,36.166800,-86.599070,OLD HICKORY BLVD,,,,0.00,Feet,,CROSSHILL WAY,,,,0.00,Y,Four-Way,N,Intersection,None,,,         ,Kyle,Burks,Clear,Front to Rear,no,no,no,no,no,False
101317971,METROPOLITAN NASHVILLE POLICE DEPT,20160689205,Davidson,Nashville,8/1/2016 4:17:00 PM,2,0,0,36.153270,-86.687690,ATRIUM WAY,,,,10.00,Feet,North,ELM HILL PKE,,,,0.00,N,Not at Intersection, ,,None,,,         ,Bradley,McIntyre,,,no,no,no,no,no,False
101317977,METROPOLITAN NASHVILLE POLICE DEPT,20160689206,Davidson,Nashville,8/1/2016 4:15:00 PM,2,0,0,36.169440,-86.679240,LEBANON PKE,,,,193.00,Feet,East,MCGAVOCK PKE,,,,0.00,N,Not at Intersection, ,Non-Junction,None,,,         ,John,Kelley,Clear,Angle,no,no,no,no,no,False
101317983,METROPOLITAN NASHVILLE POLICE DEPT,20160689419,Davidson,Nashville,8/1/2016 5:51:00 PM,2,0,0,36.045710,-86.658320,BELL RD,,,,61.00,Feet,East,I24 W EXT RAMP,,,,0.00,N,Not at Intersection,N,Non-Junction,None,,,         ,Matthew,Johnson,Clear,Front to Rear,no,no,no,no,no,False
101317991,METROPOLITAN NASHVILLE POLICE DEPT,20160689445,Davidson,Nashville,8/1/2016 5:59:00 PM,3,1,0,36.123420,-86.749090,I 440,,,,0.00,,,,,,,6.40,N,Not at Intersection,N,Non-Junction,None,,,         ,Tien,Nguyen,Clear,Front to Rear,no,no,no,no,no,False
101317994,METROPOLITAN NASHVILLE POLICE DEPT,2016-0689311,Davidson,Nashville,8/1/2016 3:59:00 PM,2,0,0,36.157660,-86.790820,I 40,,,,0.00,,,,,,,209.00,N,Not at Intersection,N,Non-Junction,None,,,         ,Austin,Kendrick,Clear,Front to Rear,no,no,no,no,yes,False
101317997,METROPOLITAN NASHVILLE POLICE DEPT,20160689259,Davidson,Antioch,8/1/2016 4:55:00 PM,2,0,0,36.028690,-86.590850,MURFREESBORO PKE,,,,165.00,Feet,North,LAVERGNE COUCHVILLE PKE,,,,0.00,N,Not at Intersection, ,Non-Junction,None,,,         ,Kevin,Keating,Cloudy,Front to Rear,no,no,no,no,no,False
101317999,VANDERBILT UNIVERSITY POLICE,16-0689433,Davidson,Nashville,8/1/2016 12:00:00 AM,2,0,0,36.144750,-86.810160,NATCHEZ TRC,,,,0.00,,,,,,,0.00,,OTHER, ,Non-Junction,None,,,         ,William,West,Unknown,Unknown,no,no,no,yes,yes,Campus
101318002,GOODLETTSVILLE POLICE DEPT,16-26940,Davidson,Goodlettsville,8/1/2016 5:15:00 PM,2,0,0,36.315040,-86.713620,S MAIN ST,,,,0.00,,,RIVERGATE PKWY,,,,0.00,Y,Four-Way,N,Intersection,None,,,         ,Brian,Hajdu,Cloudy,Angle,no,no,no,no,no,False
101318003,METROPOLITAN NASHVILLE POLICE DEPT,20160689413,Davidson,Nashville,8/1/2016 3:58:00 PM,2,0,0,36.162700,-86.761200,I 24,,,,0.00,,,,,,,49.30,N,Not at Intersection,N,Non-Junction,None,,,         ,Michael,Moss,Clear,Front to Rear,no,no,no,no,no,False
101318006,METROPOLITAN NASHVILLE POLICE DEPT,20160689386,Davidson,Not in City Limit,8/1/2016 5:39:00 PM,2,0,0,36.264050,-86.692060,STATE RT 45,,,,200.00,Feet,West,MCARTHUR DR,,,,0.00,N,Not at Intersection, ,,None,,,         ,Christopher,Littles,,,no,no,no,no,no,False
101318007,METROPOLITAN NASHVILLE POLICE DEPT,20160689520,Davidson,Not in City Limit,8/1/2016 6:22:00 PM,2,1,0,36.260810,-86.712690,GALLATIN PKES,,,,175.00,Feet,South,MAPLE ST,,,,0.00,N,Not at Intersection,N,Non-Junction,None,,,         ,Christopher,Littles,Cloudy,Angle,no,no,no,no,no,False
101318009,METROPOLITAN NASHVILLE POLICE DEPT,20160689541,Davidson,Nashville,8/1/2016 6:20:00 PM,2,1,0,36.168830,-86.601520,MILLS RD,,,,306.00,Feet,South,OLD HICKORY BLVD,,,,0.00,N,Not at Intersection,N,OtherLocation,None,,,         ,Christopher,Mackey,Cloudy,Other,no,no,no,no,no,False
101318016,METROPOLITAN NASHVILLE POLICE DEPT,20160688899,Davidson,Antioch,8/1/2016 2:47:00 PM,2,0,0,36.025470,-86.587420,MURFREESBORO RD,,,,437.00,Feet,North,WALDRON RD,,,,0.00,N,Not at Intersection, ,Non-Junction,None,,,         ,William,McDaniel,Clear,Front to Rear,no,no,no,no,no,False
101318017,METROPOLITAN NASHVILLE POLICE DEPT,2016-0689403,Davidson,Nashville,8/1/2016 4:16:00 PM,2,0,0,36.148360,-86.777070,I 40,,,,0.00,,,,,,,210.00,N,Not at Intersection, ,Non-Junction,None,,,         ,Austin,Kendrick,Clear,Front to Rear,no,no,no,no,no,False
101318023,METROPOLITAN NASHVILLE POLICE DEPT,20160689087,Davidson,Nashville,8/1/2016 12:00:00 AM,2,0,0,36.231490,-86.762120,OAK VALLEY DR,,,,65.00,Feet,East,OAK RIDGE DR,,,,0.00,N,Not at Intersection, ,Non-Junction,None,,,         ,Gordon,Stovall,Clear,Not Collision with Motor Vehicle in Transport,no,no,no,no,yes,False
101318027,METROPOLITAN NASHVILLE POLICE DEPT,20160689734,Davidson,Nashville,8/1/2016 7:17:00 PM,2,0,0,36.173330,-86.601680,CENTRAL PKE,,,,168.00,Feet,East,OLD HICKORY BLVD,,,,0.00,N,Not at Intersection,N,OtherLocation,None,,,         ,Christopher,Mackey,Rain,Other,no,no,no,no,yes,False
101318034,METROPOLITAN NASHVILLE POLICE DEPT,20160689462,Davidson,Nashville,8/1/2016 12:00:00 AM,2,0,0,36.211870,-86.732400,GALLATIN PKE,,,,93.00,Feet,South,HOWARD AV,,,,0.00,N,Not at Intersection,N,Non-Junction,None,,,         ,Gordon,Stovall,Cloudy,Front to Rear,no,no,no,no,yes,False
101318046,METROPOLITAN NASHVILLE POLICE DEPT,20160689349,Davidson,Nashville,8/1/2016 4:50:00 PM,2,0,0,36.172840,-86.765340,JAMES ROBERTSON PKWY,,,,0.00,,,MAIN ST,,,,0.00,Y,Four-Way, ,Intersection,None,,,         ,Jessica,Scott,Clear,Angle,no,no,no,no,no,False
101318056,METROPOLITAN NASHVILLE POLICE DEPT,20160689100,Davidson,Nashville,8/1/2016 4:01:00 PM,3,0,0,36.151810,-86.752310,I 40,,,,0.00,,,,,,,211.45,N,Not at Intersection,N,Non-Junction,None,,,         ,Jonathan,Cavezza,Clear,Angle,no,no,no,no,no,False
101318058,METROPOLITAN NASHVILLE POLICE DEPT,20160689027,Davidson,Nashville,8/1/2016 3:43:00 PM,2,0,0,36.154760,-86.627390,I40 E EXT RAMP,,,,0.00,,,I 40,,,,0.00,Y,OTHER,Y,Non-Junction,None,,,         ,Reuben,Hewit,Clear,Front to Rear,no,no,no,no,no,False
101318059,METROPOLITAN NASHVILLE POLICE DEPT,20160689521,Davidson,Nashville,8/1/2016 5:20:00 PM,2,0,0,36.157750,-86.637060,STEWARTS FERRY PKE,,,,358.00,Feet,West,CLOVERWOOD DR,,,,0.00,N,Not at Intersection, ,,None,,,         ,Bradley,McIntyre,,,no,no,no,no,no,False
101318072,METROPOLITAN NASHVILLE POLICE DEPT,20160689083,Davidson,Not in City Limit,8/1/2016 3:50:00 PM,2,0,0,36.308610,-86.681540,GALLATIN PKEN,,,,0.00,,,RIVERCHASE BLVD,,,,0.00,Y,T-Intersection, ,Intersection-Related,None,,,         ,Samuel,Miller,Cloudy,Front to Rear,no,no,no,no,no,False
101318074,METROPOLITAN NASHVILLE POLICE DEPT,20160689854,Davidson,Nashville,8/1/2016 8:21:00 PM,2,0,0,36.066670,-86.717940,NORTHCREST DR,,,,0.00,,,NOLENSVILLE PKE,,,,0.00,Y,T-Intersection, ,Intersection-Related,None,,,         ,Tien,Nguyen,Rain,Front to Rear,no,no,no,no,no,False
101318076,METROPOLITAN NASHVILLE POLICE DEPT,20160689769,Davidson,Nashville,8/1/2016 8:01:00 PM,2,0,0,36.145500,-86.811450,WEST END AV,,,,0.00,,,27TH AVN,,,,0.00,Y,T-Intersection, ,Intersection,None,,,         ,Ralph,Smith IV,Rain,Angle,no,no,no,no,no,Campus
101318080,METROPOLITAN NASHVILLE POLICE DEPT,20160689553,Davidson,Nashville,8/1/2016 6:30:00 PM,2,0,0,36.246680,-86.721170,BERKLEY DR,,,,0.00,,,GALLATIN PKES,,,,0.00,Y,OTHER,N,Non-Junction,None,,,         ,Edward,Draves,Cloudy,Angle,no,no,no,no,no,False
101318085,METROPOLITAN NASHVILLE POLICE DEPT,20160689791,Davidson,Not in City Limit,8/1/2016 7:57:00 PM,2,0,0,35.974470,-86.632640,BATTLE RD,,,,453.00,Feet,East,KIDD RD,,,,0.00,N,Not at Intersection, ,Non-Junction,None,,,         ,Kevin,Keating,Rain,"Sideswipe, Opposite Direction",no,no,no,no,no,False
101318086,METROPOLITAN NASHVILLE POLICE DEPT,20160689787,Davidson,Nashville,8/1/2016 7:38:00 PM,2,0,0,36.251310,-86.718100,GALLATIN PKES,,,,81.00,Feet,North,BRINK HAVEN AV,,,,0.00,N,Not at Intersection,N,Non-Junction,None,,,         ,Christopher,Littles,Rain,Angle,no,no,no,no,no,False
101318097,METROPOLITAN NASHVILLE POLICE DEPT,20160689882,Davidson,Nashville,8/1/2016 8:10:00 PM,1,0,0,36.167940,-86.615160,RIVERWOOD VILLAGE BLVD,,,,49.00,Feet,West,DODSON CHAPEL RD,,,,0.00,N,Not at Intersection,N,OtherLocation,None,,,         ,Christopher,Mackey,Rain,Not Collision with Motor Vehicle in Transport,no,no,no,no,no,False
101318110,METROPOLITAN NASHVILLE POLICE DEPT,20160683965,Davidson,Nashville,7/30/2016 6:29:00 PM,2,0,0,36.068560,-86.714590,HAYWOOD LN,,,,503.00,Feet,East,HOPEDALE DR,,,,0.00,N,Not at Intersection,N,Non-Junction,None,,,         ,Nakia,Reid,Clear,Front to Rear,no,no,no,no,no,False
101318116,METROPOLITAN NASHVILLE POLICE DEPT,20160689452,Davidson,Nashville,8/1/2016 5:48:00 PM,2,0,0,36.141130,-86.627970,BELL RD,,,,0.00,,,ELM HILL PKE,,,,0.00,Y,T-Intersection,N,Intersection,None,,,         ,Jaby,Djabbarov,Clear,Front to Rear,no,no,no,no,no,False
101318117,METROPOLITAN NASHVILLE POLICE DEPT,2016-0689933,Davidson,Nashville,8/1/2016 8:48:00 PM,2,0,0,36.044410,-86.780390,I 65,,,,0.00,,,,,,,75.00,N,Not at Intersection, ,Non-Junction,None,,,         ,Austin,Kendrick,Clear,Front to Rear,no,no,no,no,no,False
101318121,METROPOLITAN NASHVILLE POLICE DEPT,20160689783,Davidson,Nashville,8/1/2016 7:46:00 PM,2,0,0,36.202930,-86.738870,GALLATIN PKE,,,,204.00,Feet,North,LITTON AV,,,,0.00,N,Not at Intersection,N,Non-Junction,None,,,         ,Rachael,Sacco,Rain,"Sideswipe, Same Direction",no,no,no,no,yes,False
101318122,METROPOLITAN NASHVILLE POLICE DEPT,20160689888,Davidson,Not in City Limit,8/1/2016 8:40:00 PM,2,0,0,36.273130,-86.689490,MYATT DR,,,,368.00,Feet,North,ANDERSON LN,,,,0.00,N,Not at Intersection,N,Non-Junction,None,,,         ,Jordan,Lowry,Clear,Front to Rear,no,no,no,no,no,False
101318123,METROPOLITAN NASHVILLE POLICE DEPT,20160690032,Davidson,Not in City Limit,8/1/2016 9:19:00 PM,2,0,0,36.263070,-86.711920,STATE RT 45,,,,0.00,,,GALLATIN PKEN,,,,0.00,Y,Four-Way, ,,None,,,         ,Christopher,Littles,,,no,no,no,no,no,False
101318136,METROPOLITAN NASHVILLE POLICE DEPT,20160689354,Davidson,Nashville,8/1/2016 5:19:00 PM,2,0,0,36.160530,-86.796870,16TH AVN,,,,63.00,Feet,North,CAPITOL PT,,,,0.00,N,Not at Intersection,N,Non-Junction,None,,,         ,Michael,Brooks,Cloudy,Front to Rear,no,no,no,no,no,False
101318137,METROPOLITAN NASHVILLE POLICE DEPT,20160689543,Davidson,Nashville,8/1/2016 6:25:00 PM,3,0,0,36.228940,-86.833500,BRILEY PKWYE,,,,235.00,Feet,East,BRILEY PKWYW,,,,0.00,N,Not at Intersection,N,Non-Junction,None,,,         ,Michael,Brooks,Rain,Front to Rear,no,no,no,no,no,False
101318138,METROPOLITAN NASHVILLE POLICE DEPT,20160690070,Davidson,Not in City Limit,8/1/2016 9:26:00 PM,1,0,0,36.328510,-86.869280,WHITES CREEK PKE,,,,596.00,Feet,North,WHITES CREEK PKE PVTDR,,,,0.00,N,Not at Intersection, ,Non-Junction,None,,,         ,Michael,Brooks,Cloudy,Not Collision with Motor Vehicle in Transport,no,no,no,no,no,False
101318139,METROPOLITAN NASHVILLE POLICE DEPT,20160688979,Davidson,Nashville,8/1/2016 3:15:00 PM,2,0,0,36.158900,-86.740310,VISCO DR,,,,0.00,,,OMOHUNDRO PL,,,,0.00,Y,T-Intersection, ,Intersection,None,,,         ,Brent,Hedgcoth,Clear,Front to Rear,no,no,no,no,no,False
101318140,METROPOLITAN NASHVILLE POLICE DEPT,20160689823,Davidson,Nashville,8/1/2016 8:00:00 PM,1,3,0,36.207990,-86.819650,BUENA VISTA PKE,,,,122.00,Feet,North,TAIGANS CT,,,,0.00,N,Not at Intersection,N,Non-Junction,None,,,         ,Melvin,Taylor,Cloudy,Not Collision with Motor Vehicle in Transport,no,no,no,no,no,False
101318143,METROPOLITAN NASHVILLE POLICE DEPT,20160690063,Davidson,Nashville,8/1/2016 12:00:00 AM,2,0,0,36.040940,-86.782550,I 65,,,,0.00,,,,,,,74.70,N,Not at Intersection,N,Non-Junction,None,,,         ,Jose,Salazar,Rain,Front to Rear,no,no,no,no,yes,False
101318164,METROPOLITAN NASHVILLE POLICE DEPT,20160689721,Davidson,Nashville,8/1/2016 7:28:00 PM,4,0,0,36.120480,-86.697590,SATURN DR,,,,257.00,Feet,South,BRILEY PKWY S EXT RAMP,,,,0.00,N,Not at Intersection,N,Non-Junction,None,,,         ,Tyler,Maupin,Rain,Front to Rear,no,no,no,no,yes,False
101318183,METROPOLITAN NASHVILLE POLICE DEPT,20160690164,Davidson,Not in City Limit,8/1/2016 10:23:00 PM,2,2,0,36.262990,-86.680940,STATE RT 45,,,,0.00,,,RIO VISTA DR,,,,0.00,Y,Four-Way,N,Intersection,None,,,         ,Samuel,Miller,Cloudy,Angle,no,no,no,no,no,False
101318184,METROPOLITAN NASHVILLE POLICE DEPT,20160686968,Davidson,Nashville,7/31/2016 11:15:00 PM,2,0,0,36.066920,-86.916110,DEVON VALLEY DR,,,,248.00,Feet,East,OLD HICKORY BLVD,,,,0.00,N,Not at Intersection, ,Non-Junction,None,,,         ,Aaron,Wigginton,Clear,"Sideswipe, Same Direction",no,no,no,no,yes,False
101318186,Nashville Airport Police,2016-02169,Davidson,Nashville,7/31/2016 3:40:00 AM,2,0,0,36.116700,-86.668180,DONELSON PKE,,,,0.00,,,HANGAR LN,,,,0.00,Y,T-Intersection, ,Intersection,None,,,         ,Christopher,Lueders,Clear,"Sideswipe, Same Direction",no,no,no,no,no,False
101318188,Nashville Airport Police,2016-2188,Davidson,Nashville,8/1/2016 4:55:00 PM,2,0,0,36.117230,-86.667970,DONELSON PKE,,,,200.00,Feet,North,HANGAR LN,,,,0.00,N,Not at Intersection,N,Non-Junction,None,,,         ,Dalton,Engstrom,Clear,Front to Rear,no,no,no,no,no,False
101318191,METROPOLITAN NASHVILLE POLICE DEPT,20160690248,Davidson,Not in City Limit,8/1/2016 11:00:00 PM,1,0,0,36.118590,-86.976420,OLD CHARLOTTE PKE,,,,771.00,Feet,West,OLD CHARLOTTE PKE PVTDR,,,,0.00,N,Not at Intersection, ,Non-Junction,None,,,         ,Aaron,Wigginton,Clear,Not Collision with Motor Vehicle in Transport,no,no,no,no,no,False
101318192,METROPOLITAN NASHVILLE POLICE DEPT,20160683435,Davidson,Nashville,7/30/2016 2:10:00 PM,2,0,0,36.204390,-86.691380,OPRY MILLS DR,,,,0.00,,,,,,,0.00,,,N,Non-Junction,None,,,         ,Steven,Wiser,Clear,Angle,no,no,no,yes,yes,False
101318205,METROPOLITAN NASHVILLE POLICE DEPT,20160690345,Davidson,Nashville,8/1/2016 9:15:00 PM,2,0,0,36.220300,-86.845640,PHIPPS DR,,,,551.00,Feet,North,LUNN DR,,,,0.00,N,Not at Intersection,N,Non-Junction,None,,,         ,Charles,Duke,Clear,HeadOn,no,no,no,no,yes,False
101318212,METROPOLITAN NASHVILLE POLICE DEPT,20160690205,Davidson,Nashville,8/1/2016 8:12:00 PM,2,0,0,36.193550,-86.765960,PENNOCK AV,,,,106.00,Feet,South,DOUGLAS AV,,,,0.00,N,Not at Intersection, ,Non-Junction,None,,,         ,Steven,Henry Jr.,Clear,"Sideswipe, Same Direction",no,no,no,no,yes,False
101318245,METROPOLITAN NASHVILLE POLICE DEPT,20160688394,Davidson,Nashville,8/1/2016 11:45:00 AM,2,0,0,36.189440,-86.797200,FRENCH LANDING DR,,,,450.00,Feet,North,DOMINICAN DR,,,,0.00,N,Not at Intersection, ,Non-Junction,None,,,         ,Garren,Hoskins,Clear,Front to Rear,no,no,no,no,no,False
101318268,METROPOLITAN NASHVILLE POLICE DEPT,20160684528,Davidson,Nashville,7/30/2016 9:00:00 PM,2,0,0,36.203020,-86.694740,OPRY MILLS DR,,,,1071.00,Feet,East,MOSS ROSE DR,,,,0.00,N,Not at Intersection, ,Non-Junction,None,,,         ,Gary,Sneed,Rain,"Sideswipe, Same Direction",no,no,no,yes,yes,False
101318271,METROPOLITAN NASHVILLE POLICE DEPT,2016-0688592,Davidson,Nashville,8/1/2016 1:11:00 PM,2,1,0,36.159660,-86.623160,I 40,,,,0.00,,,,,,,219.40,N,Not at Intersection,N,Non-Junction,None,,,         ,Scott,Toney,Clear,Front to Rear,no,no,no,no,no,False
101318277,METROPOLITAN NASHVILLE POLICE DEPT,20160691273,Davidson,Nashville,8/2/2016 7:15:00 AM,2,0,0,36.208370,-86.589800,TULIP GROVE RD,,,,0.00,,,ASHLEY WAY,,,,0.00,,, ,Non-Junction,None,,,         ,Patrick,Lancaster,Clear,Front to Rear,no,no,no,no,no,False
101318278,METROPOLITAN NASHVILLE POLICE DEPT,20160691362,Davidson,Nashville,8/2/2016 7:59:00 AM,2,0,0,36.134260,-86.726760,I 24,,,,0.00,,,,,,,52.10,N,Not at Intersection,N,Non-Junction,None,,,         ,Nathan,Kemp,Clear,"Sideswipe, Same Direction",no,no,no,no,yes,False
101318281,METROPOLITAN NASHVILLE POLICE DEPT,20160680270,Davidson,Nashville,7/29/2016 12:45:00 PM,2,0,0,36.204350,-86.738090,GALLATIN PKE,,,,0.00,,,ZOPHI ST,,,,0.00,Y,T-Intersection, ,Intersection,None,,,         ,Johnathon,Birdwell,Clear,Angle,no,no,no,no,no,False
101318290,METROPOLITAN NASHVILLE POLICE DEPT,2016-0688675,Davidson,Nashville,8/1/2016 1:40:00 PM,2,4,0,36.242250,-86.757010,DICKERSON PKE,,,,105.00,Feet,North,DICKERSON PKE ENT RAMP,,,,0.00,N,Not at Intersection,N,Non-Junction,None,,,         ,Jack,Crouch,Clear,"Sideswipe, Same Direction",no,no,no,no,no,False
101318312,METROPOLITAN NASHVILLE POLICE DEPT,20160691452,Davidson,Nashville,8/2/2016 1:00:00 AM,2,0,0,36.162650,-86.825890,33RD AVN,,,,234.00,Feet,South,ALBION ST,,,,0.00,N,Not at Intersection, ,Non-Junction,None,,,         ,Chase,Burnett,Clear,Rear to Side,no,no,no,no,no,False
101318314,METROPOLITAN NASHVILLE POLICE DEPT,20160687957,Davidson,Nashville,8/1/2016 9:20:00 AM,2,0,0,36.183180,-86.773870,N 1ST ST,,,,0.00,,,DICKERSON PKE,,,,0.00,Y,OTHER, ,Intersection,None,,,         ,Alex,Moore,Clear,Front to Rear,no,no,no,no,no,False
101318324,METROPOLITAN NASHVILLE POLICE DEPT,20160691450,Davidson,Nashville,8/2/2016 8:20:00 AM,2,0,0,36.158290,-86.771890,HERMITAGE AV,,,,0.00,,,KOREAN VETERANS BLVD,,,,0.00,Y,Four-Way, ,,None,,,         ,Damon,Hutcheson,,,no,no,no,no,no,False
101318336,METROPOLITAN NASHVILLE POLICE DEPT,20160691542,Davidson,Nashville,8/2/2016 9:04:00 AM,2,0,0,36.130150,-86.715550,MURFREESBORO PKE,,,,544.00,Feet,East,FOOTHILL DR,,,,0.00,N,Not at Intersection, ,Non-Junction,None,,,         ,Brian,Penny,Clear,Front to Rear,no,no,no,no,no,False
101318352,METROPOLITAN NASHVILLE POLICE DEPT,20160689166,Davidson,Nashville,8/1/2016 4:27:00 PM,2,1,0,36.097520,-86.655210,SMITH SPRINGS RD,,,,331.00,Feet,North,MURFREESBORO PKE,,,,0.00,N,Not at Intersection,N,Non-Junction,None,,,         ,Michael,Apsey,Clear,Front to Rear,no,no,no,no,no,False
101318353,METROPOLITAN NASHVILLE POLICE DEPT,20160691440,Davidson,Nashville,8/2/2016 8:23:00 AM,3,1,0,36.125150,-86.734360,I 440,,,,0.00,,,,,,,7.15,N,Not at Intersection,N,Non-Junction,None,,,         ,Gary,Sneed,Clear,Front to Rear,no,no,no,no,no,False