master_record_number,agency,agency_tracking_number,county,city,collision_date,vehicles_involved,number_injured,number_dead,latitude,longitude,roadway_name,roadway_suffix,roadway_number,roadway_local_id,distance_from_reference,miles-feet_indicator,direction_from_reference,intersection_road_name,intersection_road_name_suffix,intersection_road_number,intersection_local_id,mile_marker,intersection_indicator,intersect_type,interchange_related_indicator,relation_to_junction,work_zone_type,construction_maintenance_zone,construction_maintenance_zone_location,fatal_case_number,officer_first_name,officer_last_name,weather_condition(s),manner_of_crash,pedestrian,bicycle,scooter,parking,hitrun,mou
101318356,METROPOLITAN NASHVILLE POLICE DEPT,20160691393,Davidson,Nashville,8/2/2016 8:00:00 AM,1,0,0,36.113640,-86.743140,FOSTER AV,,,,128.00,Feet,South,FOSTER CT,,,,0.00,N,Not at Intersection, ,"Driveway, Alley Access, etc",None,,,         ,Todd,Watson,Clear,Not Collision with Motor Vehicle in Transport,no,no,no,no,no,False
101318358,METROPOLITAN NASHVILLE POLICE DEPT,20160691233,Davidson,Nashville,8/2/2016 7:07:00 AM,2,0,0,36.152820,-86.683410,MCGAVOCK PKE,,,,0.00,,,ELM HILL PKE,,,,0.00,Y,Four-Way, ,,None,,,         ,James,Curtis,,,no,no,no,no,no,False
101318359,METROPOLITAN NASHVILLE POLICE DEPT,20160691617,Davidson,Nashville,8/2/2016 9:33:00 AM,2,0,0,36.172190,-86.601830,OLD HICKORY BLVD,,,,170.00,Feet,South,PRINCETON PL,,,,0.00,N,Not at Intersection, ,Non-Junction,None,,,         ,James,Curtis,Clear,Angle,no,no,no,no,no,False
101318369,GOODLETTSVILLE POLICE DEPT,16-26950,Davidson,Goodlettsville,8/1/2016 3:20:00 PM,2,1,0,36.325920,-86.699700,123 NORTHCREEK BLVD,,,KROGER STORE,300.00,Feet,South,LONG HOLLOW PIKE,,,,0.00,N,Not at Intersection,N,"Driveway, Alley Access, etc",None,,,         ,John,Spencer,Clear,Angle,no,no,no,yes,no,False
101318372,METROPOLITAN NASHVILLE POLICE DEPT,20160691278,Davidson,Nashville,8/2/2016 7:28:00 AM,2,0,0,36.154990,-86.712020,LEBANON PKE,,,,139.00,Feet,East,CLOVERNOOK DR,,,,0.00,N,Not at Intersection,N,Non-Junction,None,,,         ,Richard,Hyatt,Cloudy,Angle,no,no,no,no,no,False
101318386,METROPOLITAN NASHVILLE POLICE DEPT,20160691718,Davidson,Nashville,8/2/2016 10:07:00 AM,2,0,0,36.118870,-86.801220,I 440,,,,0.00,,,,,,,3.10,N,Not at Intersection,N,Non-Junction,None,,,         ,Brandon,Hughes,Cloudy,Front to Rear,no,no,no,no,no,False
101318389,METROPOLITAN NASHVILLE POLICE DEPT,20160691534,Davidson,Nashville,8/2/2016 8:50:00 AM,3,0,0,36.140580,-86.724200,I 40,,,,0.00,,,,,,,213.45,N,Not at Intersection,N,Non-Junction,None,,,         ,Johnathan,Carlisle,Cloudy,Front to Rear,no,no,no,no,no,False
101318390,METROPOLITAN NASHVILLE POLICE DEPT,2016-0691749,Davidson,Nashville,8/2/2016 10:19:00 AM,2,0,0,36.101650,-86.860980,WESTOVER AV,,,,406.00,Feet,South,LEAKE AV,,,,0.00,N,Not at Intersection, ,,None,,,         ,Walter,Gray II,,,no,no,no,no,no,False
101318397,METROPOLITAN NASHVILLE POLICE DEPT,20160691637,Davidson,Nashville,8/2/2016 9:38:00 AM,2,0,0,36.168860,-86.783840,5TH AVN,,,,0.00,,,JAMES ROBERTSON PKWY,,,,0.00,Y,Four-Way,N,OtherLocation,None,,,         ,Byron,Carter,Clear,Angle,no,no,no,no,yes,False
101318399,METROPOLITAN NASHVILLE POLICE DEPT,2016-0691917,Davidson,Nashville,8/2/2016 11:33:00 AM,2,0,0,36.150450,-86.856710,CHARLOTTE PKE,,,,202.00,Feet,East,ORLANDO AV,,,,0.00,N,Not at Intersection, ,Non-Junction,None,,,         ,Curtis,Rich,Cloudy,Angle,no,no,no,no,yes,False
101318405,GOODLETTSVILLE POLICE DEPT,16-26948,Davidson,Goodlettsville,8/1/2016 3:18:00 PM,2,0,0,36.305480,-86.702950,RIVERGATE PKWY,,,,70.00,Feet,South,MEADOW LARK LN,,,,0.00,N,Not at Intersection, ,Non-Junction,None,,,         ,John,Spencer,Clear,Front to Rear,no,no,no,no,no,False
101318412,METROPOLITAN NASHVILLE POLICE DEPT,20160688522,Davidson,Nashville,8/1/2016 12:45:00 PM,2,0,0,36.153900,-86.625640,STEWARTS FERRY PKE,,,,0.00,,,PERCY PRIEST DR,,,,0.00,Y,T-Intersection,N,Intersection,None,,,         ,Wesley,Young,Clear,Angle,no,no,no,no,yes,False
101318414,METROPOLITAN NASHVILLE POLICE DEPT,20160691854,Davidson,Nashville,8/2/2016 10:32:00 AM,2,0,0,36.091360,-86.828510,HARDING PL,,,,0.00,,,HILLSBORO PKE,,,,0.00,Y,Four-Way,N,Intersection,None,,,         ,Justin,Fox,Cloudy,Front to Rear,no,no,no,no,no,False
101318448,METROPOLITAN NASHVILLE POLICE DEPT,20160691466,Davidson,Nashville,8/2/2016 8:34:00 AM,2,2,0,36.126800,-86.789210,12TH AVS,,,,140.00,Feet,North,ELMWOOD AV,,,,0.00,N,Not at Intersection,N,Non-Junction,None,,,         ,Nathan,Kemp,Clear,Front to Rear,no,no,no,no,no,False
101318452,Metro Park Police,20160691672,Davidson,Nashville,8/2/2016 9:45:00 AM,2,0,0,36.060730,-86.916150,HIGHWAY 100,,,,0.00,,,OLD HICKORY BLVD,,,,0.00,Y,OTHER, ,Non-Junction,None,,,         ,Aubrey,"Whitworth, Jr.",Clear,Rear to Rear,no,no,no,yes,no,False
101318480,METROPOLITAN NASHVILLE POLICE DEPT,20160679952,Davidson,Nashville,7/29/2016 10:36:00 AM,2,0,0,36.142770,-86.736490,I 40,,,,0.00,,,,,,,212.70,N,Not at Intersection, ,Non-Junction,None,,,         ,Larry,Benz,Clear,Front to Rear,no,no,no,no,no,False
101318482,METROPOLITAN NASHVILLE POLICE DEPT,20160691580,Davidson,Nashville,8/2/2016 9:25:00 AM,2,0,0,36.135690,-86.726730,I 24,,,,0.00,,,,,,,52.20,N,Not at Intersection, ,Non-Junction,None,,,         ,Steven,Williams,Clear,"Sideswipe, Same Direction",no,no,no,no,no,False
101318504,METROPOLITAN NASHVILLE POLICE DEPT,2016-0692263,Davidson,Nashville,8/2/2016 1:22:00 PM,2,0,0,36.152620,-86.830540,CHARLOTTE AV,,,,99.00,Feet,West,38TH AVN,,,,0.00,N,Not at Intersection, ,Non-Junction,None,,,         ,Curtis,Rich,Cloudy,Angle,no,no,no,no,no,False
101318516,METROPOLITAN NASHVILLE POLICE DEPT,20160691734,Davidson,Nashville,8/2/2016 9:45:00 AM,2,0,0,36.085500,-86.701930,I24 E EXT RAMP,,,,0.00,Feet,East,I 24,,,,0.00,N,Not at Intersection, ,Entrance/Exit Ramp Related,None,,,         ,Brandon,O'Guin,Clear,Front to Rear,no,no,no,no,no,False
101318517,METROPOLITAN NASHVILLE POLICE DEPT,20160692122,Davidson,Nashville,8/2/2016 12:35:00 PM,2,0,0,36.143830,-86.744170,FESSLERS LN,,,,305.00,Feet,South,ELM HILL PKE,,,,0.00,N,Not at Intersection,N,Non-Junction,None,,,         ,Richard,Hyatt,Clear,Angle,no,no,no,no,no,False
101318521,METROPOLITAN NASHVILLE POLICE DEPT,20160692028,Davidson,Nashville,8/2/2016 12:00:00 PM,2,0,0,36.025050,-86.713010,NOLENSVILLE PKE,,,,150.00,Feet,South,LENOX VILLAGE DR,,,,0.00,N,Not at Intersection, ,Non-Junction,None,,,         ,Paul,Ellis,Cloudy,Front to Rear,no,no,no,no,no,False
101318526,METROPOLITAN NASHVILLE POLICE DEPT,20160691696,Davidson,Nashville,8/2/2016 10:55:00 AM,2,0,0,36.085720,-86.701650,I24 E EXT RAMP,,,,0.00,Feet,East,I 24,,,,0.00,N,Not at Intersection, ,Entrance/Exit Ramp Related,None,,,         ,Jessie,Meadows,Clear,Front to Rear,no,no,no,no,no,False
101318528,METROPOLITAN NASHVILLE POLICE DEPT,20160692199,Davidson,Nashville,8/2/2016 1:06:00 PM,2,0,0,36.215120,-86.599440,LEBANON PKE,,,,522.00,Feet,West,ANDREW JACKSON PKWY,,,,0.00,N,Not at Intersection, ,Non-Junction,None,,,         ,Wesley,Young,Clear,Front to Rear,no,no,no,no,no,False
101318539,METROPOLITAN NASHVILLE POLICE DEPT,20160692066,Davidson,Nashville,8/2/2016 12:15:00 PM,2,1,0,36.155860,-86.771250,2ND AVS,,,,114.00,Feet,North,LEA AV,,,,0.00,N,Not at Intersection,N,Non-Junction,None,,,         ,Damon,Hutcheson,Cloudy,"Sideswipe, Same Direction",no,no,no,no,no,False
101318552,METROPOLITAN NASHVILLE POLICE DEPT,2016-0692237,Davidson,Nashville,8/2/2016 1:20:00 PM,2,3,0,36.176390,-86.778700,JEFFERSON ST,,,,104.00,Feet,West,OLDHAM ST PVTDR,,,,0.00,N,Not at Intersection,N,Non-Junction,None,,,         ,Pedro,Rivera Chaparro,Clear,Front to Rear,no,no,no,no,no,False
101318608,METROPOLITAN NASHVILLE POLICE DEPT,20160692499,Davidson,Nashville,8/2/2016 3:00:00 PM,2,0,0,36.142590,-86.815500,WEST END AV,,,,0.00,,,31ST AVN,,,,0.00,Y,Four-Way, ,Intersection-Related,None,,,         ,Tien,Nguyen,Clear,Angle,no,no,no,no,no,Campus
101318609,Metro Park Police,20160686380,Davidson,Nashville,7/31/2016 6:53:00 PM,2,0,0,36.150100,-86.815120,CENTENNIAL PARK PVTDR,,,,677.00,Feet,North,28TH AVN,,,,0.00,N,Not at Intersection, ,Non-Junction,None,,,         ,Martin,Owens,Clear,"Sideswipe, Same Direction",no,no,no,no,no,False
101318614,METROPOLITAN NASHVILLE POLICE DEPT,20160692456,Davidson,Nashville,8/2/2016 2:55:00 PM,2,2,0,36.210440,-86.719310,SHELTON AV,,,,78.00,Feet,West,STRATFORD AV,,,,0.00,N,Not at Intersection,N,Non-Junction,None,,,         ,Rachael,Sacco,Cloudy,Angle,no,no,no,no,no,False
101318625,METROPOLITAN NASHVILLE POLICE DEPT,20160692418,Davidson,Nashville,8/2/2016 2:38:00 PM,2,3,0,36.134740,-86.784080,WEDGEWOOD AV,,,,0.00,,,HILLSIDE AV,,,,0.00,Y,T-Intersection,N,Intersection,None,,,         ,Charles,Griffin,Cloudy,Angle,no,no,no,no,no,False
101318630,METROPOLITAN NASHVILLE POLICE DEPT,20160692613,Davidson,Nashville,8/2/2016 2:12:00 PM,2,0,0,36.111620,-86.792580,WOODMONT BLVD,,,,0.00,,,GRANNY WHITE PKE,,,,0.00,Y,Four-Way, ,Intersection-Related,None,,,         ,Tien,Nguyen,Clear,Angle,no,no,no,no,no,False
101318640,METROPOLITAN NASHVILLE POLICE DEPT,20160691937,Davidson,Nashville,8/2/2016 11:40:00 AM,2,1,0,36.148810,-86.666280,ELM HILL PKE,,,,0.00,,,DONELSON PKE,,,,0.00,Y,Four-Way,N,Intersection-Related,None,,,         ,Patrick,Lancaster,Clear,Angle,no,no,no,no,no,False
101318642,METROPOLITAN NASHVILLE POLICE DEPT,16-0692360,Davidson,Nashville,8/2/2016 1:43:00 PM,2,0,0,36.156070,-86.782750,10TH AVS,,,,0.00,,,DEMONBREUN ST,,,,0.00,Y,Four-Way, ,Intersection,Unknown,,,         ,Frank,Campbell,Cloudy,Other,no,no,no,no,no,False
101318646,METROPOLITAN NASHVILLE POLICE DEPT,20160692546,Davidson,Not in City Limit,8/2/2016 2:29:00 PM,2,0,0,36.257460,-86.713900,GALLATIN PKES,,,,79.00,Feet,North,HARRINGTON AV,,,,0.00,N,Not at Intersection, ,Non-Junction,None,,,         ,Christopher,Littles,Clear,Angle,no,no,no,no,no,False
101318651,METROPOLITAN NASHVILLE POLICE DEPT,20160692638,Davidson,Nashville,8/2/2016 3:25:00 PM,2,0,0,36.109440,-86.728010,BRILEY PKWYN,,,,0.00,,,BRILEY PKWYS,,,,0.00,Y,Four-Way, ,Non-Junction,None,,,         ,Steven,Frazier Jr.,Clear,Front to Rear,no,no,no,no,no,False
101318668,METROPOLITAN NASHVILLE POLICE DEPT,20160692668,Davidson,Nashville,8/2/2016 3:50:00 PM,2,0,0,36.153980,-86.758370,I 40,,,,0.00,,,,,,,211.10,N,Not at Intersection, ,Non-Junction,None,,,         ,Mikala,Moore,Clear,Front to Rear,no,no,no,no,no,False
101318671,METROPOLITAN NASHVILLE POLICE DEPT,20160692742,Davidson,Nashville,8/2/2016 4:25:00 PM,2,0,0,36.175130,-86.771320,I 24,,,,0.00,,,,,,,48.05,N,Not at Intersection, ,Non-Junction,None,,,         ,Terence,Maahs,Clear,Angle,no,no,no,no,no,False
101318675,METROPOLITAN NASHVILLE POLICE DEPT,20160689169,Davidson,Goodlettsville,8/1/2016 5:05:00 PM,2,0,0,36.312940,-86.701230,I 65,,,,0.00,,,,,,,96.25,N,Not at Intersection, ,Non-Junction,None,,,         ,Samuel,Miller,Cloudy,"Sideswipe, Same Direction",no,no,no,no,no,False
101318681,METROPOLITAN NASHVILLE POLICE DEPT,20160692604,Davidson,Nashville,8/2/2016 3:45:00 PM,2,1,0,36.217870,-86.746490,ELLINGTON PKWY N EXT RAMP,,,,0.00,,,ELLINGTON PKWY N ENT RAMP,,,,0.00,Y,T-Intersection,Y,Entrance/Exit Ramp Related,None,,,         ,Joshua,Lippert,Clear,Angle,no,no,no,no,no,False
101318685,METROPOLITAN NASHVILLE POLICE DEPT,20160689921,Davidson,Nashville,8/1/2016 8:40:00 PM,2,0,0,36.041270,-86.782510,I 65,,,,0.00,,,,,,,74.75,N,Not at Intersection,N,Non-Junction,None,,,         ,William,Taylor,Rain,Front to Rear,no,no,no,no,no,False
101318686,METROPOLITAN NASHVILLE POLICE DEPT,20160692772,Davidson,Nashville,8/2/2016 4:30:00 PM,2,0,0,36.169340,-86.680090,LEBANON PKE,,,,59.00,Feet,West,MCGAVOCK PKE,,,,0.00,N,Not at Intersection, ,Non-Junction,None,,,         ,John,Kelley,Clear,Angle,no,no,no,no,no,False
101318688,METROPOLITAN NASHVILLE POLICE DEPT,2016-0692632,Davidson,Not in City Limit,8/2/2016 2:35:00 PM,2,0,0,36.076890,-86.945220,HIGHWAY 70S,,,,0.00,,,SAWYER BROWN RD,,,,0.00,Y,Four-Way, ,Intersection,None,,,         ,Michael,Rogers,Clear,Angle,no,no,no,no,no,False
101318691,METROPOLITAN NASHVILLE POLICE DEPT,20160692746,Davidson,Nashville,8/2/2016 4:25:00 PM,2,0,0,36.046020,-86.660670,I24 E EXT RAMP,,,,0.00,,,I 24,,,,0.00,Y,OTHER,N,Entrance/Exit Ramp Related,None,,,         ,Marcus,Darden,Clear,Angle,no,no,no,no,no,False
101318692,METROPOLITAN NASHVILLE POLICE DEPT,20160692762,Davidson,Old Hickory,8/2/2016 4:10:00 PM,2,0,0,36.254000,-86.649750,ROBINSON,RD,,,0.00,,,ELLISTON,ST,,,0.00,Y,T-Intersection, ,Intersection-Related,None,,,         ,Codey,Mullins,Clear,Front to Rear,no,no,no,no,no,False
101318693,METROPOLITAN NASHVILLE POLICE DEPT,20160689364,Davidson,Nashville,8/1/2016 5:28:00 PM,2,0,0,36.248410,-86.720080,GALLATIN PKES,,,,150.00,Feet,North,DUE WEST AVE,,,,0.00,N,Not at Intersection,N,Non-Junction,None,,,         ,Samuel,Miller,Cloudy,"Sideswipe, Same Direction",no,no,no,no,yes,False
101318699,METROPOLITAN NASHVILLE POLICE DEPT,20160692725,Davidson,Nashville,8/2/2016 4:21:00 PM,2,0,0,36.086580,-86.771610,HARDING PL,,,,106.00,Feet,East,FRANKLIN PKE,,,,0.00,N,Not at Intersection, ,Non-Junction,None,,,         ,Charles,Griffin,Clear,Front to Rear,no,no,no,no,no,False
101318709,VANDERBILT UNIVERSITY POLICE,16-0692653,Davidson,Nashville,8/2/2016 3:45:00 PM,2,0,0,36.139820,-86.808300,CHILDRENS WAY,,,,450.00,Feet,West,25TH AVS,,,,0.00,N,Not at Intersection, ,,None,,,         ,James,Goolsby,,,no,no,no,yes,no,Campus
101318710,METROPOLITAN NASHVILLE POLICE DEPT,20160692469,Davidson,Nashville,8/2/2016 3:02:00 PM,3,0,0,36.084840,-86.699440,I 24,,,,0.00,,,,,,,55.80,N,Not at Intersection,N,Non-Junction,None,,,         ,Jessie,Meadows,Clear,"Sideswipe, Same Direction",no,no,no,no,no,False
101318711,METROPOLITAN NASHVILLE POLICE DEPT,20160692712,Davidson,Nashville,8/2/2016 4:59:00 PM,2,0,0,36.022470,-86.707420,SUNNYWOOD DR,,,,50.00,Feet,South,HOBBIT LN,,,,0.00,N,Not at Intersection, ,Non-Junction,None,,,         ,Jessie,Meadows,Clear,"Sideswipe, Same Direction",no,no,no,no,no,False
101318712,METROPOLITAN NASHVILLE POLICE DEPT,20160689468,Davidson,Not in City Limit,8/1/2016 6:05:00 PM,2,0,0,36.263220,-86.713470,OLD HICKORY BLVDW,,,,114.00,Feet,West,OLD TIME VILLAGE PVTDR,,,,0.00,N,Not at Intersection, ,Non-Junction,None,,,         ,Samuel,Miller,Cloudy,Angle,no,no,no,no,no,False
101318714,METROPOLITAN NASHVILLE POLICE DEPT,20160692904,Davidson,Nashville,8/2/2016 5:12:00 PM,2,0,0,36.160930,-86.785360,CHURCH ST,,,,0.00,,,,,,,0.00,,OTHER, ,Non-Junction,None,,,         ,Christian,Martin,Clear,Front to Rear,no,no,no,no,yes,False
101318716,METROPOLITAN NASHVILLE POLICE DEPT,20160692658,Davidson,Nashville,8/2/2016 4:01:00 PM,2,0,0,36.182650,-86.735800,EASTLAND AV,,,,36.00,Feet,West,CHAPEL AV,,,,0.00,N,Not at Intersection, ,Non-Junction,None,,,         ,Michael,Moss,Clear,Angle,no,no,no,no,no,False
101318720,METROPOLITAN NASHVILLE POLICE DEPT,20160692875,Davidson,Nashville,8/2/2016 5:07:00 PM,2,0,0,36.159140,-86.760460,I 24,,,,0.00,,,,,,,49.50,N,Not at Intersection, ,,None,,,         ,Jason,King,,,no,no,no,no,no,False
101318722,VANDERBILT UNIVERSITY POLICE,16-0692656,Davidson,Nashville,8/1/2016 12:00:00 AM,2,0,0,36.142150,-86.801240,MEDICAL CENTER DR,,,,354.00,Feet,West,21ST AVS,,,,0.00,N,Not at Intersection, ,Non-Junction,None,,,         ,Jonathan,McAllister,Unknown,Unknown,no,no,no,yes,yes,Campus
101318734,METROPOLITAN NASHVILLE POLICE DEPT,20160692864,Davidson,Nashville,8/2/2016 4:00:00 PM,2,0,0,36.147810,-86.865140,LELLYETT ST,,,,91.00,Feet,North,LENOX AV,,,,0.00,N,Not at Intersection,N,OtherLocation,None,,,         ,Regina,Lewis,Clear,"Sideswipe, Same Direction",no,no,no,yes,yes,False
101318735,METROPOLITAN NASHVILLE POLICE DEPT,20160693026,Davidson,Nashville,8/2/2016 5:48:00 PM,2,0,0,36.150380,-86.868280,I 40,,,,0.00,,,,,,,203.35,N,Not at Intersection, ,,None,,,         ,Shaun,Heath,,,no,no,no,no,no,False
101318741,METROPOLITAN NASHVILLE POLICE DEPT,20160692816,Davidson,Nashville,8/2/2016 4:55:00 PM,2,0,0,36.137060,-86.778800,8TH AVS,,,,149.00,Feet,South,ALLOWAY ST,,,,0.00,N,Not at Intersection,N,Non-Junction,None,,,         ,Charles,Griffin,Clear,Angle,no,no,no,no,no,False
101318749,METROPOLITAN NASHVILLE POLICE DEPT,20160692957,Davidson,Nashville,8/2/2016 5:42:00 PM,3,0,0,36.132560,-86.726870,I24E,,,,827.00,Feet,North,I24 W EXT RAMP,,,,0.00,N,Not at Intersection,N,Non-Junction,None,,,         ,Jarret,Sonnenberg,Clear,Front to Rear,no,no,no,no,no,False
101318754,METROPOLITAN NASHVILLE POLICE DEPT,20160692913,Davidson,Nashville,8/2/2016 5:22:00 PM,2,1,0,36.192950,-86.724070,MCKENNELL DR,,,,0.00,,,RIVERSIDE DR,,,,0.00,Y,OTHER,N,Non-Junction,None,,,         ,Jessica,Scott,Clear,Angle,no,no,no,no,no,False
101318757,METROPOLITAN NASHVILLE POLICE DEPT,20160692708,Davidson,Nashville,8/2/2016 4:10:00 PM,1,1,0,36.209490,-86.766380,DICKERSON PKE,,,,75.00,Feet,North,KINGSTON ST,,,,0.00,N,Not at Intersection,N,Non-Junction,None,,,         ,Peter,Vaught,Clear,Not Collision with Motor Vehicle in Transport,yes,no,no,no,yes,False
101318763,GOODLETTSVILLE POLICE DEPT,16-27050,Davidson,Goodlettsville,8/2/2016 6:51:00 PM,2,0,0,36.309470,-86.695640,VIETNAM VETERANS BLVD SB EXT R,,,,0.00,,,CONFERENCE DR,,,,0.00,Y,T-Intersection, ,Entrance/Exit Ramp Related,None,,,         ,Wesley,Kinnaird,Clear,Front to Rear,no,no,no,no,no,False
101318768,METROPOLITAN NASHVILLE POLICE DEPT,20160692788,Davidson,Nashville,8/2/2016 4:42:00 PM,2,0,0,36.142590,-86.815500,WEST END AV,,,,0.00,,,31ST AVN,,,,0.00,Y,Four-Way, ,Intersection-Related,None,,,         ,Tien,Nguyen,Clear,Front to Rear,no,no,no,no,no,Campus
101318769,METROPOLITAN NASHVILLE POLICE DEPT,20160693170,Davidson,Nashville,8/2/2016 6:36:00 PM,4,0,0,36.032560,-86.768700,CLOVERLAND DR,,,,0.00,,,JONES PKWY,,,,0.00,Y,Four-Way, ,Intersection-Related,None,,,         ,Tien,Nguyen,Cloudy,Front to Rear,no,no,no,no,no,False
101318771,METROPOLITAN NASHVILLE POLICE DEPT,2016-0693218,Davidson,Nashville,8/2/2016 6:49:00 PM,2,0,0,36.073740,-86.923250,OLD HARDING PKE,,,,0.00,,,OLD HARDING PKE RAMP,,,,0.00,Y,Y-Intersection, ,Intersection,None,,,         ,Michael,Rogers,Clear,Angle,no,no,no,no,no,False
101318772,METROPOLITAN NASHVILLE POLICE DEPT,20160693221,Davidson,Nashville,8/2/2016 6:43:00 PM,2,0,0,36.106170,-86.672990,MURFREESBORO PKE,,,,24.00,Feet,East,DONELSON PKE,,,,0.00,N,Not at Intersection, ,Non-Junction,None,,,         ,Matthew,Johnson,Clear,Front to Rear,no,no,no,no,no,False
101318774,METROPOLITAN NASHVILLE POLICE DEPT,20160692704,Davidson,Nashville,8/2/2016 4:07:00 PM,2,1,0,36.173030,-86.764840,MAIN ST,,,,165.00,Feet,East,SPRING ST,,,,0.00,N,Not at Intersection,N,Non-Junction,None,,,         ,Micah,Wright,Clear,Front to Rear,no,no,no,no,no,False
101318783,METROPOLITAN NASHVILLE POLICE DEPT,20160693123,Davidson,Nashville,8/2/2016 6:32:00 PM,2,0,0,36.145270,-86.811930,WEST END AV,,,,0.00,,,28TH AVS,,,,0.00,Y,T-Intersection,N,Intersection,None,,,         ,Charles,Griffin,Clear,Other,no,no,no,no,yes,Campus
101318784,METROPOLITAN NASHVILLE POLICE DEPT,20160692825,Davidson,Not in City Limit,8/2/2016 4:41:00 PM,2,2,0,36.117540,-86.962020,OLD CHARLOTTE PKE,,,,953.00,Feet,East,BUFFALO RD,,,,0.00,N,Not at Intersection,N,Non-Junction,None,,,         ,Brandon,Pedigo,Clear,HeadOn,no,no,no,no,yes,False
101318785,METROPOLITAN NASHVILLE POLICE DEPT,2016-0689154,Davidson,Nashville,8/1/2016 4:24:00 PM,3,1,0,36.150550,-86.637850,I 40,,,,0.00,,,,,,,218.40,N,Not at Intersection,N,Non-Junction,None,,,         ,Sandra,Talavera,Clear,"Sideswipe, Same Direction",no,no,no,no,no,False
101318794,METROPOLITAN NASHVILLE POLICE DEPT,2016689750,Davidson,Nashville,8/1/2016 7:42:00 PM,1,1,0,36.144160,-86.693210,I 40,,,,0.00,,,,,,,215.10,N,Not at Intersection,N,Non-Junction,None,,,         ,Reuben,Hewit,,Not Collision with Motor Vehicle in Transport,no,no,no,no,no,False
101318796,METROPOLITAN NASHVILLE POLICE DEPT,20160693316,Davidson,Nashville,8/2/2016 7:25:00 PM,2,0,0,36.124560,-86.806680,I440 W ENT RAMP,,,,0.00,Feet,East,I 440,,,,0.00,N,Not at Intersection, ,,None,,,         ,Charles,Griffin,,,no,no,no,no,no,False
101318798,METROPOLITAN NASHVILLE POLICE DEPT,20160693082,Davidson,Nashville,8/2/2016 5:55:00 PM,2,0,0,36.173600,-86.869540,BRILEY PKWY N ENT RAMP,,,,0.00,,,BRILEY PKWYN,,,,0.00,Y,OTHER, ,Non-Junction,None,,,         ,Edward,Draves,Clear,Front to Rear,no,no,no,no,no,False
101318804,METROPOLITAN NASHVILLE POLICE DEPT,20160692976,Davidson,Nashville,8/2/2016 5:49:00 PM,2,1,0,36.195640,-86.834470,CLARKSVILLE PKE,,,,177.00,Feet,West,MANCHESTER AV,,,,0.00,N,Not at Intersection,N,Non-Junction,None,,,         ,Michael,Brooks,Clear,"Sideswipe, Same Direction",no,no,no,no,no,False
101318805,METROPOLITAN NASHVILLE POLICE DEPT,20160692870,Davidson,Nashville,8/2/2016 5:07:00 PM,2,0,0,36.176940,-86.811180,21ST AVN,,,,0.00,,,OSAGE ST,,,,0.00,Y,Four-Way, ,Intersection,None,,,         ,Michael,Brooks,Clear,Front to Rear,no,no,no,no,no,False
101318812,METROPOLITAN NASHVILLE POLICE DEPT,20160693462,Davidson,Nashville,8/2/2016 8:07:00 PM,1,0,0,36.204650,-86.785960,MEADE AV,,,,269.00,Feet,East,HAYNES ST,,,,0.00,N,Not at Intersection, ,Non-Junction,None,,,         ,Brian,Woodard,Clear,Not Collision with Motor Vehicle in Transport,no,no,no,no,yes,False
101318813,METROPOLITAN NASHVILLE POLICE DEPT,20160689682,Davidson,Not in City Limit,8/1/2016 7:20:00 PM,2,0,0,36.264090,-86.711560,GALLATIN PKEN,,,,70.00,Feet,South,OLD TIME VILLAGE PVTDR,,,,0.00,N,Not at Intersection,N,Non-Junction,None,,,         ,Samuel,Miller,Cloudy,Angle,no,no,no,no,no,False
101318814,METROPOLITAN NASHVILLE POLICE DEPT,20160689668,Davidson,Nashville,8/1/2016 7:00:00 PM,1,0,0,36.123950,-86.728260,I24 E ENT RAMP,,,,0.00,,,I 24,,,,0.00,Y,OTHER,Y,Non-Junction,None,,,         ,Benjamin,Froehlich,Rain,Not Collision with Motor Vehicle in Transport,no,no,no,no,no,False
101318818,METROPOLITAN NASHVILLE POLICE DEPT,20160693393,Davidson,Nashville,8/2/2016 6:33:00 PM,2,0,0,36.045210,-86.714920,OLD HICKORY BLVD,,,,36.00,Feet,West,BRENTWOOD EAST DR,,,,0.00,N,Not at Intersection, ,Non-Junction,None,,,         ,Tien,Nguyen,Cloudy,Angle,no,no,no,no,no,False
101318833,METROPOLITAN NASHVILLE POLICE DEPT,20160689866,Davidson,Goodlettsville,8/1/2016 8:16:00 PM,2,0,0,36.303730,-86.689510,RIVERGATE MARKETPLACE PVTDR,,,,0.00,,,,,,,0.00,,,N,OtherLocation,None,,,         ,Samuel,Miller,Cloudy,Angle,no,no,no,no,yes,False
101318834,METROPOLITAN NASHVILLE POLICE DEPT,20160693236,Davidson,Nashville,8/2/2016 7:02:00 PM,2,0,0,36.182150,-86.806390,CEPHAS ST,,,,325.00,Feet,West,COFFEE ST,,,,0.00,N,Not at Intersection, ,,None,,,         ,Aimee,Ortiz,,,no,no,no,no,no,False
101318840,METROPOLITAN NASHVILLE POLICE DEPT,20160692727,Davidson,Nashville,8/2/2016 4:15:00 PM,2,0,0,36.165240,-86.762560,S 4TH ST,,,,100.00,Feet,West,I24 W EXT RAMP,,,,0.00,N,Not at Intersection,N,Entrance/Exit Ramp Related,None,,,         ,Jessica,Scott,Clear,Front to Rear,no,no,no,no,yes,False
101318842,METROPOLITAN NASHVILLE POLICE DEPT,2016-0692736,Davidson,Nashville,8/2/2016 4:15:00 PM,2,0,0,36.199820,-86.619080,LEBANON PKE,,,,617.00,Feet,North,OLD HICKORY BLVD,,,,0.00,N,Not at Intersection,N,Non-Junction,None,,,         ,Sandra,Talavera,Clear,"Sideswipe, Same Direction",no,no,no,no,yes,False