master_record_number,agency,agency_tracking_number,county,city,collision_date,vehicles_involved,number_injured,number_dead,latitude,longitude,roadway_name,roadway_suffix,roadway_number,roadway_local_id,distance_from_reference,miles-feet_indicator,direction_from_reference,intersection_road_name,intersection_road_name_suffix,intersection_road_number,intersection_local_id,mile_marker,intersection_indicator,intersect_type,interchange_related_indicator,relation_to_junction,work_zone_type,construction_maintenance_zone,construction_maintenance_zone_location,fatal_case_number,officer_first_name,officer_last_name,weather_condition(s),manner_of_crash,pedestrian,bicycle,scooter,parking,hitrun,mou
101318844,METROPOLITAN NASHVILLE POLICE DEPT,20160692785,Davidson,Antioch,8/2/2016 4:33:00 PM,2,2,0,35.991200,-86.683490,NOLENSVILLE RD,,,,0.00,,,BURKITT RD,,,,0.00,Y,T-Intersection,N,Intersection,None,,,         ,Kevin,Keating,Clear,Angle,no,no,no,no,no,False
101318851,METROPOLITAN NASHVILLE POLICE DEPT,20160693455,Davidson,Nashville,8/2/2016 5:52:00 PM,1,0,0,36.091310,-86.892360,MELINDA DR,,,,63.00,Feet,North,CARNAVON PKWY,,,,0.00,N,Not at Intersection, ,Non-Junction,None,,,         ,Brandon,Pedigo,Cloudy,Not Collision with Motor Vehicle in Transport,no,no,no,no,no,False
101318854,METROPOLITAN NASHVILLE POLICE DEPT,20160690031,Davidson,Not in City Limit,8/1/2016 9:24:00 PM,2,1,0,36.264160,-86.727170,OLD HICKORY BLVDW,,,,0.00,,,E MARTHONA RD,,,,0.00,Y,T-Intersection,Y,Intersection,None,,,         ,Samuel,Miller,Cloudy,Angle,no,no,no,no,no,False
101318887,METROPOLITAN NASHVILLE POLICE DEPT,2016-0679351,Davidson,Nashville,7/29/2016 6:00:00 AM,2,0,0,36.168310,-86.781950,JAMES ROBERTSON PKWY,,,,0.00,,,GAY ST,,,,0.00,Y,Four-Way, ,Intersection,None,,,         ,Travis,Baxter,Clear,Front to Rear,no,no,no,no,no,False
101318896,METROPOLITAN NASHVILLE POLICE DEPT,20160693196,Davidson,Nashville,8/2/2016 6:20:00 PM,2,0,0,36.142540,-86.650840,I 40,,,,0.00,,,,,,,217.50,N,Not at Intersection, ,Non-Junction,None,,,         ,Marcus,Mitchell,Clear,Front to Rear,no,no,no,no,no,False
101318911,VANDERBILT UNIVERSITY POLICE,16-0693591,Davidson,Nashville,8/2/2016 12:00:00 AM,2,0,0,36.138970,-86.803870,CHILDRENS WAY,,,,358.00,Feet,East,24TH AVS,,,,0.00,N,Not at Intersection, ,,None,,,         ,Jonathan,McAllister,,,no,no,no,yes,no,Campus
101318912,METROPOLITAN NASHVILLE POLICE DEPT,20160693119,Davidson,Nashville,8/2/2016 6:33:00 PM,2,3,0,36.251940,-86.734030,S GRAYCROFT AV,,,,0.00,Feet,,FAIROAKS DR,,,,0.00,Y,Four-Way,Y,Intersection,None,,,         ,Samuel,Miller,Cloudy,Angle,no,no,no,no,no,False
101318913,METROPOLITAN NASHVILLE POLICE DEPT,2016-0690086,Davidson,Nashville,8/1/2016 8:43:00 PM,3,2,0,36.042080,-86.782320,I 65,,,,0.00,,,,,,,74.80,N,Not at Intersection,N,Non-Junction,None,,,         ,William,King,Rain,Front to Rear,no,no,no,no,no,False
101318915,THP District 3 - Nashville,316042989,Davidson,Nashville,8/2/2016 12:00:00 AM,2,0,0,36.214090,-86.580740,GARLAND DR,,,,257.00,Feet,North,OAK LEAF DR,,,,0.00,N,Not at Intersection, ,Non-Junction,None,,,         ,Aaron,Rumford,Clear,Front to Rear,no,no,no,no,no,False
101318916,METROPOLITAN NASHVILLE POLICE DEPT,20160693704,Davidson,Nashville,8/2/2016 9:05:00 PM,1,0,0,36.166010,-86.807390,ALBION ST,,,,451.00,Feet,East,21ST AVN,,,,0.00,N,Not at Intersection, ,Non-Junction,None,,,         ,Benjamin,Froehlich,Clear,Not Collision with Motor Vehicle in Transport,no,no,no,yes,no,False
101318917,METROPOLITAN NASHVILLE POLICE DEPT,20160692834,Davidson,Nashville,8/2/2016 3:30:00 PM,1,0,0,36.122350,-86.701170,SATURN DR,,,,150.00,Feet,South,MARS DR,,,,0.00,N,Not at Intersection,N,Non-Junction,None,,,         ,Thomas,Barnes,Cloudy,Not Collision with Motor Vehicle in Transport,no,no,no,no,yes,False
101318920,METROPOLITAN NASHVILLE POLICE DEPT,20160692551,Davidson,Not in City Limit,8/2/2016 3:21:00 PM,2,0,0,36.306760,-86.685850,GALLATIN PKEN,,,,354.00,Feet,West,NORTHSIDE MARKETPLACE PVTDR,,,,0.00,N,Not at Intersection, ,Non-Junction,None,,,         ,Samuel,Miller,Clear,Front to Rear,no,no,no,no,no,False
101318921,METROPOLITAN NASHVILLE POLICE DEPT,20160693491,Davidson,Nashville,8/2/2016 8:00:00 PM,2,0,0,36.182700,-86.748840,STRATTON AV,,,,0.00,Feet,,GALLATIN AV,,,,0.00,Y,T-Intersection,N,Intersection-Related,None,,,         ,Michael,Moss,Clear,Angle,no,no,no,no,no,False
101318929,METROPOLITAN NASHVILLE POLICE DEPT,20160693268,Davidson,Nashville,8/2/2016 7:00:00 PM,2,1,0,36.105850,-86.813870,HILLSBORO PKE,,,,0.00,,,ABBOTT MARTIN RD,,,,0.00,Y,Four-Way,N,Intersection,None,,,         ,Mark,Hatt,Cloudy,HeadOn,no,no,no,no,no,False
101318931,METROPOLITAN NASHVILLE POLICE DEPT,20160693220,Davidson,Nashville,8/2/2016 7:00:00 PM,2,0,0,36.161320,-86.776480,BROADWAY,,,,169.00,Feet,West,3RD AVN,,,,0.00,N,Not at Intersection, ,Non-Junction,None,,,         ,Darrien,Spann,Clear,Angle,no,no,no,no,no,False
101318951,METROPOLITAN NASHVILLE POLICE DEPT,20160692494,Davidson,Nashville,8/2/2016 12:00:00 AM,2,0,0,36.167480,-86.779830,3RD AVN,,,,75.00,Feet,North,JAMES ROBERTSON PKWY,,,,0.00,N,Not at Intersection, ,Non-Junction,None,,,         ,David,Snowden,Clear,Angle,no,no,no,no,yes,False
101318965,METROPOLITAN NASHVILLE POLICE DEPT,20160693871,Davidson,Not in City Limit,8/2/2016 9:30:00 PM,2,0,0,36.078540,-86.950810,HIGHWAY 70S,,,,0.00,,,BELLEVUE CTR PVTDR,,,,0.00,Y,Four-Way, ,Intersection,None,,,         ,Jackson,Smythe,Cloudy,Front to Rear,no,no,no,no,no,False
101318970,METROPOLITAN NASHVILLE POLICE DEPT,20160693926,Davidson,Nashville,8/2/2016 10:35:00 PM,2,0,0,36.216670,-86.693100,MCGAVOCK PKE,,,,0.00,,,MCGAVOCK PKE EB EXT RAMP,,,,0.00,Y,Four-Way, ,Intersection,None,,,         ,Curtis,Fisher,Clear,Front to Rear,no,no,no,no,no,False
101318972,METROPOLITAN NASHVILLE POLICE DEPT,20160693961,Davidson,Nashville,8/2/2016 11:15:00 PM,2,0,0,36.104800,-86.814600,RICHARD JONES RD,,,,0.00,,,HILLSBORO PKE,,,,0.00,Y,T-Intersection, ,Intersection-Related,None,,,         ,Joshua,Vaughn,Clear,Other,no,no,no,no,no,False
101318976,METROPOLITAN NASHVILLE POLICE DEPT,20160693955,Davidson,Nashville,8/2/2016 9:45:00 PM,2,0,0,36.245630,-86.715680,BERKLEY DR,,,,174.00,Feet,East,ARGLE AV,,,,0.00,N,Not at Intersection,N,Non-Junction,None,,,         ,Nicholas,Diamond,Clear,Rear to Rear,no,no,no,yes,yes,False
101318989,METROPOLITAN NASHVILLE POLICE DEPT,20160694186,Davidson,Nashville,8/3/2016 1:06:00 AM,2,0,0,36.079420,-86.689670,LUNA DR,,,,0.00,,,EZELL RD,,,,0.00,Y,Four-Way, ,Intersection,None,,,         ,William,Williams,Clear,Front to Rear,no,no,no,no,yes,False
101319009,METROPOLITAN NASHVILLE POLICE DEPT,20160694253,Davidson,Nashville,8/3/2016 1:05:00 AM,2,0,0,36.172820,-86.769260,I 24,,,,0.00,,,,,,,48.25,N,Not at Intersection,N,Non-Junction,Construction Zone,Laneclosure,Transition Area,         ,Robert,Crow,Clear,Front to Rear,no,no,no,no,no,False
101319022,METROPOLITAN NASHVILLE POLICE DEPT,20160694433,Davidson,Nashville,8/3/2016 3:25:00 AM,1,0,0,36.202690,-86.820730,BUENA VISTA PKE,,,,100.00,Feet,North,W TRINITY LN,,,,0.00,N,Not at Intersection,N,Non-Junction,None,,,         ,Charles,Duke,Clear,Not Collision with Motor Vehicle in Transport,no,no,no,no,no,False
101319031,METROPOLITAN NASHVILLE POLICE DEPT,20160694479,Davidson,Nashville,8/3/2016 3:56:00 AM,1,1,0,36.137830,-86.726490,I40 E ENT RAMP,,,,0.00,,,I 24,,,,0.00,Y,OTHER,Y,Entrance/Exit Ramp Related,None,,,         ,Curtis,Fisher,Clear,Not Collision with Motor Vehicle in Transport,no,no,no,no,no,False
101319033,METROPOLITAN NASHVILLE POLICE DEPT,20160693875,Davidson,Nashville,8/2/2016 10:23:00 PM,2,2,0,36.049980,-86.649500,MT VIEW RD,,,,0.00,,,BELL RD,,,,0.00,Y,Four-Way,N,Intersection,None,,,         ,David,Moser,Clear,Angle,no,no,no,no,no,False
101319036,METROPOLITAN NASHVILLE POLICE DEPT,20160691068,Davidson,Not in City Limit,8/2/2016 5:20:00 AM,1,0,0,36.291710,-86.909010,GRAYS POINT RD,,,,0.64,Miles,West,CRAFT RD,,,,0.00,N,Not at Intersection,N,Non-Junction,None,,,         ,Charles,Duke,Clear,Not Collision with Motor Vehicle in Transport,no,no,no,no,no,False
101319053,METROPOLITAN NASHVILLE POLICE DEPT,2016-0682662,Davidson,Nashville,7/30/2016 5:59:00 AM,2,0,0,36.157110,-86.774670,4TH AVS,,,,0.00,,,KOREAN VETERANS BLVD,,,,0.00,Y,OTHER,N,Intersection,None,,,         ,Timothy,Powell,Cloudy,Front to Rear,no,no,no,no,no,False
101319094,METROPOLITAN NASHVILLE POLICE DEPT,20160694740,Davidson,Nashville,8/3/2016 6:20:00 AM,2,0,0,36.144890,-86.880690,I 40,,,,0.00,,,,,,,202.55,N,Not at Intersection, ,Non-Junction,None,,,         ,Michael,Pyle,Clear,Front to Rear,no,no,no,no,yes,False
101319096,METROPOLITAN NASHVILLE POLICE DEPT,2016-0694795,Davidson,Nashville,8/3/2016 7:08:00 AM,2,0,0,36.140720,-86.817590,WEST END AV,,,,70.00,Feet,South,ACKLEN PARK DR,,,,0.00,N,Not at Intersection,N,Non-Junction,None,,,         ,David,Anderson,Clear,Front to Rear,no,no,no,no,no,False
101319098,METROPOLITAN NASHVILLE POLICE DEPT,20160694892,Davidson,Nashville,8/3/2016 7:43:00 AM,2,0,0,36.060020,-86.741070,EDMONDSON PKE,,,,20.00,Feet,South,ELLINGTON CIR,,,,0.00,N,Not at Intersection, ,Non-Junction,None,,,         ,Brandon,Hughes,Clear,Front to Rear,no,no,no,no,no,False
101319103,METROPOLITAN NASHVILLE POLICE DEPT,20160688052,Davidson,Nashville,8/1/2016 10:01:00 AM,2,0,0,36.206240,-86.773580,W TRINITY LN,,,,0.00,,,I65 N EXT RAMP,,,,0.00,Y,T-Intersection, ,Intersection,None,,,         ,Alex,Moore,Clear,Angle,no,no,no,no,no,False
101319110,METROPOLITAN NASHVILLE POLICE DEPT,2016-0692407,Davidson,Nashville,8/2/2016 2:27:00 PM,1,1,0,36.229840,-86.761760,EWING DR,,,,750.00,Feet,West,BROADMOOR DR,,,,0.00,N,Not at Intersection,N,Non-Junction,None,,,         ,David,Boone,Clear,Not Collision with Motor Vehicle in Transport,yes,no,no,no,no,False
101319112,METROPOLITAN NASHVILLE POLICE DEPT,20160695011,Davidson,Nashville,8/3/2016 8:30:00 AM,2,0,0,36.041530,-86.677600,BLUE HOLE RD,,,,1806.00,Feet,South,BELL RD,,,,0.00,N,Not at Intersection, ,Non-Junction,None,,,         ,Kenneth,Alexandrow,Clear,Angle,no,no,no,no,no,False
101319117,METROPOLITAN NASHVILLE POLICE DEPT,20160694823,Davidson,Nashville,8/3/2016 7:20:00 AM,2,1,0,36.158290,-86.771890,HERMITAGE AV,,,,0.00,,,KOREAN VETERANS BLVD,,,,0.00,Y,Four-Way,N,Intersection-Related,None,,,         ,Kimberly,Annson,Clear,Front to Rear,no,no,no,no,no,False
101319130,METROPOLITAN NASHVILLE POLICE DEPT,20160694862,Davidson,Nashville,8/3/2016 7:25:00 AM,2,0,0,36.093780,-86.875860,HIGHWAY 100,,,,0.00,,,BROOKFIELD AV,,,,0.00,Y,T-Intersection,N,Intersection,None,,,         ,Gregory,McDaniel,Clear,Angle,no,no,no,no,no,False
101319133,METROPOLITAN NASHVILLE POLICE DEPT,20160694837,Davidson,Nashville,8/3/2016 7:20:00 AM,2,2,0,36.156560,-86.665000,DONELSON PKE,,,,0.00,,,EMERY DR,,,,0.00,Y,Four-Way,N,Intersection,None,,,         ,Johnathan,Carlisle,Clear,Angle,no,no,no,no,no,False
101319139,METROPOLITAN NASHVILLE POLICE DEPT,20160694903,Davidson,Nashville,8/3/2016 7:55:00 AM,2,0,0,36.150780,-86.768210,LAFAYETTE ST,,,,84.00,Feet,West,2ND AVS,,,,0.00,N,Not at Intersection, ,Non-Junction,None,,,         ,Timothy,Powell,Clear,"Sideswipe, Same Direction",no,no,no,no,no,False
101319151,METROPOLITAN NASHVILLE POLICE DEPT,20160691947,Davidson,Nashville,8/2/2016 11:45:00 AM,2,1,0,36.200890,-86.599960,NETHERLANDS DR,,,,0.00,,,BELGIUM DR,,,,0.00,Y,Four-Way,N,Intersection,None,,,         ,James,Curtis,Clear,Angle,no,no,no,no,yes,False
101319152,METROPOLITAN NASHVILLE POLICE DEPT,20160694757,Davidson,Nashville,8/3/2016 6:56:00 AM,2,2,0,36.109000,-86.679760,MURFREESBORO PKE,,,,922.00,Feet,South,AIR FREIGHT BLVD,,,,0.00,N,Not at Intersection,N,Non-Junction,None,,,         ,James,Curtis,Clear,Front to Rear,no,no,no,no,no,False
101319153,METROPOLITAN NASHVILLE POLICE DEPT,2016-0694791,Davidson,Nashville,8/3/2016 7:00:00 AM,3,0,0,36.140570,-86.723060,I 40,,,,0.00,,,,,,,213.50,N,Not at Intersection, ,Non-Junction,None,,,         ,Calvin,Graham,Clear,Front to Rear,no,no,no,no,no,False
101319156,METROPOLITAN NASHVILLE POLICE DEPT,20160695081,Davidson,Nashville,8/3/2016 8:54:00 AM,1,1,0,36.220680,-86.811400,CRAVATH DR,,,,33.00,Feet,North,ROWAN DR,,,,0.00,N,Not at Intersection,N,Non-Junction,None,,,         ,John,Tyree,Clear,Not Collision with Motor Vehicle in Transport,yes,no,no,no,no,False
101319168,METROPOLITAN NASHVILLE POLICE DEPT,20160695078,Davidson,Nashville,8/3/2016 8:15:00 AM,2,0,0,36.141010,-86.840920,MURPHY RD,,,,0.00,,,MURPHY RD 46TH AV N ROUND,,,,0.00,Y,Roundabout, ,,None,,,         ,Brian,Myatt,,,no,no,no,no,no,False
101319170,METROPOLITAN NASHVILLE POLICE DEPT,20160695052,Davidson,Nashville,8/3/2016 8:11:00 AM,2,0,0,36.132780,-86.896650,I 40,,,,0.00,,,,,,,201.25,N,Not at Intersection, ,Non-Junction,None,,,         ,Benjamin,Cantrell,Clear,Front to Rear,no,no,no,no,no,False
101319171,METROPOLITAN NASHVILLE POLICE DEPT,20160694735,Davidson,Not in City Limit,8/3/2016 6:47:00 AM,7,0,0,36.324210,-86.869820,I 24,,,,0.00,,,,,,,34.85,N,Not at Intersection,Y,Non-Junction,None,,,         ,Michael,McCord,Clear,Front to Rear,no,no,no,no,no,False
101319172,METROPOLITAN NASHVILLE POLICE DEPT,20160694910,Davidson,Madison,8/3/2016 7:55:00 AM,2,0,0,36.262300,-86.712180,GALLATIN PKES,,,,35.00,Feet,North,E OLD HICKORY BLVD,,,,0.00,N,Not at Intersection, ,Non-Junction,None,,,         ,Brian,Otto,Clear,Front to Rear,no,no,no,no,no,False
101319174,METROPOLITAN NASHVILLE POLICE DEPT,20160694956,Davidson,Nashville,8/3/2016 8:00:00 AM,3,0,0,36.161590,-86.620060,I 40,,,,0.00,,,,,,,219.65,N,Not at Intersection,N,Non-Junction,None,,,         ,Patrick,Lancaster,Clear,Front to Rear,no,no,no,no,no,False
101319175,BELLE MEADE POLICE DEPT,16-0214,Davidson,Belle Meade,7/29/2016 11:10:00 AM,2,0,0,36.098370,-86.856810,BELLE MEADE BLVD,,,,0.00,,,IROQUOIS AV,,,,0.00,Y,Four-Way, ,Intersection,None,,,         ,Doris,Howell,Cloudy,Angle,no,no,no,no,no,False
101319179,METROPOLITAN NASHVILLE POLICE DEPT,20160694991,Davidson,Nashville,8/3/2016 12:00:00 AM,2,0,0,36.240780,-86.673640,NEELYS BEND RD,,,,0.00,,,,,,,0.00,,Not at Intersection,N,Non-Junction,None,,,         ,Michael,Watkins,Clear,Unknown,no,no,no,yes,yes,False
101319188,METROPOLITAN NASHVILLE POLICE DEPT,20160694957,Davidson,Nashville,8/3/2016 7:15:00 AM,2,0,0,36.084300,-86.894990,HARDING PKE,,,,219.00,Feet,South,BROOKMONT TER,,,,0.00,N,Not at Intersection, ,,None,,,         ,Charles,Boles,,,no,no,no,no,no,False
101319190,METROPOLITAN NASHVILLE POLICE DEPT,20160692365,Davidson,Nashville,8/2/2016 2:07:00 PM,2,0,0,36.157450,-86.802100,CHARLOTTE AV,,,,188.00,Feet,East,JO JOHNSTON AV,,,,0.00,N,Not at Intersection,N,Non-Junction,None,,,         ,Cheri,Cox,Clear,Angle,no,no,no,no,no,False
101319192,METROPOLITAN NASHVILLE POLICE DEPT,20160695150,Davidson,Nashville,8/3/2016 9:00:00 AM,2,0,0,36.188300,-86.796840,DOMINICAN DR,,,,0.00,Feet,East,FRENCH LANDING DR,,,,0.00,N,Not at Intersection, ,,None,,,         ,Gunes,Akyildiz,,,no,no,no,no,no,False
101319200,METROPOLITAN NASHVILLE POLICE DEPT,20160695189,Davidson,Nashville,8/3/2016 8:31:00 AM,2,0,0,36.101740,-86.868760,HARDING PL,,,,464.00,Feet,West,WINDSOR DR,,,,0.00,N,Not at Intersection, ,"Driveway, Alley Access, etc",None,,,         ,Gregory,McDaniel,Clear,"Sideswipe, Same Direction",no,no,no,no,no,False
101319203,METROPOLITAN NASHVILLE POLICE DEPT,20160695298,Davidson,Nashville,8/3/2016 10:18:00 AM,2,0,0,36.131920,-86.895430,CHARLOTTE PKE,,,,32.00,Feet,East,I40 E ENT RAMP,,,,0.00,N,Not at Intersection,N,Non-Junction,None,,,         ,Benjamin,Cantrell,Clear,Front to Rear,no,no,no,no,no,False
101319205,METROPOLITAN NASHVILLE POLICE DEPT,2016-0695270,Davidson,Nashville,8/3/2016 10:05:00 AM,2,0,0,36.130540,-86.900030,I40 W EXT RAMP,,,,0.00,Feet,East,I 40,,,,0.00,N,Not at Intersection, ,Entrance/Exit Ramp Related,None,,,         ,Douglas,Atwood,Clear,"Sideswipe, Same Direction",no,no,no,no,no,False
101319212,METROPOLITAN NASHVILLE POLICE DEPT,20160694771,Davidson,Nashville,8/3/2016 12:00:00 AM,1,0,0,36.130650,-86.900310,CABOT DR,,,,172.00,Feet,North,I40 W ENT RAMP,,,,0.00,N,Not at Intersection,N,Non-Junction,None,,,         ,Benjamin,Cantrell,Unknown,Not Collision with Motor Vehicle in Transport,no,no,no,no,yes,False
101319213,METROPOLITAN NASHVILLE POLICE DEPT,20160695229,Davidson,Nashville,8/3/2016 9:51:00 AM,2,1,0,36.173590,-86.602150,CENTRAL PKE,,,,0.00,,,OLD HICKORY BLVD,,,,0.00,Y,Four-Way,N,Intersection,None,,,         ,Wesley,Young,Clear,Front to Rear,no,no,no,no,no,False
101319214,METROPOLITAN NASHVILLE POLICE DEPT,20160695345,Davidson,Nashville,8/3/2016 10:30:00 AM,2,0,0,36.155420,-86.779890,8TH AVS,,,,158.00,Feet,South,CLARK PL,,,,0.00,N,Not at Intersection, ,Non-Junction,None,,,         ,Kimberly,Annson,Clear,Front to Rear,no,no,no,no,no,False
101319226,METROPOLITAN NASHVILLE POLICE DEPT,20160694904,Davidson,Not in City Limit,8/3/2016 7:34:00 AM,2,0,0,36.291900,-86.883700,CLARKSVILLE PKE,,,,24.00,Feet,East,EATONS CREEK RD,,,,0.00,N,Not at Intersection,N,Non-Junction,None,,,         ,Cheri,Cox,Clear,HeadOn,no,no,no,no,no,False
101319227,METROPOLITAN NASHVILLE POLICE DEPT,20160695464,Davidson,Nashville,8/3/2016 10:40:00 AM,2,0,0,36.132110,-86.894900,CHARLOTTE PKE,,,,204.00,Feet,East,I40 E ENT RAMP,,,,0.00,N,Not at Intersection, ,Non-Junction,None,,,         ,Benjamin,Cantrell,Clear,Front to Rear,no,no,no,no,no,False
101319232,METROPOLITAN NASHVILLE POLICE DEPT,2016-0695199,Davidson,Nashville,8/3/2016 9:46:00 AM,2,0,0,36.079170,-86.727580,HARDING PL,,,,405.00,Feet,West,NOLENSVILLE PKE,,,,0.00,N,Not at Intersection, ,Non-Junction,None,,,         ,Sean,Williams,Clear,Angle,no,no,no,no,no,False
101319236,METROPOLITAN NASHVILLE POLICE DEPT,2016-0695021,Davidson,Nashville,8/3/2016 8:28:00 AM,2,0,0,36.086710,-86.700440,I 24,,,,0.00,,,,,,,55.70,N,Not at Intersection, ,Non-Junction,None,,,         ,William,Whitworth,Clear,Front to Rear,no,no,no,no,no,False
101319237,METROPOLITAN NASHVILLE POLICE DEPT,2016-0695224,Davidson,Nashville,8/3/2016 9:41:00 AM,2,1,0,36.115860,-86.724960,I 24,,,,0.00,,,,,,,53.20,N,Not at Intersection,N,Non-Junction,None,,,         ,William,Whitworth,Clear,Front to Rear,no,no,no,no,no,False
101319248,METROPOLITAN NASHVILLE POLICE DEPT,20160695048,Davidson,Nashville,8/3/2016 8:44:00 AM,3,0,0,36.121890,-86.773180,I 65,,,,0.00,,,,,,,80.50,N,Not at Intersection, ,Non-Junction,None,,,         ,Justin,Fox,Cloudy,Front to Rear,no,no,no,no,no,False
101319253,METROPOLITAN NASHVILLE POLICE DEPT,20160695230,Davidson,Nashville,8/3/2016 9:56:00 AM,2,1,0,36.158060,-86.799970,CHARLOTTE AV,,,,0.00,Feet,,DR D B TODD JR BLVD,,,,0.00,Y,Four-Way,Y,Intersection,None,,,         ,James,Jarvis,Clear,HeadOn,no,no,no,no,no,False
101319255,METROPOLITAN NASHVILLE POLICE DEPT,20160695251,Davidson,Nashville,8/3/2016 9:42:00 AM,2,0,0,36.119510,-86.726340,I440 W ENT RAMP,,,,0.00,Feet,East,I 24,,,,0.00,N,Not at Intersection, ,Non-Junction,None,,,         ,Jessie,Meadows,Clear,Front to Rear,no,no,no,no,no,False
101319256,METROPOLITAN NASHVILLE POLICE DEPT,20160693107,Davidson,Nashville,8/2/2016 6:45:00 PM,2,0,0,36.210140,-86.872920,ASHLAND CITY HWY WB ENT RAMP,,,,0.00,Feet,East,ASHLAND CITY HWY,,,,0.00,N,Not at Intersection, ,Non-Junction,None,,,         ,Jessie,Meadows,Clear,Front to Rear,no,no,no,no,no,False
101319259,METROPOLITAN NASHVILLE POLICE DEPT,20160695184,Davidson,Nashville,8/3/2016 9:06:00 AM,2,0,0,36.194250,-86.832160,CLARKSVILLE PKE,,,,352.00,Feet,West,BUENA VISTA PKE,,,,0.00,N,Not at Intersection, ,Non-Junction,None,,,         ,Cheri,Cox,Clear,Front to Rear,no,no,no,no,yes,False
101319261,METROPOLITAN NASHVILLE POLICE DEPT,2016-0695421,Davidson,Not in City Limit,8/3/2016 11:01:00 AM,2,1,0,36.298850,-86.811860,I 24,,,,0.00,,,,,,,38.90,N,Not at Intersection,N,Non-Junction,None,,,         ,William,Caillouette,Clear,"Sideswipe, Same Direction",no,no,no,no,no,False
101319263,METROPOLITAN NASHVILLE POLICE DEPT,20160695446,Davidson,Nashville,8/3/2016 10:46:00 AM,2,1,0,36.187920,-86.798480,DOMINICAN DR,,,,0.00,,,ROSA L PARKS BLVD,,,,0.00,Y,Four-Way,N,Intersection,None,,,         ,Alex,Marchak,Cloudy,Front to Rear,no,no,no,no,no,False
101319275,METROPOLITAN NASHVILLE POLICE DEPT,2016-0692352,Davidson,Nashville,8/2/2016 2:02:00 PM,2,0,0,36.139170,-86.880680,ANNEX AV,,,,50.00,Feet,North,CHARLOTTE PKE,,,,0.00,N,Not at Intersection, ,Non-Junction,None,,,         ,Walter,Gray II,Cloudy,Front to Rear,no,no,no,no,no,False
101319276,METROPOLITAN NASHVILLE POLICE DEPT,2016-0692434,Davidson,Nashville,8/2/2016 2:42:00 PM,2,0,0,36.125200,-86.847840,WHITE BRIDGE PKE,,,,100.00,Feet,North,HARDING PKE,,,,0.00,N,Not at Intersection,N,Non-Junction,None,,,         ,Walter,Gray II,Cloudy,Front to Rear,no,no,no,no,no,False
101319277,METROPOLITAN NASHVILLE POLICE DEPT,2016-0695207,Davidson,Not in City Limit,8/3/2016 9:26:00 AM,2,0,0,36.107450,-86.927770,I 40,,,,0.00,,,,,,,198.90,N,Not at Intersection, ,Non-Junction,None,,,         ,Walter,Gray II,Clear,Other,no,no,no,no,no,False
101319289,METROPOLITAN NASHVILLE POLICE DEPT,20160695599,Davidson,Nashville,8/3/2016 12:05:00 PM,1,1,0,36.123930,-86.781320,VAULX LN,,,,0.00,,,INVERNESS AV,,,,0.00,Y,Four-Way,N,Intersection,None,,,         ,Justin,Pinkelton,Clear,Not Collision with Motor Vehicle in Transport,no,no,no,no,no,False
101319291,METROPOLITAN NASHVILLE POLICE DEPT,2016-0695439,Davidson,Nashville,8/3/2016 11:30:00 AM,2,0,0,36.128270,-86.842580,HARDING PKE,,,,461.00,Feet,East,WOODLAWN DR,,,,0.00,N,Not at Intersection, ,Non-Junction,None,,,         ,George,Spencer,Clear,Front to Rear,no,no,no,no,no,False
101319306,METROPOLITAN NASHVILLE POLICE DEPT,20160695491,Davidson,Madison,8/3/2016 11:28:00 AM,2,0,0,36.273030,-86.689500,MYATT DR,,,,331.00,Feet,North,ANDERSON LN,,,,0.00,N,Not at Intersection,N,Non-Junction,None,,,         ,Michelle,Steidl,Clear,Front to Rear,no,no,no,no,no,False
101319307,METROPOLITAN NASHVILLE POLICE DEPT,20160695485,Davidson,Nashville,8/3/2016 11:12:00 AM,2,0,0,36.164230,-86.777730,CHURCH ST,,,,0.00,,,3RD AVN,,,,0.00,Y,Four-Way,N,Non-Junction,None,,,         ,Pedro,Rivera Chaparro,Clear,Front to Rear,no,no,no,no,yes,False
101319312,METROPOLITAN NASHVILLE POLICE DEPT,20160695622,Davidson,Nashville,8/3/2016 12:10:00 PM,2,0,0,36.147300,-86.757920,LAFAYETTE ST,,,,0.00,,,FAIRFIELD AV,,,,0.00,Y,Four-Way, ,Intersection,None,,,         ,Ralph,Harvey,Clear,Front to Rear,no,no,no,no,no,False
101319313,METROPOLITAN NASHVILLE POLICE DEPT,2016-0695573,Davidson,Nashville,8/3/2016 11:57:00 AM,3,0,0,36.146420,-86.822310,I 440,,,,0.00,,,,,,,1.20,N,Not at Intersection, ,Non-Junction,None,,,         ,Walter,Gray II,Cloudy,Front to Rear,no,no,no,no,yes,False
101319315,METROPOLITAN NASHVILLE POLICE DEPT,20160695279,Davidson,Nashville,8/3/2016 10:13:00 AM,2,0,0,36.189370,-86.798580,ROSA L PARKS BLVD,,,,530.00,Feet,North,DOMINICAN DR,,,,0.00,N,Not at Intersection, ,Non-Junction,None,,,         ,Cheri,Cox,Clear,Front to Rear,no,no,no,no,no,False