master_record_number,agency,agency_tracking_number,county,city,collision_date,vehicles_involved,number_injured,number_dead,latitude,longitude,roadway_name,roadway_suffix,roadway_number,roadway_local_id,distance_from_reference,miles-feet_indicator,direction_from_reference,intersection_road_name,intersection_road_name_suffix,intersection_road_number,intersection_local_id,mile_marker,intersection_indicator,intersect_type,interchange_related_indicator,relation_to_junction,work_zone_type,construction_maintenance_zone,construction_maintenance_zone_location,fatal_case_number,officer_first_name,officer_last_name,weather_condition(s),manner_of_crash,pedestrian,bicycle,scooter,parking,hitrun,mou
101319784,METROPOLITAN NASHVILLE POLICE DEPT,20160697406,Davidson,Nashville,8/3/2016 10:45:00 PM,2,0,0,36.167880,-86.815600,I 40,,,,0.00,,,,,,,206.80,N,Not at Intersection,N,Non-Junction,Maintenance Zone,Unknown,Advanced Warning Area,         ,Emily,Mulready,Clear,Front to Rear,no,no,no,no,no,False
101319787,METROPOLITAN NASHVILLE POLICE DEPT,20160697416,Davidson,Nashville,8/3/2016 10:42:00 PM,2,1,0,36.155010,-86.627110,STEWARTS FERRY PKE,,,,0.00,,,I40 E EXT RAMP,,,,0.00,Y,Four-Way,Y,Intersection,None,,,         ,Charles,Shaw,Clear,Angle,no,no,no,no,yes,False
101319795,METROPOLITAN NASHVILLE POLICE DEPT,20160694559,Davidson,Nashville,8/3/2016 4:42:00 AM,2,1,0,36.215980,-86.775300,I 65,,,,0.00,,,,,,,88.00,N,Not at Intersection,N,Non-Junction,Construction Zone,Laneclosure,Activity Area,         ,Geoffrey,Daugherty,Clear,Front to Rear,no,no,no,no,no,False
101319801,THP District 3 - Nashville,316043168,Davidson,Nashville,8/3/2016 8:48:00 PM,1,0,0,36.157970,-86.810620,CLIFTON AV,,,,529.00,Feet,East,24TH AVN,,,,0.00,N,Not at Intersection, ,Non-Junction,None,,,         ,Kenneth,White,Clear,Not Collision with Motor Vehicle in Transport,no,no,no,yes,no,False
101319837,METROPOLITAN NASHVILLE POLICE DEPT,20160695406,Davidson,Nashville,8/3/2016 10:57:00 AM,2,1,0,36.141230,-86.663930,I 40,,,,0.00,,,,,,,218.00,N,Not at Intersection,N,Non-Junction,None,,,         ,James,Curtis,Clear,Front to Rear,no,no,no,no,no,False
101319838,METROPOLITAN NASHVILLE POLICE DEPT,20160695560,Davidson,Nashville,8/3/2016 11:53:00 AM,1,1,0,36.160380,-86.681270,MCGAVOCK PKE,,,,0.00,,,,,,,0.00,,,N,"Driveway, Alley Access, etc",None,,,         ,James,Curtis,Clear,Not Collision with Motor Vehicle in Transport,yes,no,no,yes,no,False
101319842,METROPOLITAN NASHVILLE POLICE DEPT,20160698066,Davidson,Nashville,8/4/2016 5:43:00 AM,1,1,0,36.170280,-86.597400,I 40,,,,0.00,,,,,,,221.00,N,Not at Intersection,N,Non-Junction,None,,,         ,Blake,Giles,Clear,Not Collision with Motor Vehicle in Transport,no,no,no,no,no,False
101319854,METROPOLITAN NASHVILLE POLICE DEPT,20160695735,Davidson,Nashville,8/3/2016 12:42:00 PM,2,0,0,36.160760,-86.793690,CHARLOTTE AV,,,,0.00,,,14TH AVN,,,,0.00,Y,Four-Way, ,Intersection-Related,None,,,         ,Phillip,Murphy,Clear,"Sideswipe, Same Direction",no,no,no,no,no,False
101319862,METROPOLITAN NASHVILLE POLICE DEPT,20160695894,Davidson,Nashville,8/3/2016 1:30:00 PM,2,0,0,36.134410,-86.781580,WEDGEWOOD AV,,,,178.00,Feet,West,ACKLEN AV,,,,0.00,N,Not at Intersection,N,Non-Junction,None,,,         ,Paul,Joyner,Clear,Front to Rear,no,no,no,no,no,False
101319876,METROPOLITAN NASHVILLE POLICE DEPT,2016-0698301,Davidson,Nashville,8/4/2016 7:44:00 AM,2,0,0,36.139010,-86.853490,KNOB RD,,,,15.00,Feet,West,KENDALL DR,,,,0.00,N,Not at Intersection,N,Non-Junction,None,,,         ,Curtis,Rich,Cloudy,Angle,no,no,no,no,no,False
101319885,METROPOLITAN NASHVILLE POLICE DEPT,20160695967,Davidson,Nashville,8/3/2016 2:00:00 PM,2,0,0,0.000000,0.000000,MURFREESBORO,PIKE,US41,,0.25,Miles,South,MT VIEW,RD,,,0.00,N,Not at Intersection, ,Non-Junction,None,,,         ,Kenneth,Alexandrow,Clear,Front to Rear,no,no,no,no,yes,False
101319888,METROPOLITAN NASHVILLE POLICE DEPT,2016-0695583,Davidson,Nashville,8/3/2016 12:02:00 PM,2,1,0,36.056290,-86.664000,MT VIEW RD,,,,944.00,Feet,South,KEVINWOOD CT,,,,0.00,N,Not at Intersection,N,Non-Junction,None,,,         ,William,Whitworth,Clear,Front to Rear,no,no,no,no,no,False
101319889,METROPOLITAN NASHVILLE POLICE DEPT,20160683590,Davidson,Nashville,8/4/2016 12:00:00 AM,2,0,0,36.045440,-86.739130,BEVENDEAN DR,,,,110.00,Feet,North,BRIGHTON VILLAGE DR,,,,0.00,N,Not at Intersection, ,Non-Junction,None,,,         ,Nicholas,Berens,Unknown,Unknown,no,no,no,yes,yes,False
101319893,BERRY HILL POLICE DEPT,16-2755,Davidson,Berry Hill,8/2/2016 12:35:00 PM,2,0,0,36.112030,-86.763950,THOMPSON LN,,,,305.00,Feet,West,E IRIS DR,,,,0.00,N,Not at Intersection, ,Non-Junction,None,,,         ,John,Gleixner,Clear,Angle,no,no,no,no,no,False
101319895,METROPOLITAN NASHVILLE POLICE DEPT,2016-0698397,Davidson,Nashville,8/4/2016 8:22:00 AM,2,0,0,36.172670,-86.864780,CENTENNIAL BLVD,,,,471.00,Feet,North,BOMAR BLVD,,,,0.00,N,Not at Intersection, ,,None,,,         ,Curtis,Rich,,,no,no,no,yes,no,False
101319896,METROPOLITAN NASHVILLE POLICE DEPT,20160696279,Davidson,Nashville,8/3/2016 2:50:00 PM,2,0,0,36.110070,-86.745290,COLLIER AV,,,,139.00,Feet,West,NOLENSVILLE PKE,,,,0.00,N,Not at Intersection, ,Non-Junction,None,,,         ,Nicholas,Berens,Cloudy,Front to Rear,no,no,no,no,no,False
101319897,METROPOLITAN NASHVILLE POLICE DEPT,20160688760,Davidson,Nashville,8/1/2016 2:00:00 PM,2,1,0,36.151740,-86.771070,LAFAYETTE ST,,,,56.00,Feet,East,4TH AVS,,,,0.00,N,Not at Intersection,N,Non-Junction,None,,,         ,Seth,Quiles,Clear,Front to Rear,no,no,no,no,no,False
101319900,METROPOLITAN NASHVILLE POLICE DEPT,20160698278,Davidson,Nashville,8/4/2016 6:42:00 AM,2,0,0,36.221220,-86.774660,I 65,,,,0.00,,,,,,,88.40,N,Not at Intersection, ,Non-Junction,None,,,         ,Cheri,Cox,Clear,Front to Rear,no,no,no,no,no,False
101319914,Nashville Airport Police,2016-02196,Davidson,Nashville,8/2/2016 12:32:00 PM,2,0,0,0.000000,0.000000,TERMINAL DRIVE,DR,SR1,,0.30,Miles,East,DONELSON PIKE,PIKE,SR,,0.00,N,Not at Intersection, ,Non-Junction,None,,,         ,Hardini,Carter,Clear,"Sideswipe, Same Direction",no,no,no,no,no,False
101319927,METROPOLITAN NASHVILLE POLICE DEPT,20160696963,Davidson,Nashville,8/4/2016 12:00:00 AM,2,0,0,36.164530,-86.768130,KOREAN VETERANS BLVD,,,,134.00,Feet,South,SHELBY AV,,,,0.00,N,Not at Intersection, ,,None,,,         ,Kimberly,Annson,,,no,no,no,no,no,False
101319937,METROPOLITAN NASHVILLE POLICE DEPT,20160698445,Davidson,Nashville,8/4/2016 8:30:00 AM,2,0,0,36.040960,-86.743700,EDMONDSON PKE,,,,351.00,Feet,North,OLD HICKORY BLVD,,,,0.00,N,Not at Intersection, ,Non-Junction,None,,,         ,Brandon,Hughes,Cloudy,Angle,no,no,no,no,no,False
101319938,BERRY HILL POLICE DEPT,16-2763,Davidson,Berry Hill,8/4/2016 12:00:00 AM,2,0,0,36.121900,-86.775630,FRANKLIN PKE,,,,195.00,Feet,South,HORNER AV,,,,0.00,N,Not at Intersection, ,Non-Junction,None,,,         ,John,Gleixner,Unknown,Unknown,no,no,no,yes,yes,False
101319939,METROPOLITAN NASHVILLE POLICE DEPT,20160698476,Davidson,Nashville,8/4/2016 8:41:00 AM,2,0,0,36.082100,-86.758280,TROUSDALE DR,,,,364.00,Feet,North,HARDING PL,,,,0.00,N,Not at Intersection, ,Non-Junction,None,,,         ,Kevin,Crawford,Clear,"Sideswipe, Same Direction",no,no,no,no,no,False
101319949,METROPOLITAN NASHVILLE POLICE DEPT,20160698333,Davidson,Not in City Limit,8/4/2016 7:55:00 AM,2,0,0,36.276920,-86.735050,I 65,,,,0.00,,,,,,,93.10,N,Not at Intersection,Y,Non-Junction,None,,,         ,Michelle,Steidl,Cloudy,Front to Rear,no,no,no,no,no,False
101319953,METROPOLITAN NASHVILLE POLICE DEPT,20160698678,Davidson,Nashville,8/4/2016 10:00:00 AM,2,0,0,36.239940,-86.723640,GALLATIN PKES,,,,317.00,Feet,North,GALLATIN PKE,,,,0.00,N,Not at Intersection,N,Non-Junction,None,,,         ,Brian,Otto,Cloudy,Front to Rear,no,no,no,no,yes,False
101319954,METROPOLITAN NASHVILLE POLICE DEPT,20160694902,Davidson,Nashville,8/3/2016 7:53:00 AM,4,1,0,36.250190,-86.741380,I 65,,,,0.00,,,,,,,91.20,N,Not at Intersection,N,Non-Junction,None,,,         ,William,Gibbs,Clear,"Sideswipe, Same Direction",no,no,no,no,no,False
101319956,METROPOLITAN NASHVILLE POLICE DEPT,2016-0695739,Davidson,Not in City Limit,8/3/2016 12:48:00 PM,1,1,0,36.090550,-86.519230,COUCHVILLE PKE,,,,836.00,Feet,West,S MOUNT JULIET RD,,,,0.00,N,Not at Intersection,N,Non-Junction,None,,,         ,William,Whitworth,Cloudy,Not Collision with Motor Vehicle in Transport,no,no,no,no,yes,False
101319957,METROPOLITAN NASHVILLE POLICE DEPT,2016-0698477,Davidson,Nashville,8/4/2016 8:42:00 AM,2,0,0,36.125700,-86.727870,I 24,,,,0.00,,,,,,,52.50,N,Not at Intersection, ,Non-Junction,None,,,         ,William,Whitworth,Clear,Front to Rear,no,no,no,no,no,False
101319959,METROPOLITAN NASHVILLE POLICE DEPT,20160698463,Davidson,Nashville,8/4/2016 8:37:00 AM,2,0,0,36.229380,-86.759280,BROADMOOR DR,,,,0.00,,,DICKERSON PKE,,,,0.00,Y,Four-Way, ,Intersection,None,,,         ,Randal,Owsley,Clear,Front to Rear,no,no,no,no,no,False
101319963,METROPOLITAN NASHVILLE POLICE DEPT,20160698294,Davidson,Nashville,8/4/2016 7:35:00 AM,2,0,0,36.203050,-86.776850,I 65,,,,0.00,,,,,,,87.10,N,Not at Intersection,N,Non-Junction,None,,,         ,James,Wray,Clear,"Sideswipe, Same Direction",no,no,no,no,yes,False
101319993,METROPOLITAN NASHVILLE POLICE DEPT,2016-0698755,Davidson,Nashville,8/4/2016 10:41:00 AM,3,1,0,36.134460,-86.825590,WEST END AV,,,,101.00,Feet,West,BOWLING AV,,,,0.00,N,Not at Intersection,N,Non-Junction,None,,,         ,Walter,Gray II,Clear,Front to Rear,no,no,no,no,no,False
101319994,METROPOLITAN NASHVILLE POLICE DEPT,20160698701,Davidson,Nashville,8/4/2016 10:54:00 AM,2,0,0,36.046790,-86.713430,NOLENSVILLE PKE,,,,520.00,Feet,North,OLD HICKORY BLVD,,,,0.00,N,Not at Intersection, ,Non-Junction,None,,,         ,Jessie,Meadows,Clear,Angle,no,no,no,no,no,False
101319995,METROPOLITAN NASHVILLE POLICE DEPT,20160698896,Davidson,Nashville,8/4/2016 12:01:00 PM,2,0,0,36.045470,-86.658670,BELL RD,,,,73.00,Feet,West,I24 W ENT RAMP,,,,0.00,N,Not at Intersection, ,Non-Junction,None,,,         ,Jessie,Meadows,Clear,"Sideswipe, Same Direction",no,no,no,no,no,False
101319997,METROPOLITAN NASHVILLE POLICE DEPT,20160688133,Davidson,Goodlettsville,8/1/2016 10:22:00 AM,2,0,0,36.302750,-86.691850,CONFERENCE DR,,,,0.00,,,GALLATIN PKEN,,,,0.00,Y,Four-Way, ,Intersection,None,,,         ,Spencer,Pittman,Clear,Angle,no,no,no,no,no,False
101320000,METROPOLITAN NASHVILLE POLICE DEPT,2016-0698888,Davidson,Nashville,8/4/2016 11:23:00 AM,2,0,0,36.098560,-86.738930,NOLENSVILLE PKE,,,,0.00,,,HARRISON ST,,,,0.00,Y,T-Intersection, ,Intersection,None,,,         ,William,Whitworth,Clear,Front to Rear,no,no,no,no,no,False
101320017,METROPOLITAN NASHVILLE POLICE DEPT,20160698673,Davidson,Nashville,8/4/2016 10:06:00 AM,2,1,0,36.174280,-86.787420,5TH AVN,,,,0.00,Feet,East,JEFFERSON ST,,,,0.00,N,Not at Intersection,N,Non-Junction,None,,,         ,Ernie,Wilson,Clear,Angle,no,no,no,no,no,False
101320025,METROPOLITAN NASHVILLE POLICE DEPT,20160695905,Davidson,Nashville,8/3/2016 1:43:00 PM,2,0,0,36.234480,-86.710590,PENNINGTON BEND RD,,,,166.00,Feet,South,MUSIC VALLEY DR,,,,0.00,N,Not at Intersection,N,Non-Junction,None,,,         ,Wesley,Young,Clear,Angle,no,no,no,no,no,False
101320035,METROPOLITAN NASHVILLE POLICE DEPT,2016-0699087,Davidson,Nashville,8/4/2016 12:33:00 PM,2,0,0,36.073960,-86.924520,HIGHWAY 70S,,,,0.00,,,BELLE FOREST CIR,,,,0.00,Y,T-Intersection, ,Intersection,None,,,         ,Curtis,Rich,Cloudy,Angle,no,no,no,no,no,False
101320058,METROPOLITAN NASHVILLE POLICE DEPT,2016-0686514,Davidson,Nashville,7/31/2016 7:45:00 PM,1,1,0,36.157140,-86.786160,11TH AVS,,,,0.00,,,BROADWAY,,,,0.00,Y,OTHER,N,Intersection,None,,,         ,Kendra,Cowper,Clear,Not Collision with Motor Vehicle in Transport,no,no,no,no,no,False
101320081,METROPOLITAN NASHVILLE POLICE DEPT,20160698800,Davidson,Nashville,8/4/2016 10:54:00 AM,2,0,0,36.152290,-86.690470,BRILEY PKWY N EXT RAMP,,,,0.00,,,ELM HILL PKE,,,,0.00,Y,T-Intersection, ,Intersection-Related,None,,,         ,James,Curtis,Cloudy,Front to Rear,no,no,no,no,no,False
101320082,METROPOLITAN NASHVILLE POLICE DEPT,20160699142,Davidson,Nashville,8/4/2016 12:55:00 PM,2,0,0,36.143960,-86.722570,ELM HILL PKE,,,,0.00,,,SPENCE LN,,,,0.00,Y,Four-Way, ,Intersection,None,,,         ,James,Curtis,Clear,Angle,no,no,no,no,no,False
101320086,METROPOLITAN NASHVILLE POLICE DEPT,2016-0694884,Davidson,Nashville,8/3/2016 7:50:00 AM,3,1,0,36.129910,-86.816600,CHESTERFIELD AV,,,,32.00,Feet,East,SHARONDALE DR,,,,0.00,N,Not at Intersection,N,Non-Junction,None,,,         ,Jonathan,Seidl,Clear,Front to Rear,no,no,no,no,no,False
101320087,METROPOLITAN NASHVILLE POLICE DEPT,2016-0698975,Davidson,Nashville,8/4/2016 11:48:00 AM,2,0,0,36.121060,-86.791910,KIRKWOOD AV,,,,412.00,Feet,West,12TH AVS,,,,0.00,N,Not at Intersection, ,"Driveway, Alley Access, etc",None,,,         ,Jonathan,Seidl,Clear,Rear to Rear,no,no,no,no,no,False
101320092,METROPOLITAN NASHVILLE POLICE DEPT,20160699236,Davidson,Nashville,8/4/2016 1:36:00 PM,2,2,0,36.149900,-86.802400,WEST END AV,,,,369.00,Feet,East,LOUISE AV,,,,0.00,N,Not at Intersection,N,Non-Junction,None,,,         ,Phillip,Murphy,Clear,HeadOn,no,no,no,no,no,Campus
101320100,METROPOLITAN NASHVILLE POLICE DEPT,20160699191,Davidson,Nashville,8/4/2016 12:45:00 PM,2,0,0,36.040800,-86.782350,I 65,,,,0.00,,,,,,,74.70,N,Not at Intersection,N,Non-Junction,None,,,         ,Ryan,Kozlowski,Clear,Not Collision with Motor Vehicle in Transport,no,no,no,no,yes,False
101320102,METROPOLITAN NASHVILLE POLICE DEPT,20160699077,Davidson,Nashville,8/4/2016 12:38:00 PM,2,1,0,36.200110,-86.786080,BAPTIST WORLD CENTER DR,,,,267.00,Feet,East,SEMINARY ST,,,,0.00,N,Not at Intersection,N,Non-Junction,None,,,         ,James,Jarvis,Clear,Front to Rear,no,no,no,no,no,False
101320103,METROPOLITAN NASHVILLE POLICE DEPT,20160699072,Davidson,Nashville,8/4/2016 12:35:00 PM,2,0,0,36.183670,-86.775070,I 24,,,,0.00,,,,,,,47.35,N,Not at Intersection, ,Non-Junction,None,,,         ,Earnest,Fields,Clear,"Sideswipe, Same Direction",no,no,no,no,no,False
101320124,METROPOLITAN NASHVILLE POLICE DEPT,20160699179,Davidson,Nashville,8/4/2016 1:30:00 PM,2,0,0,36.080040,-86.724680,HARDING PL,,,,52.00,Feet,East,SEVEN MILE CREEK HARDING MALL,,,,0.00,N,Not at Intersection,N,Non-Junction,None,,,         ,James,Thomas,Clear,"Sideswipe, Same Direction",no,no,no,no,no,False
101320142,METROPOLITAN NASHVILLE POLICE DEPT,20160696709,Davidson,Nashville,8/3/2016 6:15:00 PM,1,1,0,36.201230,-86.762790,MARSHALL ST,,,,249.00,Feet,West,LISCHEY AV,,,,0.00,N,Not at Intersection,N,Non-Junction,None,,,         ,Audrean,Manquero,Cloudy,Not Collision with Motor Vehicle in Transport,no,no,no,no,yes,False
101320154,METROPOLITAN NASHVILLE POLICE DEPT,20160699156,Davidson,Nashville,8/4/2016 1:05:00 PM,3,3,0,36.041140,-86.776210,BRENTWOOD TRC,,,,0.00,,,BRENTWOOD COMMONS WAY,,,,0.00,Y,Four-Way,N,Intersection,None,,,         ,Kevin,Crawford,Clear,Front to Rear,no,no,no,no,yes,False
101320156,METROPOLITAN NASHVILLE POLICE DEPT,2016-0699270,Davidson,Nashville,8/4/2016 1:34:00 PM,1,0,0,36.112080,-86.706550,GLENPARK DR,,,,36.00,Feet,North,DUNAILIE DR,,,,0.00,N,Not at Intersection,N,Non-Junction,None,,,         ,William,Whitworth,Clear,Not Collision with Motor Vehicle in Transport,no,no,no,no,yes,False
101320158,METROPOLITAN NASHVILLE POLICE DEPT,2016-0698459,Davidson,Nashville,8/4/2016 8:26:00 AM,2,0,0,36.143490,-86.814440,30TH AVS,,,,0.00,,,WEST END AV,,,,0.00,Y,T-Intersection, ,Intersection-Related,None,,,         ,Allen,Bates,Clear,Angle,no,no,no,no,no,Campus
101320161,METROPOLITAN NASHVILLE POLICE DEPT,20160699367,Davidson,Nashville,8/4/2016 2:15:00 PM,2,0,0,36.125860,-86.752590,GLENROSE AV,,,,0.00,,,NOLENSVILLE PKE,,,,0.00,Y,T-Intersection, ,Intersection-Related,None,,,         ,Tien,Nguyen,Clear,Front to Rear,no,no,no,no,no,False
101320165,METROPOLITAN NASHVILLE POLICE DEPT,20160699151,Davidson,Nashville,8/4/2016 2:13:00 PM,1,0,0,36.080420,-86.722040,HARDING PL,,,,375.00,Feet,East,HARDING MALL DR,,,,0.00,N,Not at Intersection, ,Non-Junction,None,,,         ,Jessie,Meadows,Clear,Not Collision with Motor Vehicle in Transport,no,no,no,no,no,False
101320166,METROPOLITAN NASHVILLE POLICE DEPT,20160699352,Davidson,Antioch,8/4/2016 3:15:00 PM,2,0,0,36.042850,-86.606550,MURFREESBORO PKE,,,,0.00,,,PIN HOOK RD,,,,0.00,Y,Four-Way, ,Non-Junction,None,,,         ,Jessie,Meadows,Clear,Front to Rear,no,no,no,no,no,False
101320206,METROPOLITAN NASHVILLE POLICE DEPT,20160699462,Davidson,Nashville,8/4/2016 2:34:00 PM,2,0,0,36.152830,-86.818360,28TH AVN,,,,120.00,Feet,North,CITY BLVD,,,,0.00,N,Not at Intersection, ,OtherLocation,None,,,         ,Tien,Nguyen,Clear,Front to Rear,no,no,no,yes,no,False
101320213,METROPOLITAN NASHVILLE POLICE DEPT,20160699378,Davidson,Nashville,8/4/2016 2:12:00 PM,2,0,0,36.152140,-86.857410,I40 E EXT RAMP,,,,125.00,Feet,East,I 40,,,,0.00,N,Not at Intersection,N,Non-Junction,None,,,         ,Charles,Griffin,Clear,"Sideswipe, Same Direction",no,no,no,no,yes,False
101320219,METROPOLITAN NASHVILLE POLICE DEPT,20160699555,Davidson,Nashville,8/4/2016 12:00:00 AM,2,0,0,36.150480,-86.767980,MCCANN ST,,,,44.00,Feet,West,2ND AVS,,,,0.00,N,Not at Intersection, ,Non-Junction,None,,,         ,Craig,Gentry,Clear,"Sideswipe, Same Direction",no,no,no,no,no,False
101320222,METROPOLITAN NASHVILLE POLICE DEPT,2016-0699507,Davidson,Nashville,8/4/2016 3:55:00 PM,2,0,0,36.103490,-86.815950,HILLSBORO PKE,,,,65.00,Feet,North,WARFIELD DR,,,,0.00,N,Not at Intersection, ,Non-Junction,None,,,         ,Walter,Gray II,Clear,"Sideswipe, Same Direction",no,no,no,no,no,False
101320226,METROPOLITAN NASHVILLE POLICE DEPT,20160696733,Davidson,Nashville,8/4/2016 12:00:00 AM,2,0,0,36.154630,-86.779160,LAFAYETTE ST,,,,0.00,,,8TH AVS,,,,0.00,Y,Roundabout, ,Intersection-Related,None,,,         ,Jason,Thomas,Cloudy,"Sideswipe, Same Direction",no,no,no,no,no,False
101320258,METROPOLITAN NASHVILLE POLICE DEPT,20160699566,Davidson,Nashville,8/4/2016 3:01:00 PM,2,0,0,36.129490,-86.714700,MURFREESBORO PKE,,,,0.00,,,MILLWOOD DR,,,,0.00,Y,T-Intersection, ,Intersection,None,,,         ,Jaby,Djabbarov,Clear,Front to Rear,no,no,no,no,no,False
101320260,METROPOLITAN NASHVILLE POLICE DEPT,20160699619,Davidson,Nashville,8/4/2016 5:14:00 PM,2,1,0,36.043310,-86.630890,OLD FRANKLIN RD,,,,78.00,Feet,South,MT VIEW RD,,,,0.00,N,Not at Intersection,N,Non-Junction,None,,,         ,Jessie,Meadows,Clear,Front to Rear,no,no,no,no,no,False
101320262,METROPOLITAN NASHVILLE POLICE DEPT,20160699531,Davidson,Nashville,8/4/2016 4:04:00 PM,2,3,0,36.167710,-86.765460,I 24,,,,0.00,,,,,,,48.85,N,Not at Intersection,N,Non-Junction,None,,,         ,James,Smith,Clear,Front to Rear,no,no,no,no,no,False
101320263,METROPOLITAN NASHVILLE POLICE DEPT,20160699605,Davidson,Nashville,8/4/2016 4:32:00 PM,2,3,0,36.157860,-86.784500,BROADWAY,,,,65.00,Feet,West,10TH AVS,,,,0.00,N,Not at Intersection,N,Non-Junction,None,,,         ,Gregory,Scott,Clear,Angle,no,no,no,no,no,False
101320265,METROPOLITAN NASHVILLE POLICE DEPT,20160699618,Davidson,Goodlettsville,8/4/2016 4:44:00 PM,2,0,0,36.303550,-86.692420,CONFERENCE DR,,,,131.00,Feet,South,THE SHOPPES AT RIVERGATE PVTDR,,,,0.00,N,Not at Intersection, ,Non-Junction,None,,,         ,Rodney,Phipps,Clear,"Sideswipe, Same Direction",no,no,no,no,no,False
101320266,METROPOLITAN NASHVILLE POLICE DEPT,20160699695,Davidson,Nashville,8/4/2016 12:00:00 AM,2,0,0,36.156530,-86.631580,STEWARTS FERRY PKE,,,,84.00,Feet,West,I40 W EXT RAMP,,,,0.00,N,Not at Intersection, ,,None,,,         ,Craig,Gentry,,,no,no,no,no,no,False
101320282,METROPOLITAN NASHVILLE POLICE DEPT,20160699516,Davidson,Nashville,8/4/2016 3:30:00 PM,2,1,0,36.184840,-86.798550,I65 S ENT RAMP,,,,0.00,,,I 65,,,,0.00,Y,OTHER,Y,Entrance/Exit Ramp Related,None,,,         ,Roy,Sain Jr.,Clear,Front to Rear,no,no,no,no,no,False
101320291,METROPOLITAN NASHVILLE POLICE DEPT,20160699743,Davidson,Nashville,8/4/2016 5:15:00 PM,2,0,0,36.146160,-86.662890,AIRPORT CENTER DR,,,,222.00,Feet,North,ROYAL PKWY,,,,0.00,N,Not at Intersection, ,OtherLocation,None,,,         ,Christopher,Mackey,Cloudy,Other,no,no,no,no,no,False
101320299,METROPOLITAN NASHVILLE POLICE DEPT,20160699780,Davidson,Nashville,8/4/2016 6:19:00 PM,2,0,0,36.118020,-86.725870,I 24,,,,0.00,,,,,,,53.05,N,Not at Intersection, ,Non-Junction,None,,,         ,Jessie,Meadows,Clear,Front to Rear,no,no,no,no,no,False
101320301,METROPOLITAN NASHVILLE POLICE DEPT,20160696138,Davidson,Old Hickory,8/3/2016 3:15:00 PM,2,0,0,36.111111,-86.111111,ORCHARD,DR,,,1.00,Feet,West,HADLEY,AVE,,,0.00,N,Not at Intersection,N,Non-Junction,None,,,         ,Codey,Mullins,Cloudy,Other,no,no,no,no,yes,False
101320305,METROPOLITAN NASHVILLE POLICE DEPT,20160699764,Davidson,Nashville,8/4/2016 12:00:00 AM,2,0,0,36.149300,-86.747300,I 40,,,,0.00,,,,,,,211.80,N,Not at Intersection,N,Non-Junction,None,,,         ,Craig,Gentry,Clear,Front to Rear,no,no,no,no,yes,False
101320306,METROPOLITAN NASHVILLE POLICE DEPT,20160699762,Davidson,Nashville,8/4/2016 12:00:00 AM,2,0,0,36.149190,-86.747110,I 40,,,,0.00,,,,,,,211.80,N,Not at Intersection, ,,None,,,         ,Craig,Gentry,,,no,no,no,no,no,False
101320312,METROPOLITAN NASHVILLE POLICE DEPT,20160699451,Davidson,Nashville,8/4/2016 2:19:00 PM,2,0,0,36.150900,-86.770640,4TH AVS,,,,0.00,,,I40 W EXT RAMP,,,,0.00,Y,Four-Way,N,Intersection,None,,,         ,Jason,King,Clear,Angle,no,no,no,no,no,False
101320313,METROPOLITAN NASHVILLE POLICE DEPT,20160699785,Davidson,Nashville,8/4/2016 6:02:00 PM,2,0,0,36.115970,-86.787150,I 440,,,,0.00,,,,,,,4.15,N,Not at Intersection,N,Non-Junction,None,,,         ,David,Collins,Clear,Front to Rear,no,no,no,no,no,False
101320320,METROPOLITAN NASHVILLE POLICE DEPT,20160699612,Davidson,Nashville,8/4/2016 4:38:00 PM,2,0,0,36.132970,-86.726870,I24E,,,,82.00,Feet,East,I24 W EXT RAMP,,,,0.00,N,Not at Intersection,N,Non-Junction,None,,,         ,Jarret,Sonnenberg,Clear,Front to Rear,no,no,no,no,no,False
101320328,METROPOLITAN NASHVILLE POLICE DEPT,20160698326,Davidson,Nashville,8/4/2016 7:51:00 AM,2,0,0,36.150850,-86.670260,ELM HILL PKE,,,,119.00,Feet,East,OLD ELM HILL PKE,,,,0.00,N,Not at Intersection, ,Non-Junction,None,,,         ,James,Curtis,Cloudy,"Sideswipe, Same Direction",no,no,no,no,no,False
101320329,METROPOLITAN NASHVILLE POLICE DEPT,20160699895,Davidson,Nashville,8/4/2016 5:38:00 PM,2,0,0,36.200040,-86.693230,OPRY MILLS DR,,,,1328.00,Feet,North,SHELBY BOTTOMS GRNWY,,,,0.00,N,Not at Intersection, ,Non-Junction,None,,,         ,Mikala,Moore,Clear,"Sideswipe, Same Direction",no,no,no,no,no,False
101320330,METROPOLITAN NASHVILLE POLICE DEPT,20160699897,Davidson,Nashville,8/4/2016 6:27:00 PM,2,0,0,36.095510,-86.874510,HIGHWAY 100,,,,202.00,Feet,South,GILMAN AV,,,,0.00,N,Not at Intersection,N,Non-Junction,None,,,         ,Brandon,Pedigo,Clear,"Sideswipe, Same Direction",no,no,no,no,yes,False
101320334,METROPOLITAN NASHVILLE POLICE DEPT,20160699669,Davidson,Not in City Limit,8/4/2016 4:39:00 PM,2,0,0,36.279610,-86.708710,GALLATIN PKEN,,,,102.00,Feet,North,ONE MILE PKWY,,,,0.00,N,Not at Intersection, ,Non-Junction,None,,,         ,George,Oden,Clear,Front to Rear,no,no,no,no,no,False