master_record_number,agency,agency_tracking_number,county,city,collision_date,vehicles_involved,number_injured,number_dead,latitude,longitude,roadway_name,roadway_suffix,roadway_number,roadway_local_id,distance_from_reference,miles-feet_indicator,direction_from_reference,intersection_road_name,intersection_road_name_suffix,intersection_road_number,intersection_local_id,mile_marker,intersection_indicator,intersect_type,interchange_related_indicator,relation_to_junction,work_zone_type,construction_maintenance_zone,construction_maintenance_zone_location,fatal_case_number,officer_first_name,officer_last_name,weather_condition(s),manner_of_crash,pedestrian,bicycle,scooter,parking,hitrun,mou
101321336,METROPOLITAN NASHVILLE POLICE DEPT,20160702596,Davidson,Nashville,8/5/2016 4:27:00 PM,2,0,0,36.185100,-86.797490,I 65,,,,0.00,,,,,,,85.40,N,Not at Intersection, ,Non-Junction,None,,,         ,Michael,Brooks,Cloudy,Front to Rear,no,no,no,no,no,False
101321337,METROPOLITAN NASHVILLE POLICE DEPT,20160702998,Davidson,Nashville,8/5/2016 6:52:00 PM,2,0,0,36.209560,-86.776090,I 65,,,,0.00,,,,,,,87.55,N,Not at Intersection,N,Non-Junction,None,,,         ,Michael,Brooks,Cloudy,Front to Rear,no,no,no,no,yes,False
101321338,METROPOLITAN NASHVILLE POLICE DEPT,20160703470,Davidson,Nashville,8/5/2016 9:58:00 PM,2,0,0,36.206670,-86.778430,W TRINITY LN,,,,0.00,,,HAMPTON ST,,,,0.00,Y,T-Intersection,N,Intersection,None,,,         ,Michael,Brooks,Cloudy,Front to Rear,no,no,no,no,yes,False
101321339,METROPOLITAN NASHVILLE POLICE DEPT,20160702846,Davidson,Nashville,8/5/2016 5:48:00 PM,2,0,0,36.154630,-86.779160,LAFAYETTE ST,,,,0.00,,,8TH AVS,,,,0.00,Y,Roundabout,N,Intersection,None,,,         ,Jason,Thomas,Cloudy,Angle,no,no,no,no,no,False
101321341,METROPOLITAN NASHVILLE POLICE DEPT,20160702251,Davidson,Nashville,8/5/2016 3:01:00 PM,3,0,0,36.114280,-86.724250,I 24,,,,0.00,,,,,,,53.35,N,Not at Intersection,N,Non-Junction,None,,,         ,Nakia,Reid,Rain,Front to Rear,no,no,no,no,yes,False
101321366,METROPOLITAN NASHVILLE POLICE DEPT,2016-0699402,Davidson,Nashville,8/4/2016 2:11:00 PM,2,0,0,36.030470,-86.743980,CLOVERLAND DR,,,,0.00,,,EDMONDSON PKE,,,,0.00,Y,T-Intersection, ,Intersection-Related,None,,,         ,William,King,Clear,Front to Rear,no,no,no,no,no,False
101321373,METROPOLITAN NASHVILLE POLICE DEPT,20160696485,Davidson,Nashville,8/5/2016 5:00:00 PM,2,0,0,36.141800,-86.734660,I 40,,,,0.00,,,,,,,212.85,N,Not at Intersection, ,,None,,,         ,Bradley,McIntyre,,,no,no,no,no,no,False
101321379,METROPOLITAN NASHVILLE POLICE DEPT,20160700905,Davidson,Nashville,8/5/2016 2:35:00 AM,2,0,0,36.187550,-86.776100,I 24,,,,0.00,,,,,,,47.05,N,Not at Intersection, ,,None,,,         ,Jeremy,King,,,no,no,no,no,no,False
101321382,METROPOLITAN NASHVILLE POLICE DEPT,20160703627,Davidson,Nashville,8/5/2016 11:11:00 PM,1,0,0,36.100830,-86.740580,HIGH ST,,,,170.00,Feet,West,NOLENSVILLE PKE,,,,0.00,N,Not at Intersection,N,Non-Junction,None,,,         ,Edin,Plancic,Clear,Not Collision with Motor Vehicle in Transport,no,no,no,yes,yes,False
101321387,METROPOLITAN NASHVILLE POLICE DEPT,20160703574,Davidson,Nashville,8/5/2016 10:44:00 PM,2,0,0,36.164510,-86.781060,5TH AVN,,,,0.00,Feet,,UNION ST,,,,0.00,Y,Four-Way, ,Intersection,None,,,         ,Jeremy,King,Clear,Angle,no,no,no,no,no,False
101321388,METROPOLITAN NASHVILLE POLICE DEPT,20160703618,Davidson,Nashville,8/5/2016 10:15:00 PM,2,0,0,36.044800,-86.662130,BELL RD,,,,179.00,Feet,West,CANE RIDGE RD,,,,0.00,N,Not at Intersection, ,Non-Junction,None,,,         ,Autumn,Manning,Clear,Front to Rear,no,no,no,no,yes,False
101321396,METROPOLITAN NASHVILLE POLICE DEPT,20160703646,Davidson,Nashville,8/5/2016 11:16:00 PM,2,0,0,36.159560,-86.774640,DEMONBREUN ST,,,,0.00,,,3RD AVS,,,,0.00,Y,Four-Way, ,Intersection,Construction Zone,,,         ,Kevin,Ott,Clear,"Sideswipe, Same Direction",no,no,no,no,no,False
101321420,METROPOLITAN NASHVILLE POLICE DEPT,20160703743,Davidson,Nashville,8/5/2016 11:55:00 PM,3,0,0,36.107430,-86.720060,I 24,,,,0.00,,,,,,,53.90,N,Not at Intersection,N,Non-Junction,None,,,         ,Kurt,Lewton,Clear,Angle,no,no,no,no,yes,False
101321427,METROPOLITAN NASHVILLE POLICE DEPT,20160703689,Davidson,Nashville,8/5/2016 11:41:00 PM,2,2,0,36.215400,-86.588510,LEBANON PKE,,,,0.00,,,BIG HORN DR,,,,0.00,Y,Four-Way,N,Intersection,None,,,         ,Bo,Branum,Clear,Angle,no,no,no,no,no,False
101321428,METROPOLITAN NASHVILLE POLICE DEPT,20160703661,Davidson,Nashville,8/5/2016 12:00:00 AM,2,0,0,36.166080,-86.806930,ALBION ST,,,,472.00,Feet,West,DR D B TODD JR BLVD,,,,0.00,N,Not at Intersection, ,Non-Junction,None,,,         ,Emily,Mulready,Clear,Unknown,no,no,no,yes,yes,False
101321449,METROPOLITAN NASHVILLE POLICE DEPT,20160703868,Davidson,Not in City Limit,8/6/2016 1:07:00 AM,1,0,0,36.263900,-86.736070,I65 N EXT RAMP,,,,0.00,Feet,East,OLD HICKORY BLVDW,,,,0.00,N,Not at Intersection,N,Entrance/Exit Ramp Related,None,,,         ,Matthew,Harris,Cloudy,Not Collision with Motor Vehicle in Transport,no,no,no,no,no,False
101321451,METROPOLITAN NASHVILLE POLICE DEPT,20160700495,Davidson,Nashville,8/5/2016 12:00:00 AM,2,0,0,36.144290,-86.739190,I 40,,,,0.00,,,,,,,212.35,N,Not at Intersection, ,Non-Junction,None,,,         ,Austin,Childress,Clear,Angle,no,no,no,no,no,False
101321460,METROPOLITAN NASHVILLE POLICE DEPT,20160701265,Davidson,Nashville,8/5/2016 5:55:00 AM,2,2,0,36.129950,-86.695150,AIRWAYS BLVD,,,,0.00,,,BRILEY PKWYS,,,,0.00,Y,Four-Way,N,Intersection,None,,,         ,Robert,Fondren,Clear,Angle,no,no,no,no,no,False
101321474,METROPOLITAN NASHVILLE POLICE DEPT,20160703624,Davidson,Antioch,8/5/2016 10:23:00 PM,2,1,0,36.018220,-86.619600,OLD HICKORY BLVD,,,,18.00,Feet,South,OWEN DR,,,,0.00,N,Not at Intersection,N,Non-Junction,None,,,         ,Sandra,Fly,Cloudy,"Sideswipe, Opposite Direction",no,no,no,no,no,False
101321510,METROPOLITAN NASHVILLE POLICE DEPT,2016-0702267,Davidson,Nashville,8/5/2016 2:27:00 PM,2,2,0,36.137050,-86.805130,24TH AVS,,,,0.00,,,BELCOURT AV,,,,0.00,Y,T-Intersection,N,Intersection,None,,,         ,Jonathan,Seidl,Cloudy,Angle,no,no,no,no,no,Campus
101321514,METROPOLITAN NASHVILLE POLICE DEPT,20160702161,Davidson,Nashville,8/5/2016 1:37:00 PM,2,0,0,36.140520,-86.720590,I 40,,,,0.00,,,,,,,213.60,N,Not at Intersection,N,Non-Junction,None,,,         ,Johnathan,Carlisle,Cloudy,"Sideswipe, Same Direction",no,no,no,no,no,False
101321515,METROPOLITAN NASHVILLE POLICE DEPT,20160702358,Davidson,Nashville,8/5/2016 3:00:00 PM,2,0,0,36.188100,-86.775370,I 24,,,,0.00,,,,,,,47.05,N,Not at Intersection,N,Non-Junction,None,,,         ,Nathan,Smith,Clear,Front to Rear,no,no,no,no,yes,False
101321536,METROPOLITAN NASHVILLE POLICE DEPT,16-0704332,Davidson,Nashville,8/6/2016 7:17:00 AM,1,0,0,36.191810,-86.782090,I 65,,,,0.00,,,,,,,86.20,N,Not at Intersection,N,Non-Junction,None,,,         ,Frank,Campbell,Cloudy,Not Collision with Motor Vehicle in Transport,no,no,no,no,no,False
101321537,METROPOLITAN NASHVILLE POLICE DEPT,20160704525,Davidson,Nashville,8/6/2016 9:00:00 AM,2,0,0,36.151950,-86.768190,I40 W EXT RAMP,,,,0.00,Feet,East,I 40,,,,0.00,N,Not at Intersection, ,,None,,,         ,Damon,Hutcheson,,,no,no,no,no,no,False
101321544,METROPOLITAN NASHVILLE POLICE DEPT,20160704474,Davidson,Nashville,8/6/2016 8:21:00 AM,2,0,0,36.038570,-86.713550,SHADOW GLEN DR,,,,171.00,Feet,West,NOLENSVILLE PKE,,,,0.00,N,Not at Intersection,N,Non-Junction,None,,,         ,Jason,Dudley,Cloudy,"Sideswipe, Opposite Direction",no,no,no,no,no,False
101321550,METROPOLITAN NASHVILLE POLICE DEPT,20160704531,Davidson,Nashville,8/6/2016 8:45:00 AM,2,0,0,36.227820,-86.779460,I 24,,,,0.00,,,,,,,44.35,N,Not at Intersection, ,,None,,,         ,Brandon,Evans,,,no,no,no,no,no,False
101321551,METROPOLITAN NASHVILLE POLICE DEPT,20160704494,Davidson,Nashville,8/6/2016 8:35:00 AM,1,0,0,36.144330,-86.699550,I40 W ENT RAMP,,,,0.00,,,I 40,,,,0.00,Y,OTHER, ,Entrance/Exit Ramp Related,None,,,         ,Michael,Dance,Cloudy,Not Collision with Motor Vehicle in Transport,no,no,no,no,no,False
101321553,METROPOLITAN NASHVILLE POLICE DEPT,20160704489,Davidson,Nashville,8/6/2016 7:36:00 AM,2,0,0,36.227180,-86.777770,I24 W ENT RAMP,,,,0.00,,,I 65,,,,0.00,Y,OTHER,Y,Entrance/Exit Ramp Related,None,,,         ,James,Wray,Clear,Front to Rear,no,no,no,no,no,False
101321559,METROPOLITAN NASHVILLE POLICE DEPT,20160701989,Davidson,Nashville,8/5/2016 12:14:00 PM,2,0,0,36.254850,-86.733590,CHADWELL DR,,,,0.00,,,S GRAYCROFT AV,,,,0.00,Y,Four-Way,Y,Intersection,None,,,         ,Spencer,Pittman,Clear,Angle,no,no,no,no,no,False
101321589,METROPOLITAN NASHVILLE POLICE DEPT,2016-0702228,Davidson,Goodlettsville,8/5/2016 2:08:00 PM,2,0,0,36.304520,-86.690980,THE SHOPPES AT RIVERGATE PVTDR,,,,336.00,Feet,North,LIBERTY LN,,,,0.00,N,Not at Intersection, ,Non-Junction,None,,,         ,DuJuan,Kendrick,Clear,Front to Rear,no,no,no,yes,no,False
101321621,METROPOLITAN NASHVILLE POLICE DEPT,20160704745,Davidson,Nashville,8/6/2016 11:00:00 AM,2,1,0,36.055010,-86.642410,ZELIDA AV,,,,0.00,Feet,,BELL RD,,,,0.00,Y,Four-Way,N,Intersection-Related,None,,,         ,Blake,Lutz,Clear,Front to Rear,no,no,no,no,no,False
101321623,METROPOLITAN NASHVILLE POLICE DEPT,20160704782,Davidson,Nashville,8/6/2016 11:20:00 AM,2,0,0,36.086090,-86.699810,HARDING PL,,,,358.00,Feet,West,I24 W ENT RAMP,,,,0.00,N,Not at Intersection, ,Non-Junction,None,,,         ,James,Thomas,Clear,"Sideswipe, Same Direction",no,no,no,no,no,False
101321628,METROPOLITAN NASHVILLE POLICE DEPT,20160704813,Davidson,Nashville,8/6/2016 11:35:00 AM,2,2,0,36.168920,-86.683630,LEBANON PKE,,,,0.00,,,THE CROSSINGS PVTDR,,,,0.00,Y,T-Intersection,N,Intersection,None,,,         ,Gregory,Lindstrom,Clear,Angle,no,no,no,no,no,False
101321629,METROPOLITAN NASHVILLE POLICE DEPT,20160701897,Davidson,Nashville,8/5/2016 10:26:00 AM,1,0,0,36.108680,-86.733540,TUGGLE AV,,,,221.00,Feet,North,TANKSLEY AV,,,,0.00,N,Not at Intersection,N,Non-Junction,None,,,         ,David,Smith,Clear,Not Collision with Motor Vehicle in Transport,no,no,no,no,yes,False
101321656,METROPOLITAN NASHVILLE POLICE DEPT,20160704883,Davidson,Nashville,8/6/2016 12:04:00 PM,3,0,0,36.197140,-86.689290,OPRY MILLS DR,,,,0.00,,,BRILEY PKWY S EXT RAMP,,,,0.00,Y,OTHER,N,Intersection-Related,None,,,         ,Johnathan,Carlisle,Cloudy,Front to Rear,no,no,no,no,yes,False
101321657,METROPOLITAN NASHVILLE POLICE DEPT,20160704621,Davidson,Nashville,8/6/2016 10:01:00 AM,2,1,0,36.229380,-86.759280,BROADMOOR DR,,,,0.00,,,DICKERSON PKE,,,,0.00,Y,Four-Way,N,Intersection,None,,,         ,Jared,Eaves,Clear,Angle,no,no,no,no,yes,False
101321658,METROPOLITAN NASHVILLE POLICE DEPT,20160704810,Davidson,Nashville,8/6/2016 11:37:00 AM,2,0,0,36.176810,-86.813740,23RD AVN,,,,68.00,Feet,North,OSAGE ST,,,,0.00,N,Not at Intersection, ,,None,,,         ,Nathan,Mayo,,,no,no,no,no,no,False
101321659,METROPOLITAN NASHVILLE POLICE DEPT,20160704981,Davidson,Nashville,8/6/2016 1:00:00 PM,2,0,0,36.195950,-86.687530,BRILEY PKWY N EXT RAMP,,,,0.00,Feet,East,BRILEY PKWYN,,,,0.00,N,Not at Intersection, ,Entrance/Exit Ramp Related,None,,,         ,Gregory,Lindstrom,Clear,Front to Rear,no,no,no,no,no,False
101321666,METROPOLITAN NASHVILLE POLICE DEPT,20160704984,Davidson,Nashville,8/6/2016 1:05:00 PM,2,0,0,36.054860,-86.674250,I 24,,,,0.00,,,,,,,58.30,N,Not at Intersection, ,Non-Junction,None,,,         ,Rickie,Corman,Clear,Front to Rear,no,no,no,no,no,False
101321669,METROPOLITAN NASHVILLE POLICE DEPT,20160704969,Davidson,Nashville,8/6/2016 1:05:00 PM,2,1,0,36.169840,-86.675960,LEBANON PKE,,,,0.00,,,PARK DR,,,,0.00,Y,T-Intersection,N,Intersection,None,,,         ,Richard,Hyatt,Clear,Angle,no,no,no,no,no,False
101321671,METROPOLITAN NASHVILLE POLICE DEPT,20160704915,Davidson,Nashville,8/6/2016 12:20:00 PM,2,2,0,36.065190,-86.684990,I 24,,,,0.00,,,,,,,57.40,N,Not at Intersection,N,Non-Junction,None,,,         ,Roy,McElwee,Clear,Front to Rear,no,no,no,no,no,False
101321680,METROPOLITAN NASHVILLE POLICE DEPT,20160704949,Davidson,Antioch,8/6/2016 11:20:00 AM,2,0,0,36.068060,-86.599570,LEGEND DR,,,,425.00,Feet,North,MT VIEW RD,,,,0.00,N,Not at Intersection, ,Non-Junction,None,,,         ,Blake,Lutz,Clear,Angle,no,no,no,no,no,False
101321681,METROPOLITAN NASHVILLE POLICE DEPT,20160705056,Davidson,Nashville,8/6/2016 1:30:00 PM,1,0,0,36.038690,-86.672630,HICKORY PARK DR,,,,212.00,Feet,South,BELL TRACE DR,,,,0.00,N,Not at Intersection, ,Non-Junction,None,,,         ,Blake,Lutz,Clear,Not Collision with Motor Vehicle in Transport,no,no,no,no,no,False
101321701,GOODLETTSVILLE POLICE DEPT,16-27447,Davidson,Goodlettsville,8/5/2016 4:50:00 PM,4,1,0,36.292320,-86.720540,I 65,,,,0.00,,,,,,,94.40,N,Not at Intersection,N,Non-Junction,None,,,         ,George,Forbes,Rain,Front to Rear,no,no,no,no,no,False
101321703,METROPOLITAN NASHVILLE POLICE DEPT,20160702785,Davidson,Antioch,8/5/2016 5:37:00 PM,2,1,0,0.000000,0.000000,MURFREESBORO,PIKE,,,0.00,,,SUMMERCREST,BLVD,,,0.00,Y,Four-Way,N,Intersection-Related,None,,,         ,Victoria,Cunningham,Cloudy,Front to Rear,no,no,no,no,yes,False
101321706,METROPOLITAN NASHVILLE POLICE DEPT,20160689446,Davidson,Nashville,8/1/2016 5:58:00 PM,2,1,0,36.141240,-86.717160,I 40,,,,0.00,,,,,,,213.80,N,Not at Intersection,N,Non-Junction,None,,,         ,Dontaveous,Eubanks,Clear,Angle,no,no,no,no,yes,False
101321728,METROPOLITAN NASHVILLE POLICE DEPT,20160705115,Davidson,Nashville,8/6/2016 2:30:00 PM,2,0,0,36.195600,-86.687490,BRILEY PKWYN,,,,101.00,Feet,South,BRILEY PKWY N EXT RAMP,,,,0.00,N,Not at Intersection, ,,None,,,         ,Mikala,Moore,,,no,no,no,no,no,False
101321734,METROPOLITAN NASHVILLE POLICE DEPT,20160705117,Davidson,Nashville,8/6/2016 12:00:00 AM,2,0,0,36.171380,-86.750740,S 11TH ST,,,,0.00,,,SHELBY AV,,,,0.00,Y,OTHER, ,,None,,,         ,Gordon,Stovall,,,no,no,no,no,no,False
101321735,METROPOLITAN NASHVILLE POLICE DEPT,20160699887,Davidson,Nashville,8/4/2016 5:45:00 PM,2,0,0,36.066150,-86.685990,I 24,,,,0.00,,,,,,,57.30,N,Not at Intersection, ,Non-Junction,None,,,         ,Sharissa,Perez,Cloudy,Front to Rear,no,no,no,no,no,False
101321742,METROPOLITAN NASHVILLE POLICE DEPT,20160705108,Davidson,Nashville,8/6/2016 1:00:00 PM,2,0,0,36.147530,-86.829770,CHAMBERLIN ST,,,,400.00,Feet,North,DAKOTA AV,,,,0.00,N,Not at Intersection, ,"Driveway, Alley Access, etc",None,,,         ,Justin,Coyle,Clear,Rear to Side,no,no,no,no,yes,False
101321743,METROPOLITAN NASHVILLE POLICE DEPT,20160704978,Davidson,Nashville,8/6/2016 12:52:00 PM,2,0,0,36.161070,-86.793730,14TH AVN,,,,0.00,,,I40 E EXT RAMP,,,,0.00,Y,OTHER, ,Intersection-Related,None,,,         ,Nathan,Mayo,Cloudy,"Sideswipe, Same Direction",no,no,no,no,no,False
101321761,METROPOLITAN NASHVILLE POLICE DEPT,20160705112,Davidson,Nashville,8/6/2016 1:09:00 PM,2,0,0,36.073770,-86.922840,OLD HARDING PKE,,,,0.00,,,,,,,0.00,,,N,OtherLocation,None,,,         ,John,Thomas,Cloudy,Rear to Rear,no,no,no,yes,yes,False
101321764,METROPOLITAN NASHVILLE POLICE DEPT,20160705190,Davidson,Nashville,8/6/2016 1:00:00 PM,2,0,0,36.059710,-86.653050,BALLARD CT,,,,112.00,Feet,North,HIGHLANDER DR,,,,0.00,N,Not at Intersection, ,Non-Junction,None,,,         ,Jarred,Ruhlman,Clear,Rear to Side,no,no,no,no,no,False
101321800,METROPOLITAN NASHVILLE POLICE DEPT,20160705240,Davidson,Old Hickory,8/6/2016 3:39:00 PM,2,0,0,36.257910,-86.656850,MARTINGALE DR,,,,0.00,,,ROBINSON RD,,,,0.00,Y,T-Intersection, ,Intersection,None,,,         ,David,Stanley,Rain,Not Collision with Motor Vehicle in Transport,no,no,no,no,no,False
101321804,METROPOLITAN NASHVILLE POLICE DEPT,20160703361,Davidson,Nashville,8/5/2016 9:30:00 PM,2,0,0,36.157910,-86.773580,3RD AVS,,,,110.00,Feet,North,KOREAN VETERANS BLVD,,,,0.00,N,Not at Intersection,N,Non-Junction,None,,,         ,Wesley,Feinstein,Clear,Front to Rear,no,no,no,no,no,False
101321811,METROPOLITAN NASHVILLE POLICE DEPT,20160705336,Davidson,Not in City Limit,8/6/2016 4:39:00 PM,1,0,0,36.324450,-86.868840,I 24,,,,0.00,,,,,,,34.90,N,Not at Intersection,N,Non-Junction,None,,,         ,Brandon,Rardin,Rain,Not Collision with Motor Vehicle in Transport,no,no,no,no,no,False
101321813,METROPOLITAN NASHVILLE POLICE DEPT,20160705169,Davidson,Nashville,8/6/2016 2:45:00 PM,2,0,0,36.076890,-86.656310,OAK FOREST CIR,,,,0.00,,,OAK FOREST DR,,,,0.00,Y,Four-Way,N,Non-Junction,None,,,         ,Marcus,Darden,Clear,Angle,no,no,no,no,no,False
101321816,METROPOLITAN NASHVILLE POLICE DEPT,20160705232,Davidson,Nashville,8/6/2016 3:25:00 PM,2,0,0,36.045480,-86.647290,CROSSINGS BLVD,,,,0.00,,,MT VIEW RD,,,,0.00,Y,Four-Way, ,Intersection,None,,,         ,Andrew,Mullen,Clear,Front to Rear,no,no,no,no,no,False
101321825,METROPOLITAN NASHVILLE POLICE DEPT,20160705125,Davidson,Nashville,8/5/2016 2:05:00 PM,2,0,0,36.153480,-86.805960,PATTERSON ST,,,,150.00,Feet,West,22ND AVN,,,,0.00,N,Not at Intersection,N,Non-Junction,None,,,         ,Maria,Cortez,Clear,Angle,no,no,no,no,yes,False
101321826,METROPOLITAN NASHVILLE POLICE DEPT,20160702601,Davidson,Nashville,8/6/2016 4:40:00 PM,2,0,0,36.155550,-86.775190,PEABODY ST,,,,0.00,,,5TH AVS,,,,0.00,Y,Four-Way, ,Non-Junction,Construction Zone,,,         ,Wesley,Feinstein,Cloudy,Angle,no,no,no,no,no,False
101321831,METROPOLITAN NASHVILLE POLICE DEPT,20160705330,Davidson,Nashville,8/6/2016 4:15:00 PM,2,0,0,36.043420,-86.713040,NOLENSVILLE PKE,,,,300.00,Feet,South,BRENTWOOD EAST DR,,,,0.00,N,Not at Intersection, ,Non-Junction,None,,,         ,Candice,Soper,Cloudy,Angle,no,no,no,no,no,False
101321834,METROPOLITAN NASHVILLE POLICE DEPT,20160705196,Davidson,Not in City Limit,8/6/2016 3:35:00 PM,2,1,0,36.077050,-87.030100,I 40,,,,0.00,,,,,,,192.00,N,Not at Intersection,N,Non-Junction,None,,,         ,Adam,Reese,Rain,Not Collision with Motor Vehicle in Transport,no,no,no,no,no,False
101321838,METROPOLITAN NASHVILLE POLICE DEPT,20160705311,Davidson,Nashville,8/6/2016 4:18:00 PM,2,0,0,36.089200,-86.627950,NASHBORO BLVD,,,,150.00,Feet,West,BELL RD,,,,0.00,N,Not at Intersection,N,Non-Junction,None,,,         ,Patrick,Taylor,Clear,Front to Rear,no,no,no,no,no,False
101321841,METROPOLITAN NASHVILLE POLICE DEPT,20160705411,Davidson,Nashville,8/6/2016 5:17:00 PM,2,0,0,36.143570,-86.702090,I 40,,,,0.00,,,,,,,214.60,N,Not at Intersection,N,Non-Junction,None,,,         ,Jaby,Djabbarov,Rain,Front to Rear,no,no,no,no,no,False
101321849,METROPOLITAN NASHVILLE POLICE DEPT,20160705024,Davidson,Nashville,8/6/2016 1:08:00 PM,2,0,0,36.193550,-86.742870,STRAIGHTWAY AV,,,,289.00,Feet,East,GALLATIN AV,,,,0.00,N,Not at Intersection, ,Non-Junction,None,,,         ,Tony,Folad,Clear,Angle,yes,no,no,no,yes,False
101321859,METROPOLITAN NASHVILLE POLICE DEPT,20160705396,Davidson,Nashville,8/6/2016 5:07:00 PM,1,1,0,36.245520,-86.760080,SKYLINE COMMONS PVTDR,,,,0.00,Feet,East,DOVERSIDE DR,,,,0.00,N,Not at Intersection,N,Non-Junction,None,,,         ,Jordan,Lowry,Rain,Not Collision with Motor Vehicle in Transport,no,no,no,no,no,False
101321869,METROPOLITAN NASHVILLE POLICE DEPT,20160705073,Davidson,Nashville,8/6/2016 2:10:00 PM,2,1,0,36.186210,-86.754240,MCFERRIN AV,,,,33.00,Feet,South,SEYMOUR AV,,,,0.00,N,Not at Intersection,N,Non-Junction,None,,,         ,Audrean,Manquero,Cloudy,Angle,no,no,no,no,yes,False
101321876,METROPOLITAN NASHVILLE POLICE DEPT,20160705504,Davidson,Nashville,8/6/2016 6:10:00 PM,2,1,0,36.098960,-86.717510,MCCALL ST,,,,0.00,,,ANTIOCH PKE,,,,0.00,Y,T-Intersection,N,Intersection,None,,,         ,Jeffrey,Livingston,Rain,Angle,no,no,no,no,no,False
101321881,METROPOLITAN NASHVILLE POLICE DEPT,20160705488,Davidson,Nashville,8/6/2016 6:05:00 PM,2,2,0,36.144930,-86.766660,4TH AVS,,,,0.00,,,CHESTNUT ST,,,,0.00,Y,Four-Way,N,Non-Junction,None,,,         ,Jonathan,Frith,Rain,Angle,no,no,no,no,no,False
101321891,METROPOLITAN NASHVILLE POLICE DEPT,20160705408,Davidson,Not in City Limit,8/6/2016 5:14:00 PM,2,1,0,36.256340,-86.757930,DUE WEST AVN,,,,0.00,,,DICKERSON PKE,,,,0.00,Y,T-Intersection,N,Intersection,None,,,         ,Christopher,Littles,Rain,Angle,no,no,no,no,no,False
101321892,METROPOLITAN NASHVILLE POLICE DEPT,201607096,Davidson,Nashville,8/5/2016 8:20:00 PM,2,0,0,36.070870,-86.693900,WILLARD DR,,,,32.00,Feet,West,EZELL RD,,,,0.00,N,Not at Intersection,N,Non-Junction,None,,,         ,Nakia,Reid,Clear,"Sideswipe, Same Direction",no,no,no,no,yes,False
101321909,METROPOLITAN NASHVILLE POLICE DEPT,20160705381,Davidson,Nashville,8/6/2016 5:01:00 AM,2,3,0,36.239330,-86.776720,BRILEY PKWYW,,,,422.00,Feet,East,BRILEY PKWY W EXT RAMP,,,,0.00,N,Not at Intersection,N,Non-Junction,None,,,         ,George,Oden,Rain,Front to Rear,no,no,no,no,no,False
101321921,METROPOLITAN NASHVILLE POLICE DEPT,20160702895,Davidson,Nashville,8/5/2016 12:00:00 AM,2,0,0,36.169930,-86.679800,MCGAVOCK PKE,,,,208.00,Feet,North,LEBANON PKE,,,,0.00,N,Not at Intersection,N,Non-Junction,None,,,         ,John,Daugherty,Clear,Unknown,no,no,no,no,no,False
101321922,METROPOLITAN NASHVILLE POLICE DEPT,20160696381,Davidson,Nashville,8/3/2016 4:25:00 PM,2,1,0,36.145720,-86.705960,AIR LANE DR,,,,0.00,Feet,,ELM HILL PKE,,,,0.00,Y,T-Intersection,N,Intersection,None,,,         ,John,Daugherty,Clear,Angle,no,no,no,no,no,False
101321930,METROPOLITAN NASHVILLE POLICE DEPT,20160705561,Davidson,Nashville,8/6/2016 12:00:00 AM,4,0,0,36.152660,-86.761910,CHARLES E DAVIS BLVD,,,,180.00,Feet,South,GREEN ST,,,,0.00,N,Not at Intersection,N,Non-Junction,None,,,         ,Craig,Gentry,Clear,"Sideswipe, Same Direction",no,no,no,no,yes,False
101321931,METROPOLITAN NASHVILLE POLICE DEPT,20160705624,Davidson,Nashville,8/6/2016 12:00:00 AM,2,1,0,36.153890,-86.762730,I 40,,,,0.00,,,,,,,210.80,N,Not at Intersection,N,Non-Junction,None,,,         ,Craig,Gentry,Clear,"Sideswipe, Same Direction",no,no,no,no,no,False
101321946,METROPOLITAN NASHVILLE POLICE DEPT,20160705468,Davidson,Not in City Limit,8/6/2016 5:49:00 PM,1,0,0,36.168660,-86.568110,I 40,,,,0.00,,,,,,,222.65,N,Not at Intersection,N,Non-Junction,None,,,         ,Reuben,Hewit,Rain,Not Collision with Motor Vehicle in Transport,no,no,no,no,no,False
101321949,METROPOLITAN NASHVILLE POLICE DEPT,20160705432,Davidson,Nashville,8/6/2016 5:32:00 PM,1,2,1,36.091770,-86.834240,HARDING PL,,,,94.00,Feet,East,NORTHUMBERLAND,,,,0.00,N,Not at Intersection,N,Non-Junction,None,,,16-0587  ,Kevin,Coleman,Rain,Not Collision with Motor Vehicle in Transport,no,no,no,no,no,False
101321950,METROPOLITAN NASHVILLE POLICE DEPT,20160705587,Davidson,Nashville,8/6/2016 7:02:00 PM,2,2,0,36.128820,-86.852260,LIONS HEAD VILLAGE PVTDR,,,,0.00,,,,,,,0.00,,,N,Non-Junction,None,,,         ,Justin,Coyle,Rain,Angle,no,no,no,yes,yes,False
101321951,METROPOLITAN NASHVILLE POLICE DEPT,20160705708,Davidson,Nashville,8/6/2016 8:11:00 PM,2,1,0,36.134630,-86.723450,MURFREESBORO PKE,,,,336.00,Feet,East,I24 W EXT RAMP,,,,0.00,N,Not at Intersection,N,Non-Junction,None,,,         ,Jarret,Sonnenberg,Clear,Angle,no,no,no,no,no,False