master_record_number,agency,agency_tracking_number,county,city,collision_date,vehicles_involved,number_injured,number_dead,latitude,longitude,roadway_name,roadway_suffix,roadway_number,roadway_local_id,distance_from_reference,miles-feet_indicator,direction_from_reference,intersection_road_name,intersection_road_name_suffix,intersection_road_number,intersection_local_id,mile_marker,intersection_indicator,intersect_type,interchange_related_indicator,relation_to_junction,work_zone_type,construction_maintenance_zone,construction_maintenance_zone_location,fatal_case_number,officer_first_name,officer_last_name,weather_condition(s),manner_of_crash,pedestrian,bicycle,scooter,parking,hitrun,mou
101323531,METROPOLITAN NASHVILLE POLICE DEPT,20160713005,Davidson,Nashville,8/9/2016 9:37:00 AM,2,0,0,36.165310,-86.783150,6TH AVN,,,,0.00,,,CHARLOTTE AV,,,,0.00,Y,T-Intersection, ,,None,,,         ,Pedro,Rivera Chaparro,,,no,no,no,no,no,False
101323540,METROPOLITAN NASHVILLE POLICE DEPT,20160713027,Davidson,Nashville,8/9/2016 9:51:00 AM,2,0,0,36.143120,-86.736720,I 40,,,,0.00,,,,,,,212.70,N,Not at Intersection, ,Non-Junction,None,,,         ,Wesley,Young,Clear,Front to Rear,no,no,no,no,no,False
101323542,GOODLETTSVILLE POLICE DEPT,16-27846,Davidson,Goodlettsville,8/9/2016 7:20:00 AM,2,2,0,36.325690,-86.705740,I65 N ENT RAMP,,,,0.00,,East,I 65,,,,0.00,N,Not at Intersection,Y,Entrance/Exit Ramp Related,None,,,         ,Jeremy,Baker,Clear,Not Collision with Motor Vehicle in Transport,no,no,no,no,no,False
101323547,METROPOLITAN NASHVILLE POLICE DEPT,2016-0713020,Davidson,Not in City Limit,8/9/2016 9:44:00 AM,3,0,0,36.148770,-86.950920,RIVER ROAD PKE,,,,97.00,Feet,South,RIVER ROAD PKE PVTDR,,,,0.00,N,Not at Intersection,N,Non-Junction,None,,,         ,Curtis,Rich,Cloudy,Front to Rear,no,no,no,no,no,False
101323549,METROPOLITAN NASHVILLE POLICE DEPT,20160713104,Davidson,Nashville,8/9/2016 10:30:00 AM,1,1,0,36.100550,-86.739920,NOLENSVILLE PKE,,,,0.00,,,CHILTON ST,,,,0.00,Y,T-Intersection,N,Intersection,None,,,         ,Brian,Lamb,Clear,Not Collision with Motor Vehicle in Transport,no,no,no,no,no,False
101323554,METROPOLITAN NASHVILLE POLICE DEPT,20160712795,Davidson,Nashville,8/9/2016 8:03:00 AM,2,1,0,0.000000,0.000000,OLD HICKORY,BLVD,,,0.00,,,MAXWELL,RD,,,0.00,Y,T-Intersection,N,Intersection,None,,,         ,Randall,Combs,Clear,Angle,no,no,no,no,no,False
101323557,METROPOLITAN NASHVILLE POLICE DEPT,20160713017,Davidson,Nashville,8/9/2016 9:30:00 AM,2,0,0,36.079550,-86.726300,NOLENSVILLE PKE,,,,0.00,,,HARDING PL,,,,0.00,Y,Four-Way,N,Intersection-Related,None,,,         ,David,Smith,Clear,Front to Rear,no,no,no,no,yes,False
101323559,METROPOLITAN NASHVILLE POLICE DEPT,2016-0712911,Davidson,Nashville,8/9/2016 9:09:00 AM,2,0,0,36.037470,-86.786080,OLD HICKORY BLVD,,,,71.00,Feet,West,WILSON PIKE CIR,,,,0.00,N,Not at Intersection, ,Non-Junction,None,,,         ,Brandon,Hughes,Clear,Front to Rear,no,no,no,no,no,False
101323562,METROPOLITAN NASHVILLE POLICE DEPT,2016-0713130,Davidson,Nashville,8/9/2016 12:00:00 AM,2,0,0,36.154620,-86.862870,NICHOL RD,,,,248.00,Feet,East,ELAINE AV,,,,0.00,N,Not at Intersection,N,Non-Junction,None,,,         ,Walter,Gray II,Unknown,Unknown,no,no,no,no,yes,False
101323563,METROPOLITAN NASHVILLE POLICE DEPT,20160712540,Davidson,Nashville,8/9/2016 6:26:00 AM,2,0,0,36.141290,-86.716780,I 40,,,,0.00,,,,,,,213.80,N,Not at Intersection, ,Non-Junction,None,,,         ,James,Curtis,Clear,Front to Rear,no,no,no,no,yes,False
101323567,METROPOLITAN NASHVILLE POLICE DEPT,2016-0712544,Davidson,Nashville,8/9/2016 6:41:00 AM,2,0,0,36.045600,-86.658470,BELL RD,,,,0.00,,,I24 W EXT RAMP,,,,0.00,Y,Four-Way,Y,Entrance/Exit Ramp Related,None,,,         ,William,Whitworth,Clear,Front to Rear,no,no,no,no,no,False
101323570,METROPOLITAN NASHVILLE POLICE DEPT,20160713247,Davidson,Nashville,8/9/2016 11:54:00 AM,2,0,0,36.086530,-86.691520,ANTIOCH PKE,,,,383.00,Feet,South,HARDING PL,,,,0.00,N,Not at Intersection, ,Non-Junction,None,,,         ,Jessie,Meadows,Clear,"Sideswipe, Opposite Direction",no,no,no,no,no,False
101323572,METROPOLITAN NASHVILLE POLICE DEPT,20160713093,Davidson,Nashville,8/9/2016 10:20:00 AM,2,0,0,36.192320,-86.616300,OLD HICKORY BLVD,,,,0.00,,,JUAREZ DR,,,,0.00,Y,Four-Way,N,Intersection,None,,,         ,William,Mckay,Clear,Angle,no,no,no,no,no,False
101323589,METROPOLITAN NASHVILLE POLICE DEPT,2016-0695563,Davidson,Nashville,8/3/2016 11:52:00 AM,2,0,0,36.164290,-86.785590,CHARLOTTE AV,,,,0.00,,,6TH AVN,,,,0.00,Y,Four-Way,N,Intersection,None,,,         ,William,Vincion,Clear,Angle,no,no,no,no,no,False
101323620,METROPOLITAN NASHVILLE POLICE DEPT,20160713439,Davidson,Nashville,8/9/2016 10:45:00 AM,2,0,0,36.174920,-86.793870,MONROE ST,,,,258.00,Feet,West,9TH AVN,,,,0.00,N,Not at Intersection, ,,None,,,         ,Chase,Burnett,,,no,no,no,yes,no,False
101323623,METROPOLITAN NASHVILLE POLICE DEPT,20160712781,Davidson,Nashville,8/9/2016 7:53:00 AM,2,0,0,36.161070,-86.793730,14TH AVN,,,,0.00,,,I40 E EXT RAMP,,,,0.00,Y,Y-Intersection, ,Entrance/Exit Ramp Related,None,,,         ,Franklin,Taylor,Clear,Front to Rear,no,no,no,no,no,False
101323624,METROPOLITAN NASHVILLE POLICE DEPT,20160713238,Davidson,Nashville,8/9/2016 10:39:00 AM,2,0,0,36.134580,-86.801160,21ST AVS,,,,0.00,,,MAGNOLIA BLVD,,,,0.00,Y,Y-Intersection, ,Non-Junction,None,,,         ,Phillip,Murphy,Clear,"Sideswipe, Same Direction",no,no,no,no,no,Campus
101323625,METROPOLITAN NASHVILLE POLICE DEPT,20160713000,Davidson,Nashville,8/9/2016 9:22:00 AM,2,0,0,36.134280,-86.774730,WEDGEWOOD AV,,,,0.00,,,I65 N ENT RAMP,,,,0.00,Y,Four-Way,N,Intersection,None,,,         ,Phillip,Murphy,Clear,"Sideswipe, Same Direction",no,no,no,no,no,False
101323626,METROPOLITAN NASHVILLE POLICE DEPT,20160712901,Davidson,Nashville,8/9/2016 9:09:00 AM,2,0,0,36.126400,-86.804580,21ST AVS,,,,0.00,,,WESTWOOD AV,,,,0.00,Y,T-Intersection, ,Intersection,None,,,         ,Phillip,Murphy,Clear,Angle,no,no,no,no,no,False
101323635,METROPOLITAN NASHVILLE POLICE DEPT,20160712978,Davidson,Nashville,8/9/2016 9:27:00 AM,2,0,0,36.132010,-86.795490,BELMONT BLVD,,,,48.00,Feet,North,BERNARD AV,,,,0.00,N,Not at Intersection, ,Non-Junction,None,,,         ,Paul,Joyner,Clear,Front to Rear,no,no,no,no,no,False
101323639,METROPOLITAN NASHVILLE POLICE DEPT,20160713469,Davidson,Nashville,8/9/2016 12:40:00 PM,2,0,0,36.246590,-86.680660,NEELYS BEND RD,,,,389.00,Feet,North,CANDLEBROOK CT,,,,0.00,N,Not at Intersection,N,Non-Junction,None,,,         ,Brian,Otto,Clear,Angle,no,no,no,no,yes,False
101323662,METROPOLITAN NASHVILLE POLICE DEPT,2016-0713437,Davidson,Nashville,8/9/2016 12:43:00 PM,2,0,0,36.127130,-86.719820,HOLLYDALE DR,,,,180.00,Feet,East,FOOTHILL DR,,,,0.00,N,Not at Intersection, ,"Driveway, Alley Access, etc",None,,,         ,William,Whitworth,Clear,Angle,no,no,no,no,no,False
101323669,METROPOLITAN NASHVILLE POLICE DEPT,20160713563,Davidson,Nashville,8/9/2016 1:23:00 PM,2,0,0,36.179660,-86.678130,MCGAVOCK PKE,,,,72.00,Feet,North,LUMAR LN,,,,0.00,N,Not at Intersection,N,Non-Junction,Work Zone,Lane Shift-Crossover,Transition Area,         ,James,Curtis,Clear,Front to Rear,no,no,no,no,no,False
101323683,METROPOLITAN NASHVILLE POLICE DEPT,20160713536,Davidson,Nashville,8/9/2016 1:09:00 PM,2,0,0,36.191780,-86.617750,LOPEZ LN,,,,107.00,Feet,South,JUAREZ DR,,,,0.00,N,Not at Intersection,N,Non-Junction,None,,,         ,Wesley,Young,Clear,Angle,no,no,no,no,yes,False
101323684,METROPOLITAN NASHVILLE POLICE DEPT,20160713462,Davidson,Nashville,8/9/2016 12:25:00 PM,1,0,0,36.275620,-86.735430,I 65,,,,0.00,,,,,,,93.00,N,Not at Intersection,N,Non-Junction,None,,,         ,Jack,Crouch,Clear,Not Collision with Motor Vehicle in Transport,no,no,no,no,no,False
101323698,METROPOLITAN NASHVILLE POLICE DEPT,2016-0713529,Davidson,Nashville,8/9/2016 1:13:00 PM,2,1,0,36.210170,-86.872850,ASHLAND CITY HWY WB ENT RAMP,,,,0.00,,,ASHLAND CITY HWY,,,,0.00,Y,Y-Intersection,N,Entrance/Exit Ramp Related,None,,,         ,William,Caillouette,Rain,Front to Rear,no,no,no,no,no,False
101323725,METROPOLITAN NASHVILLE POLICE DEPT,20160713503,Davidson,Nashville,8/9/2016 1:28:00 PM,2,0,0,36.045740,-86.709020,OLD HICKORY BLVD,,,,768.00,Feet,West,HICKORY VALLEY CONDOS PVTDR,,,,0.00,N,Not at Intersection,N,Non-Junction,None,,,         ,Jessie,Meadows,Clear,Front to Rear,no,no,no,no,yes,False
101323726,METROPOLITAN NASHVILLE POLICE DEPT,20160713650,Davidson,Nashville,8/9/2016 2:01:00 PM,2,0,0,36.031610,-86.661450,OLD FRANKLIN RD,,,,61.00,Feet,East,PRESTON RD,,,,0.00,N,Not at Intersection,N,Non-Junction,None,,,         ,Jessie,Meadows,Clear,Angle,no,no,no,no,no,False
101323772,METROPOLITAN NASHVILLE POLICE DEPT,20160713854,Davidson,Nashville,8/9/2016 3:10:00 PM,2,0,0,36.190880,-86.798890,ROSA L PARKS BLVD,,,,51.00,Feet,South,VANTAGE WAY CT,,,,0.00,N,Not at Intersection, ,,None,,,         ,Adam,Crutcher,,,no,no,no,no,no,False
101323777,METROPOLITAN NASHVILLE POLICE DEPT,2016-0713726,Davidson,Nashville,8/9/2016 1:55:00 PM,2,0,0,36.066650,-86.681580,ANTIOCH PKE,,,,590.00,Feet,West,MILL CREEK BLUE HOLE GRNWY,,,,0.00,N,Not at Intersection,N,Non-Junction,None,,,         ,William,Whitworth,Cloudy,Other,no,no,no,no,yes,False
101323783,METROPOLITAN NASHVILLE POLICE DEPT,20160713861,Davidson,Nashville,8/9/2016 3:00:00 PM,2,1,0,36.169970,-86.763590,S 5TH ST,,,,48.00,Feet,North,FATHERLAND ST,,,,0.00,N,Not at Intersection,N,Unknown,None,,,         ,Michael,Moss,Cloudy,Unknown,no,no,no,no,yes,False
101323789,METROPOLITAN NASHVILLE POLICE DEPT,20160713742,Davidson,Nashville,8/9/2016 2:15:00 PM,2,0,0,36.177770,-86.773040,I 24,,,,0.00,,,,,,,47.85,N,Not at Intersection, ,Non-Junction,None,,,         ,Terence,Maahs,Cloudy,Angle,no,no,no,no,yes,False
101323800,METROPOLITAN NASHVILLE POLICE DEPT,20160713856,Davidson,Nashville,8/9/2016 3:16:00 PM,2,1,0,36.219310,-86.762530,DICKERSON PKE,,,,251.00,Feet,South,ALHAMBRA CIR,,,,0.00,N,Not at Intersection,N,Non-Junction,None,,,         ,Peter,Vaught,Rain,Front to Rear,no,no,no,no,no,False
101323804,METROPOLITAN NASHVILLE POLICE DEPT,2016-0702206,Davidson,Nashville,8/5/2016 2:00:00 PM,2,0,0,0.000000,0.000000,INTERSTATE 24,,,,0.25,Miles,East,SHELBY AVENUE,,,,0.00,N,Not at Intersection,N,Non-Junction,None,,,         ,William,Vincion,Rain,"Sideswipe, Same Direction",no,no,no,no,no,False
101323806,METROPOLITAN NASHVILLE POLICE DEPT,20160713770,Davidson,Nashville,8/9/2016 2:33:00 PM,1,2,0,36.170160,-86.763720,S 5TH ST,,,,130.00,Feet,North,FATHERLAND ST,,,,0.00,N,Not at Intersection,N,Non-Junction,None,,,         ,Cressie,Prill,Clear,Not Collision with Motor Vehicle in Transport,no,no,no,no,no,False
101323809,METROPOLITAN NASHVILLE POLICE DEPT,20160713852,Davidson,Nashville,8/9/2016 2:45:00 PM,2,1,0,36.049280,-86.651730,BELL RD,,,,0.00,,,HICKORY HOLLOW MALL PVTDR PL,,,,0.00,Y,Four-Way,N,Intersection,None,,,         ,Jarred,Ruhlman,Rain,Front to Rear,no,no,no,no,no,False
101323813,METROPOLITAN NASHVILLE POLICE DEPT,20160714005,Davidson,Nashville,8/9/2016 4:09:00 PM,2,0,0,36.201330,-86.716980,PIEDMONT AV,,,,158.00,Feet,West,STRATFORD AV,,,,0.00,N,Not at Intersection, ,"Driveway, Alley Access, etc",None,,,         ,Rachael,Sacco,Cloudy,Angle,no,no,no,no,no,False
101323814,GOODLETTSVILLE POLICE DEPT,16-27876,Davidson,Goodlettsville,8/9/2016 3:42:00 PM,2,0,0,36.302729,-86.702818,WREN,RD,,,50.00,Feet,East,MEADOW LARK,LN,,,0.00,N,Not at Intersection, ,Non-Junction,None,,,         ,Charles,Hauskin,Rain,"Sideswipe, Opposite Direction",no,no,no,no,no,False
101323815,GOODLETTSVILLE POLICE DEPT,16-27878,Davidson,Goodlettsville,8/9/2016 3:50:00 PM,1,0,0,36.300280,-86.711590,I 65,,,,0.00,,,,,,,95.20,N,Not at Intersection,N,Non-Junction,None,,,         ,Jason,Ayers,Rain,Not Collision with Motor Vehicle in Transport,no,no,no,no,no,False
101323820,METROPOLITAN NASHVILLE POLICE DEPT,20160713916,Davidson,Nashville,8/9/2016 3:25:00 PM,2,0,0,36.132520,-86.719410,MURFREESBORO PKE,,,,0.00,,,WILHAGAN RD,,,,0.00,Y,Four-Way,N,Intersection-Related,None,,,         ,Thomas,Barnes,Rain,Front to Rear,no,no,no,no,no,False
101323822,METROPOLITAN NASHVILLE POLICE DEPT,20160713805,Davidson,Nashville,8/9/2016 2:57:00 PM,2,0,0,36.134180,-86.801190,21ST AVS,,,,0.00,,,MAGNOLIA BLVD,,,,0.00,Y,Four-Way, ,Intersection-Related,None,,,         ,Tien,Nguyen,Rain,Front to Rear,no,no,no,no,no,Campus
101323823,METROPOLITAN NASHVILLE POLICE DEPT,20160713796,Davidson,Not in City Limit,8/9/2016 12:26:00 PM,3,0,0,36.008380,-86.701150,NOLENSVILLE PKE,,,,293.00,Feet,North,CULBERTSON RD,,,,0.00,N,Not at Intersection,N,Non-Junction,None,,,         ,Tien,Nguyen,Clear,Front to Rear,no,no,no,no,no,False
101323824,METROPOLITAN NASHVILLE POLICE DEPT,2016-0713814,Davidson,Nashville,8/9/2016 3:02:00 PM,2,1,0,36.149430,-86.857920,WHITE BRIDGE PKE,,,,263.00,Feet,South,CHARLOTTE PKE,,,,0.00,N,Not at Intersection,N,Non-Junction,None,,,         ,Walter,Gray II,Rain,Angle,no,no,no,no,no,False
101323838,METROPOLITAN NASHVILLE POLICE DEPT,20160714138,Davidson,Nashville,8/9/2016 4:51:00 PM,2,0,0,36.174030,-86.749200,FATHERLAND ST,,,,347.00,Feet,East,S 11TH ST,,,,0.00,N,Not at Intersection, ,Non-Junction,None,,,         ,Cressie,Prill,Cloudy,"Sideswipe, Same Direction",no,no,no,no,no,False
101323840,METROPOLITAN NASHVILLE POLICE DEPT,20160713769,Davidson,Not in City Limit,8/9/2016 2:39:00 PM,2,0,0,36.041310,-86.961140,HIGHWAY 100,,,,9.00,Feet,North,CHAFFIN DR,,,,0.00,N,Not at Intersection,N,Non-Junction,None,,,         ,Jeremy,Huffine,Cloudy,Front to Rear,no,no,no,no,no,False
101323848,METROPOLITAN NASHVILLE POLICE DEPT,20160713995,Davidson,Nashville,8/9/2016 3:15:00 PM,2,0,0,36.160500,-86.803390,19TH AVN,,,,0.00,,,WARNER ST,,,,0.00,Y,T-Intersection, ,,None,,,         ,Adam,Crutcher,,,no,no,no,no,no,False
101323853,METROPOLITAN NASHVILLE POLICE DEPT,20160714093,Davidson,Nashville,8/9/2016 3:30:00 PM,2,0,0,36.156010,-86.788850,BROADWAY,,,,0.00,,,GEORGE L DAVIS BLVD,,,,0.00,Y,Four-Way, ,Intersection,None,,,         ,Michael,Baron,Cloudy,Angle,no,no,no,no,no,False
101323858,METROPOLITAN NASHVILLE POLICE DEPT,20160713908,Davidson,Nashville,8/9/2016 3:34:00 PM,1,0,0,36.123240,-86.736380,GLENROSE AV,,,,228.00,Feet,East,ORIEL AV,,,,0.00,N,Not at Intersection,N,Non-Junction,None,,,         ,David,Hughes,Rain,Not Collision with Motor Vehicle in Transport,no,no,no,no,no,False
101323861,METROPOLITAN NASHVILLE POLICE DEPT,20160713762,Davidson,Not in City Limit,8/9/2016 2:30:00 PM,3,2,0,36.269530,-86.755590,DICKERSON PKE,,,,106.00,Feet,North,OLD HICKORY BLVD,,,,0.00,N,Not at Intersection,N,Non-Junction,None,,,         ,Jerry,Pirtle,Cloudy,HeadOn,no,no,no,no,no,False
101323865,METROPOLITAN NASHVILLE POLICE DEPT,20160714185,Davidson,Nashville,8/9/2016 4:44:00 PM,2,0,0,36.073870,-86.623510,ANDERSON RD,,,,0.00,,,OWENDALE DR,,,,0.00,Y,Four-Way, ,Intersection,None,,,         ,Larry,Preuett,Rain,Angle,no,no,no,no,no,False
101323866,METROPOLITAN NASHVILLE POLICE DEPT,20160713950,Davidson,Nashville,8/9/2016 3:38:00 PM,4,0,0,36.109590,-86.836970,ABBOTT MARTIN RD,,,,70.00,Feet,East,ESTES RD,,,,0.00,N,Not at Intersection, ,Non-Junction,None,,,         ,Barrett,Teague,Rain,Front to Rear,no,no,no,no,no,False
101323867,METROPOLITAN NASHVILLE POLICE DEPT,20160700028,Davidson,Nashville,8/4/2016 5:12:00 PM,2,0,0,36.131590,-86.795510,BELMONT BLVD,,,,100.00,Feet,South,BERNARD AV,,,,0.00,N,Not at Intersection, ,,None,,,         ,Charles,Griffin,,,no,no,no,no,no,False
101323868,METROPOLITAN NASHVILLE POLICE DEPT,20160714037,Davidson,Nashville,8/9/2016 2:40:00 PM,1,0,0,36.036900,-86.723430,WOODLANDS AV,,,,64.00,Feet,North,MAPLESONG CT,,,,0.00,N,Not at Intersection,N,Non-Junction,None,,,         ,Charles,Griffin,Clear,Not Collision with Motor Vehicle in Transport,no,no,no,yes,yes,False
101323869,METROPOLITAN NASHVILLE POLICE DEPT,20160713948,Davidson,Not in City Limit,8/9/2016 3:44:00 PM,2,0,0,36.074030,-86.935310,COLICE JEANNE RD,,,,0.00,,,CROSS TIMBERS DR,,,,0.00,Y,Four-Way,N,Intersection,None,,,         ,Regina,Lewis,Rain,Front to Rear,no,no,no,no,no,False
101323871,METROPOLITAN NASHVILLE POLICE DEPT,20160714274,Davidson,Nashville,8/9/2016 5:35:00 PM,2,0,0,36.098750,-86.772080,FRANKLIN PKE,,,,0.00,,,NORWOOD DR,,,,0.00,Y,T-Intersection,N,Intersection-Related,None,,,         ,Tien,Nguyen,Cloudy,Front to Rear,no,no,no,no,no,False
101323875,METROPOLITAN NASHVILLE POLICE DEPT,20160714117,Davidson,Nashville,8/9/2016 4:35:00 PM,2,0,0,36.152880,-86.787530,I 40,,,,0.00,,,,,,,209.40,N,Not at Intersection, ,Non-Junction,None,,,         ,Maria,Cortez,Cloudy,Front to Rear,no,no,no,no,no,False
101323887,METROPOLITAN NASHVILLE POLICE DEPT,20160714000,Davidson,Antioch,8/9/2016 4:34:00 PM,2,0,0,36.043160,-86.606090,HOBSON PKE,,,,176.00,Feet,East,MURFREESBORO PKE,,,,0.00,N,Not at Intersection, ,Non-Junction,None,,,         ,Jessie,Meadows,Clear,Front to Rear,no,no,no,no,no,False
101323888,METROPOLITAN NASHVILLE POLICE DEPT,20160713890,Davidson,Nashville,8/9/2016 4:45:00 PM,2,0,0,36.046560,-86.654830,HICKORY HOLLOW PKWY,,,,59.00,Feet,North,HICKORY HOLLOW LN,,,,0.00,N,Not at Intersection, ,Non-Junction,None,,,         ,Jessie,Meadows,Clear,Angle,no,no,no,no,no,False
101323892,METROPOLITAN NASHVILLE POLICE DEPT,20160714294,Davidson,Nashville,8/9/2016 4:40:00 PM,2,0,0,36.151940,-86.771670,LAFAYETTE ST,,,,182.00,Feet,East,ASH ST,,,,0.00,N,Not at Intersection, ,,None,,,         ,Jason,Thomas,,,no,no,no,no,no,False
101323899,METROPOLITAN NASHVILLE POLICE DEPT,20160714331,Davidson,Nashville,8/9/2016 4:36:00 PM,2,0,0,36.132700,-86.726870,I24E,,,,875.00,Feet,North,I24 W EXT RAMP,,,,0.00,N,Not at Intersection, ,,None,,,         ,Jarret,Sonnenberg,,,no,no,no,no,no,False
101323901,METROPOLITAN NASHVILLE POLICE DEPT,20160714375,Davidson,Nashville,8/9/2016 5:58:00 PM,2,0,0,36.108690,-86.765980,POWELL AV,,,,889.00,Feet,North,POWELL PL,,,,0.00,N,Not at Intersection,N,Non-Junction,None,,,         ,Tien,Nguyen,Clear,Front to Rear,no,no,no,no,no,False
101323905,METROPOLITAN NASHVILLE POLICE DEPT,20160714235,Davidson,Nashville,8/9/2016 5:28:00 PM,2,1,0,36.083020,-86.727380,NOLENSVILLE PKE,,,,142.00,Feet,South,WELCH RD,,,,0.00,N,Not at Intersection,N,Non-Junction,None,,,         ,Charles,Griffin,Cloudy,Front to Rear,no,no,no,no,no,False
101323906,METROPOLITAN NASHVILLE POLICE DEPT,20160714124,Davidson,Nashville,8/9/2016 4:31:00 PM,2,0,0,36.167540,-86.762380,SHELBY AV,,,,51.00,Feet,West,S 5TH ST,,,,0.00,N,Not at Intersection, ,,None,,,         ,Michael,Moss,,,no,no,no,no,no,False
101323907,METROPOLITAN NASHVILLE POLICE DEPT,20160714256,Davidson,Nashville,8/9/2016 6:44:00 PM,2,0,0,36.025230,-86.664560,PRESTON RD,,,,57.00,Feet,East,PETTUS RD,,,,0.00,N,Not at Intersection, ,,None,,,         ,Jessie,Meadows,,,no,no,no,no,no,False
101323913,METROPOLITAN NASHVILLE POLICE DEPT,20160714373,Davidson,Nashville,8/9/2016 5:20:00 PM,2,0,0,36.039420,-86.816440,GRANNY WHITE PIKE,,,,0.00,Feet,East,GRANNY WHITE PKE,,,,0.00,N,Not at Intersection, ,Non-Junction,None,,,         ,Charles,Griffin,Clear,Front to Rear,no,no,no,no,no,False
101323916,METROPOLITAN NASHVILLE POLICE DEPT,20160714316,Davidson,Nashville,8/9/2016 5:56:00 PM,2,1,0,36.151160,-86.690610,BRILEY PKWYN,,,,262.00,Feet,South,BRILEY PKWYS,,,,0.00,N,Not at Intersection,N,Non-Junction,None,,,         ,Bradley,McIntyre,Rain,"Sideswipe, Same Direction",no,no,no,no,yes,False
101323919,METROPOLITAN NASHVILLE POLICE DEPT,20160714319,Davidson,Not in City Limit,8/9/2016 6:01:00 PM,2,0,0,36.078050,-86.993920,I 40,,,,0.00,,,,,,,194.00,N,Not at Intersection, ,Non-Junction,None,,,         ,Adam,Reese,Cloudy,Front to Rear,no,no,no,no,no,False
101323932,METROPOLITAN NASHVILLE POLICE DEPT,2016-0713923,Davidson,Nashville,8/8/2016 6:00:00 PM,2,1,0,36.077100,-86.734570,HARDING PL,,,,150.00,Feet,West,OVERCREST DR,,,,0.00,N,Not at Intersection,N,Non-Junction,None,,,         ,Michael,Schlegel,Clear,Front to Rear,no,no,no,no,yes,False
101323939,METROPOLITAN NASHVILLE POLICE DEPT,20160714457,Davidson,Nashville,8/9/2016 6:44:00 PM,2,0,0,36.144480,-86.872670,CHARLOTTE PKE,,,,0.00,,,AMERICAN RD,,,,0.00,Y,T-Intersection,N,Intersection-Related,None,,,         ,Adam,Reese,Cloudy,Front to Rear,no,no,no,no,no,False
101323944,METROPOLITAN NASHVILLE POLICE DEPT,20160713803,Davidson,Nashville,8/9/2016 12:30:00 PM,2,0,0,36.167860,-86.780070,3RD AVN,,,,200.00,Feet,North,JAMES ROBERTSON PKWY,,,,0.00,N,Not at Intersection,N,Non-Junction,None,,,         ,Nathan,Dungan,Cloudy,Angle,no,no,no,no,yes,False
101323950,METROPOLITAN NASHVILLE POLICE DEPT,2016-0714196,Davidson,Nashville,8/9/2016 4:28:00 PM,2,0,0,36.111270,-86.756330,THOMPSON LN,,,,325.00,Feet,West,SIDCO DR,,,,0.00,N,Not at Intersection,N,Non-Junction,None,,,         ,Austin,Kendrick,Clear,Front to Rear,no,no,no,no,no,False
101323952,METROPOLITAN NASHVILLE POLICE DEPT,20160714417,Davidson,Nashville,8/9/2016 6:41:00 PM,3,1,0,36.142530,-86.631580,ELM HILL PKE,,,,0.00,,,NOBLE VALLEY DR,,,,0.00,Y,T-Intersection,N,Non-Junction,None,,,         ,Patrick,Taylor,Clear,Front to Rear,no,no,no,no,no,False
101323956,METROPOLITAN NASHVILLE POLICE DEPT,20160714520,Davidson,Nashville,8/9/2016 6:17:00 PM,2,0,0,36.154630,-86.779160,LAFAYETTE ST,,,,0.00,,,8TH AVS,,,,0.00,Y,Roundabout,N,Intersection,None,,,         ,Jason,King,Cloudy,Angle,no,no,no,no,no,False
101323964,METROPOLITAN NASHVILLE POLICE DEPT,20160714470,Davidson,Nashville,8/9/2016 6:55:00 PM,3,0,0,36.252420,-86.694500,NEELYS BEND RD,,,,0.00,,,FLORENCE CIR,,,,0.00,Y,OTHER, ,Intersection,None,,,         ,Edward,Draves,Cloudy,Front to Rear,no,no,no,no,yes,False
101323971,METROPOLITAN NASHVILLE POLICE DEPT,20160714660,Davidson,Nashville,8/9/2016 6:39:00 PM,2,0,0,36.079940,-86.643800,EDGE O LAKE DR,,,,319.00,Feet,East,MURFREESBORO PKE,,,,0.00,N,Not at Intersection,N,Non-Junction,None,,,         ,Jaby,Djabbarov,Rain,Rear to Rear,no,no,no,yes,yes,False
101323972,METROPOLITAN NASHVILLE POLICE DEPT,20160714541,Davidson,Not in City Limit,8/9/2016 7:00:00 PM,1,0,0,36.022370,-86.657580,BLAIRFIELD DR,,,,1082.00,Feet,West,KANLOW DR,,,,0.00,N,Not at Intersection,N,Non-Junction,None,,,         ,Jeffrey,Livingston,Cloudy,Not Collision with Motor Vehicle in Transport,no,no,no,yes,no,False
101323977,METROPOLITAN NASHVILLE POLICE DEPT,20160714475,Davidson,Nashville,8/9/2016 6:50:00 PM,2,0,0,36.226850,-86.603120,SHUTE LN,,,,195.00,Feet,North,SAUNDERSVILLE RD,,,,0.00,N,Not at Intersection, ,Non-Junction,None,,,         ,Noah,Melton,Rain,Front to Rear,no,no,no,no,no,False
101323978,METROPOLITAN NASHVILLE POLICE DEPT,20160714531,Davidson,Goodlettsville,8/9/2016 6:27:00 PM,2,0,0,36.292930,-86.702470,GALLATIN PKEN,,,,83.00,Feet,South,RIVERGATE STATION PVTDR,,,,0.00,N,Not at Intersection,N,Non-Junction,None,,,         ,Jerry,Pirtle,Cloudy,Front to Rear,no,no,no,no,no,False
101323986,METROPOLITAN NASHVILLE POLICE DEPT,20160711323,Davidson,Nashville,8/8/2016 8:15:00 PM,1,1,0,36.149740,-86.848510,ELKINS AV,,,,25.00,Feet,West,51ST AVN,,,,0.00,N,Not at Intersection,N,Non-Junction,Construction Zone,Other,Unknown,         ,Torian,Cox,Clear,Not Collision with Motor Vehicle in Transport,no,no,no,no,no,False