master_record_number,agency,agency_tracking_number,county,city,collision_date,vehicles_involved,number_injured,number_dead,latitude,longitude,roadway_name,roadway_suffix,roadway_number,roadway_local_id,distance_from_reference,miles-feet_indicator,direction_from_reference,intersection_road_name,intersection_road_name_suffix,intersection_road_number,intersection_local_id,mile_marker,intersection_indicator,intersect_type,interchange_related_indicator,relation_to_junction,work_zone_type,construction_maintenance_zone,construction_maintenance_zone_location,fatal_case_number,officer_first_name,officer_last_name,weather_condition(s),manner_of_crash,pedestrian,bicycle,scooter,parking,hitrun,mou
101323987,METROPOLITAN NASHVILLE POLICE DEPT,20160714777,Davidson,Nashville,8/9/2016 8:46:00 PM,2,0,0,36.047300,-86.862740,OLD HICKORY BLVD,,,,0.00,,,HILLSBORO PKE,,,,0.00,Y,Four-Way, ,Intersection,None,,,         ,Charles,Griffin,Clear,Front to Rear,no,no,no,no,no,False
101323988,METROPOLITAN NASHVILLE POLICE DEPT,20160714740,Davidson,Nashville,8/9/2016 8:33:00 PM,1,1,0,36.132720,-86.893200,CHARLOTTE PKE,,,,67.00,Feet,East,I40 E ENT RAMP,,,,0.00,N,Not at Intersection,N,Non-Junction,None,,,         ,Brandon,Pedigo,Clear,Not Collision with Motor Vehicle in Transport,no,no,no,no,no,False
101323992,METROPOLITAN NASHVILLE POLICE DEPT,20160714269,Davidson,Nashville,8/9/2016 5:42:00 PM,2,0,0,36.101530,-86.663860,MURFREESBORO PKE,,,,829.00,Feet,North,LADYBIRD DR,,,,0.00,N,Not at Intersection,N,Non-Junction,None,,,         ,Nakia,Reid,Rain,Front to Rear,no,no,no,no,no,False
101324011,VANDERBILT UNIVERSITY POLICE,16-0714723,Davidson,Nashville,8/9/2016 8:30:00 PM,2,0,0,36.141040,-86.806770,25TH AVS,,,,685.00,Feet,North,CHILDRENS WAY,,,,0.00,N,Not at Intersection, ,Non-Junction,None,,,         ,Jonathan,McAllister,Clear,Front to Rear,no,no,no,no,no,Campus
101324048,METROPOLITAN NASHVILLE POLICE DEPT,20160714425,Davidson,Not in City Limit,8/9/2016 6:14:00 PM,2,0,0,36.269320,-86.710610,WILEY ST,,,,0.00,,,GALLATIN PKEN,,,,0.00,Y,T-Intersection,N,Intersection-Related,None,,,         ,Jordan,Lowry,Rain,Angle,no,no,no,no,no,False
101324065,METROPOLITAN NASHVILLE POLICE DEPT,20160713907,Davidson,Nashville,8/9/2016 12:26:00 PM,2,0,0,36.162190,-86.798000,JO JOHNSTON AV,,,,0.00,,,16TH AVN,,,,0.00,Y,Four-Way,N,Intersection,None,,,         ,Michael,Brooks,Cloudy,Angle,no,no,no,no,yes,False
101324066,METROPOLITAN NASHVILLE POLICE DEPT,20160714091,Davidson,Nashville,8/9/2016 4:35:00 PM,1,0,0,36.175310,-86.801280,I40 E ENT RAMP,,,,0.00,,,I40 E ENT RAMP,,,,0.00,Y,OTHER,Y,Entrance/Exit Ramp Related,None,,,         ,Michael,Brooks,Cloudy,Not Collision with Motor Vehicle in Transport,no,no,no,no,yes,False
101324075,METROPOLITAN NASHVILLE POLICE DEPT,20160714840,Davidson,Nashville,8/9/2016 9:11:00 PM,2,1,0,36.077040,-86.735560,HARDING PL,,,,318.00,Feet,East,SHADESCREST DR,,,,0.00,N,Not at Intersection,N,Non-Junction,None,,,         ,Tien,Nguyen,Clear,Angle,no,no,no,no,no,False
101324090,METROPOLITAN NASHVILLE POLICE DEPT,20160703116,Davidson,Nashville,8/5/2016 7:20:00 PM,2,0,0,36.153140,-86.688460,ELM HILL PKE,,,,232.00,Feet,West,ATRIUM WAY,,,,0.00,N,Not at Intersection, ,,None,,,         ,John,Daugherty,,,no,no,no,no,no,False
101324091,METROPOLITAN NASHVILLE POLICE DEPT,20160715130,Davidson,Nashville,8/9/2016 10:55:00 PM,1,0,0,36.251920,-86.717690,W WEBSTER ST,,,,0.00,,,GALLATIN PKES,,,,0.00,Y,Four-Way,N,"Driveway, Alley Access, etc",None,,,         ,Ryan,Russell,Clear,Not Collision with Motor Vehicle in Transport,no,no,no,no,no,False
101324098,METROPOLITAN NASHVILLE POLICE DEPT,20160715158,Davidson,Nashville,8/9/2016 10:50:00 PM,2,0,0,36.156190,-86.778840,6TH AVS,,,,0.00,,,,,,,0.00,,, ,,None,,,         ,Jeremy,King,,,no,no,no,yes,no,False
101324111,METROPOLITAN NASHVILLE POLICE DEPT,20160715199,Davidson,Nashville,8/9/2016 10:40:00 PM,2,0,0,36.074200,-86.638390,MURFREESBORO PKE,,,,126.00,Feet,South,RURAL HILL RD,,,,0.00,N,Not at Intersection, ,Non-Junction,None,,,         ,Daniel,Garrett,Clear,Not Collision with Motor Vehicle in Transport,no,no,no,no,no,False
101324115,GOODLETTSVILLE POLICE DEPT,16-27920,Davidson,Goodlettsville,8/9/2016 9:12:00 PM,1,1,0,36.302869,-86.709724,,,SR386,,300.00,Feet,East,,,I65,,95.00,N,Not at Intersection,N,Entrance/Exit Ramp Related,None,,,         ,James,Wells,Rain,Not Collision with Motor Vehicle in Transport,no,no,no,no,no,False
101324141,METROPOLITAN NASHVILLE POLICE DEPT,20160715664,Davidson,Nashville,8/10/2016 2:00:00 AM,2,0,0,36.206970,-86.736110,GALLATIN PKE,,,,140.00,Feet,South,MAYNOR AV,,,,0.00,N,Not at Intersection,N,Non-Junction,None,,,         ,Douglas,Smith,Clear,Front to Rear,no,no,no,yes,yes,False
101324161,METROPOLITAN NASHVILLE POLICE DEPT,20160713682,Davidson,Madison,8/9/2016 1:30:00 PM,2,0,0,36.264290,-86.690260,MYATT DR,,,,79.00,Feet,North,STATE RT 45,,,,0.00,N,Not at Intersection, ,Non-Junction,None,,,         ,Brian,Otto,Clear,Front to Rear,no,no,no,no,no,False
101324180,METROPOLITAN NASHVILLE POLICE DEPT,2016-0716231,Davidson,Nashville,8/10/2016 6:45:00 AM,3,0,0,36.111330,-86.922590,I 40,,,,0.00,,,,,,,199.30,N,Not at Intersection, ,Non-Junction,None,,,         ,Curtis,Rich,Cloudy,Front to Rear,no,no,no,no,yes,False
101324185,Metro Park Police,20160701510,Davidson,Nashville,8/5/2016 8:05:00 AM,2,0,0,36.163000,-86.746840,DAVIDSON STREET BIKE CNCTR,,,,0.00,,,S 14TH ST,,,,0.00,Y,OTHER,N,Non-Junction,None,,,         ,Darrell,Howse,Clear,"Sideswipe, Same Direction",no,no,no,no,no,False
101324188,METROPOLITAN NASHVILLE POLICE DEPT,20160716225,Davidson,Nashville,8/10/2016 6:39:00 AM,2,1,0,36.141280,-86.716880,I 40,,,,0.00,,,,,,,213.80,N,Not at Intersection,N,Non-Junction,None,,,         ,James,Curtis,Clear,Front to Rear,no,no,no,no,no,False
101324197,METROPOLITAN NASHVILLE POLICE DEPT,20160713552,Davidson,Nashville,8/8/2016 12:00:00 AM,2,0,0,36.052570,-86.654070,HICKORY HOLLOW MALL PVTDR PL,,,,285.00,Feet,West,MT VIEW RD,,,,0.00,N,Not at Intersection,N,OtherLocation,None,,,         ,Terry,Miller,Clear,"Sideswipe, Same Direction",no,no,no,yes,yes,False
101324205,THP District 9 - Administrative,316043039,Davidson,Not in City Limit,8/3/2016 7:45:00 AM,2,0,0,36.347560,-86.930360,I 24,,,,0.00,,,,,,,31.10,N,Not at Intersection, ,Non-Junction,None,,,         ,Billy,Smith,Clear,Front to Rear,no,no,no,no,no,False
101324210,METROPOLITAN NASHVILLE POLICE DEPT,2016-0716414,Davidson,Nashville,8/10/2016 8:00:00 AM,2,0,0,36.061290,-86.910730,HIGHWAY 100,,,,62.00,Feet,East,WARNER NATURE CTR PVTDR,,,,0.00,N,Not at Intersection, ,Non-Junction,None,,,         ,Curtis,Rich,Cloudy,Other,no,no,no,no,no,False
101324245,METROPOLITAN NASHVILLE POLICE DEPT,20160716410,Davidson,Nashville,8/10/2016 8:00:00 AM,2,0,0,36.142350,-86.734980,I 40,,,,0.00,,,,,,,212.80,N,Not at Intersection, ,Non-Junction,None,,,         ,James,Curtis,Cloudy,"Sideswipe, Same Direction",no,no,no,no,no,False
101324247,METROPOLITAN NASHVILLE POLICE DEPT,20160716452,Davidson,Nashville,8/10/2016 7:08:00 AM,2,0,0,36.048990,-86.651630,HICKORY HOLLOW LN,,,,100.00,Feet,South,BELL RD,,,,0.00,N,Not at Intersection, ,Non-Junction,None,,,         ,Randall,Combs,Cloudy,"Sideswipe, Same Direction",no,no,no,no,no,False
101324250,METROPOLITAN NASHVILLE POLICE DEPT,20160713140,Davidson,Goodlettsville,8/9/2016 10:30:00 AM,2,0,0,36.307670,-86.703910,RIVERGATE PKWY,,,,62.00,Feet,South,I65 N ENT RAMP,,,,0.00,N,Not at Intersection,N,Non-Junction,None,,,         ,Arthur,Hipp,Clear,Front to Rear,no,no,no,no,no,False
101324252,METROPOLITAN NASHVILLE POLICE DEPT,20160716373,Davidson,Nashville,8/10/2016 7:48:00 AM,1,1,0,36.114910,-86.719880,GLENROSE AV,,,,95.00,Feet,West,EAST THOMPSON LN,,,,0.00,N,Not at Intersection,N,Non-Junction,None,,,         ,Brian,Penny,Clear,Not Collision with Motor Vehicle in Transport,no,yes,no,no,no,False
101324256,METROPOLITAN NASHVILLE POLICE DEPT,20160716516,Davidson,Nashville,8/10/2016 8:13:00 AM,2,0,0,36.237730,-86.786340,I 24,,,,0.00,,,,,,,43.60,N,Not at Intersection, ,Non-Junction,None,,,         ,Brandon,Wood,Clear,"Sideswipe, Same Direction",no,no,no,no,no,False
101324260,METROPOLITAN NASHVILLE POLICE DEPT,20160716587,Davidson,Nashville,8/10/2016 8:00:00 AM,2,0,0,36.103240,-86.774750,GLEN LEVEN DR,,,,0.00,,,MCCONNELL ST,,,,0.00,Y,T-Intersection, ,Intersection,None,,,         ,Justin,Pinkelton,Cloudy,"Sideswipe, Same Direction",no,no,no,no,no,False
101324261,METROPOLITAN NASHVILLE POLICE DEPT,20160716352,Davidson,Nashville,8/10/2016 7:39:00 AM,2,1,0,36.110870,-86.714430,I24 W ENT RAMP,,,,0.00,,,BRILEY PKWYS,,,,0.00,Y,Y-Intersection,Y,Entrance/Exit Ramp Related,None,,,         ,Paul,Ellis,Cloudy,Front to Rear,no,no,no,no,no,False
101324276,METROPOLITAN NASHVILLE POLICE DEPT,20160716530,Davidson,Nashville,8/10/2016 8:31:00 AM,3,0,0,36.205350,-86.777590,I65 S ENT RAMP,,,,180.00,Feet,South,BRICK CHURCH PKE,,,,0.00,N,Not at Intersection, ,Entrance/Exit Ramp Related,None,,,         ,Michael,McCord,Clear,Front to Rear,no,no,no,no,yes,False
101324279,METROPOLITAN NASHVILLE POLICE DEPT,20160716498,Davidson,Nashville,8/10/2016 8:20:00 AM,2,0,0,36.135800,-86.725040,I24 W EXT RAMP,,,,0.00,,,SPENCE LN,,,,0.00,Y,Four-Way, ,Intersection,None,,,         ,Wesley,Young,Clear,"Sideswipe, Same Direction",no,no,no,no,no,False
101324290,METROPOLITAN NASHVILLE POLICE DEPT,20160709918,Davidson,Not in City Limit,8/8/2016 12:18:00 PM,1,0,0,36.279680,-86.702720,PIERCE RD,,,,226.00,Feet,West,SNOW AV,,,,0.00,N,Not at Intersection,N,Non-Junction,None,,,         ,Michelle,Steidl,Clear,Not Collision with Motor Vehicle in Transport,no,no,no,no,no,False
101324300,METROPOLITAN NASHVILLE POLICE DEPT,20160707169,Davidson,Nashville,8/7/2016 11:55:00 AM,2,0,0,36.206330,-86.774360,W TRINITY LN,,,,261.00,Feet,West,I65 N ENT RAMP,,,,0.00,N,Not at Intersection, ,Non-Junction,None,,,         ,Steven,Spillers,Clear,"Sideswipe, Opposite Direction",no,no,no,no,no,False
101324307,METROPOLITAN NASHVILLE POLICE DEPT,20160716771,Davidson,Nashville,8/10/2016 9:56:00 AM,2,0,0,36.170800,-86.779300,1ST AVN,,,,69.00,Feet,North,DOWNTOWN GRNWY,,,,0.00,N,Not at Intersection, ,,None,,,         ,Pedro,Rivera Chaparro,,,no,no,no,no,no,False
101324310,METROPOLITAN NASHVILLE POLICE DEPT,2016-0716286,Davidson,Nashville,8/10/2016 7:18:00 AM,2,2,0,36.124430,-86.739880,I 440,,,,0.00,,,,,,,6.85,N,Not at Intersection,N,Non-Junction,None,,,         ,William,Whitworth,Clear,Front to Rear,no,no,no,no,no,False
101324312,METROPOLITAN NASHVILLE POLICE DEPT,2016-0716545,Davidson,Nashville,8/10/2016 8:26:00 AM,2,0,0,36.071090,-86.635310,MURFREESBORO PKE,,,,383.00,Feet,South,BELL RD,,,,0.00,N,Not at Intersection,N,"Driveway, Alley Access, etc",None,,,         ,William,Whitworth,Cloudy,Angle,no,no,no,no,no,False
101324317,METROPOLITAN NASHVILLE POLICE DEPT,2016-0716500,Davidson,Nashville,8/10/2016 8:10:00 AM,2,0,0,36.183500,-86.610760,OLD HICKORY BLVD,,,,0.00,,,DODSON CHAPEL RD,,,,0.00,Y,Four-Way,N,Intersection,None,,,         ,Scott,Toney,Cloudy,Angle,no,no,no,no,yes,False
101324318,METROPOLITAN NASHVILLE POLICE DEPT,20160716825,Davidson,Nashville,8/10/2016 10:31:00 AM,2,0,0,36.045900,-86.703530,EULALA DR,,,,171.00,Feet,North,OLD HICKORY BLVD,,,,0.00,N,Not at Intersection,N,Non-Junction,None,,,         ,Jessie,Meadows,Clear,Rear to Side,no,no,no,no,no,False
101324344,METROPOLITAN NASHVILLE POLICE DEPT,2016-0716630,Davidson,Nashville,8/10/2016 9:00:00 AM,4,0,0,36.163730,-86.762580,I 24,,,,0.00,,,,,,,49.20,N,Not at Intersection,N,Non-Junction,None,,,         ,Daniel,Massey,Clear,Front to Rear,no,no,no,no,no,False
101324345,METROPOLITAN NASHVILLE POLICE DEPT,20160713481,Davidson,Nashville,8/9/2016 12:20:00 PM,1,0,0,36.270080,-86.736590,I 65,,,,0.00,,,,,,,92.65,N,Not at Intersection,N,Non-Junction,None,,,         ,Arthur,Hipp,Clear,Not Collision with Motor Vehicle in Transport,no,no,no,no,no,False
101324352,METROPOLITAN NASHVILLE POLICE DEPT,20160716320,Davidson,Hermitage,8/10/2016 7:15:00 AM,2,0,0,36.169240,-86.576770,I 40,,,,0.00,,,,,,,222.15,N,Not at Intersection, ,Non-Junction,None,,,         ,William,Walls,Cloudy,Front to Rear,no,no,no,no,no,False
101324358,METROPOLITAN NASHVILLE POLICE DEPT,20160717000,Davidson,Nashville,8/10/2016 9:55:00 AM,2,0,0,36.245940,-86.817560,PARMLEY LN,,,,491.00,Feet,East,PRESERVATION WAY,,,,0.00,N,Not at Intersection, ,,Construction Zone,,,         ,John,Tyree,,,no,no,no,no,no,False
101324359,METROPOLITAN NASHVILLE POLICE DEPT,20160716809,Davidson,Nashville,8/10/2016 9:48:00 AM,2,0,0,36.147600,-86.744200,I 40,,,,0.00,,,,,,,212.00,N,Not at Intersection,N,Non-Junction,None,,,         ,Byron,Carter,Cloudy,Front to Rear,no,no,no,no,yes,False
101324368,METROPOLITAN NASHVILLE POLICE DEPT,20160712651,Davidson,Madison,8/9/2016 7:35:00 AM,2,0,0,36.274630,-86.702480,SARVER AV,,,,6.00,Feet,East,PIERCE RD,,,,0.00,N,Not at Intersection,N,Non-Junction,None,,,         ,Michelle,Steidl,Clear,Angle,no,no,no,no,no,False
101324382,METROPOLITAN NASHVILLE POLICE DEPT,20160716726,Davidson,Nashville,8/10/2016 9:30:00 AM,2,0,0,36.107790,-86.742700,TIMMONS ST,,,,256.00,Feet,East,NOLENSVILLE PKE,,,,0.00,N,Not at Intersection,N,Non-Junction,None,,,         ,James,Thomas,Clear,Angle,no,no,no,no,yes,False
101324383,METROPOLITAN NASHVILLE POLICE DEPT,20160717063,Davidson,Nashville,8/10/2016 11:30:00 AM,2,0,0,36.164460,-86.795870,CLINTON ST,,,,301.00,Feet,East,14TH AVN,,,,0.00,N,Not at Intersection, ,,None,,,         ,Franklin,Taylor,,,no,no,no,no,no,False
101324386,METROPOLITAN NASHVILLE POLICE DEPT,20160717055,Davidson,Nashville,8/10/2016 11:30:00 AM,1,0,0,36.080770,-86.802380,TYNE BLVD,,,,892.00,Feet,East,GRANNY WHITE PKE,,,,0.00,N,Not at Intersection, ,Non-Junction,None,,,         ,Brent,Bauer,Cloudy,Not Collision with Motor Vehicle in Transport,no,no,no,no,no,False
101324387,METROPOLITAN NASHVILLE POLICE DEPT,2016-0716952,Davidson,Nashville,8/10/2016 10:42:00 AM,2,0,0,36.141610,-86.816600,WEST END AV,,,,164.00,Feet,South,32ND AVS,,,,0.00,N,Not at Intersection, ,Non-Junction,None,,,         ,David,Anderson,Cloudy,Front to Rear,no,no,no,no,no,False
101324394,METROPOLITAN NASHVILLE POLICE DEPT,20160716918,Davidson,Nashville,8/10/2016 10:35:00 AM,2,0,0,36.129970,-86.901160,CHARLOTTE PKE,,,,119.00,Feet,West,CABOT DR,,,,0.00,N,Not at Intersection, ,Non-Junction,Utility Zone,,,         ,Timothy,Mead,Clear,Front to Rear,no,no,no,no,no,False
101324397,METROPOLITAN NASHVILLE POLICE DEPT,20160716590,Davidson,Nashville,8/10/2016 8:37:00 AM,2,0,0,36.106210,-86.673060,MURFREESBORO PKE,,,,0.00,,,DONELSON PKE,,,,0.00,Y,Four-Way, ,Intersection-Related,None,,,         ,Wesley,Young,Clear,Front to Rear,no,no,no,no,no,False
101324408,METROPOLITAN NASHVILLE POLICE DEPT,20160702271,Davidson,Nashville,8/5/2016 1:27:00 PM,2,0,0,36.205020,-86.737620,MCGAVOCK PKE,,,,0.00,,,GALLATIN PKE,,,,0.00,Y,T-Intersection,N,Intersection,None,,,         ,Randal,Owsley,Clear,Angle,no,no,no,no,yes,False
101324416,METROPOLITAN NASHVILLE POLICE DEPT,20160716864,Davidson,Nashville,8/10/2016 9:59:00 AM,2,0,0,36.231660,-86.700610,BRILEY PKWYS,,,,0.00,,,BRILEY PKWYE,,,,0.00,Y,OTHER,N,Non-Junction,None,,,         ,Wesley,Young,Clear,"Sideswipe, Same Direction",no,no,no,no,yes,False
101324421,METROPOLITAN NASHVILLE POLICE DEPT,20160717290,Davidson,Nashville,8/10/2016 12:35:00 PM,2,0,0,36.111260,-86.767200,POWELL AV,,,,115.00,Feet,North,OLD POWELL AV,,,,0.00,N,Not at Intersection, ,Non-Junction,None,,,         ,Justin,Pinkelton,Cloudy,Front to Rear,no,no,no,no,no,False
101324434,METROPOLITAN NASHVILLE POLICE DEPT,20160717321,Davidson,Nashville,8/10/2016 1:13:00 PM,1,0,0,36.070010,-86.689830,I 24,,,,0.00,,,,,,,57.00,N,Not at Intersection,N,Non-Junction,None,,,         ,Jessie,Meadows,Clear,Not Collision with Motor Vehicle in Transport,no,no,no,no,no,False
101324435,METROPOLITAN NASHVILLE POLICE DEPT,20160717001,Davidson,Nashville,8/10/2016 11:15:00 AM,2,1,0,36.147050,-86.666420,DONELSON PKE,,,,403.00,Feet,North,ROYAL PKWY,,,,0.00,N,Not at Intersection,N,"Driveway, Alley Access, etc",None,,,         ,William,Waters,Clear,Angle,no,no,no,no,no,False
101324448,METROPOLITAN NASHVILLE POLICE DEPT,20160716733,Davidson,Nashville,8/10/2016 9:41:00 AM,2,1,0,36.141080,-86.733180,I 40,,,,0.00,,,,,,,212.95,N,Not at Intersection,N,Non-Junction,None,,,         ,James,Curtis,Cloudy,"Sideswipe, Same Direction",no,no,no,no,no,False
101324449,METROPOLITAN NASHVILLE POLICE DEPT,20160717294,Davidson,Nashville,8/10/2016 12:47:00 PM,2,1,0,36.073640,-86.597780,COUNTRY WAY RD,,,,101.00,Feet,East,ANDERSON RD,,,,0.00,N,Not at Intersection,N,Non-Junction,None,,,         ,James,Curtis,Clear,"Sideswipe, Same Direction",no,no,no,no,yes,False
101324450,BERRY HILL POLICE DEPT,16-2849,Davidson,Berry Hill,8/10/2016 12:15:00 PM,2,0,0,36.126130,-86.769480,CRAIGHEAD ST,,,,316.00,Feet,East,OCEANSIDE DR,,,,0.00,N,Not at Intersection, ,Non-Junction,None,,,         ,Ronnie,Hill,Clear,Angle,no,no,no,no,no,False
101324455,METROPOLITAN NASHVILLE POLICE DEPT,20160716571,Davidson,Nashville,8/10/2016 8:13:00 AM,1,0,0,36.119590,-86.766690,I 440,,,,0.00,,,,,,,5.35,N,Not at Intersection, ,,None,,,         ,Kevin,Coleman,,,no,no,no,no,no,False
101324457,METROPOLITAN NASHVILLE POLICE DEPT,2016-0716990,Davidson,Nashville,8/10/2016 10:58:00 AM,2,0,0,36.153840,-86.756080,HERMITAGE AV,,,,0.00,,,FAIRFIELD AV,,,,0.00,Y,Four-Way, ,Non-Junction,None,,,         ,Scott,Toney,Cloudy,Front to Rear,no,no,no,no,no,False
101324459,METROPOLITAN NASHVILLE POLICE DEPT,20160716538,Davidson,Nashville,8/10/2016 8:36:00 AM,2,0,0,36.095590,-86.707560,I 24,,,,0.00,,,,,,,54.90,N,Not at Intersection, ,Non-Junction,None,,,         ,Brandon,O'Guin,Clear,Front to Rear,no,no,no,no,no,False
101324468,METROPOLITAN NASHVILLE POLICE DEPT,20160717167,Davidson,Nashville,8/10/2016 12:00:00 PM,2,1,0,36.241190,-86.723390,GALLATIN PKES,,,,778.00,Feet,North,GALLATIN PKE,,,,0.00,N,Not at Intersection,N,Non-Junction,None,,,         ,Michael,Agee,Cloudy,Front to Rear,no,no,no,no,yes,False
101324472,METROPOLITAN NASHVILLE POLICE DEPT,20160716295,Davidson,Nashville,8/10/2016 7:21:00 AM,2,2,0,36.086950,-86.778180,BATTERY LN,,,,91.00,Feet,West,CHURCHWOOD DR,,,,0.00,N,Not at Intersection,N,Non-Junction,None,,,         ,Gregory,Cenicola,Clear,Front to Rear,no,no,no,no,no,False
101324491,METROPOLITAN NASHVILLE POLICE DEPT,20160716618,Davidson,Nashville,8/10/2016 8:50:00 AM,1,0,0,36.231850,-86.746380,JOYCE LN,,,,409.00,Feet,South,ELLINGTON PKWYS,,,,0.00,N,Not at Intersection, ,Non-Junction,None,,,         ,Steven,Spillers,Clear,Not Collision with Motor Vehicle in Transport,no,no,no,no,no,False
101324499,METROPOLITAN NASHVILLE POLICE DEPT,20160717341,Davidson,Nashville,8/9/2016 2:00:00 PM,1,0,0,36.171460,-86.598150,CENTRAL CT,,,,330.00,Feet,South,CENTRAL PKE,,,,0.00,N,Not at Intersection,N,OtherLocation,None,,,         ,Gregory,Lindstrom,Unknown,Unknown,no,no,no,yes,yes,False
101324500,METROPOLITAN NASHVILLE POLICE DEPT,20160717542,Davidson,Nashville,8/10/2016 12:59:00 PM,2,0,0,36.086640,-86.753820,TROUSDALE DR,,,,209.00,Feet,South,GRASSMERE PK,,,,0.00,N,Not at Intersection, ,Non-Junction,None,,,         ,Brent,Bauer,Cloudy,Angle,no,no,no,no,no,False
101324503,METROPOLITAN NASHVILLE POLICE DEPT,20160713798,Davidson,Nashville,8/9/2016 2:54:00 PM,1,1,0,36.240270,-86.780720,BRICK CHURCH PKE,,,,219.00,Feet,North,BRILEY PKWY W EXT RAMP,,,,0.00,N,Not at Intersection,N,Non-Junction,None,,,         ,Christopher,Littles,Cloudy,Not Collision with Motor Vehicle in Transport,no,no,no,no,no,False
101324551,METROPOLITAN NASHVILLE POLICE DEPT,2016-0717144,Davidson,Nashville,8/10/2016 12:00:00 PM,2,0,0,36.137080,-86.741080,FOSTER AV,,,,452.00,Feet,North,MURFREESBORO PKE,,,,0.00,N,Not at Intersection,N,Non-Junction,None,,,         ,William,Whitworth,Clear,"Sideswipe, Same Direction",no,no,no,no,yes,False
101324553,METROPOLITAN NASHVILLE POLICE DEPT,2016-0717477,Davidson,Nashville,8/10/2016 1:30:00 PM,2,0,0,0.000000,0.000000,ENT RAMP I24 E,RAMP,,,188.00,Feet,East,OLD HICKORY BLVD,BLVD,SR171,,0.00,N,Not at Intersection, ,Entrance/Exit Ramp Related,None,,,         ,William,Whitworth,Clear,Front to Rear,no,no,no,no,no,False
101324561,METROPOLITAN NASHVILLE POLICE DEPT,20160717680,Davidson,Nashville,8/10/2016 2:42:00 PM,2,0,0,36.145860,-86.764450,CHESTNUT ST,,,,90.00,Feet,East,2ND AVS,,,,0.00,N,Not at Intersection,N,Non-Junction,None,,,         ,Jarret,Sonnenberg,Clear,"Sideswipe, Same Direction",no,no,no,no,yes,False
101324562,METROPOLITAN NASHVILLE POLICE DEPT,20160717698,Davidson,Nashville,8/10/2016 2:42:00 PM,2,0,0,36.165760,-86.764430,I 24,,,,0.00,,,,,,,49.00,N,Not at Intersection, ,,None,,,         ,Joshua,Hausman,,,no,no,no,no,no,False
101324578,METROPOLITAN NASHVILLE POLICE DEPT,2016-0717547,Davidson,Nashville,8/10/2016 1:48:00 PM,2,0,0,36.146160,-86.870880,WESTBORO DR,,,,50.00,Feet,West,CHARLOTTE PKE,,,,0.00,N,Not at Intersection, ,Non-Junction,None,,,         ,Walter,Gray II,Cloudy,"Sideswipe, Same Direction",no,no,no,no,no,False
101324579,METROPOLITAN NASHVILLE POLICE DEPT,2016-0717656,Davidson,Nashville,8/10/2016 2:34:00 PM,2,0,0,36.125310,-86.847950,WHITE BRIDGE PKE,,,,150.00,Feet,North,HARDING PKE,,,,0.00,N,Not at Intersection,N,Non-Junction,None,,,         ,Walter,Gray II,Cloudy,Front to Rear,no,no,no,no,yes,False
101324583,METROPOLITAN NASHVILLE POLICE DEPT,20160717738,Davidson,Nashville,8/10/2016 2:51:00 PM,2,0,0,36.111450,-86.705910,GLENPARK DR,,,,265.00,Feet,South,DUNAILIE DR,,,,0.00,N,Not at Intersection,N,Non-Junction,None,,,         ,Jessie,Meadows,Clear,Rear to Side,no,no,no,yes,no,False
101324591,METROPOLITAN NASHVILLE POLICE DEPT,20160714002,Davidson,Nashville,8/9/2016 3:54:00 PM,2,0,0,36.123740,-86.747350,I 440,,,,0.00,,,,,,,6.50,N,Not at Intersection, ,Non-Junction,None,,,         ,David,Hughes,Clear,"Sideswipe, Same Direction",no,no,no,no,no,False
101324592,METROPOLITAN NASHVILLE POLICE DEPT,20160717829,Davidson,Nashville,8/10/2016 3:35:00 PM,1,1,0,36.072600,-86.717080,WALES DR,,,,291.00,Feet,West,HOPEDALE DR,,,,0.00,N,Not at Intersection,N,OtherLocation,None,,,         ,David,Hughes,Clear,Not Collision with Motor Vehicle in Transport,no,no,no,yes,no,False
101324594,METROPOLITAN NASHVILLE POLICE DEPT,20160717977,Davidson,Nashville,8/10/2016 3:30:00 PM,2,0,0,36.164860,-86.763510,I 24,,,,0.00,,,,,,,49.10,N,Not at Intersection,Y,Non-Junction,None,,,         ,Freddirico,Pye,Clear,"Sideswipe, Same Direction",no,no,no,no,yes,False
101324596,METROPOLITAN NASHVILLE POLICE DEPT,20160717747,Davidson,Nashville,8/10/2016 3:10:00 PM,2,0,0,36.161820,-86.793920,14TH AVN,,,,277.00,Feet,North,I40 E EXT RAMP,,,,0.00,N,Not at Intersection,N,Unknown,None,,,         ,Aimee,Ortiz,Cloudy,"Sideswipe, Same Direction",no,no,no,no,no,False
101324600,METROPOLITAN NASHVILLE POLICE DEPT,20160717931,Davidson,Nashville,8/10/2016 3:55:00 PM,2,0,0,36.241710,-86.675230,NEELYS BEND RD,,,,223.00,Feet,East,ALLEN PASS,,,,0.00,N,Not at Intersection,N,Non-Junction,None,,,         ,Christopher,Littles,Clear,"Sideswipe, Same Direction",no,no,no,yes,yes,False