master_record_number,agency,agency_tracking_number,county,city,collision_date,vehicles_involved,number_injured,number_dead,latitude,longitude,roadway_name,roadway_suffix,roadway_number,roadway_local_id,distance_from_reference,miles-feet_indicator,direction_from_reference,intersection_road_name,intersection_road_name_suffix,intersection_road_number,intersection_local_id,mile_marker,intersection_indicator,intersect_type,interchange_related_indicator,relation_to_junction,work_zone_type,construction_maintenance_zone,construction_maintenance_zone_location,fatal_case_number,officer_first_name,officer_last_name,weather_condition(s),manner_of_crash,pedestrian,bicycle,scooter,parking,hitrun,mou
101326257,VANDERBILT UNIVERSITY POLICE,16-0725429,Davidson,Nashville,8/12/2016 3:59:00 PM,2,0,0,36.140990,-86.807620,25TH AVS,,,,0.00,,,,,,,0.00,,, ,Non-Junction,None,,,         ,Christopher,Dion,Clear,Front to Rear,no,no,no,yes,no,Campus
101326258,METROPOLITAN NASHVILLE POLICE DEPT,20160725517,Davidson,Nashville,8/12/2016 12:00:00 AM,2,0,0,36.125510,-86.805430,21ST AVS,,,,90.00,Feet,North,ENCLAVE AT HILLSBORO VILLAGE P,,,,0.00,N,Not at Intersection,N,Non-Junction,None,,,         ,Jose,Salazar,Clear,Front to Rear,no,no,no,no,no,False
101326268,METROPOLITAN NASHVILLE POLICE DEPT,20160718568,Davidson,Not in City Limit,8/10/2016 7:03:00 PM,2,1,0,36.263070,-86.711920,GALLATIN PKEN,,,,0.00,,,STATE RT 45,,,,0.00,Y,Four-Way,Y,Intersection-Related,None,,,         ,Samuel,Miller,Clear,Front to Rear,no,no,no,no,yes,False
101326270,METROPOLITAN NASHVILLE POLICE DEPT,20160725353,Davidson,Nashville,8/12/2016 4:03:00 PM,3,2,0,36.080340,-86.719680,HARDING PL,,,,518.00,Feet,West,JONQUIL DR,,,,0.00,N,Not at Intersection,N,Non-Junction,None,,,         ,David,Hughes,Clear,Front to Rear,no,no,no,no,no,False
101326271,METROPOLITAN NASHVILLE POLICE DEPT,20160725591,Davidson,Nashville,8/12/2016 5:00:00 PM,2,0,0,36.132250,-86.726750,I 24,,,,0.00,,,,,,,52.00,N,Not at Intersection,N,Non-Junction,None,,,         ,Marcus,Darden,Clear,Front to Rear,no,no,no,no,no,False
101326273,METROPOLITAN NASHVILLE POLICE DEPT,20160725677,Davidson,Not in City Limit,8/12/2016 5:15:00 PM,2,0,0,36.256870,-86.786790,I 24,,,,0.00,,,,,,,42.10,N,Not at Intersection, ,Non-Junction,None,,,         ,Derrick,Toney,Cloudy,Front to Rear,no,no,no,no,no,False
101326275,METROPOLITAN NASHVILLE POLICE DEPT,20160725522,Davidson,Not in City Limit,8/12/2016 4:57:00 PM,2,1,0,36.302320,-86.812340,I 24,,,,0.00,,,,,,,38.65,N,Not at Intersection,N,Non-Junction,None,,,         ,Bradley,Campbell,Clear,Front to Rear,no,no,no,no,no,False
101326276,METROPOLITAN NASHVILLE POLICE DEPT,20160725559,Davidson,Nashville,8/12/2016 5:10:00 PM,2,1,0,36.106410,-86.673550,MURFREESBORO PKE,,,,162.00,Feet,West,DONELSON PKE,,,,0.00,N,Not at Intersection,N,Non-Junction,None,,,         ,Steven,Frazier Jr.,Clear,Front to Rear,no,no,no,no,no,False
101326278,METROPOLITAN NASHVILLE POLICE DEPT,20160725605,Davidson,Nashville,8/12/2016 5:27:00 PM,3,1,0,36.154020,-86.757500,I 40,,,,0.00,,,,,,,211.10,N,Not at Intersection,N,Non-Junction,None,,,         ,Mikala,Moore,Clear,Front to Rear,no,no,no,no,no,False
101326279,METROPOLITAN NASHVILLE POLICE DEPT,20160714068,Davidson,Not in City Limit,8/9/2016 4:19:00 PM,2,0,0,36.270210,-86.736410,I 65,,,,0.00,,,,,,,92.65,N,Not at Intersection,N,Non-Junction,None,,,         ,Samuel,Miller,Cloudy,Front to Rear,no,no,no,no,yes,False
101326293,METROPOLITAN NASHVILLE POLICE DEPT,20160725703,Davidson,Nashville,8/12/2016 6:12:00 PM,2,0,0,36.120720,-86.727060,I 24,,,,0.00,,,,,,,52.85,N,Not at Intersection, ,Non-Junction,None,,,         ,Jarret,Sonnenberg,Clear,"Sideswipe, Same Direction",no,no,no,no,no,False
101326299,METROPOLITAN NASHVILLE POLICE DEPT,20160725695,Davidson,Nashville,8/12/2016 6:08:00 PM,2,1,0,36.057620,-86.716010,NOLENSVILLE PKE,,,,531.00,Feet,South,TUSCULUM RD,,,,0.00,N,Not at Intersection,N,Non-Junction,None,,,         ,David,Hughes,Clear,Front to Rear,no,no,no,no,yes,False
101326302,METROPOLITAN NASHVILLE POLICE DEPT,20160725671,Davidson,Nashville,8/12/2016 5:59:00 PM,2,0,0,36.137860,-86.820640,WEST END AV,,,,0.00,Feet,East,I440 W EXT RAMP,,,,0.00,N,Not at Intersection, ,Non-Junction,None,,,         ,Jose,Salazar,Clear,"Sideswipe, Same Direction",no,no,no,no,no,False
101326313,METROPOLITAN NASHVILLE POLICE DEPT,20160725622,Davidson,Goodlettsville,8/12/2016 5:18:00 PM,2,1,0,36.286820,-86.692960,MYATT DR,,,,345.00,Feet,South,EDENWOLD RD CNCTR,,,,0.00,N,Not at Intersection,N,Non-Junction,None,,,         ,Harold,Willmore IV,Clear,Front to Rear,no,no,no,no,no,False
101326314,METROPOLITAN NASHVILLE POLICE DEPT,20160722100,Davidson,Nashville,8/11/2016 5:48:00 PM,2,0,0,36.086400,-86.698660,I24 W EXT RAMP,,,,0.00,,,I 24,,,,0.00,Y,T-Intersection,N,Entrance/Exit Ramp Related,None,,,         ,David,Hughes,Clear,Front to Rear,no,no,no,no,no,False
101326315,METROPOLITAN NASHVILLE POLICE DEPT,20160714255,Davidson,Nashville,8/9/2016 5:02:00 PM,2,0,0,36.245800,-86.721690,GALLATIN PKES,,,,350.00,Feet,South,BERKLEY DR,,,,0.00,N,Not at Intersection, ,Non-Junction,None,,,         ,Samuel,Miller,Cloudy,Angle,no,no,no,no,no,False
101326321,METROPOLITAN NASHVILLE POLICE DEPT,20160725729,Davidson,Nashville,8/12/2016 6:21:00 PM,1,1,0,0.000000,0.000000,600 WHISPERING HILLS,RD,,600,500.00,Feet,West,600 WHISPERING HILLS DR,,,,0.00,N,Not at Intersection,N,Non-Junction,None,,,         ,David,Collins,Clear,Not Collision with Motor Vehicle in Transport,yes,no,no,yes,no,False
101326331,METROPOLITAN NASHVILLE POLICE DEPT,20160726046,Davidson,Nashville,8/12/2016 6:55:00 PM,2,0,0,36.151520,-86.852360,CHARLOTTE AV,,,,80.00,Feet,West,MORROW RD,,,,0.00,N,Not at Intersection, ,Non-Junction,None,,,         ,Mark,Hatt,Clear,"Sideswipe, Same Direction",no,no,no,no,no,False
101326337,METROPOLITAN NASHVILLE POLICE DEPT,20160714389,Davidson,Nashville,8/9/2016 6:31:00 PM,2,0,0,36.239810,-86.774660,BRILEY PKWYW,,,,265.00,Feet,South,AUSTIN LN,,,,0.00,N,Not at Intersection,N,Non-Junction,None,,,         ,Samuel,Miller,Rain,"Sideswipe, Same Direction",no,no,no,no,yes,False
101326341,METROPOLITAN NASHVILLE POLICE DEPT,20160725807,Davidson,Not in City Limit,8/12/2016 6:45:00 PM,2,1,0,36.332780,-86.904110,I 24,,,,0.00,,,,,,,32.80,N,Not at Intersection,N,Non-Junction,None,,,         ,Daniel,Wadham,Clear,Front to Rear,no,no,no,no,no,False
101326344,METROPOLITAN NASHVILLE POLICE DEPT,20160725418,Davidson,Nashville,8/12/2016 4:23:00 PM,5,2,0,36.132790,-86.696150,BRILEY PKWYN,,,,589.00,Feet,North,BRILEY PKWY N ENT RAMP,,,,0.00,N,Not at Intersection,N,Non-Junction,None,,,         ,Jaby,Djabbarov,Clear,Front to Rear,no,no,no,no,no,False
101326353,Nashville Airport Police,2016-02313,Davidson,Nashville,8/12/2016 8:12:00 PM,2,0,0,0.000000,0.000000,SATELLITE WAY,WAY,,,0.00,,,SATELLITE WAY,WAY,,,0.00,Y,Four-Way, ,Non-Junction,None,,,         ,Gary,Polk,Clear,Front to Rear,no,no,no,yes,no,False
101326357,METROPOLITAN NASHVILLE POLICE DEPT,2016725500,Davidson,Nashville,8/12/2016 4:42:00 PM,2,0,0,36.154890,-86.779150,8TH AVS,,,,0.00,,,KOREAN VETERANS BLVD,,,,0.00,Y,Roundabout, ,Intersection,None,,,         ,Jacob,Paul,Clear,"Sideswipe, Same Direction",no,no,no,no,no,False
101326358,METROPOLITAN NASHVILLE POLICE DEPT,20160725505,Davidson,Nashville,8/12/2016 4:45:00 PM,2,0,0,36.168350,-86.796360,I 40,,,,0.00,,,,,,,208.15,N,Not at Intersection, ,Non-Junction,None,,,         ,Andy,Esqueda,Cloudy,Front to Rear,no,no,no,no,no,False
101326359,METROPOLITAN NASHVILLE POLICE DEPT,20160726109,Davidson,Not in City Limit,8/12/2016 9:26:00 PM,2,0,0,35.997150,-86.690280,NOLENSVILLE PKE,,,,150.00,Feet,West,CONCORD RD,,,,0.00,N,Not at Intersection, ,Non-Junction,None,,,         ,Charles,Griffin,Clear,Front to Rear,no,no,no,no,no,False
101326372,METROPOLITAN NASHVILLE POLICE DEPT,20160725616,Davidson,Not in City Limit,8/12/2016 5:31:00 PM,2,1,0,36.281060,-86.732540,I 65,,,,0.00,,,,,,,93.45,N,Not at Intersection,N,Non-Junction,None,,,         ,Samuel,Miller,Clear,Front to Rear,no,no,no,no,no,False
101326374,METROPOLITAN NASHVILLE POLICE DEPT,20160725828,Davidson,Nashville,8/12/2016 6:15:00 PM,2,0,0,36.112250,-86.721790,EAST THOMPSON LN,,,,345.00,Feet,West,GLENCLIFF RD,,,,0.00,N,Not at Intersection, ,Non-Junction,None,,,         ,Alyson,Cook,Clear,Front to Rear,no,no,no,no,yes,False
101326375,METROPOLITAN NASHVILLE POLICE DEPT,20160721934,Davidson,Nashville,8/11/2016 5:00:00 PM,2,0,0,36.159210,-86.784970,10TH AVN,,,,0.00,,,COMMERCE ST,,,,0.00,Y,T-Intersection, ,Intersection,None,,,         ,Kendra,Cowper,Clear,Angle,no,no,no,no,no,False
101326376,METROPOLITAN NASHVILLE POLICE DEPT,2016-0725722,Davidson,Nashville,8/12/2016 6:10:00 PM,2,0,0,36.161300,-86.784520,9TH AVN,,,,0.00,,,CHURCH ST,,,,0.00,Y,Four-Way, ,Non-Junction,None,,,         ,Kendra,Cowper,Clear,Front to Rear,no,no,no,no,no,False
101326377,METROPOLITAN NASHVILLE POLICE DEPT,2016-0726042,Davidson,Nashville,8/12/2016 8:00:00 PM,2,0,0,36.167150,-86.779610,3RD AVN,,,,0.00,,,JAMES ROBERTSON PKWY,,,,0.00,Y,OTHER, ,Non-Junction,None,,,         ,Kendra,Cowper,Clear,"Sideswipe, Same Direction",no,no,no,no,no,False
101326381,METROPOLITAN NASHVILLE POLICE DEPT,2016-0722014,Davidson,Nashville,8/11/2016 12:00:00 AM,2,0,0,36.164920,-86.778180,3RD AVN,,,,0.00,,,BANKERS ALY,,,,0.00,Y,T-Intersection, ,Non-Junction,None,,,         ,Kendra,Cowper,Clear,Front to Rear,no,no,no,no,no,False
101326387,METROPOLITAN NASHVILLE POLICE DEPT,20160726043,Davidson,Nashville,8/12/2016 7:30:00 PM,2,0,0,36.150620,-86.665770,ALLEN RD,,,,235.00,Feet,East,DONELSON PKE,,,,0.00,N,Not at Intersection, ,,None,,,         ,Bradley,McIntyre,,,no,no,no,no,no,False
101326451,METROPOLITAN NASHVILLE POLICE DEPT,20160714427,Davidson,Nashville,8/9/2016 6:45:00 PM,2,1,0,36.078860,-86.728500,HARDING PL,,,,701.00,Feet,West,NOLENSVILLE PKE,,,,0.00,N,Not at Intersection,N,Non-Junction,None,,,         ,David,Hughes,Clear,Angle,no,no,no,no,no,False
101326455,METROPOLITAN NASHVILLE POLICE DEPT,20160726349,Davidson,Nashville,8/12/2016 9:52:00 PM,2,0,0,36.155650,-86.789720,BROADWAY,,,,0.00,,,14TH AVN,,,,0.00,Y,Four-Way, ,Intersection,None,,,         ,Charles,Griffin,Clear,Angle,no,no,no,no,no,False
101326464,METROPOLITAN NASHVILLE POLICE DEPT,20160726441,Davidson,Nashville,8/12/2016 6:45:00 PM,2,0,0,36.173320,-86.602080,OLD HICKORY BLVD,,,,100.00,Feet,South,CENTRAL PKE,,,,0.00,N,Not at Intersection, ,Non-Junction,None,,,         ,Justin,Franklin,Unknown,Angle,no,no,no,no,yes,False
101326468,METROPOLITAN NASHVILLE POLICE DEPT,20160725837,Davidson,Nashville,8/12/2016 6:45:00 PM,2,0,0,36.096770,-86.654560,OLD MURFREESBORO PKE,,,,0.00,,,SMITH SPRINGS RD,,,,0.00,Y,Y-Intersection,N,Intersection-Related,None,,,         ,Nakia,Reid,Clear,"Sideswipe, Same Direction",no,no,no,no,yes,False
101326477,METROPOLITAN NASHVILLE POLICE DEPT,20160726437,Davidson,Not in City Limit,8/12/2016 12:00:00 AM,2,0,0,36.031050,-86.994640,HIGHWAY 100,,,,843.00,Feet,East,OLD HARDING PKE,,,,0.00,N,Not at Intersection,N,Non-Junction,None,,,         ,Jeffrey,Barfield,Clear,Not Collision with Motor Vehicle in Transport,no,no,no,no,no,False
101326492,METROPOLITAN NASHVILLE POLICE DEPT,2016-0726239,Davidson,Nashville,8/12/2016 9:11:00 PM,2,2,0,36.158250,-86.778320,DEMONBREUN ST,,,,0.00,,,,,,,0.00,,,N,Non-Junction,None,,,         ,Austin,Bass,Clear,Angle,no,no,no,yes,no,False
101326500,METROPOLITAN NASHVILLE POLICE DEPT,20160726741,Davidson,Nashville,8/13/2016 12:28:00 AM,2,0,0,36.147440,-86.808490,25TH AVN,,,,0.00,,,ELLISTON PL,,,,0.00,Y,Four-Way, ,Intersection,None,,,         ,Ryan,Worstall,Clear,Front to Rear,no,no,no,no,no,Campus
101326503,THP District 3 - Nashville,316044074,Davidson,Joelton,8/9/2016 12:54:00 AM,2,0,0,36.379190,-86.908610,COOPERTOWN RD,,,,735.00,Feet,West,DEER RUN,,,,0.00,N,Not at Intersection,N,Non-Junction,None,,,         ,Ron,Crockarell,Clear,Front to Rear,no,no,no,yes,no,False
101326507,METROPOLITAN NASHVILLE POLICE DEPT,20160723738,Davidson,Nashville,8/12/2016 5:44:00 AM,1,3,0,36.081320,-86.701380,LINBAR DR,,,,251.00,Feet,South,WALLACE RD,,,,0.00,N,Not at Intersection,N,Non-Junction,None,,,         ,Justin,McCormick,Clear,Not Collision with Motor Vehicle in Transport,yes,no,no,no,no,False
101326508,METROPOLITAN NASHVILLE POLICE DEPT,20160726548,Davidson,Nashville,8/12/2016 12:00:00 AM,2,2,0,36.092440,-86.735770,NOLENSVILLE PKE,,,,343.00,Feet,South,MCNALLY DR,,,,0.00,N,Not at Intersection,N,Non-Junction,None,,,         ,Douglas,Sykes,Clear,Front to Rear,no,no,no,no,no,False
101326518,METROPOLITAN NASHVILLE POLICE DEPT,20160726524,Davidson,Nashville,8/12/2016 10:23:00 PM,1,0,0,36.074980,-86.711470,FAULKNER DR,,,,483.00,Feet,North,LEOPOLE RD,,,,0.00,N,Not at Intersection, ,,None,,,         ,Justin,McCormick,,,no,no,no,no,no,False
101326533,METROPOLITAN NASHVILLE POLICE DEPT,20160726895,Davidson,Nashville,8/13/2016 1:35:00 AM,1,0,0,36.173570,-86.578900,CENTRAL PKE,,,,893.00,Feet,East,N NEW HOPE RD,,,,0.00,N,Not at Intersection,N,Non-Junction,None,,,         ,Justin,Franklin,Clear,Not Collision with Motor Vehicle in Transport,no,no,no,no,no,False
101326535,METROPOLITAN NASHVILLE POLICE DEPT,20160726595,Davidson,Nashville,8/12/2016 10:45:00 PM,2,0,0,36.172490,-86.794530,JEFFERSON ST,,,,85.00,Feet,East,10TH AVN,,,,0.00,N,Not at Intersection,N,Non-Junction,None,,,         ,Joshua,Green,Clear,Front to Rear,no,no,no,no,yes,False
101326536,METROPOLITAN NASHVILLE POLICE DEPT,20160727055,Davidson,Not in City Limit,8/13/2016 3:17:00 AM,1,0,0,36.048850,-86.952780,OLD HARDING PKE,,,,128.00,Feet,West,TEMPLE RD,,,,0.00,N,Not at Intersection,N,Non-Junction,None,,,         ,Albert,Wilson,Clear,Not Collision with Motor Vehicle in Transport,no,no,no,no,no,False
101326537,METROPOLITAN NASHVILLE POLICE DEPT,20160726794,Davidson,Nashville,8/13/2016 12:50:00 AM,2,0,0,36.152950,-86.789760,DEMONBREUN ST,,,,457.00,Feet,West,MUSIC CIRE,,,,0.00,N,Not at Intersection, ,Non-Junction,None,,,         ,Stephen,Waterman,Clear,Angle,no,no,no,no,no,False
101326544,METROPOLITAN NASHVILLE POLICE DEPT,2016-0727058,Davidson,Nashville,8/13/2016 12:00:00 AM,2,0,0,36.161890,-86.775170,2ND AVS,,,,0.00,,,2ND AVN,,,,0.00,Y,Four-Way,N,Intersection,None,,,         ,Kevin,Ott,Clear,Front to Rear,no,no,no,no,yes,False
101326545,METROPOLITAN NASHVILLE POLICE DEPT,20160726484,Davidson,Nashville,8/12/2016 11:02:00 PM,2,1,0,36.065070,-86.685810,APACHE TRL,,,,0.00,,,PACKARD DR,,,,0.00,Y,T-Intersection,Y,Intersection-Related,None,,,         ,Justin,McCormick,Clear,"Sideswipe, Same Direction",no,no,no,no,yes,False
101326547,METROPOLITAN NASHVILLE POLICE DEPT,20160727050,Davidson,Nashville,8/13/2016 12:00:00 AM,2,0,0,36.121600,-86.727460,I24 E ENT RAMP,,,,0.00,Feet,East,I 24,,,,0.00,N,Not at Intersection,N,Entrance/Exit Ramp Related,None,,,         ,Brian,Mclarty,Clear,Front to Rear,no,no,no,no,no,False
101326556,METROPOLITAN NASHVILLE POLICE DEPT,20160727045,Davidson,Not in City Limit,8/13/2016 1:55:00 AM,2,0,0,36.001750,-86.692630,CONCORD HILLS DR,,,,97.00,Feet,South,OAK KNOLL DR,,,,0.00,N,Not at Intersection,N,Non-Junction,None,,,         ,Sandra,Fly,Clear,"Sideswipe, Same Direction",no,no,no,no,yes,False
101326593,METROPOLITAN NASHVILLE POLICE DEPT,2016-0727378,Davidson,Nashville,8/13/2016 7:15:00 AM,1,0,0,36.142070,-86.800130,21ST AVS,,,,262.00,Feet,South,MEDICAL CENTER DR,,,,0.00,N,Not at Intersection, ,Non-Junction,None,,,         ,David,Anderson,Cloudy,Not Collision with Motor Vehicle in Transport,no,no,no,no,no,Campus
101326601,VANDERBILT UNIVERSITY POLICE,16-0724711,Davidson,Nashville,8/12/2016 11:45:00 AM,2,0,0,36.110630,-86.766010,POWELL AV,,,,373.00,Feet,East,OLD POWELL AV,,,,0.00,N,Not at Intersection, ,Non-Junction,None,,,         ,Roger,Tidwell,Clear,Rear to Side,no,no,no,yes,no,OHO
101326609,METROPOLITAN NASHVILLE POLICE DEPT,20160727337,Davidson,Nashville,8/13/2016 6:55:00 AM,1,1,0,36.151800,-86.771250,LAFAYETTE ST,,,,0.00,,,4TH AVS,,,,0.00,Y,Four-Way,N,Intersection,None,,,         ,Timothy,Powell,Clear,Not Collision with Motor Vehicle in Transport,yes,no,no,no,yes,False
101326611,METROPOLITAN NASHVILLE POLICE DEPT,2016-0727344,Davidson,Nashville,8/13/2016 6:45:00 AM,2,0,0,36.089030,-86.614070,SMITH SPRINGS RD,,,,0.00,,,CLEARLAKE DRW,,,,0.00,Y,T-Intersection,N,Intersection,None,,,         ,Scott,Toney,Cloudy,Angle,no,no,no,no,yes,False
101326624,METROPOLITAN NASHVILLE POLICE DEPT,20160727451,Davidson,Nashville,8/13/2016 8:13:00 AM,2,1,0,36.082100,-86.761700,HARDING PL,,,,0.00,,,SIDCO DR,,,,0.00,Y,Four-Way,N,Intersection,None,,,         ,Brent,Bauer,Cloudy,Angle,no,no,no,no,no,False
101326629,METROPOLITAN NASHVILLE POLICE DEPT,20160727470,Davidson,Nashville,8/13/2016 9:07:00 AM,2,0,0,36.201870,-86.849050,ASHLAND CITY HWY,,,,0.00,,,JORDAN DR,,,,0.00,Y,T-Intersection, ,Non-Junction,None,,,         ,John,Tyree,Cloudy,Front to Rear,no,no,no,no,no,False
101326632,METROPOLITAN NASHVILLE POLICE DEPT,20160727477,Davidson,Nashville,8/13/2016 8:24:00 AM,2,0,0,36.077150,-86.737500,HARDING PL,,,,257.00,Feet,West,SHADESCREST DR,,,,0.00,N,Not at Intersection, ,"Driveway, Alley Access, etc",None,,,         ,Ronald,Raynore,Clear,Angle,no,no,no,no,no,False
101326660,METROPOLITAN NASHVILLE POLICE DEPT,20160727512,Davidson,Nashville,8/13/2016 12:00:00 AM,2,0,0,36.173260,-86.601530,CENTRAL PKE,,,,218.00,Feet,East,OLD HICKORY BLVD,,,,0.00,N,Not at Intersection, ,,None,,,         ,Michael,Dance,,,no,no,no,no,no,False
101326671,METROPOLITAN NASHVILLE POLICE DEPT,20160727493,Davidson,Nashville,8/13/2016 8:44:00 AM,2,1,0,36.184730,-86.834500,HYDES FERRY RD,,,,49.00,Feet,North,HORNBUCKLE LN,,,,0.00,N,Not at Intersection,N,Non-Junction,None,,,         ,Brandon,Evans,Cloudy,Front to Rear,no,no,no,no,no,False
101326679,METROPOLITAN NASHVILLE POLICE DEPT,20160723999,Davidson,Madison,8/12/2016 8:06:00 AM,2,1,0,0.000000,0.000000,BRICK CHURCH PIKE,,US31,,0.00,,,,,US,,0.00,Y,T-Intersection,N,Intersection,None,,,         ,Faye,Denson,Clear,Front to Rear,no,no,no,no,yes,False
101326694,METROPOLITAN NASHVILLE POLICE DEPT,20160725067,Davidson,Nashville,8/12/2016 1:49:00 PM,3,0,0,36.131690,-86.778950,8TH AVS,,,,0.00,,,,,,,0.00,,, ,Non-Junction,None,,,         ,Nathan,Smith,Clear,Not Collision with Motor Vehicle in Transport,no,no,no,no,no,False
101326716,METROPOLITAN NASHVILLE POLICE DEPT,2016-0709113,Davidson,Goodlettsville,8/8/2016 7:20:00 AM,2,0,0,36.301900,-86.694500,RIVERGATE MALL PVTDR,,,,326.00,Feet,West,GALLATIN PKEN,,,,0.00,N,Not at Intersection, ,Non-Junction,None,,,         ,Terrence,Bradley,Clear,Front to Rear,no,no,no,no,no,False
101326719,METROPOLITAN NASHVILLE POLICE DEPT,20160727637,Davidson,Antioch,8/13/2016 10:02:00 AM,2,0,0,0.000000,0.000000,SUMMERCREST,BLVD,,,0.00,,,PINEORCHARD,PL,,,0.00,Y,Four-Way, ,Intersection,None,,,         ,Robert,Erickson,Cloudy,"Sideswipe, Same Direction",no,no,no,no,no,False
101326722,GOODLETTSVILLE POLICE DEPT,16-28365,Davidson,Goodlettsville,8/13/2016 9:20:00 AM,2,0,0,36.310323,-86.704836,,,I65,,0.00,,,RIVERGATE,PKWY,,,0.00,Y,T-Intersection,N,Entrance/Exit Ramp Related,None,,,         ,Charles,Hauskin,Cloudy,Front to Rear,no,no,no,no,no,False
101326736,METROPOLITAN NASHVILLE POLICE DEPT,20160727807,Davidson,Nashville,8/13/2016 11:34:00 AM,2,0,0,36.141720,-86.778670,CHESTNUT ST,,,,0.00,,,8TH AVS,,,,0.00,Y,Four-Way, ,,None,,,         ,Ronald,Raynore,,,no,no,no,no,no,False
101326747,METROPOLITAN NASHVILLE POLICE DEPT,20160727724,Davidson,Nashville,8/13/2016 10:41:00 AM,2,0,0,36.086690,-86.698800,I24 W ENT RAMP,,,,0.00,,,HARDING PL,,,,0.00,Y,OTHER,Y,Entrance/Exit Ramp Related,None,,,         ,David,Simmonds,Cloudy,Not Collision with Motor Vehicle in Transport,no,no,no,no,yes,False
101326762,METROPOLITAN NASHVILLE POLICE DEPT,20160727869,Davidson,Nashville,8/13/2016 12:16:00 PM,2,0,0,36.193660,-86.831220,CLARKSVILLE PKE,,,,0.00,,,BUENA VISTA PKE,,,,0.00,Y,Four-Way, ,,None,,,         ,John,Tyree,,,no,no,no,no,no,False
101326764,METROPOLITAN NASHVILLE POLICE DEPT,20160727602,Davidson,Not in City Limit,8/13/2016 9:49:00 AM,1,0,0,36.362360,-86.871860,JACKMAN RD,,,,0.00,,,JACKMAN RD PVTDR,,,,0.00,Y,OTHER,N,Non-Junction,None,,,         ,James,Wray,Cloudy,Not Collision with Motor Vehicle in Transport,no,no,no,no,no,False
101326766,GOODLETTSVILLE POLICE DEPT,16-28379,Davidson,Goodlettsville,8/13/2016 1:00:00 PM,2,0,0,36.304160,-86.702420,RIVERGATE PKWY,,,,22.00,Feet,South,RIVERGATE MALL PVTDR,,,,0.00,N,Not at Intersection, ,Non-Junction,None,,,         ,Jeremy,Baker,Cloudy,Front to Rear,no,no,no,no,no,False
101326769,METROPOLITAN NASHVILLE POLICE DEPT,20160727929,Davidson,Nashville,8/13/2016 1:00:00 PM,2,0,0,36.161060,-86.793000,CHARRLOTTE AVE,,,,0.00,,,CHARLOTTE,,,,0.00,Y,Four-Way,N,Intersection,None,,,         ,Daniel,Russett,Clear,Angle,no,no,no,no,yes,False
101326770,METROPOLITAN NASHVILLE POLICE DEPT,20160727854,Davidson,Nashville,8/13/2016 12:00:00 PM,2,0,0,36.135800,-86.725040,MURFREESBORO PKE,,,,0.00,,,SPENCE LN,,,,0.00,Y,Four-Way, ,Intersection,None,,,         ,Johnathan,Carlisle,Cloudy,Angle,no,no,no,no,no,False
101326784,METROPOLITAN NASHVILLE POLICE DEPT,20160727741,Davidson,Nashville,8/13/2016 10:58:00 AM,3,1,0,36.039880,-86.781070,OLD HICKORY BLVD,,,,48.00,Feet,West,I65 N EXT RAMP,,,,0.00,N,Not at Intersection,N,Non-Junction,None,,,         ,Brent,Bauer,Cloudy,Front to Rear,no,no,no,no,no,False
101326786,METROPOLITAN NASHVILLE POLICE DEPT,2016-0710087,Davidson,Goodlettsville,8/8/2016 1:00:00 PM,1,1,0,36.295130,-86.700750,GALLATIN PKEN,,,,95.00,Feet,North,RIVERGATE STATION PVTDR,,,,0.00,N,Not at Intersection,N,OtherLocation,None,,,         ,Terrence,Bradley,Clear,Not Collision with Motor Vehicle in Transport,yes,no,no,no,no,False
101326791,METROPOLITAN NASHVILLE POLICE DEPT,20160727941,Davidson,Nashville,8/13/2016 12:14:00 PM,2,0,0,36.068700,-86.683460,ANTIOCH PKE,,,,189.00,Feet,South,RICHARDS RD,,,,0.00,N,Not at Intersection, ,Non-Junction,None,,,         ,Thomas,White,Clear,"Sideswipe, Opposite Direction",no,no,no,yes,no,False
101326793,METROPOLITAN NASHVILLE POLICE DEPT,20160725959,Davidson,Nashville,8/12/2016 7:46:00 PM,2,0,0,36.135320,-86.823530,WEST END AV,,,,7.00,Feet,East,I440 WEST END AV ENT RAMP,,,,0.00,N,Not at Intersection,N,Non-Junction,None,,,         ,Ethan,Usherwood,Clear,Front to Rear,no,no,no,no,yes,False
101326795,METROPOLITAN NASHVILLE POLICE DEPT,20160727915,Davidson,Nashville,8/13/2016 12:00:00 AM,2,0,0,0.000000,0.000000,BRANTLEY,DR,US2973,,100.00,Feet,North,CHERRY HILLS,DR,,,0.00,N,Not at Intersection,N,Non-Junction,None,,,         ,Gregory,Lindstrom,Clear,Unknown,no,no,no,no,yes,False
101326796,METROPOLITAN NASHVILLE POLICE DEPT,20160727946,Davidson,Not in City Limit,8/13/2016 1:15:00 PM,2,0,0,36.108240,-86.924920,ROCKY LN,,,,762.00,Feet,West,OLD HICKORY BLVD,,,,0.00,N,Not at Intersection, ,Non-Junction,None,,,         ,Wesley,Tilley,Clear,Rear to Side,no,no,no,yes,yes,False
101326814,METROPOLITAN NASHVILLE POLICE DEPT,20160727539,Davidson,Nashville,8/13/2016 12:00:00 AM,1,0,0,36.171840,-86.801050,14TH AVN,,,,0.00,,,SCOVEL ST,,,,0.00,Y,OTHER,N,"Driveway, Alley Access, etc",None,,,         ,James,Jarvis,Unknown,Not Collision with Motor Vehicle in Transport,no,no,no,yes,yes,False