master_record_number,agency,agency_tracking_number,county,city,collision_date,vehicles_involved,number_injured,number_dead,latitude,longitude,roadway_name,roadway_suffix,roadway_number,roadway_local_id,distance_from_reference,miles-feet_indicator,direction_from_reference,intersection_road_name,intersection_road_name_suffix,intersection_road_number,intersection_local_id,mile_marker,intersection_indicator,intersect_type,interchange_related_indicator,relation_to_junction,work_zone_type,construction_maintenance_zone,construction_maintenance_zone_location,fatal_case_number,officer_first_name,officer_last_name,weather_condition(s),manner_of_crash,pedestrian,bicycle,scooter,parking,hitrun,mou
101326818,VANDERBILT UNIVERSITY POLICE,16-0727954,Davidson,Nashville,8/13/2016 1:12:00 PM,2,0,0,36.109770,-86.764540,POWELL AV,,,,0.00,,,,,,,0.00,,, ,Non-Junction,None,,,         ,Roger,Tidwell,Clear,Rear to Side,no,no,no,yes,yes,OHO
101326820,METROPOLITAN NASHVILLE POLICE DEPT,20160727986,Davidson,Nashville,8/13/2016 1:40:00 PM,2,0,0,36.094460,-86.758310,SIDCO DR,,,,63.00,Feet,North,POWELL AV,,,,0.00,N,Not at Intersection, ,Non-Junction,None,,,         ,Brent,Bauer,Cloudy,Front to Rear,no,no,no,no,no,False
101326845,METROPOLITAN NASHVILLE POLICE DEPT,20160727758,Davidson,Nashville,8/13/2016 11:16:00 AM,2,2,0,36.204610,-86.749140,E TRINITY LN,,,,161.00,Feet,East,ELLINGTON PKWY N ENT RAMP,,,,0.00,N,Not at Intersection,N,Non-Junction,None,,,         ,Jared,Eaves,Cloudy,Front to Rear,no,no,no,no,no,False
101326885,METROPOLITAN NASHVILLE POLICE DEPT,20160705670,Davidson,Nashville,8/6/2016 7:30:00 PM,2,0,0,36.173590,-86.602150,CENTRAL PKE,,,,0.00,,,OLD HICKORY BLVD,,,,0.00,Y,Four-Way, ,Intersection,None,,,         ,Alex,Lampley,Clear,Angle,no,no,no,no,no,False
101326894,METROPOLITAN NASHVILLE POLICE DEPT,20160727784,Davidson,Nashville,8/13/2016 11:14:00 AM,2,0,0,36.081320,-86.726870,NOLENSVILLE PKE,,,,482.00,Feet,South,WELSHWOOD DR,,,,0.00,N,Not at Intersection, ,Non-Junction,None,,,         ,Kevin,Caperton,Clear,Front to Rear,no,no,no,no,no,False
101326913,METROPOLITAN NASHVILLE POLICE DEPT,20160728214,Davidson,Nashville,8/13/2016 3:50:00 PM,2,2,0,36.046680,-86.725060,AMALIE DR,,,,0.00,,,HUNTINGTON PKWY,,,,0.00,Y,Four-Way,N,Intersection,None,,,         ,Charles,Griffin,Clear,Angle,no,no,no,no,no,False
101326919,METROPOLITAN NASHVILLE POLICE DEPT,20160728198,Davidson,Nashville,8/13/2016 3:15:00 PM,2,0,0,36.151700,-86.752020,I 40,,,,0.00,,,,,,,211.45,N,Not at Intersection, ,,None,,,         ,John,Kelley,,,no,no,no,no,no,False
101326939,METROPOLITAN NASHVILLE POLICE DEPT,20160728083,Davidson,Nashville,8/13/2016 2:31:00 PM,2,0,0,36.074620,-86.638340,RURAL HILL RD,,,,102.00,Feet,East,MURFREESBORO PKE,,,,0.00,N,Not at Intersection,N,Non-Junction,None,,,         ,Patrick,Taylor,Clear,Rear to Rear,no,no,no,yes,yes,False
101326945,BERRY HILL POLICE DEPT,16-2888,Davidson,Nashville,8/13/2016 12:00:00 AM,2,0,0,36.128880,-86.776590,BRADFORD AV,,,,0.00,,,GRANTLAND AV,,,,0.00,Y,T-Intersection,N,Intersection-Related,None,,,         ,Roy,Morris,Clear,"Sideswipe, Same Direction",no,no,no,no,yes,False
101326947,METROPOLITAN NASHVILLE POLICE DEPT,2016-0726477,Davidson,Nashville,8/12/2016 9:10:00 PM,1,0,0,36.159850,-86.643360,STEWARTS FERRY PKE,,,,0.00,,,HICKORY HILL CT,,,,0.00,Y,T-Intersection,N,OtherLocation,None,,,         ,Mikala,Moore,Clear,Not Collision with Motor Vehicle in Transport,no,no,no,no,no,False
101326955,METROPOLITAN NASHVILLE POLICE DEPT,20160728236,Davidson,Nashville,8/13/2016 3:57:00 PM,2,0,0,36.057020,-86.715890,NOLENSVILLE PKE,,,,388.00,Feet,North,APRIL LN,,,,0.00,N,Not at Intersection,N,Non-Junction,None,,,         ,Tamara,Zurawski,Clear,Front to Rear,no,no,no,no,yes,False
101326959,GOODLETTSVILLE POLICE DEPT,16-28390,Davidson,Goodlettsville,8/13/2016 2:50:00 PM,2,2,0,36.312080,-86.678144,VIETNAM VETERANS,BLVD,SR386,,0.10,Miles,North,VIETNAM VETERANS,BLVD,SR386,,2.20,N,Not at Intersection,N,Non-Junction,None,,,         ,Charles,Hauskin,Clear,Front to Rear,no,no,no,no,no,False
101326963,METROPOLITAN NASHVILLE POLICE DEPT,20160728367,Davidson,Nashville,8/13/2016 4:47:00 PM,2,3,0,36.086290,-86.649040,UNA ANTIOCH PKE,,,,257.00,Feet,South,MURFREESBORO PKE,,,,0.00,N,Not at Intersection,N,"Driveway, Alley Access, etc",None,,,         ,Kevin,Keating,Cloudy,Front to Rear,no,no,no,no,no,False
101326966,METROPOLITAN NASHVILLE POLICE DEPT,20160728375,Davidson,Nashville,8/13/2016 4:16:00 PM,2,0,0,36.150080,-86.805510,ELLISTON PL,,,,0.00,,,23RD AVN,,,,0.00,Y,Four-Way, ,,None,,,         ,Charles,Griffin,,,no,no,no,no,no,Campus
101326969,METROPOLITAN NASHVILLE POLICE DEPT,2016-0728387,Davidson,Not in City Limit,8/13/2016 4:57:00 PM,2,0,0,36.073910,-86.926480,HIGHWAY 70S,,,,60.00,Feet,West,HICKS RD,,,,0.00,N,Not at Intersection, ,Non-Junction,None,,,         ,Michael,Rogers,Clear,Angle,no,no,no,no,no,False
101326984,METROPOLITAN NASHVILLE POLICE DEPT,20160728246,Davidson,Nashville,8/13/2016 3:58:00 PM,2,0,0,36.072500,-86.724140,NOLENSVILLE PKE,,,,0.00,,,J J WATSON AV,,,,0.00,Y,OTHER, ,Non-Junction,None,,,         ,Sharissa,Perez,Clear,Front to Rear,no,no,no,no,no,False
101326988,METROPOLITAN NASHVILLE POLICE DEPT,20160728074,Davidson,Nashville,8/13/2016 2:57:00 PM,2,0,0,36.109610,-86.728930,THOMPSON LN,,,,267.00,Feet,West,BRILEY PKWYN,,,,0.00,N,Not at Intersection, ,Non-Junction,None,,,         ,Alyson,Cook,Clear,Front to Rear,no,no,no,no,no,False
101326989,METROPOLITAN NASHVILLE POLICE DEPT,20160728398,Davidson,Nashville,8/13/2016 4:52:00 PM,2,0,0,36.210380,-86.853150,DRAKES BRANCH RD,,,,489.00,Feet,West,DRAKE WOOD LN,,,,0.00,N,Not at Intersection,N,Non-Junction,None,,,         ,Thomas,Burns,Clear,HeadOn,no,no,no,no,yes,False
101327001,METROPOLITAN NASHVILLE POLICE DEPT,20160728082,Davidson,Nashville,8/13/2016 2:40:00 PM,2,0,0,36.051130,-86.714250,NOLENSVILLE PKE,,,,142.00,Feet,South,OCALA DR,,,,0.00,N,Not at Intersection,N,Non-Junction,None,,,         ,William,McDaniel,Clear,Front to Rear,no,no,no,no,yes,False
101327005,METROPOLITAN NASHVILLE POLICE DEPT,2016-0726292,Davidson,Nashville,8/12/2016 9:08:00 PM,3,0,0,36.204720,-86.751150,E TRINITY LN,,,,0.00,Feet,,PITTWAY DR,,,,0.00,Y,T-Intersection,Y,Intersection,None,,,         ,Jonathan,Hadley,Clear,Angle,no,no,no,no,no,False
101327021,METROPOLITAN NASHVILLE POLICE DEPT,20160728442,Davidson,Nashville,8/13/2016 5:20:00 PM,2,0,0,36.175620,-86.786700,4TH AVN,,,,74.00,Feet,South,MADISON ST,,,,0.00,N,Not at Intersection, ,Non-Junction,None,,,         ,Kendra,Cowper,Cloudy,"Sideswipe, Same Direction",no,no,no,no,no,False
101327022,METROPOLITAN NASHVILLE POLICE DEPT,20160728594,Davidson,Nashville,8/13/2016 4:59:00 PM,2,0,0,36.093460,-86.652620,MURFREESBORO PKE,,,,168.00,Feet,South,OLD MURFREESBORO PKE,,,,0.00,N,Not at Intersection, ,Non-Junction,None,,,         ,Patrick,Taylor,Clear,Front to Rear,no,no,no,no,no,False
101327032,METROPOLITAN NASHVILLE POLICE DEPT,2016-0728063,Davidson,Nashville,8/13/2016 1:34:00 PM,2,0,0,36.173580,-86.769970,I 24,,,,0.00,,,,,,,48.20,N,Not at Intersection,N,Non-Junction,None,,,         ,Jonathan,Hadley,Clear,"Sideswipe, Same Direction",no,no,no,no,yes,False
101327035,METROPOLITAN NASHVILLE POLICE DEPT,20160728494,Davidson,Not in City Limit,8/13/2016 4:55:00 PM,1,0,0,36.218850,-86.977220,BULL RUN RD,,,,69.00,Feet,North,ASHLAND CITY HWY,,,,0.00,N,Not at Intersection,N,Non-Junction,None,,,         ,Brandon,Rardin,Cloudy,Not Collision with Motor Vehicle in Transport,no,no,no,no,no,False
101327043,METROPOLITAN NASHVILLE POLICE DEPT,20160728297,Davidson,Nashville,8/13/2016 4:15:00 PM,2,0,0,36.116020,-86.696430,MURFREESBORO PKE,,,,310.00,Feet,East,MCGAVOCK PKE,,,,0.00,N,Not at Intersection, ,,None,,,         ,John,Joyce,,,no,no,no,no,no,False
101327048,METROPOLITAN NASHVILLE POLICE DEPT,20160728731,Davidson,Nashville,8/13/2016 7:21:00 PM,2,0,0,36.075800,-86.639890,MURFREESBORO PKE,,,,605.00,Feet,North,RURAL HILL RD,,,,0.00,N,Not at Intersection, ,Non-Junction,None,,,         ,Kevin,Keating,Rain,"Sideswipe, Same Direction",no,no,no,no,no,False
101327054,METROPOLITAN NASHVILLE POLICE DEPT,20160728683,Davidson,Not in City Limit,8/13/2016 7:05:00 PM,1,0,0,36.119940,-86.990530,OLD CHARLOTTE PKE,,,,300.00,Feet,North,OLD CHARLOTTE PKE PVTDR,,,,0.00,N,Not at Intersection,N,Non-Junction,None,,,         ,Benjamin,Spees,Rain,Not Collision with Motor Vehicle in Transport,no,no,no,no,no,False
101327058,METROPOLITAN NASHVILLE POLICE DEPT,20160728484,Davidson,Not in City Limit,8/13/2016 5:01:00 PM,3,0,0,36.063620,-86.940880,HARPETH PKWYW,,,,0.00,,,OLD HARDING PKE,,,,0.00,Y,T-Intersection,N,Intersection,None,,,         ,Adam,Reese,Clear,Front to Rear,no,no,no,no,no,False
101327059,METROPOLITAN NASHVILLE POLICE DEPT,20160728284,Davidson,Not in City Limit,8/13/2016 3:23:00 PM,2,0,0,36.079570,-86.953510,HIGHWAY 70S,,,,0.00,,,COLEY DAVIS RD,,,,0.00,Y,Four-Way, ,Intersection,None,,,         ,Adam,Reese,Clear,Front to Rear,no,no,no,no,no,False
101327060,METROPOLITAN NASHVILLE POLICE DEPT,20160728557,Davidson,Nashville,8/13/2016 5:00:00 PM,2,0,0,36.078370,-86.725960,NOLENSVILLE PKE,,,,460.00,Feet,South,HARDING PL,,,,0.00,N,Not at Intersection, ,Non-Junction,None,,,         ,Jarred,Ruhlman,Cloudy,"Sideswipe, Same Direction",no,no,no,no,no,False
101327061,METROPOLITAN NASHVILLE POLICE DEPT,20160728272,Davidson,Not in City Limit,8/13/2016 3:30:00 PM,2,0,0,36.272210,-86.690670,ANDERSON LN,,,,0.00,,,MCARTHUR DR,,,,0.00,Y,Four-Way,N,Non-Junction,None,,,         ,George,Oden,Clear,Unknown,no,no,no,no,yes,False
101327065,METROPOLITAN NASHVILLE POLICE DEPT,20160728739,Davidson,Nashville,8/13/2016 6:54:00 PM,2,0,0,36.151800,-86.771250,LAFAYETTE ST,,,,0.00,,,4TH AVS,,,,0.00,Y,Four-Way, ,Intersection-Related,None,,,         ,Jason,Thomas,Rain,"Sideswipe, Same Direction",no,no,no,no,no,False
101327079,METROPOLITAN NASHVILLE POLICE DEPT,20160721659,Davidson,Nashville,8/13/2016 3:20:00 PM,2,0,0,36.066250,-86.729560,WHISPERING HILLS DR,,,,359.00,Feet,South,WHISPERING HILLS CT,,,,0.00,N,Not at Intersection, ,Non-Junction,None,,,         ,Nicholas,Berens,Clear,Front to Rear,no,no,no,no,no,False
101327128,METROPOLITAN NASHVILLE POLICE DEPT,20160725702,Davidson,Nashville,8/12/2016 4:07:00 PM,2,0,0,36.120430,-86.750610,MELROSE AV,,,,0.00,,,GRANDVIEW AV,,,,0.00,Y,T-Intersection, ,Intersection,None,,,         ,Charles,Griffin,Clear,Angle,no,no,no,no,no,False
101327136,METROPOLITAN NASHVILLE POLICE DEPT,20160728996,Davidson,Nashville,8/13/2016 9:12:00 PM,2,0,0,36.162030,-86.599750,BELL RD,,,,623.00,Feet,South,ARBOR LAKE BLVD,,,,0.00,N,Not at Intersection,N,Non-Junction,None,,,         ,David,Stanley,Rain,"Sideswipe, Opposite Direction",no,no,no,no,yes,False
101327141,METROPOLITAN NASHVILLE POLICE DEPT,20160725717,Davidson,Nashville,8/12/2016 4:50:00 PM,2,0,0,36.153410,-86.763870,I 40,,,,0.00,,,,,,,210.75,N,Not at Intersection, ,Non-Junction,None,,,         ,Mikala,Moore,Clear,Front to Rear,no,no,no,no,no,False
101327156,METROPOLITAN NASHVILLE POLICE DEPT,20160718147,Davidson,Nashville,8/10/2016 5:10:00 PM,2,0,0,36.179990,-86.809490,16TH AVN,,,,12.00,Feet,South,BUCHANAN ST,,,,0.00,N,Not at Intersection,N,Non-Junction,None,,,         ,Charles,Holmes,Clear,"Sideswipe, Same Direction",no,no,no,no,no,False
101327160,METROPOLITAN NASHVILLE POLICE DEPT,20160729172,Davidson,Not in City Limit,8/13/2016 8:55:00 PM,1,0,0,36.012350,-86.688730,CULBERTSON RD,,,,423.00,Feet,East,MILL CREEK LENOX VILLAGE GRNWY,,,,0.00,N,Not at Intersection,N,Non-Junction,None,,,         ,Blaze,Williams,Rain,Not Collision with Motor Vehicle in Transport,no,no,no,no,no,False
101327167,METROPOLITAN NASHVILLE POLICE DEPT,20160714404,Davidson,Nashville,8/9/2016 6:36:00 PM,2,0,0,36.168460,-86.687600,LEBANON PKE,,,,112.00,Feet,East,BRILEY PKWY N ENT RAMP,,,,0.00,N,Not at Intersection, ,Non-Junction,None,,,         ,John,Daugherty,Clear,Front to Rear,no,no,no,no,no,False
101327178,METROPOLITAN NASHVILLE POLICE DEPT,20160728748,Davidson,Nashville,8/13/2016 7:35:00 PM,2,0,0,36.025220,-86.664630,PRESTON RD,,,,38.00,Feet,East,PETTUS RD,,,,0.00,N,Not at Intersection, ,Non-Junction,None,,,         ,William,McDaniel,Clear,Front to Rear,no,no,no,no,no,False
101327180,METROPOLITAN NASHVILLE POLICE DEPT,20160718046,Davidson,Nashville,8/10/2016 4:27:00 PM,2,0,0,36.141370,-86.733810,I 40,,,,0.00,,,,,,,212.90,N,Not at Intersection, ,,None,,,         ,John,Daugherty,,,no,no,no,no,no,False
101327198,METROPOLITAN NASHVILLE POLICE DEPT,20160729217,Davidson,Not in City Limit,8/13/2016 6:30:00 PM,1,0,0,36.103500,-86.932600,I 40,,,,0.00,,,,,,,198.45,N,Not at Intersection,N,Non-Junction,None,,,         ,Terrance,Stuckey,Rain,Not Collision with Motor Vehicle in Transport,no,no,no,no,no,False
101327199,METROPOLITAN NASHVILLE POLICE DEPT,20160729207,Davidson,Nashville,8/13/2016 11:00:00 PM,1,0,0,36.163170,-86.780190,5TH AVN,,,,0.00,,,CHURCH ST,,,,0.00,Y,Four-Way, ,,Work Zone,,,         ,Jeremy,King,,,no,no,no,no,no,False
101327214,METROPOLITAN NASHVILLE POLICE DEPT,2016-0729366,Davidson,Nashville,8/14/2016 12:00:00 AM,2,1,0,36.154470,-86.770360,2ND AVS,,,,0.00,,,MIDDLETON ST,,,,0.00,Y,T-Intersection,N,Intersection,None,,,         ,Kevin,Ott,Clear,Angle,no,no,no,no,no,False
101327227,METROPOLITAN NASHVILLE POLICE DEPT,20160729549,Davidson,Nashville,8/14/2016 1:18:00 AM,2,0,0,36.040820,-86.779520,OLD HICKORY BLVD,,,,51.00,Feet,West,STONE BROOK DR,,,,0.00,N,Not at Intersection,N,Non-Junction,None,,,         ,Edin,Plancic,Clear,Front to Rear,no,no,no,no,yes,False
101327232,METROPOLITAN NASHVILLE POLICE DEPT,20160729513,Davidson,Nashville,8/14/2016 1:26:00 AM,1,1,0,36.134770,-86.746840,FESSLERS LN,,,,0.00,,,POLK AV,,,,0.00,Y,Four-Way,N,Intersection-Related,None,,,         ,William,Coy,Clear,Not Collision with Motor Vehicle in Transport,no,no,no,no,no,False
101327235,GOODLETTSVILLE POLICE DEPT,16-28440,Davidson,Goodlettsville,8/14/2016 1:04:00 AM,2,1,0,36.303210,-86.708710,I 65,,,,0.00,,,,,,,95.40,N,Not at Intersection,N,Non-Junction,None,,,         ,James,Wells,Clear,Front to Rear,no,no,no,no,no,False
101327238,METROPOLITAN NASHVILLE POLICE DEPT,20160729655,Davidson,Not in City Limit,8/14/2016 2:30:00 AM,2,0,0,36.263220,-86.736640,I65 N EXT RAMP,,,,0.00,,,I 65,,,,0.00,Y,OTHER,N,Non-Junction,None,,,         ,Michael,Richardson,Clear,Front to Rear,no,no,no,no,yes,False
101327243,METROPOLITAN NASHVILLE POLICE DEPT,20160729647,Davidson,Nashville,8/14/2016 2:23:00 AM,2,0,0,36.170830,-86.746800,SHELBY AV,,,,0.00,,,S 14TH ST,,,,0.00,Y,Four-Way, ,Intersection,None,,,         ,Michael,Wolterbeek,Clear,Front to Rear,no,no,no,no,no,False
101327252,METROPOLITAN NASHVILLE POLICE DEPT,20160729736,Davidson,Nashville,8/14/2016 3:45:00 AM,2,2,0,36.146720,-86.743760,FESSLERS LN,,,,0.00,,,RUNDLE AV,,,,0.00,Y,T-Intersection,N,Intersection,None,,,         ,Leonard,Spadavecchia,Clear,Angle,no,no,no,no,no,False
101327263,METROPOLITAN NASHVILLE POLICE DEPT,20160729763,Davidson,Nashville,8/14/2016 4:09:00 AM,2,0,0,36.231600,-86.781520,EWING DR,,,,0.00,,,BRICK CHURCH PKE,,,,0.00,Y,Four-Way,N,Intersection,None,,,         ,Patrick,McGinnis,Clear,Angle,no,no,no,no,no,False
101327264,METROPOLITAN NASHVILLE POLICE DEPT,20160729692,Davidson,Nashville,8/14/2016 3:10:00 AM,1,2,0,36.145410,-86.706610,ELM HILL PKE,,,,19.00,Feet,East,ELM TREE DR,,,,0.00,N,Not at Intersection,N,Non-Junction,None,,,         ,Sean,Wuethrich,Clear,Not Collision with Motor Vehicle in Transport,no,no,no,no,no,False
101327270,METROPOLITAN NASHVILLE POLICE DEPT,20160729424,Davidson,Nashville,8/14/2016 12:54:00 AM,2,0,0,36.172850,-86.765350,SPRING ST,,,,3.00,Feet,North,MAIN ST,,,,0.00,N,Not at Intersection, ,Non-Junction,None,,,         ,Ky,Luu,Clear,Front to Rear,no,no,no,no,no,False
101327272,METROPOLITAN NASHVILLE POLICE DEPT,2016-0729163,Davidson,Nashville,8/13/2016 10:36:00 PM,2,0,0,36.161400,-86.776290,BROADWAY,,,,110.00,Feet,West,3RD AVN,,,,0.00,N,Not at Intersection, ,Non-Junction,None,,,         ,Rudy,Basaldua,Clear,Angle,no,no,no,no,no,False
101327294,METROPOLITAN NASHVILLE POLICE DEPT,20160727968,Davidson,Nashville,8/13/2016 12:55:00 PM,2,0,0,36.099470,-86.871550,HIGHWAY 100,,,,103.00,Feet,South,HARDING PKE,,,,0.00,N,Not at Intersection,N,Non-Junction,None,,,         ,Brian,Myatt,Clear,Angle,no,no,no,no,no,False
101327297,METROPOLITAN NASHVILLE POLICE DEPT,20160727687,Davidson,Nashville,8/13/2016 10:10:00 AM,1,0,0,36.236950,-86.738320,LEMONT DR,,,,249.00,Feet,West,GRAYCROFT AV,,,,0.00,N,Not at Intersection,N,Non-Junction,None,,,         ,Randall,Smith,Cloudy,Not Collision with Motor Vehicle in Transport,no,no,no,no,no,False
101327326,METROPOLITAN NASHVILLE POLICE DEPT,20160729999,Davidson,Nashville,8/14/2016 7:47:00 AM,2,0,0,36.205920,-86.768980,W TRINITY LN,,,,110.00,Feet,West,E TRINITY LN,,,,0.00,N,Not at Intersection, ,Non-Junction,None,,,         ,Tony,Folad,Cloudy,Front to Rear,no,no,no,no,no,False
101327327,METROPOLITAN NASHVILLE POLICE DEPT,20160729964,Davidson,Nashville,8/14/2016 6:45:00 AM,2,0,0,36.143900,-86.699550,I40 E ENT RAMP,,,,0.00,Feet,East,I 40,,,,0.00,N,Not at Intersection, ,Non-Junction,None,,,         ,Ralph,Harvey,Clear,Front to Rear,no,no,no,no,no,False
101327341,METROPOLITAN NASHVILLE POLICE DEPT,20160724991,Davidson,Nashville,8/12/2016 1:44:00 PM,2,0,0,36.147110,-86.743450,I 40,,,,0.00,,,,,,,212.05,N,Not at Intersection, ,Non-Junction,None,,,         ,James,Curtis,Cloudy,"Sideswipe, Same Direction",no,no,no,no,no,False
101327354,METROPOLITAN NASHVILLE POLICE DEPT,20160727425,Davidson,Nashville,8/13/2016 8:04:00 AM,2,1,0,36.188590,-86.628770,LEBANON PKE,,,,208.00,Feet,East,HICKORY HILL LN,,,,0.00,N,Not at Intersection,N,Non-Junction,None,,,         ,Ralph,Harvey,Clear,Not Collision with Motor Vehicle in Transport,no,no,no,no,no,False
101327357,METROPOLITAN NASHVILLE POLICE DEPT,20160727969,Davidson,Nashville,8/13/2016 1:31:00 PM,2,0,0,36.134240,-86.776370,I65 S ENT RAMP,,,,0.00,,,I65 S EXT RAMP,,,,0.00,Y,Four-Way,N,Intersection,None,,,         ,Nathan,Smith,Clear,Angle,no,no,no,no,no,False
101327363,METROPOLITAN NASHVILLE POLICE DEPT,20160727867,Davidson,Nashville,8/13/2016 12:00:00 PM,2,0,0,36.241510,-86.760150,BRILEY PKWYE,,,,855.00,Feet,West,DICKERSON PKE,,,,0.00,N,Not at Intersection,N,Non-Junction,None,,,         ,Jeremy,Stricklin,Clear,"Sideswipe, Same Direction",no,no,no,no,no,False
101327407,Nashville Airport Police,2016-02324,Davidson,Nashville,8/14/2016 8:30:00 AM,2,0,0,0.000000,0.000000,TERMINAL DR,DR,SR1,,0.10,Miles,North,DONELSON PIKE,PIKE,SR,,0.00,N,Not at Intersection, ,Non-Junction,None,,,         ,Hardini,Carter,Clear,"Sideswipe, Same Direction",no,no,no,no,no,False
101327408,METROPOLITAN NASHVILLE POLICE DEPT,20160730308,Davidson,Nashville,8/14/2016 10:40:00 AM,2,0,0,36.110310,-86.719690,BRILEY PKWYS,,,,32.00,Feet,West,BRILEY PKWY S ENT RAMP,,,,0.00,N,Not at Intersection, ,Non-Junction,None,,,         ,Rickie,Corman,Clear,"Sideswipe, Same Direction",no,no,no,no,no,False
101327426,METROPOLITAN NASHVILLE POLICE DEPT,2016-0730366,Davidson,Nashville,8/14/2016 11:12:00 AM,2,0,0,36.130280,-86.905610,CHARLOTTE PKE PVTDR,,,,280.00,Feet,West,RIVER RD PVTDR,,,,0.00,N,Not at Intersection,N,Non-Junction,None,,,         ,Benjamin,Cantrell,Clear,Angle,no,no,no,yes,yes,False
101327431,METROPOLITAN NASHVILLE POLICE DEPT,2016-0730269,Davidson,Nashville,8/14/2016 10:05:00 AM,2,1,0,36.141310,-86.701360,DABBS AV,,,,205.00,Feet,South,DABBS CT,,,,0.00,N,Not at Intersection,N,Non-Junction,None,,,         ,Scott,Toney,Clear,Front to Rear,no,no,no,no,no,False
101327434,METROPOLITAN NASHVILLE POLICE DEPT,20160730421,Davidson,Nashville,8/14/2016 12:07:00 PM,1,0,0,36.077580,-86.670960,FRANKLIN LIMESTONE RD,,,,346.00,Feet,South,BILLINGSGATE RD,,,,0.00,N,Not at Intersection,N,Non-Junction,None,,,         ,Roy,McElwee,Clear,Not Collision with Motor Vehicle in Transport,no,no,no,no,no,False
101327436,METROPOLITAN NASHVILLE POLICE DEPT,20160704987,Davidson,Nashville,8/6/2016 1:17:00 PM,2,0,0,36.089440,-86.733010,NOLENSVILLE PKE,,,,286.00,Feet,South,ZOO RD,,,,0.00,N,Not at Intersection, ,Non-Junction,None,,,         ,Sean,Williams,Clear,Angle,no,no,no,no,yes,False
101327437,METROPOLITAN NASHVILLE POLICE DEPT,20160730387,Davidson,Nashville,8/14/2016 11:30:00 AM,1,0,0,36.141560,-86.732800,I 40,,,,0.00,,,,,,,212.95,N,Not at Intersection,N,Non-Junction,None,,,         ,Gerald,Gomes,Clear,Not Collision with Motor Vehicle in Transport,no,no,no,no,no,False
101327439,METROPOLITAN NASHVILLE POLICE DEPT,20160730426,Davidson,Nashville,8/14/2016 11:41:00 AM,2,0,0,36.206140,-86.771830,W TRINITY LN,,,,214.00,Feet,West,LUCAS LN,,,,0.00,N,Not at Intersection, ,Non-Junction,None,,,         ,Tony,Folad,Clear,"Sideswipe, Same Direction",no,no,no,no,no,False
101327461,METROPOLITAN NASHVILLE POLICE DEPT,2016-0730280,Davidson,Nashville,8/14/2016 10:17:00 AM,2,3,0,36.142790,-86.800090,MEDICAL CENTER DR,,,,21.00,Feet,West,21ST AVS,,,,0.00,N,Not at Intersection,N,Non-Junction,None,,,         ,David,Anderson,Cloudy,Angle,no,no,no,no,no,Campus
101327473,METROPOLITAN NASHVILLE POLICE DEPT,2016-0730417,Davidson,Nashville,8/14/2016 12:43:00 PM,2,0,0,36.079600,-86.726320,NOLENSVILLE PKE,,,,0.00,,,HARDING PL,,,,0.00,Y,Four-Way, ,Intersection-Related,None,,,         ,Jonathan,Seidl,Clear,"Sideswipe, Same Direction",no,no,no,no,no,False
101327481,METROPOLITAN NASHVILLE POLICE DEPT,20160730474,Davidson,Nashville,8/14/2016 12:00:00 PM,2,0,0,36.160760,-86.793690,CHARLOTTE AV,,,,0.00,,,14TH AVN,,,,0.00,Y,Four-Way, ,Intersection,None,,,         ,Garren,Hoskins,Clear,"Sideswipe, Same Direction",no,no,no,no,no,False
101327494,METROPOLITAN NASHVILLE POLICE DEPT,20160727951,Davidson,Nashville,8/13/2016 11:20:00 AM,2,0,0,36.174240,-86.761680,MAIN ST,,,,243.00,Feet,West,N 7TH ST,,,,0.00,N,Not at Intersection, ,Non-Junction,None,,,         ,Steven,Spillers,Clear,Angle,no,no,no,no,no,False
101327507,METROPOLITAN NASHVILLE POLICE DEPT,20160730569,Davidson,Nashville,8/14/2016 2:09:00 PM,2,0,0,36.160400,-86.664390,DONELSON PKE,,,,0.00,Feet,,WOODBERRY DR,,,,0.00,Y,T-Intersection,N,Intersection,None,,,         ,Michael,Dance,Clear,Front to Rear,no,no,no,no,yes,False
101327528,METROPOLITAN NASHVILLE POLICE DEPT,16-0730509,Davidson,Nashville,8/14/2016 12:57:00 PM,2,0,0,36.163680,-86.778980,CHURCH ST,,,,0.00,,,4TH AVN,,,,0.00,Y,OTHER, ,Intersection,None,,,         ,Frank,Campbell,Clear,Angle,no,no,no,no,no,False
101327534,VANDERBILT UNIVERSITY POLICE,16-0728740,Davidson,Nashville,8/13/2016 7:40:00 PM,2,0,0,36.139100,-86.802640,CHILDRENS WAY,,,,0.00,,,,,,,0.00,,Not at Intersection, ,"Driveway, Alley Access, etc",None,,,         ,Lydell,Reedy,Cloudy,"Sideswipe, Same Direction",no,no,no,yes,no,Campus
101327550,METROPOLITAN NASHVILLE POLICE DEPT,20160728689,Davidson,Nashville,8/13/2016 7:00:00 PM,2,1,0,36.061770,-86.644890,RURAL HILL RD,,,,22.00,Feet,North,HICKORY HIGHLANDS DR,,,,0.00,N,Not at Intersection,N,Non-Junction,None,,,         ,Sharissa,Perez,Cloudy,Angle,no,no,no,no,no,False