master_record_number,agency,agency_tracking_number,county,city,collision_date,vehicles_involved,number_injured,number_dead,latitude,longitude,roadway_name,roadway_suffix,roadway_number,roadway_local_id,distance_from_reference,miles-feet_indicator,direction_from_reference,intersection_road_name,intersection_road_name_suffix,intersection_road_number,intersection_local_id,mile_marker,intersection_indicator,intersect_type,interchange_related_indicator,relation_to_junction,work_zone_type,construction_maintenance_zone,construction_maintenance_zone_location,fatal_case_number,officer_first_name,officer_last_name,weather_condition(s),manner_of_crash,pedestrian,bicycle,scooter,parking,hitrun,mou
101329788,METROPOLITAN NASHVILLE POLICE DEPT,20160741116,Davidson,Nashville,8/17/2016 5:48:00 PM,2,1,0,36.142910,-86.666640,DONELSON PKE,,,,224.00,Feet,North,I40 W ENT RAMP,,,,0.00,N,Not at Intersection,N,Non-Junction,None,,,         ,Mikala,Moore,Clear,Angle,no,no,no,no,no,False
101329791,METROPOLITAN NASHVILLE POLICE DEPT,20160741075,Davidson,Nashville,8/17/2016 5:34:00 PM,4,2,0,36.168870,-86.758910,SHELBY AV,,,,212.00,Feet,East,S 6TH ST,,,,0.00,N,Not at Intersection,N,Non-Junction,None,,,         ,James,Smith,Clear,Front to Rear,no,no,no,no,no,False
101329793,METROPOLITAN NASHVILLE POLICE DEPT,20160741088,Davidson,Nashville,8/17/2016 5:35:00 PM,3,0,0,36.119170,-86.767190,I 440,,,,0.00,,,,,,,5.30,N,Not at Intersection,N,Non-Junction,None,,,         ,Jacob,Masteller,Clear,Front to Rear,no,no,no,no,yes,False
101329796,VANDERBILT UNIVERSITY POLICE,2016-0741102,Davidson,Nashville,8/17/2016 12:00:00 AM,2,0,0,36.139400,-86.805940,CHILDRENS WAY,,,,0.00,,,,,,,0.00,,, ,Non-Junction,None,,,         ,Christopher,Dion,Unknown,Unknown,no,no,no,yes,yes,Campus
101329799,METROPOLITAN NASHVILLE POLICE DEPT,20160741139,Davidson,Nashville,8/17/2016 5:53:00 PM,2,0,0,36.143530,-86.737870,I 40,,,,0.00,,,,,,,212.60,N,Not at Intersection, ,Non-Junction,None,,,         ,John,Daugherty,Clear,"Sideswipe, Same Direction",no,no,no,no,no,False
101329800,METROPOLITAN NASHVILLE POLICE DEPT,20160741127,Davidson,Nashville,8/17/2016 5:54:00 PM,2,2,0,36.236110,-86.743920,ELLINGTON PKWYN,,,,0.00,,,BRILEY PKWY E ENT RAMP,,,,0.00,Y,OTHER,Y,Entrance/Exit Ramp Related,None,,,         ,Terence,Maahs,Cloudy,Angle,no,no,no,no,no,False
101329803,METROPOLITAN NASHVILLE POLICE DEPT,2016-0741097,Davidson,Nashville,8/17/2016 5:30:00 PM,2,0,0,36.140140,-86.879230,RUSSLEO DR,,,,0.00,,,CHARLOTTE PKE,,,,0.00,Y,Four-Way, ,Intersection,None,,,         ,Ryan,Allen,Clear,Front to Rear,no,no,no,no,no,False
101329811,METROPOLITAN NASHVILLE POLICE DEPT,20160741339,Davidson,Nashville,8/17/2016 6:30:00 PM,2,0,0,36.083880,-86.705080,LARGO DR,,,,198.00,Feet,East,LINBAR DR,,,,0.00,N,Not at Intersection, ,Non-Junction,None,,,         ,Jeffrey,Livingston,Cloudy,Unknown,no,no,no,yes,yes,False
101329816,METROPOLITAN NASHVILLE POLICE DEPT,20160740824,Davidson,Nashville,8/17/2016 3:35:00 PM,2,0,0,36.141940,-86.781060,EDGEHILL AV,,,,0.00,,,9TH AVS,,,,0.00,Y,Four-Way,N,Intersection-Related,Unknown,Laneclosure,Unknown,         ,Conner,Harris,Cloudy,"Sideswipe, Same Direction",no,no,no,no,no,False
101329820,METROPOLITAN NASHVILLE POLICE DEPT,20160733976,Davidson,Nashville,8/15/2016 3:45:00 PM,2,0,0,36.110670,-86.722200,I 24,,,,0.00,,,,,,,53.65,N,Not at Intersection, ,Non-Junction,None,,,         ,Michael,Russell,Clear,Front to Rear,no,no,no,no,no,False
101329821,METROPOLITAN NASHVILLE POLICE DEPT,20160740650,Davidson,Nashville,8/17/2016 1:52:00 PM,2,1,0,36.102660,-86.741000,NOLENSVILLE PKE,,,,0.00,,,THUSS AV,,,,0.00,Y,T-Intersection,N,Non-Junction,None,,,         ,David,Hughes,Clear,"Sideswipe, Same Direction",no,no,no,no,no,False
101329846,METROPOLITAN NASHVILLE POLICE DEPT,2016-0741021,Davidson,Nashville,8/17/2016 5:13:00 PM,2,0,0,36.121240,-86.803750,I440 E ENT RAMP,,,,0.00,,,I 440,,,,0.00,Y,Y-Intersection, ,Entrance/Exit Ramp Related,None,,,         ,Akira,McSwain,Clear,"Sideswipe, Same Direction",no,no,no,no,no,False
101329876,METROPOLITAN NASHVILLE POLICE DEPT,2016-0737384,Davidson,Nashville,8/16/2016 2:55:00 PM,2,3,0,36.054120,-86.775930,FRANKLIN PKE,,,,492.00,Feet,West,FOREST HILLS DR,,,,0.00,N,Not at Intersection,N,"Driveway, Alley Access, etc",None,,,         ,William,King,Clear,Front to Rear,no,no,no,no,no,False
101329877,METROPOLITAN NASHVILLE POLICE DEPT,2016-0740677,Davidson,Nashville,8/17/2016 2:33:00 PM,2,0,0,36.040500,-86.770300,OLD HICKORY BLVD,,,,230.00,Feet,East,SEVEN SPRINGS WAY PVTDR,,,,0.00,N,Not at Intersection,N,Non-Junction,None,,,         ,William,King,Clear,Not Collision with Motor Vehicle in Transport,no,no,no,no,no,False
101329878,METROPOLITAN NASHVILLE POLICE DEPT,2016-0740996,Davidson,Nashville,8/17/2016 4:46:00 PM,2,0,0,36.045220,-86.714790,BRENTWOOD EAST DR,,,,0.00,,,OLD HICKORY BLVD,,,,0.00,Y,Four-Way,N,"Driveway, Alley Access, etc",None,,,         ,William,King,Clear,"Sideswipe, Same Direction",no,no,no,no,no,False
101329879,METROPOLITAN NASHVILLE POLICE DEPT,20160741306,Davidson,Nashville,8/17/2016 6:01:00 PM,2,0,0,36.040290,-86.745070,OLD HICKORY BLVD,,,,482.00,Feet,West,EDMONDSON PKE,,,,0.00,N,Not at Intersection, ,"Driveway, Alley Access, etc",None,,,         ,William,King,Clear,Angle,no,no,no,no,no,False
101329901,METROPOLITAN NASHVILLE POLICE DEPT,20160738481,Davidson,Nashville,8/16/2016 7:30:00 PM,2,0,0,36.044840,-86.668520,BELL RD,,,,42.00,Feet,West,ARBOR COMMON,,,,0.00,N,Not at Intersection, ,Non-Junction,None,,,         ,Oscar,Gomez,Cloudy,Front to Rear,no,no,no,no,no,False
101329903,METROPOLITAN NASHVILLE POLICE DEPT,20160741431,Davidson,Nashville,8/17/2016 7:42:00 PM,2,0,0,36.183740,-86.747730,EASTLAND AV,,,,192.00,Feet,East,GALLATIN AV,,,,0.00,N,Not at Intersection,N,Non-Junction,None,,,         ,Cheri,Cox,Clear,Angle,no,no,no,no,no,False
101329933,METROPOLITAN NASHVILLE POLICE DEPT,2016-0741308,Davidson,Nashville,8/17/2016 6:50:00 PM,2,0,0,36.103320,-86.816140,HILLSBORO PKE,,,,0.00,,,WARFIELD DR,,,,0.00,Y,Four-Way, ,,None,,,         ,William,Taylor,,,no,no,no,no,no,False
101329937,METROPOLITAN NASHVILLE POLICE DEPT,20160740869,Davidson,Not in City Limit,8/17/2016 3:22:00 PM,2,0,0,36.272520,-86.694230,ANDERSON LN,,,,100.00,Feet,East,MAY DR,,,,0.00,N,Not at Intersection, ,Non-Junction,None,,,         ,Peter,Knisley,Clear,"Sideswipe, Same Direction",no,no,no,no,no,False
101329939,METROPOLITAN NASHVILLE POLICE DEPT,20160741617,Davidson,Nashville,8/17/2016 8:12:00 PM,2,0,0,36.062660,-86.630800,HAMILTON CHURCH RD,,,,0.00,,,HAMILTON CROSSINGS,,,,0.00,Y,Four-Way, ,Intersection-Related,None,,,         ,David,Hughes,Clear,Angle,no,no,no,no,no,False
101329953,METROPOLITAN NASHVILLE POLICE DEPT,20160741007,Davidson,Nashville,8/17/2016 5:06:00 PM,2,1,0,36.182780,-86.812360,DR D B TODD JR BLVD,,,,0.00,,,18TH AVN,,,,0.00,Y,OTHER,N,Intersection,None,,,         ,Michael,Brooks,Cloudy,Angle,no,no,no,no,no,False
101329954,METROPOLITAN NASHVILLE POLICE DEPT,20160741498,Davidson,Nashville,8/17/2016 8:07:00 PM,3,2,0,36.218110,-86.775060,I 65,,,,0.00,,,,,,,88.15,N,Not at Intersection,N,Non-Junction,Construction Zone,Laneclosure,Transition Area,         ,Michael,Brooks,Cloudy,Front to Rear,no,no,no,no,no,False
101329960,METROPOLITAN NASHVILLE POLICE DEPT,20160741932,Davidson,Nashville,8/17/2016 10:50:00 PM,2,1,0,36.080400,-86.717930,RECOVERY RD,,,,0.00,,,HARDING PL,,,,0.00,Y,Four-Way,N,Intersection,None,,,         ,Kurt,Lewton,Clear,Front to Rear,no,no,no,no,yes,False
101329964,METROPOLITAN NASHVILLE POLICE DEPT,20160742219,Davidson,Antioch,8/18/2016 12:35:00 AM,1,0,0,36.052500,-86.594580,LAKEWALK DR,,,,83.00,Feet,South,RIPPLE CV,,,,0.00,N,Not at Intersection,N,Non-Junction,None,,,         ,Blaze,Williams,Clear,Not Collision with Motor Vehicle in Transport,no,no,no,no,no,False
101329968,METROPOLITAN NASHVILLE POLICE DEPT,20160734076,Davidson,Nashville,8/15/2016 4:27:00 PM,2,0,0,36.153450,-86.763780,I 40,,,,0.00,,,,,,,210.75,N,Not at Intersection, ,,None,,,         ,Bryan,Byrnes,,,no,no,no,no,no,False
101329969,METROPOLITAN NASHVILLE POLICE DEPT,20160734866,Davidson,Nashville,8/15/2016 9:09:00 PM,2,1,0,36.216610,-86.692400,MCGAVOCK PKE,,,,0.00,,,BRILEY PKWYN,,,,0.00,Y,Four-Way,N,Intersection,None,,,         ,Bryan,Byrnes,Clear,Front to Rear,no,no,no,no,yes,False
101329970,METROPOLITAN NASHVILLE POLICE DEPT,20160740735,Davidson,Nashville,8/17/2016 3:08:00 PM,2,0,0,36.151160,-86.769230,I 40,,,,0.00,,,,,,,210.50,N,Not at Intersection, ,Non-Junction,None,,,         ,Bryan,Byrnes,Clear,Front to Rear,no,no,no,no,no,False
101329971,METROPOLITAN NASHVILLE POLICE DEPT,20160741218,Davidson,Nashville,8/17/2016 6:30:00 PM,2,0,0,36.153450,-86.763780,I 40,,,,0.00,,,,,,,210.75,N,Not at Intersection,Y,Non-Junction,None,,,         ,Bryan,Byrnes,Clear,Front to Rear,no,no,no,no,no,False
101329978,METROPOLITAN NASHVILLE POLICE DEPT,20160742366,Davidson,Nashville,8/18/2016 2:01:00 AM,1,0,0,36.045940,-86.657860,BELL RD,,,,36.00,Feet,South,COLLINS PARK DR,,,,0.00,N,Not at Intersection,N,Non-Junction,None,,,         ,Blaze,Williams,Clear,Not Collision with Motor Vehicle in Transport,no,no,no,no,yes,False
101329979,METROPOLITAN NASHVILLE POLICE DEPT,20160742172,Davidson,Not in City Limit,8/18/2016 12:24:00 AM,1,0,0,36.262380,-86.705300,4TH AV,,,,125.00,Feet,South,E OLD HICKORY BLVD,,,,0.00,N,Not at Intersection,N,Non-Junction,None,,,         ,Daniel,Wadham,Cloudy,Not Collision with Motor Vehicle in Transport,no,no,no,no,no,False
101330008,METROPOLITAN NASHVILLE POLICE DEPT,20160742544,Davidson,Nashville,8/18/2016 3:36:00 AM,2,1,0,36.042850,-86.606550,HOBSON PKE,,,,0.00,,,MURFREESBORO PKE,,,,0.00,Y,Four-Way,N,Intersection,None,,,         ,David,Moser,Rain,Front to Rear,no,no,no,no,yes,False
101330054,METROPOLITAN NASHVILLE POLICE DEPT,20160742835,Davidson,Antioch,8/18/2016 6:10:00 AM,2,0,0,36.028120,-86.614440,OLD HICKORY BLVD,,,,945.00,Feet,South,LOGISTICS WAY,,,,0.00,N,Not at Intersection, ,Non-Junction,None,,,         ,Kevin,Breeding,Rain,Front to Rear,no,no,no,no,no,False
101330056,METROPOLITAN NASHVILLE POLICE DEPT,20160730127,Davidson,Nashville,8/14/2016 8:57:00 AM,2,0,0,36.122270,-86.701220,SATURN DR,,,,183.00,Feet,South,MARS DR,,,,0.00,N,Not at Intersection, ,,None,,,         ,Terry,Denton,,,no,no,no,no,no,False
101330063,METROPOLITAN NASHVILLE POLICE DEPT,2016-0739675,Davidson,Nashville,8/17/2016 7:45:00 AM,2,0,0,36.138840,-86.800590,CAPERS AV,,,,0.00,,,21ST AVS,,,,0.00,Y,OTHER, ,,None,,,         ,Jonathan,Seidl,,,no,no,no,no,no,Campus
101330064,METROPOLITAN NASHVILLE POLICE DEPT,20160740326,Davidson,Nashville,8/17/2016 12:20:00 PM,2,0,0,36.156580,-86.787480,12TH AVS,,,,0.00,,,BROADWAY,,,,0.00,Y,Four-Way,N,Non-Junction,None,,,         ,Phillip,Box,Clear,Other,no,no,no,yes,yes,False
101330065,METROPOLITAN NASHVILLE POLICE DEPT,2016-0742926,Davidson,Not in City Limit,8/18/2016 7:00:00 AM,2,0,0,36.042960,-86.959870,HIGHWAY 100,,,,418.00,Feet,West,COLLINS RD,,,,0.00,N,Not at Intersection, ,,None,,,         ,Curtis,Rich,,,no,no,no,no,no,False
101330080,METROPOLITAN NASHVILLE POLICE DEPT,20160742966,Davidson,Nashville,8/18/2016 7:30:00 AM,1,0,0,36.025000,-86.742400,EDMONDSON PKE,,,,252.00,Feet,North,BANBURY STA,,,,0.00,N,Not at Intersection, ,Non-Junction,None,,,         ,Gary,Sneed,Rain,Not Collision with Motor Vehicle in Transport,no,no,no,no,no,False
101330081,METROPOLITAN NASHVILLE POLICE DEPT,20160742914,Davidson,Nashville,8/18/2016 7:00:00 AM,2,0,0,36.193670,-86.807030,ROSA L PARKS BLVD,,,,0.00,,,GREAT CIRCLE RD,,,,0.00,Y,OTHER, ,,None,,,         ,Joshua,Baker,,,no,no,no,no,no,False
101330088,METROPOLITAN NASHVILLE POLICE DEPT,20160742934,Davidson,Nashville,8/18/2016 7:21:00 AM,2,0,0,36.072840,-86.645840,RICE RD,,,,347.00,Feet,East,EDGE O LAKE DR,,,,0.00,N,Not at Intersection,N,Non-Junction,None,,,         ,Thomas,White,Rain,"Sideswipe, Opposite Direction",no,no,no,no,no,False
101330098,METROPOLITAN NASHVILLE POLICE DEPT,20160740353,Davidson,Nashville,8/17/2016 12:10:00 PM,2,2,0,36.158860,-86.801090,PEARL ST,,,,87.00,Feet,West,DR D B TODD JR BLVD,,,,0.00,N,Not at Intersection,Y,Non-Junction,None,,,         ,Darryl,Morton,Cloudy,Angle,no,no,no,no,yes,False
101330106,METROPOLITAN NASHVILLE POLICE DEPT,20160742951,Davidson,Nashville,8/18/2016 7:35:00 AM,2,0,0,36.143070,-86.666650,DONELSON PKE,,,,284.00,Feet,North,I40 W ENT RAMP,,,,0.00,N,Not at Intersection,N,Non-Junction,None,,,         ,Ralph,Harvey,Rain,HeadOn,no,no,no,no,no,False
101330115,METROPOLITAN NASHVILLE POLICE DEPT,20160742892,Davidson,Nashville,8/18/2016 7:01:00 AM,2,1,0,36.089940,-86.700590,METROPLEX DR,,,,170.00,Feet,South,PARAGON MILLS RD,,,,0.00,N,Not at Intersection,N,Non-Junction,None,,,         ,Brian,Penny,Rain,Front to Rear,no,no,no,no,no,False
101330120,METROPOLITAN NASHVILLE POLICE DEPT,20160742889,Davidson,Nashville,8/18/2016 6:45:00 AM,4,0,0,36.090920,-86.750110,TROUSDALE DR,,,,2085.00,Feet,South,ALLIED DR,,,,0.00,N,Not at Intersection,N,Non-Junction,None,,,         ,Earl,Davis,Rain,Front to Rear,no,no,no,no,yes,False
101330124,METROPOLITAN NASHVILLE POLICE DEPT,2016-0743060,Davidson,Nashville,8/18/2016 8:00:00 AM,2,0,0,36.063130,-86.916930,OLD HICKORY BLVD,,,,0.00,,,BELLEVUE RD,,,,0.00,Y,Four-Way, ,Intersection,None,,,         ,Curtis,Rich,Cloudy,Angle,no,no,no,no,no,False
101330127,METROPOLITAN NASHVILLE POLICE DEPT,20160743104,Davidson,Nashville,8/18/2016 8:10:00 AM,2,0,0,36.193450,-86.796430,FRENCH LANDING DR,,,,261.00,Feet,South,VENTURE CIR,,,,0.00,N,Not at Intersection, ,Non-Junction,None,,,         ,Joshua,Baker,Rain,Front to Rear,no,no,no,no,no,False
101330128,METROPOLITAN NASHVILLE POLICE DEPT,20160742998,Davidson,Nashville,8/18/2016 7:50:00 AM,2,0,0,36.135230,-86.858310,WHITE BRIDGE PKE,,,,0.00,,,VINE RIDGE DR,,,,0.00,Y,T-Intersection,N,Intersection,None,,,         ,Emily,Mulready,Rain,"Sideswipe, Same Direction",no,no,no,no,no,False
101330129,METROPOLITAN NASHVILLE POLICE DEPT,20160743040,Davidson,Nashville,8/18/2016 7:55:00 AM,2,0,0,36.228260,-86.848990,BRILEY PKWYW,,,,276.00,Feet,East,BRILEY PKWYE,,,,0.00,N,Not at Intersection,N,Non-Junction,None,,,         ,William,Caillouette,Rain,Front to Rear,no,no,no,no,no,False
101330133,METROPOLITAN NASHVILLE POLICE DEPT,2016-0740124,Davidson,Nashville,8/17/2016 10:45:00 AM,2,0,0,36.134580,-86.805500,FAIRFAX AV,,,,0.00,,,24TH AVS,,,,0.00,Y,Four-Way, ,Intersection-Related,None,,,         ,Jonathan,Seidl,Clear,"Sideswipe, Same Direction",no,no,no,no,no,Campus
101330134,METROPOLITAN NASHVILLE POLICE DEPT,20160733392,Davidson,Nashville,8/15/2016 12:25:00 PM,2,0,0,36.158950,-86.818590,28TH AVN,,,,81.00,Feet,North,CLIFTON AV,,,,0.00,N,Not at Intersection,N,Non-Junction,None,,,         ,Darryl,Morton,Cloudy,HeadOn,no,no,no,no,no,False
101330135,METROPOLITAN NASHVILLE POLICE DEPT,20160743034,Davidson,Nashville,8/18/2016 7:29:00 AM,2,0,0,36.194450,-86.832480,CLARKSVILLE PKE,,,,276.00,Feet,East,W SUMMITT AV,,,,0.00,N,Not at Intersection, ,Non-Junction,None,,,         ,Nicholas,MacDougall,Rain,"Sideswipe, Same Direction",no,no,no,no,no,False
101330139,BERRY HILL POLICE DEPT,16-2943,Davidson,Berry Hill,8/17/2016 1:56:00 PM,2,0,0,36.116550,-86.766160,E IRIS DR,,,,63.00,Feet,East,W IRIS DR,,,,0.00,N,Not at Intersection, ,Non-Junction,None,,,         ,Ronnie,Hill,Clear,Angle,yes,no,no,yes,yes,False
101330141,METROPOLITAN NASHVILLE POLICE DEPT,20160742995,Davidson,Nashville,8/18/2016 7:51:00 AM,1,0,0,36.065040,-86.679580,ANTIOCH PKE,,,,250.00,Feet,South,REEVES RD,,,,0.00,N,Not at Intersection,N,Non-Junction,None,,,         ,Randall,Combs,Rain,Not Collision with Motor Vehicle in Transport,no,no,no,no,yes,False
101330146,METROPOLITAN NASHVILLE POLICE DEPT,20160713927,Davidson,Nashville,8/9/2016 3:43:00 PM,2,0,0,36.182620,-86.608560,OLD HICKORY BLVD,,,,723.00,Feet,East,ANDREW JACKSON PKWY,,,,0.00,N,Not at Intersection,N,Non-Junction,None,,,         ,Wesley,Young,Clear,"Sideswipe, Same Direction",no,no,no,no,no,False
101330148,METROPOLITAN NASHVILLE POLICE DEPT,20160742922,Davidson,Nashville,8/18/2016 6:51:00 AM,1,1,0,36.247240,-86.778350,BRICK CHURCH PKE,,,,187.00,Feet,South,VILLAGE TRL,,,,0.00,N,Not at Intersection,N,Non-Junction,None,,,         ,Jack,Crouch,Cloudy,Not Collision with Motor Vehicle in Transport,no,no,no,no,no,False
101330160,BERRY HILL POLICE DEPT,16-2956,Davidson,Berry Hill,8/18/2016 7:52:00 AM,2,0,0,36.118860,-86.774590,FRANKLIN PKE,,,,0.00,,,BERRY RD,,,,0.00,Y,T-Intersection, ,Intersection,None,,,         ,Ronnie,Hill,Cloudy,Front to Rear,no,no,no,no,no,False
101330187,METROPOLITAN NASHVILLE POLICE DEPT,20160743152,Davidson,Nashville,8/18/2016 9:15:00 AM,2,0,0,36.235370,-86.725130,BRILEY PKWYW,,,,126.00,Feet,West,BRILEY PKWYE,,,,0.00,N,Not at Intersection, ,Non-Junction,None,,,         ,Brian,Otto,Cloudy,"Sideswipe, Same Direction",no,no,no,no,no,False
101330194,METROPOLITAN NASHVILLE POLICE DEPT,20160742931,Davidson,Nashville,8/18/2016 7:23:00 AM,2,0,0,36.194960,-86.727390,REBECCA ST,,,,0.00,,,CAHAL AV,,,,0.00,Y,T-Intersection,Y,Intersection,None,,,         ,Christopher,Lo,Rain,Front to Rear,no,no,no,no,no,False
101330196,METROPOLITAN NASHVILLE POLICE DEPT,20160743172,Davidson,Nashville,8/18/2016 8:21:00 AM,3,2,0,36.037270,-86.788410,OLD HICKORY BLVD,,,,534.00,Feet,West,FRANKLIN PKE,,,,0.00,N,Not at Intersection,N,Non-Junction,None,,,         ,Gary,Sneed,Cloudy,Front to Rear,no,no,no,no,no,False
101330197,BERRY HILL POLICE DEPT,16-2957,Davidson,Berry Hill,8/18/2016 8:00:00 AM,1,0,0,36.120590,-86.764020,MELROSE AV,,,,67.00,Feet,West,FOUR FORTY CENTER PVTDR,,,,0.00,N,Not at Intersection,N,Non-Junction,None,,,         ,Timothy,Coleman,Rain,Not Collision with Motor Vehicle in Transport,no,no,no,no,no,False
101330198,BERRY HILL POLICE DEPT,16-2958,Davidson,Berry Hill,8/18/2016 8:10:00 AM,1,0,0,36.120590,-86.764020,MELROSE AV,,,,67.00,Feet,West,FOUR FORTY CENTER PVTDR,,,,0.00,N,Not at Intersection,N,Non-Junction,None,,,         ,Timothy,Coleman,Rain,Not Collision with Motor Vehicle in Transport,no,no,no,no,no,False
101330199,METROPOLITAN NASHVILLE POLICE DEPT,20160743098,Davidson,Nashville,8/18/2016 8:30:00 AM,2,1,0,36.037270,-86.788410,OLD HICKORY BLVD,,,,534.00,Feet,West,FRANKLIN PKE,,,,0.00,N,Not at Intersection,N,Non-Junction,None,,,         ,Gary,Sneed,Cloudy,Front to Rear,no,no,no,no,no,False
101330209,METROPOLITAN NASHVILLE POLICE DEPT,20160742999,Davidson,Nashville,8/18/2016 7:40:00 AM,2,0,0,36.117880,-86.701910,BRILEY PKWY S ENT RAMP,,,,0.00,,,BRILEY PKWYS,,,,0.00,Y,Y-Intersection, ,Intersection-Related,None,,,         ,Blake,Lutz,Rain,Front to Rear,no,no,no,no,no,False
101330210,METROPOLITAN NASHVILLE POLICE DEPT,2016-0743111,Davidson,Nashville,8/18/2016 8:30:00 AM,2,2,0,36.042170,-86.636480,MT VIEW RD,,,,1337.00,Feet,East,BABY RUTH LN,,,,0.00,N,Not at Intersection,N,Non-Junction,None,,,         ,Blake,Lutz,Rain,Angle,no,no,no,no,no,False
101330214,METROPOLITAN NASHVILLE POLICE DEPT,20160740495,Davidson,Nashville,8/17/2016 12:48:00 PM,2,0,0,36.116650,-86.773400,I 65,,,,0.00,,,,,,,80.25,N,Not at Intersection,N,Non-Junction,Construction Zone,Work On Shoulder Or Median,Activity Area,         ,Shedie,Herbert III,Clear,"Sideswipe, Same Direction",no,no,no,no,yes,False
101330225,METROPOLITAN NASHVILLE POLICE DEPT,20160743125,Davidson,Nashville,8/18/2016 8:42:00 AM,2,0,0,36.255020,-86.738720,I 65,,,,0.00,,,,,,,91.60,N,Not at Intersection, ,Non-Junction,None,,,         ,Spencer,Pittman,Rain,Front to Rear,no,no,no,no,no,False
101330252,METROPOLITAN NASHVILLE POLICE DEPT,20160742948,Davidson,Nashville,8/18/2016 7:28:00 AM,2,0,0,36.167480,-86.662720,LEBANON PKE,,,,190.00,Feet,East,DONELSON PKE,,,,0.00,N,Not at Intersection,N,Non-Junction,None,,,         ,Johnathan,Carlisle,Rain,Angle,no,no,no,no,no,False
101330255,METROPOLITAN NASHVILLE POLICE DEPT,20160713740,Davidson,Nashville,8/9/2016 2:27:00 PM,2,3,0,36.220210,-86.762210,DICKERSON PKE,,,,88.00,Feet,North,ALHAMBRA CIR,,,,0.00,N,Not at Intersection,N,Non-Junction,None,,,         ,Christopher,Lo,Cloudy,HeadOn,no,no,no,no,no,False
101330258,METROPOLITAN NASHVILLE POLICE DEPT,2016-0730450,Davidson,Nashville,8/14/2016 12:11:00 PM,2,0,0,36.107650,-86.812760,HILLSBORO PKE,,,,63.00,Feet,South,GREEN HILLS VILLAGE DR,,,,0.00,N,Not at Intersection, ,Non-Junction,None,,,         ,David,Anderson,Cloudy,Front to Rear,no,no,no,no,no,False
101330260,METROPOLITAN NASHVILLE POLICE DEPT,20160743292,Davidson,Nashville,8/18/2016 12:00:00 AM,2,0,0,36.151370,-86.766650,1ST AVS,,,,179.00,Feet,South,CARROLL ST,,,,0.00,N,Not at Intersection, ,Non-Junction,None,,,         ,Jason,Smith,Unknown,Unknown,no,no,no,yes,yes,False
101330267,METROPOLITAN NASHVILLE POLICE DEPT,20160713556,Davidson,Nashville,8/9/2016 1:23:00 PM,2,0,0,36.179080,-86.755230,MCFERRIN AV,,,,383.00,Feet,North,SILVERDENE PL,,,,0.00,N,Not at Intersection, ,Non-Junction,None,,,         ,Christopher,Lo,Clear,Front to Rear,no,no,no,no,no,False
101330277,METROPOLITAN NASHVILLE POLICE DEPT,20160743114,Davidson,Not in City Limit,8/18/2016 8:41:00 AM,2,0,0,36.264410,-86.729680,OLD HICKORY BLVDW,,,,159.00,Feet,East,N MARTHONA RD,,,,0.00,N,Not at Intersection,N,Non-Junction,None,,,         ,Joshua,Borum,Rain,Angle,no,no,no,no,no,False
101330281,METROPOLITAN NASHVILLE POLICE DEPT,20160743450,Davidson,Nashville,8/18/2016 11:00:00 AM,2,0,0,36.079870,-86.726410,NOLENSVILLE PKE,,,,50.00,Feet,North,HARDING PL,,,,0.00,N,Not at Intersection, ,Non-Junction,None,,,         ,Earl,Davis,Cloudy,Front to Rear,no,no,no,no,no,False
101330285,METROPOLITAN NASHVILLE POLICE DEPT,20160743169,Davidson,Nashville,8/18/2016 8:00:00 AM,2,0,0,36.144380,-86.696740,I 40,,,,0.00,,,,,,,214.90,N,Not at Intersection,N,Non-Junction,None,,,         ,Larry,Benz,Cloudy,Front to Rear,no,no,no,no,no,False
101330288,METROPOLITAN NASHVILLE POLICE DEPT,20160743207,Davidson,Nashville,8/18/2016 9:23:00 AM,2,0,0,36.150150,-86.700200,ACORN DR,,,,0.00,,,ELM HILL PKE,,,,0.00,Y,Four-Way, ,Intersection-Related,None,,,         ,Ralph,Harvey,Cloudy,Not Collision with Motor Vehicle in Transport,no,no,no,no,no,False
101330298,METROPOLITAN NASHVILLE POLICE DEPT,20160743196,Davidson,Nashville,8/18/2016 9:12:00 AM,2,1,0,36.104800,-86.814600,RICHARD JONES RD,,,,0.00,,,HILLSBORO PKE,,,,0.00,Y,Four-Way,N,Intersection,None,,,         ,Justin,Pinkelton,Rain,Angle,no,no,no,no,no,False
101330301,METROPOLITAN NASHVILLE POLICE DEPT,20160743466,Davidson,Nashville,8/18/2016 11:00:00 AM,1,0,0,36.171280,-86.742750,S 16TH ST,,,,48.00,Feet,South,BOSCOBEL ST,,,,0.00,N,Not at Intersection, ,Non-Junction,None,,,         ,Andrew,Ivey,Cloudy,Not Collision with Motor Vehicle in Transport,no,no,no,no,no,False
101330302,METROPOLITAN NASHVILLE POLICE DEPT,20160743601,Davidson,Nashville,8/18/2016 12:14:00 PM,2,0,0,36.159790,-86.674140,HIBBITTS RD,,,,0.00,,,WOODBERRY DR,,,,0.00,Y,Four-Way, ,Intersection-Related,None,,,         ,James,Curtis,Cloudy,Front to Rear,no,no,no,no,no,False