master_record_number,agency,agency_tracking_number,county,city,collision_date,vehicles_involved,number_injured,number_dead,latitude,longitude,roadway_name,roadway_suffix,roadway_number,roadway_local_id,distance_from_reference,miles-feet_indicator,direction_from_reference,intersection_road_name,intersection_road_name_suffix,intersection_road_number,intersection_local_id,mile_marker,intersection_indicator,intersect_type,interchange_related_indicator,relation_to_junction,work_zone_type,construction_maintenance_zone,construction_maintenance_zone_location,fatal_case_number,officer_first_name,officer_last_name,weather_condition(s),manner_of_crash,pedestrian,bicycle,scooter,parking,hitrun,mou
101330313,METROPOLITAN NASHVILLE POLICE DEPT,20160743293,Davidson,Nashville,8/18/2016 8:35:00 AM,2,0,0,36.145950,-86.666600,DONELSON PKE,,,,0.00,,,ROYAL PKWY,,,,0.00,Y,Four-Way, ,Intersection,None,,,         ,James,Curtis,Cloudy,"Sideswipe, Same Direction",no,no,no,no,yes,False
101330315,METROPOLITAN NASHVILLE POLICE DEPT,2016-0743474,Davidson,Nashville,8/18/2016 11:26:00 AM,2,0,0,36.124420,-86.833310,WILSON BLVDS,,,,0.00,,,WOODLAWN DR,,,,0.00,Y,Four-Way, ,Intersection,None,,,         ,Walter,Gray II,Cloudy,Angle,no,no,no,no,no,False
101330323,METROPOLITAN NASHVILLE POLICE DEPT,20160742905,Davidson,Nashville,8/18/2016 7:09:00 AM,2,1,0,36.226310,-86.603190,SHUTE LN,,,,0.00,,,SAUNDERSVILLE RD,,,,0.00,Y,T-Intersection,N,Intersection-Related,None,,,         ,James,Curtis,Rain,Front to Rear,no,no,no,no,no,False
101330325,METROPOLITAN NASHVILLE POLICE DEPT,2016-0743118,Davidson,Nashville,8/18/2016 8:30:00 AM,2,0,0,36.153250,-86.818210,28TH AVN,,,,256.00,Feet,South,CHARLOTTE AV,,,,0.00,N,Not at Intersection, ,Non-Junction,None,,,         ,David,Anderson,Cloudy,"Sideswipe, Same Direction",no,no,no,no,no,False
101330326,METROPOLITAN NASHVILLE POLICE DEPT,20160743170,Davidson,Nashville,8/18/2016 8:02:00 AM,2,0,0,36.153360,-86.812270,25TH AVN,,,,0.00,,,PARMAN PL,,,,0.00,Y,T-Intersection,N,Intersection,None,,,         ,William,Waters,Cloudy,Front to Rear,no,no,no,no,no,False
101330345,METROPOLITAN NASHVILLE POLICE DEPT,20160743568,Davidson,Nashville,8/18/2016 12:07:00 PM,2,1,0,36.144940,-86.666920,DONELSON PKE,,,,0.00,,,,,,,0.00,,,N,Non-Junction,None,,,         ,Wesley,Young,Cloudy,Angle,no,no,no,yes,no,False
101330379,METROPOLITAN NASHVILLE POLICE DEPT,20160742949,Davidson,Nashville,8/18/2016 7:22:00 AM,2,0,0,36.152100,-86.690650,ELM HILL PKE,,,,86.00,Feet,South,BRILEY PKWY N EXT RAMP,,,,0.00,N,Not at Intersection, ,Non-Junction,None,,,         ,Kevin,Coleman,Rain,Angle,no,no,no,no,no,False
101330387,METROPOLITAN NASHVILLE POLICE DEPT,20160743690,Davidson,Nashville,8/18/2016 12:38:00 PM,2,0,0,36.135100,-86.630400,TRAILS END LN,,,,136.00,Feet,West,BELL RD,,,,0.00,N,Not at Intersection, ,Non-Junction,None,,,         ,Wesley,Young,Cloudy,Rear to Rear,no,no,no,no,no,False
101330388,METROPOLITAN NASHVILLE POLICE DEPT,2016-0743805,Davidson,Nashville,8/18/2016 1:30:00 PM,2,0,0,36.113950,-86.810880,WOODMONT BLVD,,,,0.00,,,HILLSBORO PKE,,,,0.00,Y,Four-Way, ,Intersection,None,,,         ,Curtis,Rich,Cloudy,Angle,no,no,no,no,no,False
101330389,METROPOLITAN NASHVILLE POLICE DEPT,20160743666,Davidson,Nashville,8/18/2016 1:16:00 PM,2,0,0,36.095900,-86.702180,ANTIOCH PKE,,,,1445.00,Feet,East,METROPLEX DR,,,,0.00,N,Not at Intersection,N,Non-Junction,None,,,         ,Jessie,Meadows,Clear,Angle,no,no,no,yes,yes,False
101330406,METROPOLITAN NASHVILLE POLICE DEPT,20160741012,Davidson,Nashville,8/17/2016 4:50:00 PM,2,0,0,36.075000,-86.639140,MURFREESBORO PKE,,,,238.00,Feet,North,RURAL HILL RD,,,,0.00,N,Not at Intersection,N,Non-Junction,None,,,         ,Brian,Smith,Clear,Front to Rear,no,no,no,no,no,False
101330411,METROPOLITAN NASHVILLE POLICE DEPT,20160743797,Davidson,Nashville,8/18/2016 1:04:00 PM,2,0,0,36.137490,-86.794260,MAGNOLIA BLVD,,,,0.00,,,16TH AVS,,,,0.00,Y,Y-Intersection, ,Intersection,None,,,         ,Darrell,Osment,Cloudy,Front to Rear,no,no,no,no,no,False
101330412,METROPOLITAN NASHVILLE POLICE DEPT,2016-0743874,Davidson,Nashville,8/18/2016 1:21:00 PM,2,0,0,36.150990,-86.863200,I 40,,,,0.00,,,,,,,203.65,N,Not at Intersection,N,Non-Junction,None,,,         ,Walter,Gray II,Cloudy,"Sideswipe, Same Direction",no,no,no,no,yes,False
101330413,METROPOLITAN NASHVILLE POLICE DEPT,20160737460,Davidson,Nashville,8/16/2016 3:21:00 PM,2,0,0,36.176020,-86.766430,ELLINGTON PKWYS,,,,0.00,,,SPRING ST,,,,0.00,Y,OTHER, ,Non-Junction,None,,,         ,Michael,Wilson,Clear,"Sideswipe, Same Direction",no,no,no,no,no,False
101330414,METROPOLITAN NASHVILLE POLICE DEPT,20160743811,Davidson,Madison,8/18/2016 12:25:00 PM,2,0,0,36.265830,-86.720790,PIMA RD,,,,12.00,Feet,West,WALKER TER,,,,0.00,N,Not at Intersection,N,Non-Junction,None,,,         ,Colin,Bleem,Rain,Angle,no,no,no,no,yes,False
101330425,METROPOLITAN NASHVILLE POLICE DEPT,2016-0743790,Davidson,Nashville,8/18/2016 1:06:00 PM,2,0,0,36.089200,-86.790390,LEALAND LN,,,,0.00,,,,,,,0.00,,, ,,None,,,         ,Shedie,Herbert III,,,no,no,no,yes,no,False
101330440,METROPOLITAN NASHVILLE POLICE DEPT,20160743246,Davidson,Nashville,8/18/2016 9:30:00 AM,2,0,0,36.159960,-86.773900,2ND AVS,,,,25.00,Feet,North,DEMONBREUN ST,,,,0.00,N,Not at Intersection,N,Non-Junction,None,,,         ,Timothy,Powell,Rain,Front to Rear,no,no,no,no,yes,False
101330441,BERRY HILL POLICE DEPT,16-2945,Davidson,Berry Hill,8/17/2016 4:15:00 PM,2,0,0,36.121370,-86.775450,FRANKLIN PKE,,,,0.00,,,,,,,0.00,,Not at Intersection, ,,None,,,         ,Larry,Carter,,,no,no,no,yes,no,False
101330455,VANDERBILT UNIVERSITY POLICE,160743602,Davidson,Nashville,8/18/2016 12:00:00 AM,2,0,0,36.139600,-86.806120,CHILDRENS WAY,,,,0.00,,,,,,,0.00,,Not at Intersection, ,Non-Junction,None,,,         ,Yasemine,Lomax,Clear,Other,no,no,no,yes,yes,Campus
101330464,METROPOLITAN NASHVILLE POLICE DEPT,20160744003,Davidson,Nashville,8/18/2016 2:35:00 PM,2,1,0,36.091260,-86.704050,I 24,,,,0.00,,,,,,,55.30,N,Not at Intersection,N,Non-Junction,None,,,         ,Alyson,Cook,Clear,Front to Rear,no,no,no,no,no,False
101330469,Nashville Airport Police,16-02368,Davidson,Nashville,8/17/2016 6:30:00 PM,2,0,0,36.137010,-86.666060,TERMINAL DR,,,,0.00,,,I40 W ENT RAMP,,,,0.00,Y,OTHER,N,Non-Junction,None,,,         ,Steve,Craig,Clear,Not Collision with Motor Vehicle in Transport,no,no,no,yes,no,False
101330494,METROPOLITAN NASHVILLE POLICE DEPT,2016-0743613,Davidson,Nashville,8/18/2016 11:55:00 AM,2,0,0,36.146840,-86.808630,WEST END AV,,,,0.00,,,25TH AVN,,,,0.00,Y,Four-Way, ,,None,,,         ,Allen,Bates,,,no,no,no,no,no,Campus
101330509,METROPOLITAN NASHVILLE POLICE DEPT,20160744108,Davidson,Nashville,8/18/2016 12:00:00 AM,2,0,0,36.142020,-86.711620,I 40,,,,0.00,,,,,,,214.10,N,Not at Intersection,N,Non-Junction,None,,,         ,Craig,Gentry,Clear,"Sideswipe, Same Direction",no,no,no,no,yes,False
101330514,METROPOLITAN NASHVILLE POLICE DEPT,20160741071,Davidson,Nashville,8/17/2016 5:33:00 PM,2,2,0,36.051780,-86.743170,EDMONDSON PKE,,,,155.00,Feet,South,HUNTINGTON PKWY,,,,0.00,N,Not at Intersection,N,Non-Junction,None,,,         ,Nicholas,Berens,Cloudy,Angle,no,no,no,no,no,False
101330521,METROPOLITAN NASHVILLE POLICE DEPT,20160743056,Davidson,Nashville,8/18/2016 7:56:00 AM,2,0,0,36.215910,-86.872230,BRILEY PKWYS,,,,957.00,Feet,North,BRILEY PKWYN,,,,0.00,N,Not at Intersection, ,,None,,,         ,Royce,McLester,,,no,no,no,no,no,False
101330524,METROPOLITAN NASHVILLE POLICE DEPT,20160741651,Davidson,Nashville,8/17/2016 8:40:00 PM,1,1,0,36.214250,-86.748920,ELLINGTON PKWYS,,,,195.00,Feet,South,ELLINGTON PKWYN,,,,0.00,,Not at Intersection,N,Non-Junction,None,,,         ,Gunes,Akyildiz,Cloudy,Not Collision with Motor Vehicle in Transport,no,no,no,no,no,False
101330537,METROPOLITAN NASHVILLE POLICE DEPT,20160734403,Davidson,Nashville,8/15/2016 6:00:00 PM,2,0,0,36.122150,-86.753230,I 440,,,,0.00,,,,,,,6.15,N,Not at Intersection, ,,None,,,         ,Jose,Salazar,,,no,no,no,no,no,False
101330538,METROPOLITAN NASHVILLE POLICE DEPT,20160744097,Davidson,Not in City Limit,8/18/2016 3:51:00 PM,2,0,0,36.273440,-86.710040,GALLATIN PKEN,,,,0.00,,,ANDERSON LN,,,,0.00,Y,Four-Way, ,Intersection,None,,,         ,Rodney,Phipps,Cloudy,Front to Rear,no,no,no,no,no,False
101330539,METROPOLITAN NASHVILLE POLICE DEPT,20160744139,Davidson,Nashville,8/18/2016 12:00:00 AM,2,1,0,36.157840,-86.760430,I 24,,,,0.00,,,,,,,49.60,N,Not at Intersection,N,Non-Junction,None,,,         ,Derek,Betty,Clear,Front to Rear,no,no,no,no,no,False
101330544,METROPOLITAN NASHVILLE POLICE DEPT,20160744155,Davidson,Nashville,8/18/2016 2:30:00 PM,2,0,0,36.237730,-86.787240,I24 E EXT RAMP,,,,0.00,,,I 24,,,,0.00,Y,T-Intersection,Y,Entrance/Exit Ramp Related,None,,,         ,Charles,Wakefield,Clear,"Sideswipe, Same Direction",no,no,no,no,yes,False
101330548,METROPOLITAN NASHVILLE POLICE DEPT,20160744249,Davidson,Nashville,8/18/2016 4:24:00 PM,2,0,0,36.066530,-86.630310,MURFREESBORO PKE,,,,377.00,Feet,North,HAMILTON CROSSINGS,,,,0.00,N,Not at Intersection, ,Non-Junction,None,,,         ,Tamara,Zurawski,Clear,Front to Rear,no,no,no,no,no,False
101330549,METROPOLITAN NASHVILLE POLICE DEPT,20160740988,Davidson,Nashville,8/17/2016 5:00:00 PM,2,0,0,36.174100,-86.608520,CENTRAL PKE,,,,0.00,Feet,,FRIST BLVD,,,,0.00,Y,Four-Way, ,Intersection-Related,None,,,         ,Nathan,Dungan,Cloudy,Front to Rear,no,no,no,no,no,False
101330557,METROPOLITAN NASHVILLE POLICE DEPT,20160744189,Davidson,Nashville,8/18/2016 3:55:00 PM,2,0,0,36.124570,-86.751950,NOLENSVILLE PKE,,,,170.00,Feet,South,ROSEDALE AV,,,,0.00,N,Not at Intersection,N,Non-Junction,None,,,         ,Jarret,Sonnenberg,Clear,Angle,no,no,no,no,yes,False
101330560,METROPOLITAN NASHVILLE POLICE DEPT,20160744012,Davidson,Nashville,8/18/2016 2:38:00 PM,2,1,0,36.156230,-86.759610,I24 W ENT RAMP,,,,0.62,Miles,South,I 24,,,,0.00,N,Not at Intersection,N,Non-Junction,None,,,         ,Cody,Jaworski,Cloudy,Front to Rear,no,no,no,no,no,False
101330566,METROPOLITAN NASHVILLE POLICE DEPT,20160744238,Davidson,Antioch,8/18/2016 4:14:00 PM,2,0,0,36.015900,-86.620110,OLD HICKORY BLVD,,,,130.00,Feet,North,I24 W EXT RAMP,,,,0.00,N,Not at Intersection, ,Non-Junction,None,,,         ,Larry,Preuett,Cloudy,Front to Rear,no,no,no,no,no,False
101330567,METROPOLITAN NASHVILLE POLICE DEPT,2016-0744138,Davidson,Nashville,8/18/2016 3:38:00 PM,2,1,0,36.153000,-86.857610,BRILEY PKWY,,,,0.00,,,I40 W EXT RAMP,,,,0.00,Y,OTHER,N,Intersection,None,,,         ,Walter,Gray II,Cloudy,Angle,no,no,no,no,no,False
101330572,METROPOLITAN NASHVILLE POLICE DEPT,20160740898,Davidson,Nashville,8/17/2016 3:45:00 PM,2,0,0,36.143110,-86.745320,MURFREESBORO PKE,,,,305.00,Feet,West,FESSLERS LN,,,,0.00,N,Not at Intersection,N,Non-Junction,None,,,         ,Michael,Russell,Clear,Front to Rear,no,no,no,no,no,False
101330579,METROPOLITAN NASHVILLE POLICE DEPT,20160744351,Davidson,Nashville,8/18/2016 4:05:00 PM,2,0,0,36.161600,-86.791760,12TH AVN,,,,0.00,Feet,East,CHARLOTTE AV,,,,0.00,N,Not at Intersection,N,Non-Junction,None,,,         ,Joshua,Hausman,Clear,Front to Rear,no,no,no,no,yes,False
101330580,METROPOLITAN NASHVILLE POLICE DEPT,2016-074186,Davidson,Nashville,8/17/2016 12:00:00 AM,2,0,0,36.161200,-86.792680,GEORGE L DAVIS BLVD,,,,0.00,,,CHARLOTTE AV,,,,0.00,Y,Four-Way,Y,Intersection,None,,,         ,Kendra,Cowper,Clear,Angle,no,no,no,no,no,False
101330581,METROPOLITAN NASHVILLE POLICE DEPT,20160744023,Davidson,Nashville,8/18/2016 2:30:00 PM,2,0,0,36.191780,-86.782680,I 65,,,,0.00,,,,,,,86.20,N,Not at Intersection, ,Non-Junction,Construction Zone,,,         ,Kendra,Cowper,Clear,"Sideswipe, Same Direction",no,no,no,no,no,False
101330583,METROPOLITAN NASHVILLE POLICE DEPT,2016-0744335,Davidson,Nashville,8/18/2016 4:57:00 PM,2,0,0,36.087190,-86.779780,BATTERY LN,,,,571.00,Feet,West,CHURCHWOOD DR,,,,0.00,N,Not at Intersection, ,Non-Junction,None,,,         ,William,King,Clear,Front to Rear,no,no,no,no,no,False
101330585,METROPOLITAN NASHVILLE POLICE DEPT,20160744368,Davidson,Nashville,8/18/2016 4:45:00 PM,2,0,0,36.174890,-86.786220,4TH AVN,,,,90.00,Feet,North,JEFFERSON ST,,,,0.00,N,Not at Intersection, ,Non-Junction,None,,,         ,Michael,Baron,Clear,Front to Rear,no,no,no,no,yes,False
101330590,METROPOLITAN NASHVILLE POLICE DEPT,20160744306,Davidson,Nashville,8/18/2016 5:19:00 PM,2,0,0,36.109630,-86.722240,BRILEY PKWYS,,,,61.00,Feet,East,I24 E ENT RAMP,,,,0.00,N,Not at Intersection, ,Non-Junction,None,,,         ,Jessie,Meadows,Clear,Front to Rear,no,no,no,no,no,False
101330591,METROPOLITAN NASHVILLE POLICE DEPT,20160743969,Davidson,Nashville,8/18/2016 2:25:00 PM,3,2,0,36.045560,-86.711210,OLD HICKORY BLVD,,,,610.00,Feet,East,NOLENSVILLE PKE,,,,0.00,N,Not at Intersection,N,Non-Junction,None,,,         ,Jessie,Meadows,Cloudy,Front to Rear,no,no,no,no,no,False
101330597,THP District 8 - Jackson,816027868,Davidson,Not in City Limit,8/8/2016 6:27:00 AM,2,0,0,36.322630,-86.860830,I 24,,,,0.00,,,,,,,35.40,N,Not at Intersection,N,Non-Junction,None,,,         ,Adam,Prince,Clear,Front to Rear,no,no,no,no,no,False
101330599,METROPOLITAN NASHVILLE POLICE DEPT,20160744321,Davidson,Nashville,8/18/2016 4:53:00 PM,3,4,0,36.139340,-86.733860,MURFREESBORO PKE,,,,271.00,Feet,West,ARLINGTON AV,,,,0.00,N,Not at Intersection,N,Non-Junction,None,,,         ,Thomas,Barnes,Cloudy,Front to Rear,no,no,no,no,no,False
101330604,METROPOLITAN NASHVILLE POLICE DEPT,20160744198,Davidson,Nashville,8/18/2016 4:00:00 PM,2,1,0,36.051590,-86.647480,HICKORY HOLLOW TER,,,,0.00,,,BENT TREE  PVTDR,,,,0.00,Y,OTHER,N,Non-Junction,None,,,         ,Sharissa,Perez,Clear,Angle,no,no,no,no,no,False
101330607,METROPOLITAN NASHVILLE POLICE DEPT,20160744393,Davidson,Nashville,8/18/2016 5:26:00 PM,2,1,0,36.245320,-86.745480,I65 N ENT RAMP,,,,0.00,Feet,East,I 65,,,,0.00,N,Not at Intersection,N,Non-Junction,None,,,         ,Cody,Jaworski,Clear,Front to Rear,no,no,no,no,no,False
101330631,METROPOLITAN NASHVILLE POLICE DEPT,20160744274,Davidson,Nashville,8/18/2016 4:30:00 PM,2,0,0,36.149690,-86.779180,8TH AVS,,,,0.00,,,DIVISION ST,,,,0.00,Y,Four-Way, ,Intersection,None,,,         ,Jason,King,Clear,Front to Rear,no,no,no,no,no,False
101330632,METROPOLITAN NASHVILLE POLICE DEPT,20160744433,Davidson,Nashville,8/18/2016 6:00:00 PM,2,0,0,36.153920,-86.818390,CHARLOTTE AV,,,,53.00,Feet,West,28TH AVN,,,,0.00,N,Not at Intersection, ,Non-Junction,None,,,         ,Akira,McSwain,Clear,Front to Rear,no,no,no,no,no,False
101330645,METROPOLITAN NASHVILLE POLICE DEPT,20160744360,Davidson,Nashville,8/18/2016 4:48:00 PM,2,0,0,36.226310,-86.603190,SAUNDERSVILLE RD,,,,0.00,Feet,,SHUTE LN,,,,0.00,Y,T-Intersection, ,Intersection-Related,None,,,         ,Kyle,Burks,Cloudy,Front to Rear,no,no,no,no,no,False
101330646,METROPOLITAN NASHVILLE POLICE DEPT,20160744392,Davidson,Nashville,8/18/2016 5:35:00 PM,2,0,0,36.227000,-86.603100,SHUTE LN,,,,251.00,Feet,North,SAUNDERSVILLE RD,,,,0.00,N,Not at Intersection,N,Non-Junction,None,,,         ,Kyle,Burks,Cloudy,Front to Rear,no,no,no,no,no,False
101330648,METROPOLITAN NASHVILLE POLICE DEPT,20160744414,Davidson,Nashville,8/18/2016 4:43:00 PM,3,0,0,36.235910,-86.708210,BRILEY PKWYW,,,,680.00,Feet,East,BRILEY PKWYE,,,,0.00,N,Not at Intersection, ,Non-Junction,None,,,         ,Mikala,Moore,Rain,Front to Rear,no,no,no,no,no,False
101330652,METROPOLITAN NASHVILLE POLICE DEPT,20160744429,Davidson,Antioch,8/18/2016 5:28:00 PM,2,0,0,36.049280,-86.651730,BELL RD,,,,0.00,,,HICKORY HOLLOW MALL PVTDR PL,,,,0.00,Y,Four-Way,N,Non-Junction,None,,,         ,Victoria,Cunningham,Cloudy,"Sideswipe, Same Direction",no,no,no,no,no,False
101330664,METROPOLITAN NASHVILLE POLICE DEPT,20160744536,Davidson,Nashville,8/18/2016 5:41:00 PM,2,0,0,36.178760,-86.605150,I40 E EXT RAMP,,,,0.00,Feet,East,OLD HICKORY BLVD,,,,0.00,N,Not at Intersection,N,Non-Junction,None,,,         ,Noah,Melton,Cloudy,Front to Rear,no,no,no,no,no,False
101330666,METROPOLITAN NASHVILLE POLICE DEPT,20160744032,Davidson,Nashville,8/18/2016 2:53:00 PM,2,1,0,36.158290,-86.771890,KOREAN VETERANS BLVD,,,,0.00,,,HERMITAGE AV,,,,0.00,Y,Four-Way,N,Intersection-Related,None,,,         ,Tyler,Hutton,Clear,Front to Rear,no,no,no,no,no,False
101330667,METROPOLITAN NASHVILLE POLICE DEPT,20160744533,Davidson,Nashville,8/18/2016 4:35:00 PM,2,0,0,36.141630,-86.713880,I 40,,,,0.00,,,,,,,214.00,N,Not at Intersection,N,Non-Junction,None,,,         ,Thomas,Barnes,Cloudy,Front to Rear,no,no,no,no,no,False
101330669,METROPOLITAN NASHVILLE POLICE DEPT,20160744400,Davidson,Nashville,8/18/2016 5:20:00 PM,2,0,0,36.170310,-86.797750,I 40,,,,0.00,,,,,,,208.00,N,Not at Intersection, ,Non-Junction,None,,,         ,Eric,Keller,Cloudy,Front to Rear,no,no,no,no,no,False
101330670,METROPOLITAN NASHVILLE POLICE DEPT,20160744396,Davidson,Nashville,8/18/2016 5:15:00 PM,2,0,0,36.172060,-86.767390,JAMES ROBERTSON PKWY,,,,100.00,Feet,West,ELLINGTON PKWY N ENT RAMP,,,,0.00,N,Not at Intersection,N,Non-Junction,None,,,         ,Jonathan,Hadley,Clear,Front to Rear,no,no,no,no,no,False
101330671,BELLE MEADE POLICE DEPT,2016-0238,Davidson,Belle Meade,8/18/2016 5:58:00 PM,2,0,0,36.122310,-86.851320,HILLWOOD BLVD,,,,0.00,,,HARDING PKE,,,,0.00,Y,Four-Way,N,Intersection,None,,,         ,Mack,Mangrum,Cloudy,Front to Rear,no,no,no,no,no,False
101330682,METROPOLITAN NASHVILLE POLICE DEPT,20160744349,Davidson,Nashville,8/18/2016 4:41:00 PM,1,0,0,36.228930,-86.833650,BRILEY PKWYE,,,,192.00,Feet,East,BRILEY PKWYW,,,,0.00,N,Not at Intersection, ,,None,,,         ,Victor,Alexander,,,no,no,no,no,no,False
101330684,METROPOLITAN NASHVILLE POLICE DEPT,2016-0725631,Davidson,Not in City Limit,8/12/2016 12:00:00 AM,3,1,0,36.283590,-86.730080,I 65,,,,0.00,,,,,,,93.65,N,Not at Intersection,N,Non-Junction,None,,,         ,Joel,Callies,Clear,Front to Rear,no,no,no,no,yes,False
101330685,METROPOLITAN NASHVILLE POLICE DEPT,20160744193,Davidson,Not in City Limit,8/18/2016 3:59:00 PM,1,0,0,36.262110,-86.789190,I 24,,,,0.00,,,,,,,41.70,N,Not at Intersection, ,Non-Junction,None,,,         ,Bradley,Campbell,Rain,Not Collision with Motor Vehicle in Transport,no,no,no,no,no,False
101330687,METROPOLITAN NASHVILLE POLICE DEPT,20160744444,Davidson,Nashville,8/18/2016 5:50:00 PM,1,1,0,36.156850,-86.775250,KOREAN VETERANS BLVD,,,,211.00,Feet,East,5TH AVS,,,,0.00,N,Not at Intersection,N,Non-Junction,None,,,         ,Derek,Betty,Clear,Not Collision with Motor Vehicle in Transport,yes,no,no,yes,no,False
101330716,METROPOLITAN NASHVILLE POLICE DEPT,20160744699,Davidson,Nashville,8/18/2016 7:40:00 PM,2,0,0,36.144020,-86.857830,WHITE BRIDGE PKE,,,,268.00,Feet,North,CORBETT LN,,,,0.00,N,Not at Intersection, ,Non-Junction,None,,,         ,Torian,Cox,Clear,"Sideswipe, Same Direction",no,no,no,no,no,False
101330720,BERRY HILL POLICE DEPT,16-2962,Davidson,Berry Hill,8/18/2016 4:50:00 PM,2,0,0,36.126550,-86.777200,FRANKLIN PKE,,,,136.00,Feet,North,CRAIGHEAD ST,,,,0.00,N,Not at Intersection, ,Non-Junction,None,,,         ,John,Gleixner,Cloudy,Rear to Rear,no,no,no,yes,yes,False
101330721,METROPOLITAN NASHVILLE POLICE DEPT,20160744167,Davidson,Nashville,8/18/2016 3:20:00 PM,2,0,0,36.151210,-86.762120,CHARLES E DAVIS BLVD,,,,86.00,Feet,North,CANNON ST,,,,0.00,N,Not at Intersection, ,,None,,,         ,John,Daugherty,,,no,no,no,no,no,False
101330722,METROPOLITAN NASHVILLE POLICE DEPT,20160744425,Davidson,Nashville,8/18/2016 5:35:00 PM,2,1,0,36.215120,-86.597670,LEBANON PKE,,,,0.00,Feet,,ANDREW JACKSON PKWY,,,,0.00,Y,Four-Way,Y,Intersection,None,,,         ,Bradley,McIntyre,Cloudy,Angle,no,no,no,no,no,False
101330729,METROPOLITAN NASHVILLE POLICE DEPT,20160744598,Davidson,Nashville,8/18/2016 6:30:00 PM,2,0,0,36.152530,-86.812870,CENTENNIAL PARK PVTDR,,,,349.00,Feet,South,25TH AVN,,,,0.00,N,Not at Intersection,N,Non-Junction,None,,,         ,Eric,Burford,Clear,Angle,no,no,no,no,yes,False
101330735,Metro Park Police,2016744232,Davidson,Nashville,8/18/2016 3:45:00 PM,2,0,0,36.153630,-86.753610,HERMITAGE AV,,,,0.00,,,DECATUR AV,,,,0.00,Y,T-Intersection, ,Non-Junction,None,,,         ,Martin,Owens,Clear,Front to Rear,no,no,no,no,no,False
101330764,METROPOLITAN NASHVILLE POLICE DEPT,20160744765,Davidson,Nashville,8/18/2016 12:00:00 AM,3,0,0,36.198440,-86.620270,LEBANON PKE,,,,0.00,Feet,,OLD HICKORY BLVD,,,,0.00,Y,Four-Way,N,Intersection-Related,None,,,         ,Craig,Gentry,Clear,Front to Rear,no,no,no,no,no,False
101330786,METROPOLITAN NASHVILLE POLICE DEPT,2016741584,Davidson,Nashville,8/17/2016 8:00:00 PM,2,0,0,36.164940,-86.663790,DONELSON PKE,,,,104.00,Feet,North,BLUEFIELD AV,,,,0.00,N,Not at Intersection, ,,None,,,         ,Bradley,McIntyre,,,no,no,no,no,no,False
101330787,METROPOLITAN NASHVILLE POLICE DEPT,2016-0703722,Davidson,Nashville,8/5/2016 11:30:00 PM,3,0,0,36.169550,-86.600980,OLD HICKORY BLVD,,,,0.00,,,I40 E EXT RAMP,,,,0.00,Y,Four-Way,N,Intersection-Related,None,,,         ,John,Roberson,Clear,Front to Rear,no,no,no,no,yes,False
101330795,METROPOLITAN NASHVILLE POLICE DEPT,2016-0744103,Davidson,Not in City Limit,8/18/2016 3:28:00 PM,3,1,0,36.263510,-86.716190,OLD HICKORY BLVDW,,,,112.00,Feet,East,PEGGY ST,,,,0.00,N,Not at Intersection,N,Non-Junction,None,,,         ,John,Roberson,Cloudy,Front to Rear,no,no,no,no,no,False
101330796,METROPOLITAN NASHVILLE POLICE DEPT,20160744930,Davidson,Nashville,8/18/2016 8:20:00 PM,1,0,0,36.083380,-86.998410,NEWSOM STATION RD,,,,1040.00,Feet,East,ARBOR VISTA DR,,,,0.00,N,Not at Intersection,N,Non-Junction,None,,,         ,Johnathon,Birdwell,Clear,Not Collision with Motor Vehicle in Transport,no,no,no,no,no,False
101330797,METROPOLITAN NASHVILLE POLICE DEPT,20160741696,Davidson,Nashville,8/17/2016 9:04:00 PM,2,3,0,36.069590,-86.693910,HAYWOOD LN,,,,0.00,,,EZELL RD,,,,0.00,Y,Four-Way,N,Intersection,None,,,         ,Oscar,Gomez,Clear,Angle,no,no,no,no,no,False
101330798,METROPOLITAN NASHVILLE POLICE DEPT,20160744527,Davidson,Nashville,8/18/2016 5:00:00 PM,2,0,0,36.046270,-86.676790,BELL RD,,,,746.00,Feet,West,BLUE HOLE RD,,,,0.00,N,Not at Intersection,N,Non-Junction,None,,,         ,Oscar,Gomez,Cloudy,Angle,no,no,no,no,yes,False
101330802,METROPOLITAN NASHVILLE POLICE DEPT,20160744016,Davidson,Nashville,8/18/2016 2:41:00 PM,1,0,0,36.189600,-86.815330,24TH AVN,,,,495.00,Feet,North,DOWLAN ST,,,,0.00,N,Not at Intersection,N,Non-Junction,None,,,         ,Michael,Brooks,Cloudy,Not Collision with Motor Vehicle in Transport,no,no,no,no,no,False
101330803,METROPOLITAN NASHVILLE POLICE DEPT,20160744231,Davidson,Nashville,8/18/2016 4:16:00 PM,2,1,0,36.216080,-86.813180,CHATEAU VALLEY DR,,,,0.00,,,MOORMANS ARM RD,,,,0.00,Y,Four-Way,N,Intersection,None,,,         ,Michael,Brooks,Rain,HeadOn,no,no,no,no,no,False
101330804,METROPOLITAN NASHVILLE POLICE DEPT,20160744144,Davidson,Nashville,8/18/2016 3:19:00 PM,2,0,0,36.166030,-86.807270,ALBION ST,,,,573.00,Feet,West,DR D B TODD JR BLVD,,,,0.00,N,Not at Intersection, ,,None,,,         ,Michael,Brooks,,,no,no,no,no,no,False
101330805,METROPOLITAN NASHVILLE POLICE DEPT,20160744494,Davidson,Not in City Limit,8/18/2016 6:06:00 PM,1,0,0,36.279070,-86.854930,OLD HICKORY BLVD,,,,0.56,Miles,West,SHELLBARK DR,,,,0.00,N,Not at Intersection,N,Non-Junction,None,,,         ,Michael,Brooks,Unknown,Not Collision with Motor Vehicle in Transport,no,no,no,no,yes,False