master_record_number,agency,agency_tracking_number,county,city,collision_date,vehicles_involved,number_injured,number_dead,latitude,longitude,roadway_name,roadway_suffix,roadway_number,roadway_local_id,distance_from_reference,miles-feet_indicator,direction_from_reference,intersection_road_name,intersection_road_name_suffix,intersection_road_number,intersection_local_id,mile_marker,intersection_indicator,intersect_type,interchange_related_indicator,relation_to_junction,work_zone_type,construction_maintenance_zone,construction_maintenance_zone_location,fatal_case_number,officer_first_name,officer_last_name,weather_condition(s),manner_of_crash,pedestrian,bicycle,scooter,parking,hitrun,mou
101330806,METROPOLITAN NASHVILLE POLICE DEPT,20160744980,Davidson,Nashville,8/18/2016 9:13:00 PM,2,0,0,36.192930,-86.790900,GREAT CIRCLE RD,,,,0.00,,,VANTAGE WAY,,,,0.00,Y,Four-Way,N,Intersection,None,,,         ,Michael,Brooks,Clear,Angle,no,no,no,no,no,False
101330807,METROPOLITAN NASHVILLE POLICE DEPT,20160742304,Davidson,Not in City Limit,8/18/2016 12:40:00 AM,1,3,0,36.154830,-86.951460,RIVER ROAD PKE,,,,421.00,Feet,North,RIVER ROAD PKE PVTDR,,,,0.00,N,Not at Intersection,N,Non-Junction,None,,,         ,Aaron,Wigginton,Clear,Not Collision with Motor Vehicle in Transport,no,no,no,no,no,False
101330817,METROPOLITAN NASHVILLE POLICE DEPT,20160745033,Davidson,Nashville,8/18/2016 9:45:00 PM,2,3,0,36.064790,-86.628480,HAMILTON CHURCH RD,,,,0.00,Feet,,MURFREESBORO PKE,,,,0.00,Y,Four-Way,Y,Intersection-Related,None,,,         ,Larry,Preuett,Clear,Angle,no,no,no,no,no,False
101330824,METROPOLITAN NASHVILLE POLICE DEPT,20160745038,Davidson,Nashville,8/18/2016 9:49:00 PM,2,1,0,36.165060,-86.763670,I 24,,,,0.00,,,,,,,49.10,N,Not at Intersection,N,Non-Junction,None,,,         ,James,Smith,Cloudy,Front to Rear,no,no,no,no,no,False
101330828,METROPOLITAN NASHVILLE POLICE DEPT,20160742901,Davidson,Nashville,8/18/2016 12:00:00 AM,2,0,0,36.184160,-86.752980,W EASTLAND AVE,,,,0.00,,,LAURENT ST,,,,0.00,Y,OTHER,N,Non-Junction,None,,,         ,Alex,Moore,Unknown,"Sideswipe, Same Direction",no,no,no,no,yes,False
101330846,METROPOLITAN NASHVILLE POLICE DEPT,20160744666,Davidson,Nashville,8/18/2016 7:00:00 PM,2,0,0,36.151060,-86.750400,I 40,,,,0.00,,,,,,,211.60,N,Not at Intersection,Y,Non-Junction,None,,,         ,Bryan,Byrnes,Clear,"Sideswipe, Same Direction",no,no,no,no,yes,False
101330847,METROPOLITAN NASHVILLE POLICE DEPT,2016-0739089,Davidson,Nashville,8/16/2016 12:00:00 AM,2,0,0,36.152200,-86.791370,DEMONBREUN ST,,,,0.00,,,DIVISION ST,,,,0.00,Y,Roundabout,N,Intersection-Related,None,,,         ,Thomas,Miller,Clear,Front to Rear,no,no,no,no,yes,False
101330860,METROPOLITAN NASHVILLE POLICE DEPT,20160745315,Davidson,Nashville,8/18/2016 11:55:00 PM,1,1,0,36.214550,-86.775460,I 65,,,,0.00,,,,,,,87.90,N,Not at Intersection,N,Non-Junction,None,,,         ,Geoffrey,Daugherty,Clear,Not Collision with Motor Vehicle in Transport,no,no,no,no,no,False
101330865,METROPOLITAN NASHVILLE POLICE DEPT,20160745489,Davidson,Nashville,8/19/2016 1:20:00 AM,1,0,0,36.089410,-86.627370,BELL RD,,,,118.00,Feet,North,NASHBORO BLVD,,,,0.00,N,Not at Intersection,N,Non-Junction,None,,,         ,Bo,Branum,Clear,Not Collision with Motor Vehicle in Transport,no,no,no,no,no,False
101330871,METROPOLITAN NASHVILLE POLICE DEPT,2016-0742787,Davidson,Madison,8/18/2016 6:10:00 AM,2,0,0,36.264060,-86.722980,OLD HICKORY BLVDW,,,,36.00,Feet,East,HICKORY CHASE DR,,,,0.00,N,Not at Intersection, ,Non-Junction,None,,,         ,Devon,Morgan,Clear,"Sideswipe, Same Direction",no,no,no,no,no,False
101330877,METROPOLITAN NASHVILLE POLICE DEPT,20160745664,Davidson,Nashville,8/19/2016 2:46:00 AM,1,1,0,36.134010,-86.758950,NOLENSVILLE PKE,,,,0.00,Feet,,CRAIGHEAD ST,,,,0.00,Y,T-Intersection,N,Intersection-Related,None,,,         ,Steven,Frazier Jr.,Rain,Not Collision with Motor Vehicle in Transport,no,no,no,no,no,False
101330880,METROPOLITAN NASHVILLE POLICE DEPT,20160745436,Davidson,Nashville,8/18/2016 10:03:00 PM,2,0,0,36.160760,-86.793690,CHARLOTTE AV,,,,0.00,,,14TH AVN,,,,0.00,Y,Four-Way, ,Intersection-Related,None,,,         ,Myriah,Iles,Clear,"Sideswipe, Same Direction",no,no,no,no,no,False
101330888,METROPOLITAN NASHVILLE POLICE DEPT,20160732964,Davidson,Nashville,8/15/2016 10:03:00 AM,2,0,0,36.180120,-86.749880,GALLATIN AVE,,,,0.00,,,N 11TH ST,,,,0.00,Y,Y-Intersection,N,Intersection-Related,None,,,         ,Alex,Moore,Clear,Front to Rear,no,no,no,no,no,False
101330890,METROPOLITAN NASHVILLE POLICE DEPT,20160742828,Davidson,Nashville,8/18/2016 6:16:00 AM,2,1,0,36.044770,-86.661530,CANE RIDGE RD,,,,0.00,,,BELL RD,,,,0.00,Y,Four-Way,N,Intersection,None,,,         ,David,Moser,Rain,Front to Rear,no,no,no,no,no,False
101330891,METROPOLITAN NASHVILLE POLICE DEPT,20160742747,Davidson,Nashville,8/18/2016 5:38:00 AM,1,1,0,36.046210,-86.627170,MT VIEW RD,,,,499.00,Feet,East,ASHEFORD TRC,,,,0.00,N,Not at Intersection,N,Non-Junction,None,,,         ,David,Moser,Rain,Not Collision with Motor Vehicle in Transport,yes,no,no,yes,no,False
101330898,METROPOLITAN NASHVILLE POLICE DEPT,20160745748,Davidson,Nashville,8/19/2016 3:40:00 AM,2,0,0,36.164280,-86.819910,28TH AVN,,,,13.00,Feet,North,ALBION ST,,,,0.00,N,Not at Intersection,N,Entrance/Exit Ramp Related,None,,,         ,Benjamin,Leeper,Cloudy,Angle,no,no,no,no,yes,False
101330901,METROPOLITAN NASHVILLE POLICE DEPT,20160745912,Davidson,Nashville,8/19/2016 4:45:00 AM,2,0,0,36.135810,-86.725040,SPENCE LN,,,,3.00,Feet,North,MURFREESBORO PKE,,,,0.00,N,Not at Intersection,N,Entrance/Exit Ramp Related,None,,,         ,Austin,Childress,Rain,Front to Rear,no,no,no,no,yes,False
101330902,METROPOLITAN NASHVILLE POLICE DEPT,20160742277,Davidson,Nashville,8/18/2016 12:00:00 AM,2,0,0,36.210900,-86.775920,I 65,,,,0.00,,,,,,,87.65,N,Not at Intersection, ,Non-Junction,Construction Zone,,,         ,Jessica,Scott,Clear,"Sideswipe, Same Direction",no,no,no,no,no,False
101330903,METROPOLITAN NASHVILLE POLICE DEPT,20160735937,Davidson,Not in City Limit,8/16/2016 5:50:00 AM,3,0,0,36.286280,-86.808970,I 24,,,,0.00,,,,,,,39.75,N,Not at Intersection, ,Non-Junction,None,,,         ,James,Murphy,Clear,Front to Rear,no,no,no,no,no,False
101330906,METROPOLITAN NASHVILLE POLICE DEPT,20160745982,Davidson,Nashville,8/19/2016 5:40:00 AM,1,0,0,36.167590,-86.610470,I40 W ENT RAMP,,,,817.00,Feet,West,I 40,,,,0.00,N,Not at Intersection,N,Entrance/Exit Ramp Related,None,,,         ,Justin,Franklin,Rain,Not Collision with Motor Vehicle in Transport,no,no,no,no,no,False
101330907,METROPOLITAN NASHVILLE POLICE DEPT,2016-0742822,Davidson,Nashville,8/18/2016 6:20:00 AM,1,0,0,36.043170,-86.781830,I 65,,,,0.00,,,,,,,74.90,N,Not at Intersection,N,Non-Junction,None,,,         ,Thomas,Miller,Rain,Not Collision with Motor Vehicle in Transport,no,no,no,no,no,False
101330909,METROPOLITAN NASHVILLE POLICE DEPT,20160745913,Davidson,Nashville,8/19/2016 5:12:00 AM,2,2,0,36.045480,-86.647290,CROSSINGS BLVD,,,,0.00,,,MT VIEW RD,,,,0.00,Y,Four-Way,N,Intersection,None,,,         ,Blaze,Williams,Rain,Angle,no,no,no,no,no,False
101330916,METROPOLITAN NASHVILLE POLICE DEPT,2016-0743513,Davidson,Nashville,8/18/2016 11:44:00 AM,2,0,0,36.133260,-86.727130,I 24,,,,0.00,,,,,,,52.00,N,Not at Intersection, ,Non-Junction,None,,,         ,William,Whitworth,Cloudy,Front to Rear,no,no,no,no,no,False
101330928,METROPOLITAN NASHVILLE POLICE DEPT,20160709201,Davidson,Nashville,8/8/2016 8:01:00 AM,2,1,0,36.182490,-86.761750,ELLINGTON PKWYS,,,,163.00,Feet,South,ELLINGTON PKWYN,,,,0.00,N,Not at Intersection,N,Non-Junction,None,,,         ,Christopher,Lo,Cloudy,Front to Rear,no,no,no,no,no,False
101330934,METROPOLITAN NASHVILLE POLICE DEPT,2016-0746090,Davidson,Nashville,8/19/2016 6:33:00 AM,2,0,0,36.045240,-86.648290,CROSSINGS BLVD,,,,289.00,Feet,East,CROSSINGS PL,,,,0.00,N,Not at Intersection, ,Non-Junction,None,,,         ,William,Whitworth,Rain,"Sideswipe, Same Direction",no,no,no,no,no,False
101330935,METROPOLITAN NASHVILLE POLICE DEPT,2016-0746137,Davidson,Nashville,8/19/2016 7:11:00 AM,2,0,0,36.122150,-86.807170,I440 E EXT RAMP,,,,0.00,,,I 440,,,,0.00,Y,T-Intersection, ,Intersection,None,,,         ,Curtis,Rich,Cloudy,Front to Rear,no,no,no,no,no,False
101330965,METROPOLITAN NASHVILLE POLICE DEPT,20160746052,Davidson,Madison,8/19/2016 6:25:00 AM,3,0,0,36.261430,-86.738150,I65 N EXT RAMP,,,,0.00,Feet,East,I 65,,,,0.00,N,Not at Intersection, ,Non-Junction,None,,,         ,Devon,Morgan,Rain,"Sideswipe, Same Direction",no,no,no,no,yes,False
101330968,METROPOLITAN NASHVILLE POLICE DEPT,20160743084,Davidson,Nashville,8/18/2016 8:15:00 AM,2,0,0,36.142000,-86.675240,I 40,,,,0.00,,,,,,,215.00,N,Not at Intersection, ,,None,,,         ,Larry,Benz,,,no,no,no,no,no,False
101330969,METROPOLITAN NASHVILLE POLICE DEPT,20160746182,Davidson,Nashville,8/19/2016 7:35:00 AM,2,1,0,36.085060,-86.754610,ELYSIAN FIELDS RD,,,,250.00,Feet,East,TROUSDALE DR,,,,0.00,N,Not at Intersection,N,Non-Junction,None,,,         ,Earl,Davis,Rain,Front to Rear,no,no,no,no,no,False
101330971,METROPOLITAN NASHVILLE POLICE DEPT,20160746130,Davidson,Nashville,8/19/2016 7:12:00 AM,2,0,0,36.079490,-86.644600,EDGE O LAKE DR,,,,0.00,,,MURFREESBORO PKE,,,,0.00,Y,Four-Way, ,Intersection,None,,,         ,Blake,Lutz,Smog/Smoke,Front to Rear,no,no,no,no,yes,False
101330977,METROPOLITAN NASHVILLE POLICE DEPT,20160746286,Davidson,Nashville,8/19/2016 8:10:00 AM,2,1,0,36.115790,-86.782540,I 440,,,,0.00,,,,,,,4.40,N,Not at Intersection,N,Non-Junction,None,,,         ,Justin,Pinkelton,Rain,Front to Rear,no,no,no,no,no,False
101330978,METROPOLITAN NASHVILLE POLICE DEPT,2016-0746231,Davidson,Nashville,8/19/2016 7:54:00 AM,2,0,0,36.044970,-86.665300,BELL RD,,,,520.00,Feet,North,CEDAR POINTE PKWY,,,,0.00,N,Not at Intersection, ,Non-Junction,None,,,         ,William,Whitworth,Rain,Front to Rear,no,no,no,no,no,False
101331000,METROPOLITAN NASHVILLE POLICE DEPT,20160746098,Davidson,Nashville,8/19/2016 7:00:00 AM,3,0,0,36.215030,-86.747950,ELLINGTON PKWYN,,,,0.00,,,ELLINGTON PKWY N EXT RAMP,,,,0.00,Y,OTHER,N,Non-Junction,None,,,         ,Randal,Owsley,Rain,Front to Rear,no,no,no,no,no,False
101331002,METROPOLITAN NASHVILLE POLICE DEPT,20160742929,Davidson,Nashville,8/18/2016 7:19:00 AM,2,0,0,36.163480,-86.824800,ALBION ST,,,,0.00,,,32ND AVN,,,,0.00,Y,T-Intersection,N,Non-Junction,None,,,         ,Darryl,Morton,Cloudy,"Sideswipe, Same Direction",no,no,no,no,yes,False
101331006,METROPOLITAN NASHVILLE POLICE DEPT,20160744095,Davidson,Nashville,8/18/2016 3:23:00 PM,2,0,0,36.143880,-86.747600,PARRIS AV,,,,0.00,,,MURFREESBORO PKE,,,,0.00,Y,T-Intersection, ,Intersection,None,,,         ,Wesley,Young,Clear,Angle,no,no,no,no,no,False
101331007,METROPOLITAN NASHVILLE POLICE DEPT,20160746339,Davidson,Nashville,8/19/2016 7:45:00 AM,2,0,0,36.059420,-86.716280,NOLENSVILLE PKE,,,,130.00,Feet,North,TUSCULUM RD,,,,0.00,N,Not at Intersection, ,Non-Junction,None,,,         ,Rickie,Corman,Rain,Front to Rear,no,no,no,no,no,False
101331009,METROPOLITAN NASHVILLE POLICE DEPT,20160746369,Davidson,Nashville,8/19/2016 8:55:00 AM,2,0,0,36.115790,-86.782540,I 440,,,,0.00,,,,,,,4.40,N,Not at Intersection, ,Entrance/Exit Ramp Related,None,,,         ,Justin,Pinkelton,Rain,Front to Rear,no,no,no,no,no,False
101331010,METROPOLITAN NASHVILLE POLICE DEPT,20160746289,Davidson,Nashville,8/19/2016 8:15:00 AM,3,0,0,36.215950,-86.837700,CLARKSVILLE PKE,,,,581.00,Feet,North,CEDAR CIR,,,,0.00,N,Not at Intersection, ,Non-Junction,None,,,         ,John,Tyree,Rain,Front to Rear,no,no,no,no,no,False
101331015,METROPOLITAN NASHVILLE POLICE DEPT,20160746161,Davidson,Nashville,8/19/2016 7:30:00 AM,2,0,0,36.082730,-86.689190,EZELL RD,,,,256.00,Feet,South,EZELL PKE,,,,0.00,N,Not at Intersection, ,,None,,,         ,Thomas,White,,,no,no,no,no,no,False
101331016,METROPOLITAN NASHVILLE POLICE DEPT,20160746338,Davidson,Nashville,8/19/2016 7:40:00 AM,2,0,0,36.060470,-86.716480,NOLENSVILLE PKE,,,,138.00,Feet,North,STRASSER DR,,,,0.00,N,Not at Intersection, ,,None,,,         ,Thomas,White,,,no,no,no,no,no,False
101331018,METROPOLITAN NASHVILLE POLICE DEPT,20160746282,Davidson,Nashville,8/19/2016 8:12:00 AM,2,0,0,36.156750,-86.618280,BELL RD,,,,0.00,,,STONES RIVER GRNWY,,,,0.00,Y,OTHER, ,Non-Junction,None,,,         ,Wesley,Young,Rain,Front to Rear,no,no,no,no,no,False
101331019,METROPOLITAN NASHVILLE POLICE DEPT,20160746264,Davidson,Nashville,8/19/2016 8:08:00 AM,2,0,0,36.185000,-86.810410,15TH AVN,,,,4.00,Feet,North,CASS ST,,,,0.00,N,Not at Intersection, ,Non-Junction,None,,,         ,Ernie,Wilson,Rain,Angle,no,no,no,no,no,False
101331022,METROPOLITAN NASHVILLE POLICE DEPT,20160746297,Davidson,Nashville,8/19/2016 8:13:00 AM,2,0,0,36.015550,-86.700730,SUGAR VALLEY DR,,,,0.00,,,SUNNYWOOD DR,,,,0.00,Y,T-Intersection, ,Intersection,None,,,         ,Randall,Combs,Rain,Front to Rear,no,no,no,no,no,False
101331028,METROPOLITAN NASHVILLE POLICE DEPT,20160746394,Davidson,Nashville,8/19/2016 9:10:00 AM,1,0,0,36.161340,-86.597130,BELL RD,,,,0.00,,,OLD HICKORY BLVD,,,,0.00,Y,T-Intersection, ,Non-Junction,None,,,         ,John,Deiterick,Rain,Not Collision with Motor Vehicle in Transport,no,no,no,no,no,False
101331030,METROPOLITAN NASHVILLE POLICE DEPT,2016-0740487,Davidson,Nashville,8/17/2016 1:24:00 PM,2,1,0,36.057450,-86.685660,ALGONQUIN TRL,,,,366.00,Feet,South,KAREN RAY DR,,,,0.00,N,Not at Intersection,N,"Driveway, Alley Access, etc",None,,,         ,William,Whitworth,Cloudy,Angle,no,no,no,no,no,False
101331031,METROPOLITAN NASHVILLE POLICE DEPT,2016-0746374,Davidson,Nashville,8/19/2016 8:20:00 AM,2,0,0,36.054420,-86.667270,HICKORY HOLLOW PKWY,,,,1496.00,Feet,East,MT VIEW RD,,,,0.00,N,Not at Intersection,N,Non-Junction,None,,,         ,William,Whitworth,Rain,Not Collision with Motor Vehicle in Transport,no,no,no,no,yes,False
101331032,METROPOLITAN NASHVILLE POLICE DEPT,20160733445,Davidson,Nashville,8/15/2016 12:47:00 PM,2,0,0,36.155820,-86.795920,17TH AVN,,,,0.00,,,CHURCH ST,,,,0.00,Y,Four-Way, ,Intersection-Related,None,,,         ,Nathan,Smith,Clear,Front to Rear,no,no,no,no,no,False
101331033,METROPOLITAN NASHVILLE POLICE DEPT,20160733624,Davidson,Nashville,8/15/2016 1:55:00 PM,2,1,0,36.125280,-86.790080,BEECHWOOD AV,,,,0.00,,,,,,,0.00,,,N,Intersection,None,,,         ,Nathan,Smith,Clear,Angle,no,no,no,no,no,False
101331035,METROPOLITAN NASHVILLE POLICE DEPT,20160746229,Davidson,Nashville,8/19/2016 8:01:00 AM,2,0,0,36.208240,-86.767400,DICKERSON PKE,,,,0.00,,,GRIZZARD AV,,,,0.00,Y,T-Intersection, ,Intersection-Related,None,,,         ,Richard,Conger,Rain,Angle,no,no,no,no,no,False
101331038,METROPOLITAN NASHVILLE POLICE DEPT,20160746337,Davidson,Nashville,8/19/2016 7:50:00 AM,2,0,0,36.066040,-86.680830,ANTIOCH PKE,,,,276.00,Feet,West,REEVES RD,,,,0.00,N,Not at Intersection, ,Non-Junction,None,,,         ,Blake,Lutz,Rain,Front to Rear,no,no,no,no,no,False
101331042,METROPOLITAN NASHVILLE POLICE DEPT,2016-0746351,Davidson,Nashville,8/19/2016 8:35:00 AM,1,0,0,36.166990,-86.777160,UNION ST,,,,0.00,,,1ST AVN,,,,0.00,Y,OTHER,N,Intersection-Related,None,,,         ,Charles,Coe,Rain,Not Collision with Motor Vehicle in Transport,no,no,no,no,no,False
101331046,METROPOLITAN NASHVILLE POLICE DEPT,2016-0743971,Davidson,Nashville,8/18/2016 2:35:00 PM,2,0,0,36.136830,-86.775840,I 65,,,,0.00,,,,,,,81.60,N,Not at Intersection, ,Non-Junction,None,,,         ,Jonathan,Seidl,Clear,Not Collision with Motor Vehicle in Transport,no,no,no,no,no,False
101331059,METROPOLITAN NASHVILLE POLICE DEPT,20160746495,Davidson,Nashville,8/19/2016 9:10:00 AM,2,0,0,36.068640,-86.719650,NOLENSVILLE PKE,,,,250.00,Feet,North,HAYWOOD LN,,,,0.00,N,Not at Intersection, ,Non-Junction,None,,,         ,Earl,Davis,Rain,"Sideswipe, Same Direction",no,no,no,no,no,False
101331062,METROPOLITAN NASHVILLE POLICE DEPT,20160746404,Davidson,Nashville,8/19/2016 8:12:00 AM,2,0,0,36.063420,-86.749130,MARCHANT DR,,,,0.00,,,MANLEY DR,,,,0.00,Y,T-Intersection, ,Intersection-Related,None,,,         ,Kevin,Crawford,Rain,Front to Rear,no,no,no,no,no,False
101331063,METROPOLITAN NASHVILLE POLICE DEPT,20160746095,Davidson,Nashville,8/19/2016 6:50:00 AM,3,0,0,36.178820,-86.795270,HUME ST,,,,20.00,Feet,West,ROSA L PARKS BLVD,,,,0.00,N,Not at Intersection,N,Non-Junction,None,,,         ,Darryl,Morton,Cloudy,Front to Rear,no,no,no,no,yes,False
101331067,METROPOLITAN NASHVILLE POLICE DEPT,20160746463,Davidson,Nashville,8/19/2016 9:29:00 AM,2,0,0,36.084410,-86.711620,TAMPA DR,,,,0.00,,,SPARTAN DR,,,,0.00,Y,T-Intersection, ,,Work Zone,,,         ,Robert,Erickson,,,no,no,no,no,no,False
101331080,METROPOLITAN NASHVILLE POLICE DEPT,2016-0746373,Davidson,Nashville,8/19/2016 8:49:00 AM,2,0,0,36.070030,-86.698800,EAST RIDGE DR,,,,0.00,,,HAYWOOD LN,,,,0.00,Y,Four-Way, ,Intersection,None,,,         ,William,Whitworth,Rain,Front to Rear,no,no,no,no,no,False
101331089,METROPOLITAN NASHVILLE POLICE DEPT,20160746057,Davidson,Nashville,8/19/2016 7:00:00 AM,2,0,0,36.087430,-86.692210,ANTIOCH PKE,,,,0.00,,,HARDING PL,,,,0.00,Y,Four-Way, ,Intersection-Related,None,,,         ,Andrew,Swint,Rain,"Sideswipe, Opposite Direction",no,no,no,no,no,False
101331090,METROPOLITAN NASHVILLE POLICE DEPT,20160746556,Davidson,Nashville,8/19/2016 10:20:00 AM,2,0,0,36.070090,-86.636770,BELL RD,,,,673.00,Feet,South,MURFREESBORO PKE,,,,0.00,N,Not at Intersection, ,Non-Junction,None,,,         ,Blake,Lutz,Rain,Angle,no,no,no,no,yes,False
101331093,METROPOLITAN NASHVILLE POLICE DEPT,20160746390,Davidson,Nashville,8/19/2016 9:00:00 AM,2,1,0,36.248600,-86.728630,DUE WEST AVW,,,,0.00,Feet,,SAUNDERS AV,,,,0.00,Y,Four-Way,Y,Intersection-Related,None,,,         ,Peter,Lynch,Rain,Front to Rear,no,no,no,no,no,False
101331096,METROPOLITAN NASHVILLE POLICE DEPT,20160746555,Davidson,Nashville,8/19/2016 10:16:00 AM,2,0,0,36.071870,-86.636180,MURFREESBORO PKE,,,,0.00,,,BELL RD,,,,0.00,Y,Four-Way, ,Intersection,None,,,         ,Wesley,Young,Rain,Front to Rear,no,no,no,no,no,False
101331102,METROPOLITAN NASHVILLE POLICE DEPT,2016-0746656,Davidson,Nashville,8/19/2016 11:00:00 AM,2,0,0,36.074230,-86.921780,HIGHWAY 70S,,,,63.00,Feet,East,OLD HARDING PKE,,,,0.00,N,Not at Intersection, ,Non-Junction,None,,,         ,Curtis,Rich,Rain,Front to Rear,no,no,no,no,yes,False
101331109,METROPOLITAN NASHVILLE POLICE DEPT,20160746454,Davidson,Nashville,8/19/2016 9:33:00 AM,1,0,0,36.096130,-86.636990,SMITH SPRINGS RD,,,,1200.00,Feet,East,UNA RECREATION RD,,,,0.00,N,Not at Intersection, ,Non-Junction,None,,,         ,Wesley,Young,Rain,Not Collision with Motor Vehicle in Transport,no,no,no,no,no,False
101331121,METROPOLITAN NASHVILLE POLICE DEPT,20160746379,Davidson,Nashville,8/19/2016 9:00:00 AM,2,1,0,36.145920,-86.653450,MCCRORY CREEK RD,,,,846.00,Feet,East,HURT DR,,,,0.00,N,Not at Intersection,N,Non-Junction,None,,,         ,Larry,Benz,Rain,HeadOn,no,no,no,no,no,False
101331122,METROPOLITAN NASHVILLE POLICE DEPT,20160746407,Davidson,Nashville,8/19/2016 9:15:00 AM,2,3,0,36.154920,-86.762140,I40 W ENT RAMP,,,,20.00,Feet,West,HERMITAGE AV,,,,0.00,N,Not at Intersection,N,Non-Junction,None,,,         ,Robert,Magner,Rain,Front to Rear,no,no,no,no,no,False
101331130,METROPOLITAN NASHVILLE POLICE DEPT,20160746191,Davidson,Nashville,8/19/2016 7:46:00 AM,2,1,0,36.255900,-86.738530,I 65,,,,0.00,,,,,,,91.65,N,Not at Intersection,N,Non-Junction,None,,,         ,Colin,Bleem,Rain,Front to Rear,no,no,no,no,no,False
101331138,METROPOLITAN NASHVILLE POLICE DEPT,20160746697,Davidson,Nashville,8/19/2016 11:40:00 AM,2,0,0,36.085410,-86.755190,TROUSDALE DR,,,,55.00,Feet,North,ELYSIAN FIELDS RD,,,,0.00,N,Not at Intersection, ,Non-Junction,None,,,         ,Earl,Davis,Rain,Front to Rear,no,no,no,no,no,False
101331151,METROPOLITAN NASHVILLE POLICE DEPT,2016-0743923,Davidson,Nashville,8/18/2016 1:47:00 PM,2,0,0,36.153500,-86.793740,BROADWAY,,,,121.00,Feet,North,17TH AVS,,,,0.00,N,Not at Intersection, ,Non-Junction,None,,,         ,David,Anderson,Cloudy,"Sideswipe, Same Direction",no,no,no,no,no,False
101331154,METROPOLITAN NASHVILLE POLICE DEPT,20160746606,Davidson,Nashville,8/19/2016 9:40:00 AM,1,0,0,36.025300,-86.615740,OLD HICKORY,BLVD,SR254,,300.00,Feet,West,CANE RIDGE SCHOOL,,SR,CANE RIDGE SCHOOL,0.00,N,Not at Intersection,N,Non-Junction,None,,,         ,Kenneth,Alexandrow,Rain,Not Collision with Motor Vehicle in Transport,no,no,no,no,no,False
101331158,METROPOLITAN NASHVILLE POLICE DEPT,20160743885,Davidson,Nashville,8/18/2016 2:04:00 PM,3,0,0,36.264450,-86.732280,OLD HICKORY BLVDW,,,,0.00,,,S GRAYCROFT AV,,,,0.00,Y,Four-Way,N,Intersection,None,,,         ,Kevin,Coleman,Clear,Angle,no,no,no,no,no,False
101331159,METROPOLITAN NASHVILLE POLICE DEPT,20160746769,Davidson,Nashville,8/19/2016 11:55:00 AM,2,0,0,36.124670,-86.806210,I440 W ENT RAMP,,,,0.00,Feet,East,I440 W EXT RAMP,,,,0.00,N,Not at Intersection, ,Entrance/Exit Ramp Related,None,,,         ,Justin,Pinkelton,Cloudy,Front to Rear,no,no,no,no,no,False
101331165,METROPOLITAN NASHVILLE POLICE DEPT,20160746105,Davidson,Not in City Limit,8/19/2016 7:31:00 AM,2,0,0,36.320130,-86.850170,I 24,,,,0.00,,,,,,,36.00,N,Not at Intersection, ,,None,,,         ,James,Wray,,,no,no,no,no,no,False
101331166,METROPOLITAN NASHVILLE POLICE DEPT,20160746591,Davidson,Nashville,8/19/2016 10:58:00 AM,2,0,0,36.148390,-86.766440,2ND AVS,,,,50.00,Feet,South,CAMERON ST,,,,0.00,N,Not at Intersection, ,Non-Junction,None,,,         ,Jessie,Meadows,Rain,"Sideswipe, Same Direction",no,no,no,no,no,False
101331167,METROPOLITAN NASHVILLE POLICE DEPT,20160746676,Davidson,Nashville,8/19/2016 11:31:00 AM,1,1,0,36.028250,-86.648030,CANE RIDGE RD,,,,322.00,Feet,East,OLD FRANKLIN RD,,,,0.00,N,Not at Intersection,N,Non-Junction,None,,,         ,Jessie,Meadows,Rain,Not Collision with Motor Vehicle in Transport,no,no,no,no,no,False
101331172,METROPOLITAN NASHVILLE POLICE DEPT,20160730380,Davidson,Nashville,8/14/2016 11:40:00 AM,2,0,0,36.235830,-86.758220,DICKERSON PKE,,,,268.00,Feet,North,HOMESTEAD RD,,,,0.00,N,Not at Intersection, ,Non-Junction,None,,,         ,Randall,Smith,Clear,Front to Rear,no,no,no,no,no,False
101331174,METROPOLITAN NASHVILLE POLICE DEPT,20160746230,Davidson,Nashville,8/19/2016 7:52:00 AM,2,0,0,36.115750,-86.781490,I 440,,,,0.00,,,,,,,4.45,N,Not at Intersection, ,Non-Junction,None,,,         ,Nathan,Smith,Rain,Front to Rear,no,no,no,no,no,False
101331175,METROPOLITAN NASHVILLE POLICE DEPT,20160746427,Davidson,Nashville,8/19/2016 9:24:00 AM,2,0,0,36.110150,-86.770390,I 65,,,,0.00,,,,,,,79.75,N,Not at Intersection,N,Non-Junction,None,,,         ,Nathan,Smith,Rain,Front to Rear,no,no,no,no,no,False
101331176,METROPOLITAN NASHVILLE POLICE DEPT,2016-0746709,Davidson,Nashville,8/19/2016 11:55:00 AM,2,0,0,36.108680,-86.812130,GLEN ECHO RD,,,,0.00,,,HILLSBORO PKE,,,,0.00,Y,Four-Way, ,Intersection,None,,,         ,Curtis,Rich,Cloudy,Angle,no,no,no,no,no,False