master_record_number,agency,agency_tracking_number,county,city,collision_date,vehicles_involved,number_injured,number_dead,latitude,longitude,roadway_name,roadway_suffix,roadway_number,roadway_local_id,distance_from_reference,miles-feet_indicator,direction_from_reference,intersection_road_name,intersection_road_name_suffix,intersection_road_number,intersection_local_id,mile_marker,intersection_indicator,intersect_type,interchange_related_indicator,relation_to_junction,work_zone_type,construction_maintenance_zone,construction_maintenance_zone_location,fatal_case_number,officer_first_name,officer_last_name,weather_condition(s),manner_of_crash,pedestrian,bicycle,scooter,parking,hitrun,mou
101331181,METROPOLITAN NASHVILLE POLICE DEPT,20160746679,Davidson,Not in City Limit,8/19/2016 11:26:00 AM,2,2,0,36.015350,-86.705640,NOLENSVILLE PKE,,,,12.00,Feet,South,SUGAR VALLEY DR,,,,0.00,N,Not at Intersection,Y,Non-Junction,None,,,         ,Gary,Sneed,Rain,Angle,no,no,no,no,no,False
101331184,METROPOLITAN NASHVILLE POLICE DEPT,20160746636,Davidson,Nashville,8/19/2016 12:00:00 AM,1,0,0,36.302890,-86.806890,LICKTON PKE,,,,171.00,Feet,South,CROCKER SPRINGS RD,,,,0.00,N,Not at Intersection,N,Non-Junction,None,,,         ,Spencer,Pittman,Unknown,Not Collision with Motor Vehicle in Transport,no,no,no,no,yes,False
101331188,METROPOLITAN NASHVILLE POLICE DEPT,2016-0743639,Davidson,Nashville,8/18/2016 11:25:00 AM,2,0,0,36.150370,-86.795740,19TH AVS,,,,41.00,Feet,South,DIVISION ST,,,,0.00,N,Not at Intersection, ,Non-Junction,None,,,         ,David,Anderson,Cloudy,"Sideswipe, Opposite Direction",no,no,no,no,no,False
101331195,METROPOLITAN NASHVILLE POLICE DEPT,20160743220,Davidson,Nashville,8/19/2016 9:20:00 AM,2,0,0,36.132650,-86.727160,I 24,,,,0.00,,,,,,,52.00,N,Not at Intersection, ,,None,,,         ,Todd,Watson,,,no,no,no,no,no,False
101331199,METROPOLITAN NASHVILLE POLICE DEPT,20160746827,Davidson,Nashville,8/19/2016 12:15:00 PM,2,0,0,36.032600,-86.769200,CHURCH STE,,,,50.00,Feet,West,CLOVERLAND DR,,,,0.00,N,Not at Intersection,N,Non-Junction,None,,,         ,Earl,Davis,Rain,Front to Rear,no,no,no,no,no,False
101331201,METROPOLITAN NASHVILLE POLICE DEPT,20160746704,Davidson,Nashville,8/19/2016 11:39:00 AM,1,0,0,36.212930,-86.775660,I 65,,,,0.00,,,,,,,87.80,N,Not at Intersection,Y,Non-Junction,None,,,         ,Michael,McCord,Rain,Not Collision with Motor Vehicle in Transport,no,no,no,no,no,False
101331211,METROPOLITAN NASHVILLE POLICE DEPT,20160746869,Davidson,Nashville,8/19/2016 12:35:00 PM,1,0,0,36.230660,-86.748410,ELLINGTON PKWY S EXT RAMP,,,,0.00,,,BROADMOOR DR,,,,0.00,Y,T-Intersection,Y,Entrance/Exit Ramp Related,None,,,         ,Randall,Smith,Rain,Not Collision with Motor Vehicle in Transport,no,no,no,no,no,False
101331213,METROPOLITAN NASHVILLE POLICE DEPT,2016-0746505,Davidson,Not in City Limit,8/19/2016 9:56:00 AM,2,0,0,36.112130,-86.929510,SAWYER BROWN RD,,,,77.00,Feet,South,CHARLOTTE PKE,,,,0.00,N,Not at Intersection, ,Non-Junction,None,,,         ,Walter,Gray II,Rain,Front to Rear,no,no,no,no,no,False
101331215,METROPOLITAN NASHVILLE POLICE DEPT,20160746725,Davidson,Nashville,8/19/2016 11:50:00 AM,1,0,0,36.161390,-86.813380,BATAVIA ST,,,,286.00,Feet,East,25TH AVN,,,,0.00,N,Not at Intersection, ,Non-Junction,None,,,         ,Nathan,Mayo,Rain,Not Collision with Motor Vehicle in Transport,no,no,no,no,yes,False
101331226,METROPOLITAN NASHVILLE POLICE DEPT,20160746871,Davidson,Nashville,8/19/2016 12:00:00 AM,2,0,0,36.161310,-86.760690,I 24,,,,0.00,,,,,,,49.40,N,Not at Intersection,N,Non-Junction,None,,,         ,Daniel,Russett,Cloudy,"Sideswipe, Same Direction",no,no,no,no,yes,False
101331228,METROPOLITAN NASHVILLE POLICE DEPT,2016-0746900,Davidson,Nashville,8/19/2016 12:00:00 PM,2,0,0,36.126520,-86.845440,HARDING PKE,,,,15.00,Feet,East,RIDGEFIELD WAY,,,,0.00,N,Not at Intersection,N,Non-Junction,None,,,         ,Curtis,Rich,Cloudy,Angle,no,no,no,no,no,False
101331230,METROPOLITAN NASHVILLE POLICE DEPT,20160746698,Davidson,Nashville,8/19/2016 11:40:00 AM,2,0,0,36.069420,-86.729890,BONERWOOD DR,,,,0.00,,,WHISPERING HILLS DR,,,,0.00,Y,T-Intersection, ,Intersection,None,,,         ,Kevin,Crawford,Rain,Angle,no,no,no,no,no,False
101331238,METROPOLITAN NASHVILLE POLICE DEPT,20160746819,Davidson,Nashville,8/19/2016 11:52:00 AM,2,0,0,36.186580,-86.840730,COUNTY HOSPITAL RD,,,,1073.00,Feet,North,HYDES FERRY RD,,,,0.00,N,Not at Intersection,N,Non-Junction,None,,,         ,John,Tyree,Rain,Front to Rear,no,no,no,no,no,False
101331240,METROPOLITAN NASHVILLE POLICE DEPT,20160746842,Davidson,Nashville,8/19/2016 12:25:00 PM,1,0,0,36.197830,-86.735500,NORTHVIEW AV,,,,516.00,Feet,South,OTAY ST,,,,0.00,N,Not at Intersection,N,Non-Junction,None,,,         ,Andrew,Ivey,Cloudy,Not Collision with Motor Vehicle in Transport,no,no,no,yes,no,False
101331241,METROPOLITAN NASHVILLE POLICE DEPT,20160746865,Davidson,Nashville,8/19/2016 12:30:00 PM,2,0,0,36.171410,-86.873740,CENTENNIAL BOULEVARD RAMP,,,,0.00,,,CENTENNIAL BLVD,,,,0.00,Y,Four-Way, ,Intersection,None,,,         ,Michael,Pyle,Cloudy,Front to Rear,no,no,no,no,no,False
101331246,METROPOLITAN NASHVILLE POLICE DEPT,20160746421,Davidson,Nashville,8/19/2016 9:10:00 AM,1,0,0,36.191010,-86.838670,HYDES FERRY RD,,,,0.00,Feet,East,MANCHESTER AV,,,,0.00,N,Not at Intersection,N,Non-Junction,None,,,         ,Royce,McLester,Rain,Not Collision with Motor Vehicle in Transport,no,no,no,no,no,False
101331248,BERRY HILL POLICE DEPT,16-2976,Davidson,Berry Hill,8/19/2016 12:05:00 PM,2,0,0,36.122560,-86.775860,FRANKLIN PKE,,,,0.00,,,BILOXI AV,,,,0.00,Y,OTHER, ,OtherLocation,None,,,         ,Larry,Carter,Cloudy,Angle,no,no,no,no,no,False
101331253,METROPOLITAN NASHVILLE POLICE DEPT,20160746752,Davidson,Nashville,8/19/2016 12:02:00 PM,1,0,0,36.050160,-86.775160,I 65,,,,0.00,,,,,,,74.55,N,Not at Intersection,N,Non-Junction,None,,,         ,Darrell,Osment,Rain,Not Collision with Motor Vehicle in Transport,no,no,no,no,no,False
101331263,METROPOLITAN NASHVILLE POLICE DEPT,20160746967,Davidson,Nashville,8/19/2016 1:10:00 PM,2,0,0,36.104700,-86.813200,RICHARD JONES RD,,,,415.00,Feet,East,HILLSBORO PKE,,,,0.00,N,Not at Intersection,N,Non-Junction,None,,,         ,Justin,Pinkelton,,Angle,no,no,no,no,no,False
101331264,METROPOLITAN NASHVILLE POLICE DEPT,20160746843,Davidson,Nashville,8/19/2016 12:35:00 PM,2,0,0,36.040840,-86.773470,OLD HICKORY BLVD,,,,0.00,,,HEALTH PARK DR,,,,0.00,Y,Four-Way, ,Intersection-Related,None,,,         ,Kevin,Crawford,Rain,Front to Rear,no,no,no,no,no,False
101331280,METROPOLITAN NASHVILLE POLICE DEPT,20160747036,Davidson,Nashville,8/19/2016 2:03:00 PM,2,0,0,36.155010,-86.627110,STEWARTS FERRY PKE,,,,0.00,,,I40 E EXT RAMP,,,,0.00,Y,T-Intersection, ,,None,,,         ,Larry,Benz,,,no,no,no,no,no,False
101331282,METROPOLITAN NASHVILLE POLICE DEPT,20160747000,Davidson,Nashville,8/19/2016 1:18:00 PM,2,0,0,36.093300,-86.749850,TROUSDALE DR,,,,1216.00,Feet,South,ALLIED DR,,,,0.00,N,Not at Intersection, ,Non-Junction,None,,,         ,Gary,Sneed,Cloudy,Angle,no,no,no,no,no,False
101331290,METROPOLITAN NASHVILLE POLICE DEPT,20160746935,Davidson,Nashville,8/19/2016 1:20:00 PM,2,0,0,36.046330,-86.752620,HILL RD,,,,0.00,,,WAKEFIELD DR,,,,0.00,Y,T-Intersection,N,Intersection,None,,,         ,Earl,Davis,Cloudy,Angle,no,no,no,no,no,False
101331292,METROPOLITAN NASHVILLE POLICE DEPT,20160746784,Davidson,Nashville,8/19/2016 12:15:00 PM,2,0,0,36.158850,-86.773980,MOLLOY ST,,,,56.00,Feet,East,3RD AVS,,,,0.00,N,Not at Intersection, ,Non-Junction,None,,,         ,Shawn,Taylor,Cloudy,"Sideswipe, Same Direction",no,no,no,no,no,False
101331293,METROPOLITAN NASHVILLE POLICE DEPT,20160740322,Davidson,Nashville,8/17/2016 12:23:00 PM,2,1,0,36.154270,-86.816760,CHARLOTTE AV,,,,0.00,,,27TH AVN,,,,0.00,Y,T-Intersection,N,Intersection,Work Zone,Laneclosure,Activity Area,         ,Darrell,Osment,Cloudy,Front to Rear,no,no,no,no,yes,False
101331294,METROPOLITAN NASHVILLE POLICE DEPT,20160746449,Davidson,Nashville,8/19/2016 9:29:00 AM,2,0,0,36.143790,-86.816360,31ST AVN,,,,81.00,Feet,North,HEDRICK ST,,,,0.00,N,Not at Intersection,N,Non-Junction,None,,,         ,Darrell,Osment,Rain,Front to Rear,no,no,no,no,no,Campus
101331296,METROPOLITAN NASHVILLE POLICE DEPT,20160746118,Davidson,Nashville,8/19/2016 6:38:00 AM,2,0,0,36.141580,-86.715070,I 40,,,,0.00,,,,,,,213.90,N,Not at Intersection, ,Non-Junction,None,,,         ,Ralph,Harvey,Rain,Front to Rear,no,no,no,no,no,False
101331301,METROPOLITAN NASHVILLE POLICE DEPT,20160744987,Davidson,Not in City Limit,8/18/2016 9:15:00 PM,2,0,0,35.991200,-86.683490,NOLENSVILLE RD,,,,0.00,,,BURKITT RD,,,,0.00,Y,Four-Way,N,Intersection,None,,,         ,Darryl,Williams,Clear,HeadOn,no,no,no,no,no,False
101331400,METROPOLITAN NASHVILLE POLICE DEPT,20160747155,Davidson,Nashville,8/19/2016 3:08:00 PM,2,0,0,36.174150,-86.761920,MAIN ST,,,,324.00,Feet,West,N 7TH ST,,,,0.00,N,Not at Intersection, ,Non-Junction,None,,,         ,Kimberly,Brown,Rain,"Sideswipe, Same Direction",no,no,no,no,no,False
101331404,METROPOLITAN NASHVILLE POLICE DEPT,20160747183,Davidson,Nashville,8/19/2016 3:10:00 PM,2,0,0,36.168680,-86.813850,I 40,,,,0.00,,,,,,,206.90,N,Not at Intersection, ,Entrance/Exit Ramp Related,None,,,         ,Landon,Bagwell,Rain,Angle,no,no,no,no,no,False
101331427,METROPOLITAN NASHVILLE POLICE DEPT,20160747225,Davidson,Nashville,8/19/2016 3:30:00 PM,2,0,0,36.086790,-86.695160,HARDING PL,,,,235.00,Feet,East,S PERIMETER PARK DR,,,,0.00,N,Not at Intersection, ,Non-Junction,None,,,         ,Andrew,Mullen,Rain,"Sideswipe, Same Direction",no,no,no,no,no,False
101331429,METROPOLITAN NASHVILLE POLICE DEPT,20160747211,Davidson,Nashville,8/19/2016 3:10:00 PM,2,0,0,36.244280,-86.781100,BRICK CHURCH LN,,,,226.00,Feet,West,BRICK CHURCH PKE,,,,0.00,N,Not at Intersection, ,Non-Junction,None,,,         ,Jordan,Vrbas,Cloudy,"Sideswipe, Same Direction",no,no,no,no,yes,False
101331430,METROPOLITAN NASHVILLE POLICE DEPT,20160747180,Davidson,Not in City Limit,8/19/2016 2:35:00 PM,2,0,0,36.257540,-86.728130,SAUNDERS AV,,,,0.00,,,E MARTHONA RD,,,,0.00,Y,Four-Way,Y,Intersection,None,,,         ,Harold,Willmore IV,Cloudy,Angle,no,no,no,no,no,False
101331440,METROPOLITAN NASHVILLE POLICE DEPT,20160747192,Davidson,Nashville,8/19/2016 3:22:00 PM,2,0,0,36.157650,-86.773410,KOREAN VETERANS BLVD,,,,0.00,,,3RD AVS,,,,0.00,Y,Four-Way,N,Intersection,None,,,         ,Pedro,Rivera Chaparro,Clear,Angle,no,no,no,no,no,False
101331450,METROPOLITAN NASHVILLE POLICE DEPT,20160747227,Davidson,Nashville,8/19/2016 1:55:00 PM,2,0,0,36.248700,-86.719890,GALLATIN PKES,,,,267.00,Feet,North,DUE WEST AVE,,,,0.00,N,Not at Intersection, ,Non-Junction,None,,,         ,Cecilia,Gomez,Cloudy,"Sideswipe, Same Direction",no,no,no,yes,yes,False
101331460,METROPOLITAN NASHVILLE POLICE DEPT,20160747275,Davidson,Nashville,8/19/2016 3:58:00 PM,2,1,0,36.141440,-86.715900,I 40,,,,0.00,,,,,,,213.90,N,Not at Intersection,N,Non-Junction,None,,,         ,Mikala,Moore,Rain,Front to Rear,no,no,no,no,no,False
101331462,METROPOLITAN NASHVILLE POLICE DEPT,20160744462,Davidson,Nashville,8/18/2016 5:45:00 PM,3,0,0,36.160510,-86.818970,28TH AVN,,,,263.00,Feet,South,BATAVIA ST,,,,0.00,N,Not at Intersection,N,Non-Junction,None,,,         ,Andy,Esqueda,Cloudy,Front to Rear,no,no,no,no,no,False
101331467,METROPOLITAN NASHVILLE POLICE DEPT,20160747320,Davidson,Nashville,8/19/2016 4:15:00 PM,1,2,0,36.145880,-86.653500,MCCRORY CREEK RD,,,,950.00,Feet,North,ELM HILL PKE,,,,0.00,N,Not at Intersection,N,Non-Junction,None,,,         ,Tyler,Conrads,Clear,Not Collision with Motor Vehicle in Transport,no,no,no,no,no,False
101331468,METROPOLITAN NASHVILLE POLICE DEPT,20160747323,Davidson,Nashville,8/19/2016 4:03:00 PM,2,0,0,0.000000,0.000000,RICHARD JONES,RD,,2002,200.00,Feet,East,HILLSBORO,PIKE,,,0.00,N,Not at Intersection, ,Non-Junction,None,,,         ,David,Collins,Cloudy,Rear to Rear,no,no,no,yes,yes,False
101331469,METROPOLITAN NASHVILLE POLICE DEPT,20160747181,Davidson,Nashville,8/19/2016 3:17:00 PM,2,0,0,36.173270,-86.791400,JEFFERSON ST,,,,0.00,,,ROSA L PARKS BLVD,,,,0.00,Y,Four-Way,N,Intersection,None,,,         ,Michael,Brooks,Rain,Angle,no,no,no,no,no,False
101331470,METROPOLITAN NASHVILLE POLICE DEPT,20160745049,Davidson,Nashville,8/18/2016 10:00:00 PM,3,1,0,36.093900,-86.736510,NOLENSVILLE PKE,,,,188.00,Feet,North,NATCHEZ CT,,,,0.00,N,Not at Intersection,N,Non-Junction,None,,,         ,Jacob,Masteller,Clear,Angle,no,no,no,no,no,False
101331471,METROPOLITAN NASHVILLE POLICE DEPT,20160747191,Davidson,Nashville,8/19/2016 2:52:00 PM,3,1,0,36.254280,-86.715930,GALLATIN PKES,,,,334.00,Feet,South,MADISON BLVD,,,,0.00,N,Not at Intersection,N,Non-Junction,None,,,         ,George,Oden,Clear,Front to Rear,no,no,no,no,yes,False
101331474,METROPOLITAN NASHVILLE POLICE DEPT,2016-0747245,Davidson,Nashville,8/19/2016 3:25:00 PM,2,0,0,36.135060,-86.821650,I440 E ENT RAMP,,,,0.00,,,I 440,,,,0.00,Y,OTHER, ,Non-Junction,None,,,         ,Ryan,Allen,Rain,"Sideswipe, Same Direction",no,no,no,no,no,False
101331479,METROPOLITAN NASHVILLE POLICE DEPT,2016-0747008,Davidson,Nashville,8/19/2016 1:53:00 PM,1,0,0,36.034700,-86.973010,HIGHWAY 100,,,,30.00,Feet,North,MCCRORY LN,,,,0.00,N,Not at Intersection,N,Non-Junction,None,,,         ,Walter,Gray II,Cloudy,Not Collision with Motor Vehicle in Transport,no,no,no,yes,no,False
101331483,METROPOLITAN NASHVILLE POLICE DEPT,20160747196,Davidson,Nashville,8/19/2016 12:00:00 AM,2,0,0,36.134630,-86.783250,WEDGEWOOD AV,,,,249.00,Feet,East,HILLSIDE AV,,,,0.00,N,Not at Intersection,N,Non-Junction,None,,,         ,Jose,Salazar,Rain,Front to Rear,no,no,no,no,yes,False
101331489,METROPOLITAN NASHVILLE POLICE DEPT,20160747224,Davidson,Nashville,8/19/2016 2:55:00 PM,2,0,0,36.254260,-86.715950,GALLATIN PKES,,,,346.00,Feet,South,MADISON BLVD,,,,0.00,N,Not at Intersection, ,Non-Junction,None,,,         ,Christopher,Kelly,Clear,Angle,no,no,no,no,no,False
101331501,METROPOLITAN NASHVILLE POLICE DEPT,20160747259,Davidson,Nashville,8/19/2016 3:48:00 PM,2,0,0,36.199180,-86.776500,I 65,,,,0.00,,,,,,,86.80,N,Not at Intersection, ,Non-Junction,None,,,         ,Ryan,Cagle,Rain,Front to Rear,no,no,no,no,no,False
101331503,METROPOLITAN NASHVILLE POLICE DEPT,20160747309,Davidson,Nashville,8/19/2016 12:00:00 AM,2,1,0,36.152700,-86.756370,GREEN ST,,,,0.00,,,FAIRFIELD AV,,,,0.00,Y,T-Intersection,Y,Intersection,None,,,         ,Craig,Gentry,Rain,HeadOn,no,no,no,no,no,False
101331507,METROPOLITAN NASHVILLE POLICE DEPT,20160747330,Davidson,Nashville,8/19/2016 4:15:00 PM,2,0,0,36.035160,-86.657900,PRESTON RD,,,,348.00,Feet,West,CANE RIDGE RD,,,,0.00,N,Not at Intersection,N,Non-Junction,None,,,         ,Joseph,Progar,Cloudy,"Sideswipe, Opposite Direction",no,no,no,no,no,False
101331510,METROPOLITAN NASHVILLE POLICE DEPT,20160747017,Davidson,Antioch,8/19/2016 3:57:00 PM,2,0,0,36.081380,-86.593650,SMITH SPRINGS RD,,,,0.00,Feet,East,SCENIC LAKE CT,,,,0.00,N,Not at Intersection,N,Non-Junction,None,,,         ,Jessie,Meadows,Rain,Front to Rear,no,no,no,no,no,False
101331511,METROPOLITAN NASHVILLE POLICE DEPT,20160747186,Davidson,Nashville,8/19/2016 4:03:00 PM,3,0,0,36.044930,-86.667010,BELL RD,,,,31.00,Feet,East,CEDAR POINTE PKWY,,,,0.00,N,Not at Intersection,N,Non-Junction,None,,,         ,Jessie,Meadows,Rain,Front to Rear,no,no,no,no,yes,False
101331517,METROPOLITAN NASHVILLE POLICE DEPT,20160747335,Davidson,Nashville,8/19/2016 4:20:00 PM,2,2,0,36.148420,-86.857900,LENOX AV,,,,0.00,,,WHITE BRIDGE PKE,,,,0.00,Y,Four-Way,N,Intersection,None,,,         ,Shaun,Heath,Rain,Angle,no,no,no,no,no,False
101331528,METROPOLITAN NASHVILLE POLICE DEPT,20160747452,Davidson,Nashville,8/19/2016 4:32:00 PM,2,0,0,36.101970,-86.746330,DRAKE AV,,,,278.00,Feet,West,MEADE AV,,,,0.00,N,Not at Intersection,N,Non-Junction,None,,,         ,Jacob,Masteller,Rain,Front to Rear,no,no,no,no,no,False
101331532,METROPOLITAN NASHVILLE POLICE DEPT,20160747352,Davidson,Nashville,8/19/2016 4:24:00 PM,2,0,0,36.205360,-86.778020,BRICK CHURCH PKE,,,,19.00,Feet,North,I65 S ENT RAMP,,,,0.00,N,Not at Intersection, ,Non-Junction,None,,,         ,Melvin,Taylor,Rain,"Sideswipe, Same Direction",no,no,no,yes,no,False
101331533,METROPOLITAN NASHVILLE POLICE DEPT,20160747305,Davidson,Nashville,8/19/2016 3:45:00 PM,2,0,0,36.071000,-86.635220,MURFREESBORO PKE,,,,425.00,Feet,South,BELL RD,,,,0.00,N,Not at Intersection,N,Non-Junction,None,,,         ,William,McDaniel,Cloudy,Angle,no,no,no,no,no,False
101331535,METROPOLITAN NASHVILLE POLICE DEPT,2016-0746630,Davidson,Nashville,8/19/2016 10:51:00 AM,2,1,0,36.127850,-86.901180,I 40,,,,0.00,,,,,,,200.85,N,Not at Intersection,N,Non-Junction,None,,,         ,Walter,Gray II,Rain,Not Collision with Motor Vehicle in Transport,no,no,no,no,no,False
101331536,METROPOLITAN NASHVILLE POLICE DEPT,20160747524,Davidson,Not in City Limit,8/19/2016 5:37:00 PM,2,0,0,36.077740,-87.021280,MCCRORY LN,,,,61.00,Feet,North,I40 W ENT RAMP,,,,0.00,N,Not at Intersection, ,,None,,,         ,Benjamin,Spees,,,no,no,no,no,no,False
101331542,METROPOLITAN NASHVILLE POLICE DEPT,20160747391,Davidson,Nashville,8/19/2016 4:29:00 PM,2,0,0,36.096230,-86.762900,I 65,,,,0.00,,,,,,,78.80,N,Not at Intersection,N,Non-Junction,None,,,         ,Nicholas,Smith,Rain,"Sideswipe, Same Direction",no,no,no,no,yes,False
101331549,METROPOLITAN NASHVILLE POLICE DEPT,20160747263,Davidson,Nashville,8/19/2016 3:41:00 PM,2,0,0,36.074160,-86.737300,BLACKMAN RD,,,,138.00,Feet,East,SHADESCREST DR,,,,0.00,N,Not at Intersection, ,Non-Junction,None,,,         ,Miguel,Garcia,Rain,Front to Rear,no,no,no,no,no,False
101331550,METROPOLITAN NASHVILLE POLICE DEPT,20160747476,Davidson,Nashville,8/19/2016 5:23:00 PM,2,1,0,36.081260,-86.759000,HARDING PL,,,,198.00,Feet,West,TROUSDALE DR,,,,0.00,N,Not at Intersection,N,Non-Junction,None,,,         ,Miguel,Garcia,Clear,Angle,no,no,no,no,no,False
101331555,METROPOLITAN NASHVILLE POLICE DEPT,20160747349,Davidson,Nashville,8/19/2016 3:55:00 PM,2,0,0,36.175980,-86.793240,ROSA L PARKS BLVD,,,,309.00,Feet,North,MONROE ST,,,,0.00,N,Not at Intersection, ,Non-Junction,None,,,         ,Landon,Bagwell,Rain,Rear to Side,no,no,no,yes,yes,False
101331558,METROPOLITAN NASHVILLE POLICE DEPT,20160747583,Davidson,Nashville,8/19/2016 5:32:00 PM,2,0,0,36.190380,-86.761090,EVANSTON AV,,,,0.00,,,N 6TH ST,,,,0.00,Y,Four-Way, ,Intersection-Related,None,,,         ,Joshua,Lippert,Rain,Angle,no,no,no,no,no,False
101331564,METROPOLITAN NASHVILLE POLICE DEPT,20160747528,Davidson,Nashville,8/19/2016 5:40:00 PM,2,0,0,36.157740,-86.775080,4TH AVS,,,,260.00,Feet,North,KOREAN VETERANS BLVD,,,,0.00,N,Not at Intersection, ,,None,,,         ,Derek,Betty,,,no,no,no,no,no,False
101331567,METROPOLITAN NASHVILLE POLICE DEPT,20160737601,Davidson,Nashville,8/16/2016 4:05:00 PM,2,0,0,36.065210,-86.717350,NOLENSVILLE PKE,,,,849.00,Feet,North,FAIRLANE DR,,,,0.00,N,Not at Intersection, ,Non-Junction,None,,,         ,Nicholas,Berens,Clear,Front to Rear,no,no,no,no,no,False
101331575,METROPOLITAN NASHVILLE POLICE DEPT,20160747578,Davidson,Nashville,8/19/2016 5:56:00 PM,2,0,0,36.101300,-86.802110,SHACKLEFORD RD,,,,0.00,,,BELMONT BLVD,,,,0.00,Y,T-Intersection, ,Intersection,None,,,         ,David,Collins,Rain,Front to Rear,no,no,no,no,no,False
101331587,METROPOLITAN NASHVILLE POLICE DEPT,20160747158,Davidson,Nashville,8/19/2016 3:00:00 PM,2,1,0,36.034400,-86.743560,EDMONDSON PKE,,,,0.00,,,FRONTIER LN,,,,0.00,Y,Four-Way,N,Intersection,None,,,         ,Nicholas,Berens,Rain,Angle,no,no,no,no,yes,False
101331588,METROPOLITAN NASHVILLE POLICE DEPT,2016-0747470,Davidson,Nashville,8/19/2016 4:44:00 PM,2,0,0,36.129640,-86.816850,I 440,,,,0.00,,,,,,,2.00,N,Not at Intersection, ,Non-Junction,None,,,         ,Ryan,Allen,Rain,Front to Rear,no,no,no,no,no,False
101331590,METROPOLITAN NASHVILLE POLICE DEPT,20160747284,Davidson,Nashville,8/19/2016 4:00:00 PM,2,0,0,36.157980,-86.772640,KOREAN VETERANS BLVD,,,,0.00,,,2ND AVS,,,,0.00,Y,Four-Way,Y,Intersection,None,,,         ,Kendra,Cowper,Cloudy,"Sideswipe, Same Direction",no,no,no,no,yes,False
101331592,METROPOLITAN NASHVILLE POLICE DEPT,20160747666,Davidson,Nashville,8/19/2016 6:04:00 PM,2,0,0,36.124220,-86.739930,I 440,,,,0.00,,,,,,,6.85,N,Not at Intersection, ,Non-Junction,None,,,         ,Jarret,Sonnenberg,Rain,Front to Rear,no,no,no,no,no,False
101331594,METROPOLITAN NASHVILLE POLICE DEPT,20160747590,Davidson,Nashville,8/19/2016 4:45:00 PM,2,0,0,36.123550,-86.789840,12TH AVS,,,,40.00,Feet,South,MONTROSE AV,,,,0.00,N,Not at Intersection,N,Non-Junction,None,,,         ,Austin,Kendrick,Cloudy,"Sideswipe, Same Direction",no,no,no,no,yes,False
101331602,METROPOLITAN NASHVILLE POLICE DEPT,20160747700,Davidson,Nashville,8/19/2016 6:00:00 PM,2,0,0,36.152600,-86.846020,49TH AVN,,,,194.00,Feet,North,CHARLOTTE AV,,,,0.00,N,Not at Intersection, ,,None,,,         ,Barrett,Teague,,,no,no,no,no,no,False
101331603,METROPOLITAN NASHVILLE POLICE DEPT,20160747561,Davidson,Nashville,8/19/2016 5:11:00 PM,2,1,0,36.042450,-86.712940,SWISS AV,,,,0.00,,,NOLENSVILLE PKE,,,,0.00,Y,Four-Way,N,Intersection-Related,None,,,         ,Joseph,Progar,Cloudy,Angle,no,no,no,no,no,False
101331605,METROPOLITAN NASHVILLE POLICE DEPT,20160747235,Davidson,Nashville,8/19/2016 3:42:00 PM,2,0,0,0.000000,0.000000,ANDERSON,RD,US0,,0.00,,,NEW TOWNE,RD,SR,,0.00,Y,Four-Way,N,Intersection,None,,,         ,Patrick,Taylor,Rain,Angle,no,no,no,no,no,False
101331610,METROPOLITAN NASHVILLE POLICE DEPT,20160747251,Davidson,Nashville,8/19/2016 3:45:00 PM,2,1,0,36.174670,-86.786080,4TH AVN,,,,0.00,,,JEFFERSON ST,,,,0.00,Y,Four-Way,N,Intersection-Related,None,,,         ,Andy,Esqueda,Rain,Front to Rear,no,no,no,no,no,False
101331611,METROPOLITAN NASHVILLE POLICE DEPT,20160747265,Davidson,Nashville,8/19/2016 3:54:00 PM,2,2,0,36.173590,-86.602150,CENTRAL PKE,,,,0.00,Feet,,OLD HICKORY BLVD,,,,0.00,Y,Four-Way,N,Intersection,None,,,         ,Dontaveous,Eubanks,Rain,Angle,no,no,no,no,no,False
101331618,METROPOLITAN NASHVILLE POLICE DEPT,20160747631,Davidson,Nashville,8/19/2016 6:00:00 PM,2,0,0,36.108680,-86.812130,GLEN ECHO RD,,,,0.00,,,HILLSBORO PKE,,,,0.00,Y,T-Intersection, ,Intersection,None,,,         ,David,Collins,Rain,"Sideswipe, Same Direction",no,no,no,no,no,False
101331628,METROPOLITAN NASHVILLE POLICE DEPT,20160747588,Davidson,Nashville,8/19/2016 12:00:00 AM,2,0,0,36.188380,-86.793470,I 65,,,,0.00,,,,,,,85.50,N,Not at Intersection, ,Non-Junction,None,,,         ,Melvin,Taylor,Rain,Front to Rear,no,no,no,no,yes,False
101331631,METROPOLITAN NASHVILLE POLICE DEPT,20160747776,Davidson,Nashville,8/19/2016 7:38:00 PM,2,0,0,36.154960,-86.779700,8TH AVS,,,,0.00,,,KOREAN VETERANS BLVD,,,,0.00,Y,Roundabout, ,Intersection-Related,None,,,         ,Jason,Thomas,Rain,Front to Rear,no,no,no,no,no,False
101331639,METROPOLITAN NASHVILLE POLICE DEPT,20160747494,Davidson,Nashville,8/19/2016 5:30:00 PM,1,1,0,36.211240,-86.803340,W NOCTURNE DR,,,,433.00,Feet,East,SHREEVE LN,,,,0.00,N,Not at Intersection,N,Non-Junction,None,,,         ,Michael,Brooks,Rain,Not Collision with Motor Vehicle in Transport,no,no,no,no,no,False