master_record_number,agency,agency_tracking_number,county,city,collision_date,vehicles_involved,number_injured,number_dead,latitude,longitude,roadway_name,roadway_suffix,roadway_number,roadway_local_id,distance_from_reference,miles-feet_indicator,direction_from_reference,intersection_road_name,intersection_road_name_suffix,intersection_road_number,intersection_local_id,mile_marker,intersection_indicator,intersect_type,interchange_related_indicator,relation_to_junction,work_zone_type,construction_maintenance_zone,construction_maintenance_zone_location,fatal_case_number,officer_first_name,officer_last_name,weather_condition(s),manner_of_crash,pedestrian,bicycle,scooter,parking,hitrun,mou
101331641,METROPOLITAN NASHVILLE POLICE DEPT,20160747381,Davidson,Nashville,8/19/2016 3:30:00 PM,2,0,0,36.041150,-86.743750,EDMONDSON PKE,,,,415.00,Feet,South,BRENTWOOD SQ,,,,0.00,N,Not at Intersection, ,Non-Junction,None,,,         ,Nicholas,Berens,Cloudy,Angle,no,no,no,no,no,False
101331646,METROPOLITAN NASHVILLE POLICE DEPT,20160747672,Davidson,Nashville,8/19/2016 5:35:00 PM,2,0,0,36.151250,-86.751290,I 40,,,,0.00,,,,,,,211.50,N,Not at Intersection,Y,Non-Junction,None,,,         ,Bradley,McIntyre,Rain,"Sideswipe, Same Direction",no,no,no,no,yes,False
101331648,METROPOLITAN NASHVILLE POLICE DEPT,20160747598,Davidson,Nashville,8/19/2016 4:15:00 PM,2,0,0,36.043820,-86.661600,CANE RIDGE RD,,,,130.00,Feet,North,CANEWOOD DR,,,,0.00,N,Not at Intersection, ,Non-Junction,None,,,         ,Candice,Soper,Cloudy,"Sideswipe, Same Direction",no,no,no,no,no,False
101331658,METROPOLITAN NASHVILLE POLICE DEPT,2016-0747754,Davidson,Nashville,8/19/2016 7:28:00 PM,3,1,0,36.128260,-86.842590,HARDING PKE,,,,456.00,Feet,East,WOODLAWN DR,,,,0.00,N,Not at Intersection,N,Non-Junction,None,,,         ,Ryan,Allen,Rain,Front to Rear,no,no,no,no,no,False
101331674,METROPOLITAN NASHVILLE POLICE DEPT,20160747697,Davidson,Nashville,8/19/2016 6:46:00 PM,2,0,0,36.133640,-86.702390,GLASTONBURY RD,,,,0.00,,,MASSMAN DR,,,,0.00,Y,Four-Way, ,Intersection,None,,,         ,Patrick,Taylor,Rain,Angle,no,no,no,no,no,False
101331678,METROPOLITAN NASHVILLE POLICE DEPT,2016-0747718,Davidson,Nashville,8/19/2016 6:44:00 PM,2,0,0,36.134440,-86.779080,8TH AVS,,,,59.00,Feet,North,WEDGEWOOD AV,,,,0.00,N,Not at Intersection,N,Non-Junction,None,,,         ,Austin,Kendrick,Clear,Front to Rear,no,no,no,no,yes,False
101331680,METROPOLITAN NASHVILLE POLICE DEPT,20160747815,Davidson,Nashville,8/19/2016 5:55:00 PM,2,0,0,36.026760,-86.726170,SHELLY TRL,,,,155.00,Feet,West,CHRISTIANSTED LN,,,,0.00,N,Not at Intersection, ,Non-Junction,None,,,         ,Nicholas,Berens,Cloudy,Angle,no,no,no,no,no,False
101331687,Nashville Airport Police,2016-02389,Davidson,Nashville,8/19/2016 3:45:00 PM,1,0,0,36.123350,-86.665530,DONELSON PKE,,,,2545.00,Feet,North,HANGAR LN,,,,0.00,N,Not at Intersection,N,Non-Junction,None,,,         ,Dalton,Engstrom,Rain,Not Collision with Motor Vehicle in Transport,no,no,no,no,no,False
101331689,METROPOLITAN NASHVILLE POLICE DEPT,20160747910,Davidson,Nashville,8/19/2016 7:59:00 PM,2,0,0,36.153000,-86.842250,46TH AVN,,,,108.00,Feet,South,I40 E ENT RAMP,,,,0.00,N,Not at Intersection, ,,None,,,         ,Shaun,Heath,,,no,no,no,no,no,False
101331693,METROPOLITAN NASHVILLE POLICE DEPT,20160747785,Davidson,Nashville,8/19/2016 7:36:00 PM,2,0,0,36.159480,-86.776210,4TH AVS,,,,186.00,Feet,South,SYMPHONY PL,,,,0.00,N,Not at Intersection, ,,None,,,         ,Pedro,Rivera Chaparro,,,no,no,no,no,no,False
101331694,METROPOLITAN NASHVILLE POLICE DEPT,20160747636,Davidson,Nashville,8/19/2016 6:35:00 PM,2,1,0,36.156120,-86.823530,I440 W EXT RAMP,,,,0.00,Feet,East,I 40,,,,0.00,N,Not at Intersection,Y,Entrance/Exit Ramp Related,None,,,         ,Eric,Keller,Rain,"Sideswipe, Same Direction",no,no,no,no,yes,False
101331695,Nashville Airport Police,2016-02391,Davidson,Nashville,8/19/2016 12:00:00 AM,2,0,0,36.129140,-86.665380,DONELSON PKE,,,,0.00,,,DONELSON PKE S ENT RAMP,,,,0.00,Y,OTHER,N,Non-Junction,None,,,         ,Daniel,Winter,Rain,Front to Rear,no,no,no,no,no,False
101331696,METROPOLITAN NASHVILLE POLICE DEPT,20160747899,Davidson,Nashville,8/19/2016 8:10:00 PM,2,0,0,36.204350,-86.738090,GALLATIN PKE,,,,0.00,,,ZOPHI ST,,,,0.00,Y,Four-Way, ,Intersection,None,,,         ,Joshua,Lippert,Rain,Angle,no,no,no,no,no,False
101331713,METROPOLITAN NASHVILLE POLICE DEPT,20160747659,Davidson,Nashville,8/19/2016 5:30:00 PM,2,0,0,36.172770,-86.793430,JEFFERSON ST,,,,323.00,Feet,West,9TH AVN,,,,0.00,N,Not at Intersection,N,Non-Junction,None,,,         ,Michael,Brooks,Rain,"Sideswipe, Same Direction",no,no,no,no,yes,False
101331714,METROPOLITAN NASHVILLE POLICE DEPT,20160747784,Davidson,Nashville,8/19/2016 7:45:00 PM,2,0,0,36.184430,-86.798060,I 65,,,,0.00,,,,,,,85.35,N,Not at Intersection,N,Non-Junction,None,,,         ,Michael,Brooks,Rain,Front to Rear,no,no,no,no,no,False
101331723,METROPOLITAN NASHVILLE POLICE DEPT,20160747871,Davidson,Nashville,8/19/2016 7:43:00 PM,3,0,0,0.000000,0.000000,ARMORY OAKS,DR,,4040,500.00,Feet,East,POWELL,AVE,,,0.00,N,Not at Intersection,N,Non-Junction,None,,,         ,David,Collins,Cloudy,HeadOn,no,no,no,yes,yes,False
101331765,METROPOLITAN NASHVILLE POLICE DEPT,20160748048,Davidson,Nashville,8/19/2016 9:10:00 PM,2,1,0,36.139830,-86.666320,DONELSON PKE,,,,0.00,,,I40 E ENT RAMP,,,,0.00,Y,OTHER,N,Intersection,None,,,         ,Bradley,McIntyre,Cloudy,Angle,no,no,no,no,no,False
101331768,METROPOLITAN NASHVILLE POLICE DEPT,20160748208,Davidson,Nashville,8/19/2016 9:37:00 PM,2,0,0,36.049920,-86.649750,BELL RD,,,,77.00,Feet,West,MT VIEW RD,,,,0.00,N,Not at Intersection, ,,None,,,         ,Kevin,Keating,,,no,no,no,no,no,False
101331772,METROPOLITAN NASHVILLE POLICE DEPT,20160745754,Davidson,Nashville,8/19/2016 3:00:00 AM,1,2,0,36.089100,-86.702580,I 24,,,,0.00,,,,,,,55.45,N,Not at Intersection,N,Non-Junction,None,,,         ,Justin,McCormick,Rain,Not Collision with Motor Vehicle in Transport,no,no,no,no,yes,False
101331778,METROPOLITAN NASHVILLE POLICE DEPT,20160747586,Davidson,Nashville,8/19/2016 6:00:00 PM,2,1,0,36.183780,-86.610900,OLD HICKORY BLVD,,,,80.00,Feet,West,ANDREW JACKSON PKWY,,,,0.00,N,Not at Intersection,N,Non-Junction,None,,,         ,Brent,Hedgcoth,Rain,Front to Rear,no,no,no,no,yes,False
101331779,METROPOLITAN NASHVILLE POLICE DEPT,20160744228,Davidson,Nashville,8/18/2016 4:40:00 PM,2,0,0,36.201120,-86.621100,OLD HICKORY BLVD,,,,125.00,Feet,North,PLANTATION DR,,,,0.00,N,Not at Intersection,N,Non-Junction,None,,,         ,Brent,Hedgcoth,Clear,Front to Rear,no,no,no,no,no,False
101331780,METROPOLITAN NASHVILLE POLICE DEPT,20160747668,Davidson,Nashville,8/19/2016 6:01:00 PM,2,0,0,36.117130,-86.726900,GLENROSE AV,,,,0.00,Feet,,MASHBURN RD,,,,0.00,Y,T-Intersection, ,Intersection-Related,None,,,         ,Alyson,Cook,Rain,Angle,no,no,no,no,no,False
101331781,METROPOLITAN NASHVILLE POLICE DEPT,20160748187,Davidson,Nashville,8/19/2016 9:50:00 PM,2,1,0,36.076940,-86.725920,EDMONDSON PKE,,,,119.00,Feet,West,WALLACE RD,,,,0.00,N,Not at Intersection,N,Non-Junction,None,,,         ,Miguel,Garcia,Clear,Front to Rear,no,no,no,no,yes,False
101331791,METROPOLITAN NASHVILLE POLICE DEPT,2016-0745156,Davidson,Nashville,8/18/2016 9:24:00 PM,2,0,0,36.039690,-86.760070,OLD HICKORY BLVD,,,,75.00,Feet,West,TOWNHOMES OF FREDERICKSBURG PV,,,,0.00,N,Not at Intersection, ,Non-Junction,None,,,         ,William,King,Clear,Front to Rear,no,no,no,no,no,False
101331792,METROPOLITAN NASHVILLE POLICE DEPT,2016-0747545,Davidson,Nashville,8/19/2016 5:25:00 PM,2,0,0,36.078240,-86.730280,HARDING PL,,,,370.00,Feet,South,SHEFFIELD DR,,,,0.00,N,Not at Intersection,N,Non-Junction,None,,,         ,William,King,Clear,Angle,no,no,no,no,no,False
101331796,METROPOLITAN NASHVILLE POLICE DEPT,20160747629,Davidson,Nashville,8/19/2016 6:35:00 PM,2,1,0,36.253220,-86.716800,GALLATIN PKES,,,,0.00,,,MADISON SQ,,,,0.00,Y,Four-Way,N,Intersection,None,,,         ,Christopher,Kelly,Clear,Angle,no,no,no,no,no,False
101331797,METROPOLITAN NASHVILLE POLICE DEPT,20160747908,Davidson,Nashville,8/19/2016 7:09:00 PM,2,0,0,36.249390,-86.719410,E PALESTINE AV,,,,0.00,,,GALLATIN PKES,,,,0.00,Y,Four-Way,N,Intersection-Related,None,,,         ,Edward,Draves,Cloudy,Front to Rear,no,no,no,no,yes,False
101331809,METROPOLITAN NASHVILLE POLICE DEPT,20160729670,Davidson,Nashville,8/14/2016 2:00:00 AM,1,0,0,36.149540,-86.779140,8TH AVS,,,,0.00,,,,,,,0.00,,,N,Non-Junction,None,,,         ,John,Anderson,Clear,Not Collision with Motor Vehicle in Transport,no,no,no,no,yes,False
101331811,METROPOLITAN NASHVILLE POLICE DEPT,20160748237,Davidson,Goodlettsville,8/19/2016 9:55:00 PM,2,0,0,36.302080,-86.692640,TWIN HILLS DR,,,,31.00,Feet,East,RIVERGATE MALL PVTDR,,,,0.00,N,Not at Intersection, ,Non-Junction,None,,,         ,Jerry,Pirtle,Cloudy,Angle,no,no,no,no,no,False
101331837,METROPOLITAN NASHVILLE POLICE DEPT,20160748431,Davidson,Madison,8/19/2016 11:07:00 PM,2,0,0,36.272790,-86.697930,ANDERSON LN,,,,131.00,Feet,East,SNOW AV,,,,0.00,N,Not at Intersection,N,Non-Junction,None,,,         ,Matthew,Harris,Cloudy,HeadOn,no,no,no,no,no,False
101331852,METROPOLITAN NASHVILLE POLICE DEPT,20160748295,Davidson,Nashville,8/19/2016 10:25:00 PM,2,0,0,36.040450,-86.769830,OLD HICKORY BLVD,,,,371.00,Feet,East,SEVEN SPRINGS WAY PVTDR,,,,0.00,N,Not at Intersection, ,Non-Junction,None,,,         ,Marc,Haugen,Clear,Front to Rear,no,no,no,no,no,False
101331862,METROPOLITAN NASHVILLE POLICE DEPT,20160748790,Davidson,Nashville,8/20/2016 2:28:00 AM,1,0,0,36.205360,-86.761150,E TRINITY LN,,,,7.00,Feet,East,LISCHEY AV,,,,0.00,N,Not at Intersection,N,Non-Junction,None,,,         ,Edward,Conrads,Cloudy,Not Collision with Motor Vehicle in Transport,no,no,no,no,no,False
101331869,METROPOLITAN NASHVILLE POLICE DEPT,20160748731,Davidson,Nashville,8/20/2016 1:55:00 AM,2,1,0,36.148340,-86.780180,I 40,,,,0.00,,,,,,,209.80,N,Not at Intersection,N,Non-Junction,None,,,         ,Steven,Frazier Jr.,Clear,Not Collision with Motor Vehicle in Transport,no,no,no,no,yes,False
101331878,METROPOLITAN NASHVILLE POLICE DEPT,20160748547,Davidson,Nashville,8/20/2016 12:36:00 AM,2,0,0,36.086470,-86.694660,HARDING PL,,,,0.00,,,,,,,0.00,,Not at Intersection,N,Non-Junction,None,,,         ,Dezmond,Hughes,Rain,Angle,no,no,no,yes,yes,False
101331890,METROPOLITAN NASHVILLE POLICE DEPT,20160748666,Davidson,Nashville,8/20/2016 1:20:00 AM,2,0,0,36.160260,-86.776710,4TH AVS,,,,133.00,Feet,North,SYMPHONY PL,,,,0.00,N,Not at Intersection,N,Non-Junction,None,,,         ,John,Anderson,Clear,Angle,no,no,no,no,no,False
101331895,METROPOLITAN NASHVILLE POLICE DEPT,20160749009,Davidson,Nashville,8/20/2016 4:30:00 AM,1,0,0,36.162230,-86.774360,1ST AVS,,,,0.00,,,1ST AVN,,,,0.00,Y,Four-Way, ,Non-Junction,None,,,         ,John,Anderson,Clear,Not Collision with Motor Vehicle in Transport,no,no,no,no,no,False
101331899,METROPOLITAN NASHVILLE POLICE DEPT,20160746038,Davidson,Not in City Limit,8/19/2016 6:20:00 AM,1,0,0,36.264440,-86.695310,STATE RT 45,,,,1136.00,Feet,West,MCARTHUR DR,,,,0.00,N,Not at Intersection,N,Non-Junction,None,,,         ,Trent,Craig,Rain,Not Collision with Motor Vehicle in Transport,no,no,no,no,no,False
101331904,METROPOLITAN NASHVILLE POLICE DEPT,20160749093,Davidson,Nashville,8/20/2016 5:35:00 AM,2,1,0,36.048620,-86.653820,BELL RD,,,,662.00,Feet,West,HICKORY HOLLOW MALL PVTDR PL,,,,0.00,N,Not at Intersection,N,Non-Junction,None,,,         ,Andrew,Swint,Cloudy,HeadOn,no,no,no,no,no,False
101331916,METROPOLITAN NASHVILLE POLICE DEPT,20160749032,Davidson,Nashville,8/20/2016 4:54:00 AM,2,1,0,36.080440,-86.717940,JONQUIL DR,,,,12.00,Feet,North,HARDING PL,,,,0.00,N,Not at Intersection,N,Non-Junction,None,,,         ,Kurt,Lewton,Clear,Front to Rear,no,no,no,no,yes,False
101331919,METROPOLITAN NASHVILLE POLICE DEPT,20160748816,Davidson,Nashville,8/20/2016 2:40:00 AM,2,0,0,36.208510,-86.779430,AVONDALE CIR,,,,0.00,,,,,,,0.00,,,N,Non-Junction,None,,,         ,Geoffrey,Daugherty,Clear,Front to Rear,no,no,no,yes,no,False
101331922,METROPOLITAN NASHVILLE POLICE DEPT,20160746954,Davidson,Nashville,8/19/2016 1:30:00 PM,2,0,0,36.129920,-86.901370,CHARLOTTE PKE,,,,183.00,Feet,West,CABOT DR,,,,0.00,N,Not at Intersection,N,Non-Junction,None,,,         ,Michael,Phelps,Cloudy,Angle,no,no,no,no,no,False
101331923,METROPOLITAN NASHVILLE POLICE DEPT,20160746873,Davidson,Nashville,8/19/2016 12:35:00 PM,2,0,0,36.164120,-86.776620,2ND AVN,,,,187.00,Feet,South,CHURCH ST,,,,0.00,N,Not at Intersection,N,Non-Junction,None,,,         ,Robert,Magner,Clear,Angle,no,no,no,no,no,False
101331928,METROPOLITAN NASHVILLE POLICE DEPT,20160749160,Davidson,Not in City Limit,8/20/2016 5:50:00 AM,1,0,0,36.270450,-86.831640,WHITES CREEK PKE,,,,1744.00,Feet,North,OLD HICKORY BLVD,,,,0.00,N,Not at Intersection,N,Non-Junction,None,,,         ,Matthew,Lachance,Clear,Not Collision with Motor Vehicle in Transport,no,no,no,no,no,False
101331938,METROPOLITAN NASHVILLE POLICE DEPT,20160747049,Davidson,Nashville,8/19/2016 2:10:00 PM,2,0,0,36.085980,-86.700170,I 24,,,,0.00,,,,,,,55.75,N,Not at Intersection, ,,None,,,         ,Robert,Erickson,,,no,no,no,no,no,False
101331965,METROPOLITAN NASHVILLE POLICE DEPT,20160749205,Davidson,Nashville,8/20/2016 6:49:00 AM,1,1,0,36.147960,-86.799300,21ST AVS,,,,0.00,,,BROADWAY,,,,0.00,Y,Four-Way,N,Intersection-Related,None,,,         ,Kevin,Crawford,Cloudy,Not Collision with Motor Vehicle in Transport,no,no,no,no,no,Campus
101331970,METROPOLITAN NASHVILLE POLICE DEPT,20160749404,Davidson,Nashville,8/20/2016 12:00:00 AM,2,0,0,36.024900,-86.699880,SUNNYWOOD DR,,,,74.00,Feet,South,BOWWATER LN,,,,0.00,N,Not at Intersection, ,Non-Junction,None,,,         ,Blake,Lutz,Clear,Angle,no,no,no,no,yes,False
101331974,METROPOLITAN NASHVILLE POLICE DEPT,20160749311,Davidson,Nashville,8/20/2016 7:48:00 AM,1,2,0,36.135960,-86.727360,I24 E EXT RAMP,,,,0.00,,,I 24,,,,0.00,Y,OTHER,Y,Entrance/Exit Ramp Related,None,,,         ,David,Smith,Cloudy,Not Collision with Motor Vehicle in Transport,no,no,no,no,no,False
101332005,METROPOLITAN NASHVILLE POLICE DEPT,20160749646,Davidson,Nashville,8/20/2016 10:30:00 AM,2,0,0,36.194310,-86.617620,HERMITAGE MARKETPLACE PVTDR,,,,0.00,,,,,,,0.00,,, ,,None,,,         ,Richard,Hyatt,,,no,no,no,yes,no,False
101332041,METROPOLITAN NASHVILLE POLICE DEPT,20160749656,Davidson,Not in City Limit,8/20/2016 10:38:00 AM,2,1,0,36.267750,-86.702040,N DUPONT AV,,,,0.00,,,SEALEY DR,,,,0.00,Y,T-Intersection,N,Intersection,None,,,         ,Michael,Agee,Cloudy,Angle,no,no,no,no,no,False
101332076,METROPOLITAN NASHVILLE POLICE DEPT,20160749860,Davidson,Nashville,8/20/2016 12:14:00 PM,2,0,0,36.192800,-86.745370,DOUGLAS AV,,,,88.00,Feet,East,TREVECCA AV,,,,0.00,N,Not at Intersection, ,Non-Junction,None,,,         ,Anthony,Rizo,Cloudy,Angle,no,no,no,no,no,False
101332077,METROPOLITAN NASHVILLE POLICE DEPT,20160749378,Davidson,Nashville,8/20/2016 8:20:00 AM,2,0,0,36.121740,-86.750590,I440 E EXT RAMP,,,,0.00,Feet,East,I 440,,,,0.00,N,Not at Intersection, ,Entrance/Exit Ramp Related,None,,,         ,David,Humes,Cloudy,Front to Rear,no,no,no,no,no,False
101332094,METROPOLITAN NASHVILLE POLICE DEPT,20160749897,Davidson,Nashville,8/20/2016 12:08:00 PM,2,0,0,36.232290,-86.624730,OLD HICKORY BLVD,,,,0.00,,,SHUTE LN,,,,0.00,Y,T-Intersection, ,Intersection,None,,,         ,Richard,Hyatt,Cloudy,Front to Rear,no,no,no,no,no,False
101332097,METROPOLITAN NASHVILLE POLICE DEPT,20160749883,Davidson,Not in City Limit,8/20/2016 12:15:00 PM,2,0,0,36.262210,-86.712210,GALLATIN PKES,,,,0.00,,,E OLD HICKORY BLVD,,,,0.00,Y,Four-Way, ,Intersection-Related,None,,,         ,Eric,Richardson,Rain,Angle,no,no,no,no,no,False
101332098,METROPOLITAN NASHVILLE POLICE DEPT,20160749893,Davidson,Nashville,8/20/2016 12:20:00 PM,1,0,0,36.041780,-86.782400,I 65,,,,0.00,,,,,,,74.80,N,Not at Intersection,N,Non-Junction,None,,,         ,Earl,Davis,Cloudy,Not Collision with Motor Vehicle in Transport,no,no,no,no,no,False
101332107,METROPOLITAN NASHVILLE POLICE DEPT,2016-0749916,Davidson,Nashville,8/20/2016 12:32:00 PM,2,1,0,36.146910,-86.808500,WEST END AV,,,,0.00,,,25TH AVS,,,,0.00,Y,Five Point Or More,N,Non-Junction,None,,,         ,Austin,Kendrick,Cloudy,"Sideswipe, Same Direction",no,no,no,no,no,Campus
101332117,METROPOLITAN NASHVILLE POLICE DEPT,2016-0749976,Davidson,Goodlettsville,8/20/2016 9:30:00 AM,2,0,0,36.294260,-86.699980,RIVERGATE STATION PVTDR,,,,0.00,Feet,East,RIVERGATE INDUSTRIAL PARK PVTD,,,,0.00,N,Not at Intersection,N,Non-Junction,None,,,         ,Arthur,Hipp,Rain,Rear to Rear,no,no,no,yes,yes,False
101332120,METROPOLITAN NASHVILLE POLICE DEPT,20160749880,Davidson,Nashville,8/20/2016 12:20:00 PM,2,2,0,36.184620,-86.764810,LISCHEY AV,,,,0.00,,,ARRINGTON ST,,,,0.00,Y,T-Intersection,N,Intersection,None,,,         ,Jared,Eaves,Clear,Angle,no,no,no,no,no,False
101332124,METROPOLITAN NASHVILLE POLICE DEPT,20160749955,Davidson,Nashville,8/20/2016 12:39:00 PM,2,0,0,36.040600,-86.771170,OLD HICKORY BLVD,,,,28.00,Feet,West,SEVEN SPRINGS WAY PVTDR,,,,0.00,N,Not at Intersection,N,Non-Junction,None,,,         ,Brent,Bauer,Cloudy,Front to Rear,no,no,no,no,no,False
101332125,METROPOLITAN NASHVILLE POLICE DEPT,20160749994,Davidson,Not in City Limit,8/20/2016 12:30:00 PM,2,0,0,36.079070,-86.956560,COLEY DAVIS RD,,,,472.00,Feet,West,I40 E EXT RAMP,,,,0.00,N,Not at Intersection, ,Non-Junction,None,,,         ,Wesley,Tilley,Clear,Front to Rear,no,no,no,no,no,False
101332127,METROPOLITAN NASHVILLE POLICE DEPT,20160749798,Davidson,Nashville,8/20/2016 11:45:00 AM,2,1,0,36.135940,-86.892720,I 40,,,,0.00,,,,,,,201.60,N,Not at Intersection,N,Non-Junction,None,,,         ,Michael,Phelps,Rain,Angle,no,no,no,no,no,False
101332168,METROPOLITAN NASHVILLE POLICE DEPT,20160750111,Davidson,Nashville,8/20/2016 1:40:00 PM,1,0,0,36.081560,-86.714000,HARDING PL,,,,110.00,Feet,West,WHISPERING OAKS PL,,,,0.00,N,Not at Intersection, ,Non-Junction,None,,,         ,Blake,Lutz,Rain,Not Collision with Motor Vehicle in Transport,no,no,no,yes,no,False
101332179,METROPOLITAN NASHVILLE POLICE DEPT,20160750100,Davidson,Nashville,8/20/2016 1:58:00 PM,2,0,0,36.045310,-86.713840,OLD HICKORY BLVD,,,,172.00,Feet,West,NOLENSVILLE PKE,,,,0.00,N,Not at Intersection,N,Non-Junction,None,,,         ,Brent,Bauer,Cloudy,Front to Rear,no,no,no,no,no,False
101332182,METROPOLITAN NASHVILLE POLICE DEPT,20160749881,Davidson,Nashville,8/20/2016 12:10:00 PM,2,0,0,36.065740,-86.629470,MURFREESBORO PKE,,,,0.00,,,HAMILTON CROSSINGS,,,,0.00,,Not at Intersection,N,Non-Junction,None,,,         ,Jason,Dudley,Cloudy,Rear to Side,no,no,no,yes,no,False
101332183,METROPOLITAN NASHVILLE POLICE DEPT,20160747341,Davidson,Nashville,8/19/2016 4:45:00 PM,2,0,0,36.109680,-86.722070,BRILEY PKWYS,,,,116.00,Feet,East,I24 E ENT RAMP,,,,0.00,N,Not at Intersection,N,Non-Junction,None,,,         ,Jessie,Meadows,Clear,Front to Rear,no,no,no,no,no,False
101332186,GOODLETTSVILLE POLICE DEPT,16-29158,Davidson,Goodlettsville,8/20/2016 1:00:00 PM,2,0,0,0.000000,0.000000,CONFERENCE DR.,,,,200.00,Feet,South,LONG HOLLOW PK,,SR174,,0.00,N,Not at Intersection, ,"Driveway, Alley Access, etc",None,,,         ,John,Spencer,Rain,Angle,no,no,no,no,no,False
101332190,METROPOLITAN NASHVILLE POLICE DEPT,20160750117,Davidson,Nashville,8/20/2016 2:03:00 PM,2,0,0,36.218900,-86.604310,MEADOWGREEN DR,,,,0.00,,,SHUTE LN,,,,0.00,Y,T-Intersection,N,Intersection,None,,,         ,William,Mckay,Rain,Front to Rear,no,no,no,no,no,False
101332217,METROPOLITAN NASHVILLE POLICE DEPT,20160750155,Davidson,Nashville,8/20/2016 2:29:00 PM,1,1,0,36.185770,-86.758840,ELLINGTON PKWYN,,,,254.00,Feet,West,ELLINGTON PKWY N ENT RAMP,,,,0.00,N,Not at Intersection,N,Non-Junction,None,,,         ,Joshua,Lefler,Rain,Not Collision with Motor Vehicle in Transport,no,no,no,no,no,False
101332220,METROPOLITAN NASHVILLE POLICE DEPT,2016-0750201,Davidson,Nashville,8/20/2016 2:24:00 PM,2,2,0,36.128680,-86.853180,WHITE BRIDGE PKE,,,,0.00,,,LIONS HEAD VILLAGE PVTDR,,,,0.00,Y,T-Intersection,N,Intersection,None,,,         ,Ryan,Allen,Cloudy,Angle,no,no,no,no,no,False
101332226,METROPOLITAN NASHVILLE POLICE DEPT,20160750142,Davidson,Nashville,8/20/2016 2:00:00 PM,2,0,0,36.079320,-86.695780,I 24,,,,0.00,,,,,,,56.25,N,Not at Intersection, ,Non-Junction,None,,,         ,David,Smith,Rain,Front to Rear,no,no,no,no,no,False
101332252,VANDERBILT UNIVERSITY POLICE,16-0750220,Davidson,Nashville,8/20/2016 2:55:00 PM,2,0,0,36.141160,-86.801030,MEDICAL CENTER DR,,,,0.00,,,,,,,0.00,,Not at Intersection, ,,None,,,         ,William,West,,,no,no,no,yes,no,Campus
101332255,METROPOLITAN NASHVILLE POLICE DEPT,20160750193,Davidson,Nashville,8/20/2016 3:00:00 PM,2,0,0,36.094160,-86.624860,BELL RD,,,,100.00,Feet,North,HARBOR LIGHTS DR,,,,0.00,N,Not at Intersection, ,Non-Junction,None,,,         ,Reuben,Hewit,Unknown,Front to Rear,no,no,no,no,no,False
101332256,METROPOLITAN NASHVILLE POLICE DEPT,20160747606,Davidson,Nashville,8/19/2016 5:55:00 PM,3,0,0,36.040590,-86.771070,OLD HICKORY BLVD,,,,0.00,,,SEVEN SPRINGS WAY PVTDR,,,,0.00,Y,Four-Way,N,Intersection,None,,,         ,Nicholas,Berens,Cloudy,Front to Rear,no,no,no,no,no,False
101332303,METROPOLITAN NASHVILLE POLICE DEPT,20160750125,Davidson,Nashville,8/20/2016 2:15:00 PM,3,0,0,36.078510,-86.695280,I 24,,,,0.00,,,,,,,56.30,N,Not at Intersection,N,Non-Junction,None,,,         ,Candice,Soper,Rain,Angle,no,no,no,no,no,False
101332305,METROPOLITAN NASHVILLE POLICE DEPT,2016-0705150,Davidson,Nashville,8/6/2016 2:15:00 PM,1,1,0,36.160580,-86.776910,4TH AVS,,,,181.00,Feet,South,BROADWAY,,,,0.00,N,Not at Intersection,N,Non-Junction,None,,,         ,Wesley,Feinstein,Clear,Not Collision with Motor Vehicle in Transport,yes,no,no,no,yes,False
101332306,METROPOLITAN NASHVILLE POLICE DEPT,20160747638,Davidson,Nashville,8/19/2016 6:15:00 PM,2,0,0,36.040590,-86.771070,OLD HICKORY BLVD,,,,0.00,,,SEVEN SPRINGS WAY PVTDR,,,,0.00,Y,Four-Way, ,Intersection-Related,None,,,         ,Nicholas,Berens,Cloudy,Front to Rear,no,no,no,no,no,False
101332311,METROPOLITAN NASHVILLE POLICE DEPT,20160744037,Davidson,Nashville,8/18/2016 2:40:00 PM,2,0,0,36.163950,-86.778360,PRINTERS ALY,,,,0.00,,,CHURCH ST,,,,0.00,Y,Four-Way, ,Non-Junction,None,,,         ,Kendra,Cowper,Clear,"Sideswipe, Same Direction",no,no,no,no,no,False
101332322,METROPOLITAN NASHVILLE POLICE DEPT,20160750242,Davidson,Nashville,8/20/2016 2:00:00 PM,2,0,0,36.143130,-86.790920,EDGEHILL AV,,,,82.00,Feet,West,15TH AVS,,,,0.00,N,Not at Intersection, ,Non-Junction,None,,,         ,Eric,Thomas,Cloudy,Other,no,no,no,no,no,False
101332326,METROPOLITAN NASHVILLE POLICE DEPT,20160750446,Davidson,Nashville,8/20/2016 2:44:00 PM,1,0,0,36.099940,-86.711340,I 24,,,,0.00,,,,,,,54.55,N,Not at Intersection,N,Non-Junction,None,,,         ,Alyson,Cook,Rain,Not Collision with Motor Vehicle in Transport,no,no,no,no,no,False
101332335,METROPOLITAN NASHVILLE POLICE DEPT,20160750194,Davidson,Nashville,8/20/2016 2:35:00 PM,2,0,0,36.079690,-86.696010,I 24,,,,0.00,,,,,,,56.20,N,Not at Intersection,N,Non-Junction,None,,,         ,Marcus,Darden,Rain,Front to Rear,no,no,no,no,no,False