master_record_number,agency,agency_tracking_number,county,city,collision_date,vehicles_involved,number_injured,number_dead,latitude,longitude,roadway_name,roadway_suffix,roadway_number,roadway_local_id,distance_from_reference,miles-feet_indicator,direction_from_reference,intersection_road_name,intersection_road_name_suffix,intersection_road_number,intersection_local_id,mile_marker,intersection_indicator,intersect_type,interchange_related_indicator,relation_to_junction,work_zone_type,construction_maintenance_zone,construction_maintenance_zone_location,fatal_case_number,officer_first_name,officer_last_name,weather_condition(s),manner_of_crash,pedestrian,bicycle,scooter,parking,hitrun,mou
101333609,THP District 3 - Nashville,316045621,Davidson,Not in City Limit,8/17/2016 2:10:00 PM,2,0,0,36.283420,-86.806590,I 24,,,,0.00,,,,,,,40.00,N,Not at Intersection,N,Non-Junction,None,,,         ,Teddy,Douglas,Cloudy,"Sideswipe, Same Direction",no,no,no,no,yes,False
101333616,METROPOLITAN NASHVILLE POLICE DEPT,2016-0752088,Davidson,Not in City Limit,8/21/2016 9:00:00 AM,2,3,0,36.267010,-86.744720,OLD HICKORY BLVDW,,,,249.00,Feet,West,LINCOLN PK,,,,0.00,N,Not at Intersection,N,Non-Junction,None,,,         ,Arthur,Hipp,Rain,"Sideswipe, Opposite Direction",no,no,no,no,no,False
101333618,METROPOLITAN NASHVILLE POLICE DEPT,20160755330,Davidson,Nashville,8/22/2016 1:41:00 PM,1,0,0,36.109690,-86.671460,KNAPP BLVD,,,,0.00,,,DONELSON PKE,,,,0.00,Y,Four-Way, ,,None,,,         ,James,Curtis,,,no,no,no,no,no,False
101333626,METROPOLITAN NASHVILLE POLICE DEPT,20160754316,Davidson,Not in City Limit,8/22/2016 7:02:00 AM,1,1,0,36.000350,-86.637110,OLD HICKORY BLVD,,,,361.00,Feet,West,CANE RIDGE RD,,,,0.00,N,Not at Intersection,N,Non-Junction,None,,,         ,Robert,Erickson,Clear,Not Collision with Motor Vehicle in Transport,no,no,no,no,no,False
101333627,METROPOLITAN NASHVILLE POLICE DEPT,20160755332,Davidson,Nashville,8/22/2016 1:44:00 PM,2,0,0,36.181270,-86.762420,ELLINGTON PKWYS,,,,565.00,Feet,East,ELLINGTON PKWYN,,,,0.00,N,Not at Intersection, ,Non-Junction,None,,,         ,David,Boone,Clear,"Sideswipe, Same Direction",no,no,no,no,no,False
101333645,METROPOLITAN NASHVILLE POLICE DEPT,20160751006,Davidson,Nashville,8/20/2016 9:20:00 PM,2,0,0,36.141630,-86.666560,DONELSON PKE,,,,207.00,Feet,South,I40 W EXT RAMP,,,,0.00,N,Not at Intersection, ,,None,,,         ,Tyler,Maupin,,,no,no,no,no,no,False
101333651,Metro Park Police,20160740739,Davidson,Nashville,8/17/2016 2:23:00 PM,2,0,0,36.185340,-86.682190,STONES RIVER GRNWY,,,,602.00,Feet,North,TWO RIVERS PARK PVTDR,,,,0.00,N,Not at Intersection,N,Non-Junction,None,,,         ,Bryan,Crutchfield,Clear,"Sideswipe, Same Direction",no,no,no,yes,no,False
101333655,METROPOLITAN NASHVILLE POLICE DEPT,20160752774,Davidson,Nashville,8/21/2016 5:18:00 PM,2,0,0,36.185300,-86.754340,MCFERRIN AV,,,,0.00,,,CHICAMAUGA AV,,,,0.00,Y,T-Intersection, ,Intersection-Related,None,,,         ,Terence,Maahs,Clear,Angle,no,no,no,no,no,False
101333681,METROPOLITAN NASHVILLE POLICE DEPT,20160750148,Davidson,Nashville,8/20/2016 1:36:00 PM,4,2,0,36.077220,-86.694490,I 24,,,,0.00,,,,,,,56.40,N,Not at Intersection,N,Non-Junction,None,,,         ,Robert,Erickson,Rain,Front to Rear,no,no,no,no,no,False
101333682,METROPOLITAN NASHVILLE POLICE DEPT,20160747840,Davidson,Nashville,8/22/2016 12:00:00 AM,2,0,0,36.244170,-86.767890,LAUREN EVELYN WAY,,,,77.00,Feet,West,TRAILWAY CIR,,,,0.00,N,Not at Intersection, ,Non-Junction,None,,,         ,Kimberly,Annson,Rain,Rear to Side,no,no,no,no,no,False
101333689,METROPOLITAN NASHVILLE POLICE DEPT,20160753308,Davidson,Not in City Limit,8/21/2016 9:49:00 PM,2,0,0,36.037600,-86.964920,HIGHWAY 100,,,,190.00,Feet,South,TRACESIDE DR,,,,0.00,N,Not at Intersection,N,Non-Junction,None,,,         ,Adam,Reese,Clear,"Sideswipe, Opposite Direction",no,no,no,no,no,False
101333693,METROPOLITAN NASHVILLE POLICE DEPT,20160755494,Davidson,Nashville,8/22/2016 2:15:00 PM,2,0,0,36.168820,-86.684550,LEBANON PKE,,,,0.00,,,THE CROSSINGS PVTDR,,,,0.00,Y,T-Intersection, ,Intersection,None,,,         ,John,Kelley,Clear,Angle,no,no,no,no,no,False
101333695,METROPOLITAN NASHVILLE POLICE DEPT,20160747338,Davidson,Nashville,8/19/2016 4:05:00 PM,2,0,0,36.104550,-86.603130,ANDERSON RD,,,,0.00,,,,,,,0.00,,,N,Non-Junction,None,,,         ,Brian,Smith,Rain,Front to Rear,no,no,no,no,no,False
101333696,METROPOLITAN NASHVILLE POLICE DEPT,20160747618,Davidson,Nashville,8/19/2016 6:24:00 PM,2,0,0,36.090330,-86.626500,BELL RD,,,,0.00,,,,,,,0.00,,, ,Intersection,None,,,         ,Brian,Smith,Clear,Angle,no,no,no,no,no,False
101333709,METROPOLITAN NASHVILLE POLICE DEPT,20160755599,Davidson,Nashville,8/20/2016 2:40:00 PM,2,0,0,36.169410,-86.600420,I40 E ENT RAMP,,,,0.00,,,,,,,0.00,,,N,Non-Junction,None,,,         ,Wesley,Young,Clear,Front to Rear,no,no,no,yes,yes,False
101333726,METROPOLITAN NASHVILLE POLICE DEPT,20160755589,Davidson,Nashville,8/22/2016 3:41:00 PM,2,0,0,36.079600,-86.726320,NOLENSVILLE PKE,,,,0.00,,,HARDING PL,,,,0.00,Y,Four-Way, ,Intersection,None,,,         ,Ralph,Smith IV,Clear,Front to Rear,no,no,no,no,no,False
101333728,METROPOLITAN NASHVILLE POLICE DEPT,20160755620,Davidson,Nashville,8/22/2016 4:21:00 PM,2,0,0,36.098600,-86.710260,I 24,,,,0.00,,,,,,,54.70,N,Not at Intersection,N,Non-Junction,None,,,         ,Jessie,Meadows,Clear,Front to Rear,no,no,no,no,no,False
101333737,METROPOLITAN NASHVILLE POLICE DEPT,2016-0747557,Davidson,Nashville,8/19/2016 5:30:00 PM,2,0,0,36.124430,-86.794300,BELMONT BLVD,,,,36.00,Feet,South,SWEETBRIAR AV,,,,0.00,N,Not at Intersection, ,Non-Junction,None,,,         ,Eric,Thomas,Rain,Front to Rear,no,no,no,no,no,False
101333738,METROPOLITAN NASHVILLE POLICE DEPT,20160755691,Davidson,Nashville,8/22/2016 4:10:00 PM,2,0,0,36.153690,-86.797450,HAYES ST,,,,242.00,Feet,West,18TH AVN,,,,0.00,N,Not at Intersection,N,Non-Junction,None,,,         ,Eric,Burford,Clear,Front to Rear,no,no,no,no,yes,False
101333753,METROPOLITAN NASHVILLE POLICE DEPT,2016-0755323,Davidson,Nashville,8/22/2016 1:45:00 PM,2,1,0,36.077590,-86.947080,BELLEVUE CTR PVTDR,,,,50.00,Feet,North,HIGHWAY 70S,,,,0.00,N,Not at Intersection,N,Non-Junction,None,,,         ,Walter,Gray II,Cloudy,Front to Rear,no,no,no,yes,no,False
101333759,METROPOLITAN NASHVILLE POLICE DEPT,20160755674,Davidson,Nashville,8/22/2016 4:10:00 PM,3,0,0,36.124810,-86.735910,I 440,,,,0.00,,,,,,,7.10,N,Not at Intersection,N,Non-Junction,None,,,         ,Thomas,Odom,Clear,Front to Rear,no,no,no,no,yes,False
101333765,METROPOLITAN NASHVILLE POLICE DEPT,20160751087,Davidson,Nashville,8/20/2016 10:14:00 PM,2,3,0,36.110940,-86.745220,THOMPSON LN,,,,0.00,,,NOLENSVILLE PKE,,,,0.00,Y,Four-Way,N,Intersection,None,,,         ,Ralph,Smith IV,Rain,Angle,no,no,no,no,no,False
101333770,METROPOLITAN NASHVILLE POLICE DEPT,20160755582,Davidson,Nashville,8/22/2016 3:35:00 PM,2,0,0,36.109690,-86.671460,KNAPP BLVD,,,,0.00,,,DONELSON PKE,,,,0.00,Y,Four-Way, ,Intersection-Related,None,,,         ,Christopher,Augustin,Cloudy,Front to Rear,no,no,no,no,no,False
101333780,METROPOLITAN NASHVILLE POLICE DEPT,2016-0755493,Davidson,Nashville,8/22/2016 2:56:00 PM,2,0,0,36.116910,-86.881330,DAVIDSON RD,,,,353.00,Feet,East,BROWNLEE DR,,,,0.00,N,Not at Intersection,N,Non-Junction,None,,,         ,Walter,Gray II,Cloudy,HeadOn,no,no,no,no,no,False
101333787,METROPOLITAN NASHVILLE POLICE DEPT,20160755384,Davidson,Nashville,8/22/2016 12:00:00 AM,2,0,0,36.214310,-86.764270,DICKERSON PKE,,,,135.00,Feet,North,ROCK ST,,,,0.00,N,Not at Intersection, ,,None,,,         ,Gordon,Stovall,,,no,no,no,no,no,False
101333792,METROPOLITAN NASHVILLE POLICE DEPT,20160755850,Davidson,Nashville,8/22/2016 5:10:00 PM,2,0,0,36.148550,-86.775500,I40 E ENT RAMP,,,,0.00,,,I 40,,,,0.00,Y,OTHER, ,Entrance/Exit Ramp Related,None,,,         ,Conner,Harris,Clear,Front to Rear,no,no,no,no,no,False
101333793,METROPOLITAN NASHVILLE POLICE DEPT,20160755751,Davidson,Nashville,8/22/2016 3:00:00 PM,2,0,0,36.111080,-86.754470,THOMPSON LN,,,,0.00,,,EUGENIA AV,,,,0.00,Y,Four-Way, ,Non-Junction,None,,,         ,William,Taylor,Clear,"Sideswipe, Opposite Direction",no,no,no,no,no,False
101333794,METROPOLITAN NASHVILLE POLICE DEPT,20160755873,Davidson,Nashville,8/22/2016 6:02:00 PM,2,0,0,36.122730,-86.727840,I24 E ENT RAMP,,,,0.00,Feet,East,I 24,,,,0.00,N,Not at Intersection, ,,None,,,         ,Jessie,Meadows,,,no,no,no,no,no,False
101333795,METROPOLITAN NASHVILLE POLICE DEPT,20160755947,Davidson,Nashville,8/22/2016 5:50:00 PM,2,0,0,36.167810,-86.658790,LEBANON PKE,,,,603.00,Feet,West,DONELSONWOOD DR,,,,0.00,N,Not at Intersection, ,,None,,,         ,Bradley,McIntyre,,,no,no,no,no,no,False
101333799,METROPOLITAN NASHVILLE POLICE DEPT,20160755463,Davidson,Nashville,8/22/2016 1:00:00 PM,2,0,0,36.170790,-86.768670,INTERSTATE DR,,,,155.00,Feet,North,WOODLAND ST,,,,0.00,N,Not at Intersection, ,Non-Junction,None,,,         ,David,Snowden,Clear,Front to Rear,no,no,no,no,no,False
101333801,METROPOLITAN NASHVILLE POLICE DEPT,20160755729,Davidson,Nashville,8/22/2016 4:26:00 PM,2,0,0,36.153250,-86.794010,17TH AVS,,,,0.00,,,BROADWAY,,,,0.00,Y,Four-Way, ,Intersection,None,,,         ,Megan,Lamon,Clear,"Sideswipe, Same Direction",no,no,no,no,no,False
101333818,METROPOLITAN NASHVILLE POLICE DEPT,20160756072,Davidson,Nashville,8/22/2016 6:44:00 PM,2,0,0,36.230330,-86.743800,LEMONT DR,,,,0.00,,,BROADMOOR DR,,,,0.00,Y,Four-Way, ,Intersection-Related,None,,,         ,Christopher,Valdez,Clear,Front to Rear,no,no,no,no,no,False
101333819,Nashville Airport Police,2016-2413,Davidson,Nashville,8/22/2016 3:10:00 PM,2,0,0,36.133810,-86.664910,TERMINAL DR,,,,150.00,Feet,North,TERMINAL DR,,,,0.00,N,Not at Intersection, ,Non-Junction,None,,,         ,Dalton,Engstrom,Clear,"Sideswipe, Same Direction",no,no,no,no,no,False
101333826,METROPOLITAN NASHVILLE POLICE DEPT,20160756035,Davidson,Nashville,8/22/2016 6:25:00 PM,1,2,0,36.178300,-86.802340,ARTHUR AV,,,,39.00,Feet,East,JANE ST,,,,0.00,N,Not at Intersection,N,Non-Junction,None,,,         ,Eric,Keller,Clear,Not Collision with Motor Vehicle in Transport,no,no,no,no,no,False
101333829,METROPOLITAN NASHVILLE POLICE DEPT,2016-0755681,Davidson,Nashville,8/22/2016 3:11:00 PM,2,0,0,36.039850,-86.816420,GRANNY WHITE PKE,,,,150.00,Feet,South,OLD HICKORY BLVD,,,,0.00,N,Not at Intersection,N,"Driveway, Alley Access, etc",None,,,         ,William,King,Clear,Angle,no,no,no,no,no,False
101333843,METROPOLITAN NASHVILLE POLICE DEPT,2016-0756069,Davidson,Nashville,8/22/2016 6:44:00 PM,2,0,0,36.066590,-86.720080,NORTHCREST DR,,,,0.00,,,AQUATIC RD,,,,0.00,Y,Four-Way,N,Intersection,None,,,         ,William,Chambers,Clear,Other,no,no,no,no,no,False
101333844,METROPOLITAN NASHVILLE POLICE DEPT,20160756094,Davidson,Nashville,8/22/2016 6:30:00 PM,2,0,0,36.110790,-86.806160,GRAYBAR LN,,,,102.00,Feet,East,HOPKINS ST,,,,0.00,N,Not at Intersection, ,Non-Junction,None,,,         ,William,Taylor,Clear,Front to Rear,no,no,no,no,no,False
101333849,METROPOLITAN NASHVILLE POLICE DEPT,20160756043,Davidson,Nashville,8/22/2016 6:33:00 PM,2,0,0,36.126400,-86.804580,21ST AVS,,,,0.00,,,WESTWOOD AV,,,,0.00,Y,T-Intersection,N,Intersection,None,,,         ,Megan,Lamon,Clear,"Sideswipe, Same Direction",no,no,no,no,no,False
101333850,METROPOLITAN NASHVILLE POLICE DEPT,20160747288,Davidson,Nashville,8/22/2016 4:00:00 PM,2,0,0,36.141740,-86.778130,CHESTNUT ST,,,,161.00,Feet,East,8TH AVS,,,,0.00,N,Not at Intersection, ,Non-Junction,None,,,         ,Jose,Salazar,Rain,Front to Rear,no,no,no,no,no,False
101333876,METROPOLITAN NASHVILLE POLICE DEPT,20160756045,Davidson,Nashville,8/22/2016 6:29:00 PM,2,0,0,36.127970,-86.901320,I 40,,,,0.00,,,,,,,200.85,N,Not at Intersection,N,Non-Junction,None,,,         ,Jeremy,Huffine,Clear,Front to Rear,no,no,no,no,no,False
101333885,METROPOLITAN NASHVILLE POLICE DEPT,20160755475,Davidson,Nashville,8/22/2016 2:44:00 PM,2,0,0,36.164360,-86.819930,28TH AVN,,,,0.00,,,I40 W EXT RAMP,,,,0.00,Y,OTHER,N,Intersection,None,,,         ,Michael,Brooks,Cloudy,Angle,no,no,no,no,no,False
101333886,METROPOLITAN NASHVILLE POLICE DEPT,20160755728,Davidson,Nashville,8/22/2016 4:31:00 PM,2,1,0,36.199180,-86.838550,CLARKSVILLE PKE,,,,61.00,Feet,South,NORTH GATE SHOPPING CTR PVTDR,,,,0.00,N,Not at Intersection,N,Non-Junction,None,,,         ,Michael,Brooks,Clear,Front to Rear,no,no,no,no,no,False
101333887,METROPOLITAN NASHVILLE POLICE DEPT,20160755810,Davidson,Nashville,8/22/2016 5:06:00 PM,4,1,0,36.217620,-86.803050,WHITES CREEK PKE,,,,230.00,Feet,South,MOORMANS ARM RD,,,,0.00,N,Not at Intersection,N,Non-Junction,None,,,         ,Michael,Brooks,Clear,Front to Rear,no,no,no,no,yes,False
101333888,METROPOLITAN NASHVILLE POLICE DEPT,20160756106,Davidson,Nashville,8/22/2016 3:36:00 PM,2,0,0,36.232720,-86.824140,BRILEY PKWYE,,,,315.00,Feet,East,BRILEY PKWYE,,,,0.00,N,Not at Intersection,N,Non-Junction,None,,,         ,Michael,Brooks,Clear,Not Collision with Motor Vehicle in Transport,no,no,no,no,no,False
101333889,METROPOLITAN NASHVILLE POLICE DEPT,20160755975,Davidson,Not in City Limit,8/22/2016 6:07:00 PM,2,0,0,36.311590,-86.882740,RAWLINGS RD,,,,0.00,,,CLARKSVILLE PKE,,,,0.00,Y,Four-Way,N,Intersection,None,,,         ,Michael,Brooks,Clear,Angle,no,no,no,no,no,False
101333895,METROPOLITAN NASHVILLE POLICE DEPT,20160755416,Davidson,Nashville,8/22/2016 2:21:00 PM,1,1,0,36.238170,-86.782230,BRILEY PKWYE,,,,236.00,Feet,East,I24 W EXT RAMP,,,,0.00,N,Not at Intersection,N,Non-Junction,None,,,         ,Christopher,Littles,Clear,Not Collision with Motor Vehicle in Transport,no,no,no,no,no,False
101333896,METROPOLITAN NASHVILLE POLICE DEPT,20160755601,Davidson,Not in City Limit,8/22/2016 3:42:00 PM,2,0,0,36.264160,-86.735620,I65 N EXT RAMP,,,,0.00,,,OLD HICKORY BLVDW,,,,0.00,Y,T-Intersection, ,,None,,,         ,Christopher,Littles,,,no,no,no,no,no,False
101333897,METROPOLITAN NASHVILLE POLICE DEPT,20160755814,Davidson,Not in City Limit,8/22/2016 5:09:00 PM,1,1,0,36.262530,-86.676920,STATE RT 45,,,,600.00,Feet,East,EAGAN CIR,,,,0.00,N,Not at Intersection,N,Non-Junction,None,,,         ,Christopher,Littles,Clear,Not Collision with Motor Vehicle in Transport,no,no,no,no,no,False
101333901,METROPOLITAN NASHVILLE POLICE DEPT,20160756167,Davidson,Nashville,8/22/2016 6:16:00 PM,1,1,0,36.118400,-86.748690,NOLENSVILLE PKE,,,,0.00,,,,,,,0.00,,,N,Non-Junction,None,,,         ,Benjamin,Froehlich,Clear,Not Collision with Motor Vehicle in Transport,no,no,no,yes,no,False
101333904,VANDERBILT UNIVERSITY POLICE,16-0756305,Davidson,Nashville,8/22/2016 7:35:00 PM,2,0,0,36.146280,-86.804390,WEST SIDE ROW,,,,77.00,Feet,North,VANDERBILT PL,,,,0.00,N,Not at Intersection, ,Non-Junction,None,,,         ,Jonathan,McAllister,Clear,"Sideswipe, Opposite Direction",no,no,no,no,no,Campus
101333908,METROPOLITAN NASHVILLE POLICE DEPT,20160755851,Davidson,Nashville,8/22/2016 5:23:00 PM,2,1,0,36.180350,-86.817910,BUCHANAN ST,,,,0.00,,,25TH AVN,,,,0.00,Y,Four-Way,N,Intersection,None,,,         ,Ashton,Hill,Clear,Angle,no,no,no,no,no,False
101333909,METROPOLITAN NASHVILLE POLICE DEPT,20160751047,Davidson,Nashville,8/20/2016 9:40:00 PM,2,0,0,36.071870,-86.658050,PEBBLE CREEK DR,,,,24.00,Feet,West,MOUNTAIN LAUREL DR,,,,0.00,N,Not at Intersection, ,Non-Junction,None,,,         ,Sharissa,Perez,Rain,HeadOn,no,no,no,no,no,False
101333911,METROPOLITAN NASHVILLE POLICE DEPT,20160755741,Davidson,Nashville,8/22/2016 4:35:00 PM,2,0,0,36.150380,-86.857000,CHARLOTTE PKE,,,,115.00,Feet,East,ORLANDO AV,,,,0.00,N,Not at Intersection, ,Non-Junction,None,,,         ,Brian,Theriac,Clear,Front to Rear,no,no,no,no,no,False
101333915,METROPOLITAN NASHVILLE POLICE DEPT,20160755952,Davidson,Nashville,8/22/2016 5:30:00 PM,2,0,0,36.127470,-86.629550,BELL RD,,,,0.00,,,PRIEST WOODS DR,,,,0.00,Y,T-Intersection,N,Non-Junction,None,,,         ,Patrick,Taylor,Clear,Front to Rear,no,no,no,no,yes,False
101333934,METROPOLITAN NASHVILLE POLICE DEPT,20160756429,Davidson,Not in City Limit,8/22/2016 8:46:00 PM,1,0,0,36.205220,-86.942670,ASHLAND CITY HWY,,,,1338.00,Feet,East,PECAN VALLEY RD,,,,0.00,N,Not at Intersection, ,Non-Junction,None,,,         ,Michael,Brooks,Clear,Not Collision with Motor Vehicle in Transport,no,no,no,no,no,False
101333935,GOODLETTSVILLE POLICE DEPT,16-29354,Davidson,Goodlettsville,8/22/2016 6:47:00 PM,2,0,0,36.325241,-86.701463,LONG HOLLOW PIKE,,SR274,,155.00,Feet,East,CONFERENCE DRIVE,,,,0.00,N,Not at Intersection, ,Non-Junction,None,,,         ,James,Wells,Clear,Angle,no,no,no,no,no,False
101333943,METROPOLITAN NASHVILLE POLICE DEPT,20160755972,Davidson,Nashville,8/22/2016 6:07:00 PM,2,0,0,36.147630,-86.758900,LAFAYETTE ST,,,,79.00,Feet,West,LEWIS ST,,,,0.00,N,Not at Intersection, ,Non-Junction,None,,,         ,Bryan,Byrnes,Clear,Angle,no,no,no,no,no,False
101333944,GOODLETTSVILLE POLICE DEPT,16-29349,Davidson,Goodlettsville,8/22/2016 5:10:00 PM,2,0,0,36.295733,-86.715924,,,I65,,0.10,Miles,South,,,,,94.80,N,Not at Intersection, ,Non-Junction,None,,,         ,Charles,Hauskin,Clear,Front to Rear,no,no,no,no,no,False
101333952,METROPOLITAN NASHVILLE POLICE DEPT,2016-0756142,Davidson,Nashville,8/22/2016 6:54:00 PM,2,0,0,36.020150,-86.747310,OLD SMYRNA RD,,,,0.00,,,BANBURY CRSG,,,,0.00,Y,T-Intersection, ,Intersection,None,,,         ,William,King,Clear,Angle,no,no,no,no,no,False
101333961,METROPOLITAN NASHVILLE POLICE DEPT,20160738051,Davidson,Nashville,8/16/2016 6:57:00 PM,2,0,0,36.187060,-86.631070,LEBANON PKE,,,,0.00,Feet,,CENTRAL PKE,,,,0.00,Y,T-Intersection,N,Intersection-Related,None,,,         ,Dontaveous,Eubanks,Clear,Front to Rear,no,no,no,no,no,False
101333962,METROPOLITAN NASHVILLE POLICE DEPT,20160753108,Davidson,Nashville,8/22/2016 7:10:00 PM,1,0,0,36.075430,-86.717320,HOPEDALE DR,,,,0.00,,,FLORA MAXWELL RD,,,,0.00,Y,OTHER, ,Non-Junction,None,,,         ,Sharissa,Perez,Clear,Not Collision with Motor Vehicle in Transport,no,no,no,no,yes,False
101333977,METROPOLITAN NASHVILLE POLICE DEPT,20160756014,Davidson,Nashville,8/22/2016 6:19:00 PM,2,2,0,36.053660,-86.715020,BREWER DR,,,,0.00,,,NOLENSVILLE PKE,,,,0.00,Y,Four-Way,N,Non-Junction,None,,,         ,Andrew,Mullen,Clear,Angle,no,no,no,no,no,False
101333979,METROPOLITAN NASHVILLE POLICE DEPT,20160752681,Davidson,Nashville,8/21/2016 4:30:00 PM,2,0,0,36.049280,-86.651730,BELL RD,,,,0.00,Feet,,HICKORY HOLLOW MALL PVTDR PL,,,,0.00,Y,Four-Way,N,Intersection-Related,None,,,         ,Richard,Olive,Cloudy,HeadOn,no,no,no,no,no,False
101333985,METROPOLITAN NASHVILLE POLICE DEPT,20160756716,Davidson,Not in City Limit,8/22/2016 10:28:00 PM,2,0,0,36.265920,-86.739650,I65 S EXT RAMP,,,,0.00,,,I65 S ENT RAMP,,,,0.00,Y,T-Intersection, ,,None,,,         ,Patrick,McGinnis,,,no,no,no,no,no,False
101333990,METROPOLITAN NASHVILLE POLICE DEPT,2016-0753803,Davidson,Not in City Limit,8/22/2016 2:22:00 AM,1,0,0,36.256230,-86.777220,BRICK CHURCH PKE,,,,0.00,,,,,,,0.00,,,N,Non-Junction,None,,,         ,Patrick,McGinnis,Clear,Not Collision with Motor Vehicle in Transport,no,no,no,no,no,False
101333991,METROPOLITAN NASHVILLE POLICE DEPT,20160748241,Davidson,Nashville,8/22/2016 9:44:00 PM,2,0,0,36.068080,-86.669300,RICHARDS RD,,,,76.00,Feet,West,DOWDY DR,,,,0.00,N,Not at Intersection, ,,None,,,         ,Richard,Olive,,,no,no,no,no,no,False
101333998,METROPOLITAN NASHVILLE POLICE DEPT,20160756782,Davidson,Nashville,8/22/2016 11:05:00 PM,2,0,0,0.000000,0.000000,,,I24 W,,50.00,Feet,North,,,,,52.00,N,Not at Intersection,N,Non-Junction,None,,,         ,Justin,Chisholm,Clear,"Sideswipe, Same Direction",no,no,no,no,yes,False
101334000,METROPOLITAN NASHVILLE POLICE DEPT,2016-0753703,Davidson,Nashville,8/22/2016 1:11:00 AM,2,1,0,36.131960,-86.792210,BERNARD AV,,,,0.00,,,15TH AVS,,,,0.00,Y,OTHER,N,Non-Junction,None,,,         ,Ryan,Worstall,Clear,Rear to Rear,no,no,no,yes,no,False
101334001,METROPOLITAN NASHVILLE POLICE DEPT,2016-0748056,Davidson,Nashville,8/19/2016 9:16:00 PM,1,0,0,36.136720,-86.801850,BELCOURT AV,,,,290.00,Feet,West,21ST AVS,,,,0.00,N,Not at Intersection, ,Non-Junction,Construction Zone,,,         ,Eric,Thomas,Cloudy,Other,no,no,no,no,no,Campus
101334004,METROPOLITAN NASHVILLE POLICE DEPT,20160752766,Davidson,Nashville,8/22/2016 5:31:00 PM,2,0,0,36.147920,-86.806470,24TH AVS,,,,0.00,,,WEST END AV,,,,0.00,Y,Four-Way, ,Intersection,None,,,         ,Ralph,Smith IV,Clear,Angle,no,no,no,no,no,Campus
101334006,METROPOLITAN NASHVILLE POLICE DEPT,20160756829,Davidson,Nashville,8/22/2016 11:25:00 PM,1,1,0,36.082980,-86.652860,PICCADILLY ROW,,,,207.00,Feet,North,ORCHARD MOUNTAIN CT,,,,0.00,N,Not at Intersection,N,Non-Junction,None,,,         ,Autumn,Manning,Clear,Not Collision with Motor Vehicle in Transport,no,no,no,no,no,False
101334009,METROPOLITAN NASHVILLE POLICE DEPT,20160756848,Davidson,Nashville,8/22/2016 11:20:00 PM,2,0,0,0.000000,0.000000,LAFAYETTE,ST,,,100.00,Feet,East,SECOND,AVE,,,0.00,N,Not at Intersection,N,Non-Junction,None,,,         ,Justin,Chisholm,Clear,Rear to Rear,no,no,no,yes,yes,False
101334010,METROPOLITAN NASHVILLE POLICE DEPT,20160756924,Davidson,Nashville,8/22/2016 10:30:00 PM,1,0,0,36.057240,-86.677030,I 24,,,,0.00,,,,,,,58.10,N,Not at Intersection,N,Non-Junction,None,,,         ,William,Coy,Clear,Not Collision with Motor Vehicle in Transport,no,no,no,no,yes,False
101334037,METROPOLITAN NASHVILLE POLICE DEPT,20160757121,Davidson,Nashville,8/22/2016 10:24:00 PM,2,0,0,36.016540,-86.602900,CORPORATE PL,,,,882.00,Feet,West,J P HENNESSY DR,,,,0.00,N,Not at Intersection, ,Non-Junction,None,,,         ,David,Moser,Clear,Front to Rear,no,no,no,no,no,False
101334075,METROPOLITAN NASHVILLE POLICE DEPT,20160757393,Davidson,Nashville,8/23/2016 2:42:00 AM,2,1,0,36.203400,-86.776840,I 65,,,,0.00,,,,,,,87.10,N,Not at Intersection,Y,Entrance/Exit Ramp Related,Construction Zone,Laneclosure,Activity Area,         ,James,Murphy,Clear,"Sideswipe, Same Direction",no,no,no,no,yes,False
101334079,METROPOLITAN NASHVILLE POLICE DEPT,2016-0746663,Davidson,Nashville,8/19/2016 11:17:00 AM,2,2,0,36.071890,-86.691210,I 24,,,,0.00,,,,,,,56.80,N,Not at Intersection,N,Non-Junction,None,,,         ,William,Whitworth,Rain,Angle,no,no,no,no,no,False
101334080,METROPOLITAN NASHVILLE POLICE DEPT,2016-0754331,Davidson,Nashville,8/22/2016 6:52:00 AM,2,1,0,36.044070,-86.656610,I 24,,,,0.00,,,,,,,59.55,N,Not at Intersection,N,Entrance/Exit Ramp Related,None,,,         ,William,Whitworth,Clear,Front to Rear,no,no,no,no,no,False
101334087,METROPOLITAN NASHVILLE POLICE DEPT,20160757193,Davidson,Nashville,8/23/2016 1:22:00 AM,1,1,0,36.089410,-86.696760,METROPLEX DR,,,,956.00,Feet,North,ANTIOCH PKE,,,,0.00,N,Not at Intersection,N,Non-Junction,None,,,         ,Leonard,Cato,Clear,Not Collision with Motor Vehicle in Transport,no,no,no,no,no,False
101334088,METROPOLITAN NASHVILLE POLICE DEPT,20160757698,Davidson,Nashville,8/23/2016 5:10:00 AM,2,3,0,36.171840,-86.764770,S 5TH ST,,,,0.00,,,WOODLAND ST,,,,0.00,Y,Four-Way,N,Intersection,None,,,         ,Ky,Luu,Clear,Angle,no,no,no,no,no,False