master_record_number,agency,agency_tracking_number,county,city,collision_date,vehicles_involved,number_injured,number_dead,latitude,longitude,roadway_name,roadway_suffix,roadway_number,roadway_local_id,distance_from_reference,miles-feet_indicator,direction_from_reference,intersection_road_name,intersection_road_name_suffix,intersection_road_number,intersection_local_id,mile_marker,intersection_indicator,intersect_type,interchange_related_indicator,relation_to_junction,work_zone_type,construction_maintenance_zone,construction_maintenance_zone_location,fatal_case_number,officer_first_name,officer_last_name,weather_condition(s),manner_of_crash,pedestrian,bicycle,scooter,parking,hitrun,mou
101345994,METROPOLITAN NASHVILLE POLICE DEPT,2016-0766056,Davidson,Nashville,8/25/2016 3:28:00 PM,2,1,0,36.149940,-86.867640,OBRIEN AV,,,,15.00,Feet,West,EASTBORO DR,,,,0.00,N,Not at Intersection,N,Non-Junction,None,,,         ,Walter,Gray II,Cloudy,Front to Rear,no,no,no,no,no,False
101345996,METROPOLITAN NASHVILLE POLICE DEPT,20160766002,Davidson,Antioch,8/25/2016 3:47:00 PM,2,0,0,36.072330,-86.598340,DOVE CREEK RD,,,,219.00,Feet,North,QUAISE MOORE,,,,0.00,N,Not at Intersection, ,Non-Junction,None,,,         ,Jessie,Meadows,Clear,Front to Rear,no,no,no,no,no,False
101346001,METROPOLITAN NASHVILLE POLICE DEPT,20160766101,Davidson,Not in City Limit,8/25/2016 3:42:00 PM,2,1,0,36.264450,-86.732280,OLD HICKORY BLVDW,,,,0.00,,,N GRAYCROFT AV,,,,0.00,Y,Four-Way,N,Intersection,None,,,         ,Rodney,Phipps,Clear,Front to Rear,no,no,no,no,yes,False
101346002,METROPOLITAN NASHVILLE POLICE DEPT,20160765908,Davidson,Nashville,8/25/2016 2:24:00 PM,3,0,0,36.159950,-86.703220,LEBANON PKE,,,,112.00,Feet,West,QUINN CIR,,,,0.00,N,Not at Intersection, ,Non-Junction,None,,,         ,Cressie,Prill,Clear,Front to Rear,no,no,no,no,no,False
101346003,METROPOLITAN NASHVILLE POLICE DEPT,20160766086,Davidson,Nashville,8/25/2016 2:04:00 PM,2,0,0,36.201440,-86.765200,MARSHALL ST,,,,347.00,Feet,East,MERIDIAN ST,,,,0.00,N,Not at Intersection, ,"Driveway, Alley Access, etc",None,,,         ,Cressie,Prill,Clear,Rear to Side,no,no,no,no,no,False
101346015,METROPOLITAN NASHVILLE POLICE DEPT,20160759966,Davidson,Nashville,8/23/2016 9:38:00 PM,2,0,0,36.162140,-86.774580,BROADWAY,,,,72.00,Feet,West,1ST AVS,,,,0.00,N,Not at Intersection,N,Non-Junction,None,,,         ,Caleb,Rogan,Clear,Angle,no,no,no,no,no,False
101346027,METROPOLITAN NASHVILLE POLICE DEPT,20160766183,Davidson,Nashville,8/25/2016 3:57:00 PM,2,0,0,36.047970,-86.656540,HICKORY HOLLOW PKWY,,,,238.00,Feet,West,BELL RD,,,,0.00,N,Not at Intersection, ,Non-Junction,None,,,         ,Gregory,Cenicola,Clear,"Sideswipe, Same Direction",no,no,no,no,no,False
101346032,METROPOLITAN NASHVILLE POLICE DEPT,20160766220,Davidson,Nashville,8/25/2016 4:31:00 PM,2,0,0,36.141570,-86.714240,I 40,,,,0.00,,,,,,,214.00,N,Not at Intersection, ,Non-Junction,None,,,         ,Jaby,Djabbarov,Clear,Front to Rear,no,no,no,no,no,False
101346035,METROPOLITAN NASHVILLE POLICE DEPT,20160766008,Davidson,Nashville,8/25/2016 1:54:00 PM,2,0,0,36.157720,-86.797350,17TH AVN,,,,0.00,,,PATTERSON ST,,,,0.00,Y,Four-Way, ,Intersection,None,,,         ,David,Collins,Clear,Front to Rear,no,no,no,no,no,False
101346036,METROPOLITAN NASHVILLE POLICE DEPT,20160766165,Davidson,Nashville,8/25/2016 3:54:00 PM,2,0,0,36.170460,-86.804880,I 40,,,,0.00,,,,,,,207.60,N,Not at Intersection,N,Non-Junction,None,,,         ,Nicholas,Smith,Clear,Front to Rear,no,no,no,no,yes,False
101346038,METROPOLITAN NASHVILLE POLICE DEPT,20160766205,Davidson,Nashville,8/25/2016 4:25:00 PM,2,1,0,36.115750,-86.781490,I 440,,,,0.00,,,,,,,4.45,N,Not at Intersection,Y,Entrance/Exit Ramp Related,None,,,         ,Conner,Harris,Cloudy,Front to Rear,no,no,no,no,no,False
101346039,METROPOLITAN NASHVILLE POLICE DEPT,2016-0763862,Davidson,Nashville,8/24/2016 10:17:00 PM,2,0,0,36.204910,-86.737700,GALLATIN PKE,,,,49.00,Feet,South,MCGAVOCK PKE,,,,0.00,N,Not at Intersection, ,,None,,,         ,Jonathan,Hadley,,,no,no,no,no,no,False
101346056,METROPOLITAN NASHVILLE POLICE DEPT,20160766107,Davidson,Nashville,8/25/2016 3:19:00 PM,2,0,0,36.151770,-86.806750,23RD AVN,,,,0.00,,,STATE ST,,,,0.00,Y,T-Intersection,N,Non-Junction,None,,,         ,David,Collins,Clear,HeadOn,no,no,no,no,no,False
101346062,GOODLETTSVILLE POLICE DEPT,16-29715,Davidson,Goodlettsville,8/25/2016 5:08:00 PM,2,0,0,36.301771,-86.709777,VIETNAM VETERANS,BLVD,SR386,,0.00,,,,,,,0.10,N,Not at Intersection, ,Entrance/Exit Ramp Related,None,,,         ,Brian,Hajdu,Cloudy,Front to Rear,no,no,no,no,no,False
101346067,METROPOLITAN NASHVILLE POLICE DEPT,20160766005,Davidson,Nashville,8/25/2016 3:00:00 PM,2,1,0,36.234390,-86.721010,BRILEY PKWYW,,,,103.00,Feet,East,BRILEY PKWY W EXT RAMP,,,,0.00,N,Not at Intersection,N,Non-Junction,None,,,         ,Jordan,Lowry,Clear,"Sideswipe, Same Direction",no,no,no,no,no,False
101346080,METROPOLITAN NASHVILLE POLICE DEPT,20160765975,Davidson,Nashville,8/25/2016 2:54:00 PM,2,0,0,36.177670,-86.791040,6TH AVN,,,,138.00,Feet,South,TAYLOR ST,,,,0.00,N,Not at Intersection, ,Non-Junction,None,,,         ,Christopher,Templin,Clear,"Sideswipe, Same Direction",no,no,no,no,no,False
101346081,METROPOLITAN NASHVILLE POLICE DEPT,20160766266,Davidson,Nashville,8/25/2016 12:00:00 AM,2,0,0,36.154150,-86.760620,OLD HERMITAGE AV,,,,71.00,Feet,West,CLAIBORNE ST,,,,0.00,N,Not at Intersection, ,Non-Junction,None,,,         ,Craig,Gentry,Clear,"Sideswipe, Same Direction",no,no,no,no,no,False
101346089,VANDERBILT UNIVERSITY POLICE,2016-0766096,Davidson,Nashville,8/25/2016 12:00:00 AM,1,0,0,36.147730,-86.805660,24TH AVENUE SOUTH,,,,100.00,Feet,East,24TH,AVE,,24TH AVENUE SOUTH,0.00,N,Not at Intersection, ,,None,,,         ,Robert,Skucy,,,no,no,no,yes,no,Campus
101346099,METROPOLITAN NASHVILLE POLICE DEPT,2016-0766322,Davidson,Nashville,8/25/2016 4:55:00 PM,2,0,0,36.083340,-86.772360,FRANKLIN PKE,,,,500.00,Feet,North,ROBERTSON ACADEMY RD,,,,0.00,N,Not at Intersection, ,Non-Junction,None,,,         ,William,King,Clear,Front to Rear,no,no,no,no,no,False
101346100,METROPOLITAN NASHVILLE POLICE DEPT,2016-0766457,Davidson,Nashville,8/25/2016 5:17:00 PM,2,0,0,36.082240,-86.766010,I65 S ENT RAMP,,,,0.00,Feet,East,I 65,,,,0.00,N,Not at Intersection, ,Entrance/Exit Ramp Related,None,,,         ,William,King,Clear,Front to Rear,no,no,no,no,no,False
101346101,METROPOLITAN NASHVILLE POLICE DEPT,20160766356,Davidson,Nashville,8/25/2016 5:17:00 PM,2,0,0,36.148340,-86.780250,I 40,,,,0.00,,,,,,,209.80,N,Not at Intersection, ,Non-Junction,None,,,         ,Jarret,Sonnenberg,Clear,"Sideswipe, Same Direction",no,no,no,no,no,False
101346113,METROPOLITAN NASHVILLE POLICE DEPT,20160766506,Davidson,Nashville,8/25/2016 3:00:00 PM,2,0,0,36.157500,-86.790030,I40 W ENT RAMP,,,,0.00,,,I 40,,,,0.00,Y,Y-Intersection, ,Entrance/Exit Ramp Related,None,,,         ,Jason,Thomas,Clear,"Sideswipe, Same Direction",no,no,no,no,no,False
101346114,METROPOLITAN NASHVILLE POLICE DEPT,20160766525,Davidson,Nashville,8/25/2016 6:24:00 PM,2,0,0,36.131670,-86.896190,I40 E EXT RAMP,,,,0.00,,,I 40,,,,0.00,Y,OTHER, ,,None,,,         ,Benjamin,Spees,,,no,no,no,no,no,False
101346120,METROPOLITAN NASHVILLE POLICE DEPT,20160766351,Davidson,Nashville,8/25/2016 5:14:00 PM,2,0,0,36.169780,-86.809170,I 40,,,,0.00,,,,,,,207.15,N,Not at Intersection,N,Non-Junction,None,,,         ,Christopher,Templin,Clear,Front to Rear,no,no,no,no,no,False
101346125,METROPOLITAN NASHVILLE POLICE DEPT,20160766443,Davidson,Nashville,8/25/2016 10:00:00 AM,1,0,0,36.217340,-86.742070,HART LN,,,,0.00,,,,,,,0.00,,,N,Non-Junction,None,,,         ,Gunes,Akyildiz,Clear,Not Collision with Motor Vehicle in Transport,no,no,no,no,yes,False
101346130,METROPOLITAN NASHVILLE POLICE DEPT,20160766544,Davidson,Nashville,8/25/2016 6:09:00 PM,2,0,0,36.196880,-86.775650,I 65,,,,0.00,,,,,,,86.65,N,Not at Intersection, ,Non-Junction,None,,,         ,Jonathan,Hadley,Clear,"Sideswipe, Same Direction",no,no,no,no,no,False
101346131,METROPOLITAN NASHVILLE POLICE DEPT,20160766534,Davidson,Nashville,8/25/2016 6:31:00 PM,2,0,0,36.155650,-86.789720,I40 E ENT RAMP,,,,0.00,,,BROADWAY,,,,0.00,Y,Four-Way, ,Intersection-Related,None,,,         ,Ryan,Caulfield,Clear,"Sideswipe, Same Direction",no,no,no,no,no,False
101346143,METROPOLITAN NASHVILLE POLICE DEPT,20160766455,Davidson,Nashville,8/25/2016 5:35:00 PM,2,0,0,36.141950,-86.677450,I 40,,,,0.00,,,,,,,215.00,N,Not at Intersection,Y,Non-Junction,None,,,         ,Marcus,Mitchell,Clear,Front to Rear,no,no,no,no,yes,False
101346146,METROPOLITAN NASHVILLE POLICE DEPT,20160766305,Davidson,Nashville,8/25/2016 4:57:00 PM,2,0,0,36.154270,-86.792890,WEST END AV,,,,0.00,,,BROADWAY,,,,0.00,Y,Four-Way, ,Intersection,None,,,         ,Akira,McSwain,Clear,Angle,no,no,no,no,no,False
101346152,METROPOLITAN NASHVILLE POLICE DEPT,20160766670,Davidson,Nashville,8/25/2016 7:13:00 PM,2,0,0,36.152320,-86.624140,BELL RD,,,,277.00,Feet,East,STEWARTS FERRY PKE,,,,0.00,N,Not at Intersection,N,Non-Junction,None,,,         ,Marcus,Mitchell,Clear,Front to Rear,no,no,no,no,yes,False
101346154,VANDERBILT UNIVERSITY POLICE,16-0766566,Davidson,Nashville,8/25/2016 5:45:00 PM,1,1,0,36.141010,-86.806770,25TH AVS,,,,674.00,Feet,North,CHILDRENS WAY,,,,0.00,N,Not at Intersection,N,Non-Junction,None,,,         ,Donald,Dennis,Clear,Not Collision with Motor Vehicle in Transport,no,yes,no,no,no,Campus
101346162,METROPOLITAN NASHVILLE POLICE DEPT,20160762603,Davidson,Nashville,8/24/2016 3:20:00 PM,2,0,0,36.150380,-86.697350,ELM HILL PKE,,,,150.00,Feet,East,AIR LANE DR,,,,0.00,N,Not at Intersection, ,Non-Junction,None,,,         ,John,Daugherty,Clear,Front to Rear,no,no,no,no,no,False
101346168,METROPOLITAN NASHVILLE POLICE DEPT,20160766427,Davidson,Nashville,8/25/2016 5:43:00 PM,2,1,0,36.224110,-86.725640,RIVERWOOD DR,,,,0.00,,,GALLATIN PKE,,,,0.00,Y,T-Intersection,N,Intersection,None,,,         ,Cressie,Prill,Clear,Angle,yes,no,no,no,no,False
101346169,METROPOLITAN NASHVILLE POLICE DEPT,20160766649,Davidson,Nashville,8/25/2016 7:08:00 PM,2,0,0,36.204350,-86.738090,GALLATIN PKE,,,,0.00,,,ZOPHI ST,,,,0.00,Y,T-Intersection,N,Intersection,None,,,         ,Cressie,Prill,Clear,Angle,no,no,no,no,yes,False
101346178,VANDERBILT UNIVERSITY POLICE,16-0766627,Davidson,Nashville,8/25/2016 6:15:00 PM,2,0,0,36.146440,-86.808010,25TH AVS,,,,219.00,Feet,South,WEST END AV,,,,0.00,N,Not at Intersection,N,Non-Junction,None,,,         ,Matthew,Neely,Clear,HeadOn,no,no,no,no,no,Campus
101346179,METROPOLITAN NASHVILLE POLICE DEPT,20160766246,Davidson,Nashville,8/25/2016 4:40:00 PM,2,0,0,36.052910,-86.696960,TUSCULUM CT,,,,9.00,Feet,South,DELVIN DR,,,,0.00,N,Not at Intersection,N,Non-Junction,None,,,         ,Joseph,Progar,Clear,Angle,no,no,no,no,no,False
101346217,METROPOLITAN NASHVILLE POLICE DEPT,20160759279,Davidson,Nashville,8/23/2016 2:02:00 PM,2,0,0,36.113500,-86.799950,BELMONT BLVD,,,,164.00,Feet,North,WOODMONT BLVD,,,,0.00,N,Not at Intersection, ,Non-Junction,None,,,         ,Miguel,Garcia,Clear,Front to Rear,no,no,no,no,no,False
101346218,METROPOLITAN NASHVILLE POLICE DEPT,20160766979,Davidson,Nashville,8/23/2016 3:59:00 PM,2,0,0,36.082870,-86.727330,NOLENSVILLE PKE,,,,97.00,Feet,North,WELSHWOOD DR,,,,0.00,N,Not at Intersection, ,Non-Junction,None,,,         ,Miguel,Garcia,Clear,Front to Rear,no,no,no,no,no,False
101346232,METROPOLITAN NASHVILLE POLICE DEPT,20160766347,Davidson,Not in City Limit,8/25/2016 5:00:00 PM,2,0,0,36.054090,-86.950600,OLD HARDING PKE,,,,0.00,Feet,,POPLAR CREEK RD,,,,0.00,Y,T-Intersection, ,Intersection-Related,None,,,         ,Johnathon,Birdwell,Clear,Angle,no,no,no,no,no,False
101346238,METROPOLITAN NASHVILLE POLICE DEPT,20160766606,Davidson,Nashville,8/25/2016 6:00:00 PM,2,0,0,36.130480,-86.802740,BLAIR BLVD,,,,218.00,Feet,West,21ST AVS,,,,0.00,N,Not at Intersection, ,Non-Junction,None,,,         ,Jose,Salazar,Clear,Angle,no,no,no,no,no,False
101346239,METROPOLITAN NASHVILLE POLICE DEPT,20160767081,Davidson,Nashville,8/25/2016 10:14:00 PM,2,0,0,36.164920,-86.820070,I40 W EXT RAMP,,,,0.00,,,I 40,,,,0.00,Y,Y-Intersection, ,,None,,,         ,Ryan,Caulfield,,,no,no,no,no,no,False
101346245,METROPOLITAN NASHVILLE POLICE DEPT,20160765965,Davidson,Nashville,8/25/2016 2:45:00 PM,1,0,0,36.161120,-86.820780,I 40,,,,0.00,,,,,,,206.20,N,Not at Intersection, ,Non-Junction,None,,,         ,Michael,Brooks,Clear,Not Collision with Motor Vehicle in Transport,no,no,no,no,no,False
101346246,METROPOLITAN NASHVILLE POLICE DEPT,20160766240,Davidson,Nashville,8/25/2016 4:37:00 PM,2,0,0,36.196910,-86.781280,FERN AV,,,,228.00,Feet,East,WEAKLEY AV,,,,0.00,N,Not at Intersection,N,Non-Junction,None,,,         ,Michael,Brooks,Clear,Angle,no,no,no,no,yes,False
101346247,METROPOLITAN NASHVILLE POLICE DEPT,20160766467,Davidson,Nashville,8/25/2016 5:53:00 PM,2,0,0,36.159290,-86.816370,27TH AVN,,,,277.00,Feet,North,CLIFTON AV,,,,0.00,N,Not at Intersection, ,Non-Junction,None,,,         ,Michael,Brooks,Clear,Angle,no,no,no,no,no,False
101346248,METROPOLITAN NASHVILLE POLICE DEPT,20160766736,Davidson,Nashville,8/25/2016 7:50:00 PM,2,0,0,36.193330,-86.776230,I 24,,,,0.00,,,,,,,46.65,N,Not at Intersection,Y,Entrance/Exit Ramp Related,None,,,         ,Michael,Brooks,Clear,"Sideswipe, Same Direction",no,no,no,no,yes,False
101346255,METROPOLITAN NASHVILLE POLICE DEPT,20160764729,Davidson,Nashville,8/25/2016 5:33:00 AM,2,0,0,36.170030,-86.766910,I 24,,,,0.00,,,,,,,48.70,N,Not at Intersection,N,Non-Junction,None,,,         ,Aimee,Ortiz,Clear,"Sideswipe, Same Direction",no,no,no,no,yes,False
101346262,METROPOLITAN NASHVILLE POLICE DEPT,20160763796,Davidson,Nashville,8/24/2016 12:00:00 AM,2,0,0,36.101210,-86.735090,ANTIOCH PKE,,,,0.00,Feet,,WINGATE AV,,,,0.00,Y,T-Intersection, ,Intersection,None,,,         ,Benjamin,Froehlich,Clear,Angle,no,no,no,no,no,False
101346263,METROPOLITAN NASHVILLE POLICE DEPT,20160752797,Davidson,Nashville,8/21/2016 3:00:00 PM,2,0,0,36.047800,-86.713550,NOLENSVILLE PKE,,,,363.00,Feet,South,HICKORYVIEW DR,,,,0.00,N,Not at Intersection,N,Non-Junction,None,,,         ,Darryl,Williams,Clear,Rear to Rear,no,no,no,yes,yes,False
101346268,METROPOLITAN NASHVILLE POLICE DEPT,20160767245,Davidson,Nashville,8/25/2016 8:20:00 AM,1,1,0,36.064790,-86.628480,HAMILTON CHURCH RD,,,,0.00,,,MURFREESBORO PKE,,,,0.00,Y,Four-Way,N,Intersection,None,,,         ,Steven,Carrick,Clear,Not Collision with Motor Vehicle in Transport,yes,no,no,no,yes,False
101346271,METROPOLITAN NASHVILLE POLICE DEPT,20160767149,Davidson,Nashville,8/25/2016 10:44:00 PM,2,1,0,0.000000,0.000000,OLD HICKORY,BLVD,SR45,,0.00,,,NO NAME,ST,,,0.00,Y,T-Intersection,N,Intersection,None,,,         ,Justin,Chisholm,Clear,Front to Rear,no,no,no,no,no,False
101346276,METROPOLITAN NASHVILLE POLICE DEPT,20160767185,Davidson,Nashville,8/25/2016 12:00:00 AM,1,1,0,36.229670,-86.841820,BRILEY PKWYW,,,,629.00,Feet,West,BRILEY PKWYE,,,,0.00,N,Not at Intersection,N,Non-Junction,None,,,         ,Matthew,Lachance,Clear,Unknown,no,no,no,no,no,False
101346280,METROPOLITAN NASHVILLE POLICE DEPT,20160764816,Davidson,Nashville,8/25/2016 6:10:00 AM,6,0,0,36.196840,-86.776150,I 65,,,,0.00,,,,,,,86.65,N,Not at Intersection,N,Non-Junction,None,,,         ,Geoffrey,Daugherty,Clear,Front to Rear,no,no,no,no,yes,False
101346296,METROPOLITAN NASHVILLE POLICE DEPT,20160751600,Davidson,Nashville,8/21/2016 12:00:00 AM,2,0,0,36.172840,-86.765340,JAMES ROBERTSON PKWY,,,,0.00,,,MAIN ST,,,,0.00,Y,Four-Way,N,Intersection,None,,,         ,Amanda,Hane,Rain,Angle,no,no,no,no,yes,False
101346372,METROPOLITAN NASHVILLE POLICE DEPT,20160765856,Davidson,Nashville,8/25/2016 1:25:00 PM,2,0,0,36.206160,-86.772040,W TRINITY LN,,,,278.00,Feet,West,LUCAS LN,,,,0.00,N,Not at Intersection, ,Non-Junction,None,,,         ,Tony,Folad,Clear,"Sideswipe, Same Direction",no,no,no,no,yes,False
101346395,METROPOLITAN NASHVILLE POLICE DEPT,20160750104,Davidson,Nashville,8/20/2016 1:52:00 PM,2,0,0,36.173350,-86.601720,CENTRAL PKE,,,,155.00,Feet,East,OLD HICKORY BLVD,,,,0.00,N,Not at Intersection,N,Non-Junction,None,,,         ,Richard,Hyatt,Rain,Front to Rear,no,no,no,no,yes,False
101346398,METROPOLITAN NASHVILLE POLICE DEPT,20160765939,Davidson,Nashville,8/25/2016 2:40:00 PM,2,0,0,36.045230,-86.714710,OLD HICKORY BLVD,,,,25.00,Feet,East,BRENTWOOD EAST DR,,,,0.00,N,Not at Intersection, ,Non-Junction,None,,,         ,Gary,Sneed,Clear,Angle,no,no,no,no,no,False
101346441,METROPOLITAN NASHVILLE POLICE DEPT,20160754297,Davidson,Nashville,8/22/2016 6:52:00 AM,2,2,0,36.169570,-86.678140,LEBANON PKE,,,,519.00,Feet,East,MCGAVOCK PKE,,,,0.00,N,Not at Intersection,N,Non-Junction,None,,,         ,James,Curtis,Clear,Front to Rear,no,no,no,no,no,False
101346443,METROPOLITAN NASHVILLE POLICE DEPT,16-0765417,Davidson,Nashville,8/25/2016 9:51:00 AM,1,0,0,36.147680,-86.666330,DONELSON PKE,,,,408.00,Feet,South,ELM HILL PKE,,,,0.00,N,Not at Intersection,N,OtherLocation,None,,,         ,Larry,Benz,Clear,Not Collision with Motor Vehicle in Transport,no,no,no,yes,yes,False
101346463,THP District 3 - Nashville,316047005,Davidson,Nashville,8/24/2016 5:30:00 PM,3,0,0,36.123870,-86.746290,I 440,,,,0.00,,,,,,,6.50,N,Not at Intersection,N,Non-Junction,None,,,         ,Steven,Manning,Cloudy,Front to Rear,no,no,no,no,no,False
101346534,METROPOLITAN NASHVILLE POLICE DEPT,20160754497,Davidson,Nashville,8/22/2016 8:18:00 AM,4,1,0,36.158520,-86.625000,I 40,,,,0.00,,,,,,,219.30,N,Not at Intersection,N,Non-Junction,None,,,         ,James,Curtis,Clear,Front to Rear,no,no,no,no,no,False
101346536,METROPOLITAN NASHVILLE POLICE DEPT,20160766296,Davidson,Nashville,8/25/2016 4:54:00 PM,2,0,0,36.127970,-86.845130,BOSLEY SPRINGS RD,,,,400.00,Feet,West,HARDING PKE,,,,0.00,N,Not at Intersection, ,Non-Junction,None,,,         ,Walter,Gray II,Clear,Front to Rear,no,no,no,no,no,False
101346537,METROPOLITAN NASHVILLE POLICE DEPT,2016-0766397,Davidson,Nashville,8/25/2016 5:31:00 PM,2,0,0,36.124980,-86.847640,HARDING PKE,,,,0.00,,,WHITE BRIDGE PKE,,,,0.00,Y,Four-Way,N,Intersection,None,,,         ,Walter,Gray II,Clear,Angle,no,no,no,no,no,False
101346583,METROPOLITAN NASHVILLE POLICE DEPT,20160765418,Davidson,Nashville,8/25/2016 10:35:00 AM,2,0,0,36.158370,-86.771720,KOREAN VETERANS BLVD,,,,59.00,Feet,East,HERMITAGE AV,,,,0.00,N,Not at Intersection,N,Non-Junction,None,,,         ,Phillip,Box,Clear,Front to Rear,no,no,no,no,no,False
101346596,METROPOLITAN NASHVILLE POLICE DEPT,20160768219,Davidson,Nashville,8/25/2016 12:00:00 AM,2,0,0,36.090090,-86.716890,BENITA DR,,,,502.00,Feet,East,PARAGON MILLS RD,,,,0.00,N,Not at Intersection,N,Non-Junction,None,,,         ,Carey,Steel,Clear,Front to Rear,no,no,no,no,yes,False
101346603,METROPOLITAN NASHVILLE POLICE DEPT,2016-0765664,Davidson,Nashville,8/25/2016 12:11:00 PM,1,0,0,36.151790,-86.779250,8TH AVS,,,,0.00,,,GLEAVES ST,,,,0.00,Y,T-Intersection, ,Non-Junction,None,,,         ,Daniel,Massey,Clear,Not Collision with Motor Vehicle in Transport,no,no,no,no,no,False
101346655,METROPOLITAN NASHVILLE POLICE DEPT,20160763064,Davidson,Nashville,8/24/2016 5:46:00 PM,2,0,0,36.141100,-86.656130,I 40,,,,0.00,,,,,,,217.80,N,Not at Intersection, ,Non-Junction,None,,,         ,Brian,Smith,Clear,"Sideswipe, Same Direction",no,no,no,no,no,False
101346657,METROPOLITAN NASHVILLE POLICE DEPT,20160762900,Davidson,Nashville,8/24/2016 4:52:00 PM,2,0,0,36.142320,-86.709830,I 40,,,,0.00,,,,,,,214.20,N,Not at Intersection, ,,None,,,         ,Brian,Smith,,,no,no,no,no,no,False
101346706,METROPOLITAN NASHVILLE POLICE DEPT,20160754666,Davidson,Nashville,8/22/2016 9:00:00 AM,2,0,0,36.183690,-86.611120,OLD HICKORY BLVD,,,,128.00,Feet,West,DODSON CHAPEL RD,,,,0.00,N,Not at Intersection, ,Non-Junction,None,,,         ,Scott,Toney,Cloudy,Front to Rear,no,no,no,no,no,False
101346717,METROPOLITAN NASHVILLE POLICE DEPT,20160766244,Davidson,Nashville,8/25/2016 4:00:00 PM,2,0,0,36.138030,-86.727770,I 24,,,,0.00,,,,,,,51.35,N,Not at Intersection, ,Non-Junction,None,,,         ,Alyson,Cook,Clear,Front to Rear,no,no,no,no,no,False
101346754,METROPOLITAN NASHVILLE POLICE DEPT,20160764979,Davidson,Nashville,8/25/2016 7:35:00 AM,2,0,0,36.231120,-86.624610,OLD HICKORY BLVD,,,,427.00,Feet,South,SHUTE LN,,,,0.00,N,Not at Intersection, ,Non-Junction,None,,,         ,William,Walls,Cloudy,Front to Rear,no,no,no,no,no,False
101346766,GOODLETTSVILLE POLICE DEPT,16-29351,Davidson,Goodlettsville,8/22/2016 5:25:00 PM,2,0,0,36.293450,-86.718900,I 65,,,,0.00,,,,,,,94.55,N,Not at Intersection, ,Unknown,None,,,         ,Charles,Hauskin,Clear,"Sideswipe, Same Direction",no,no,no,no,no,False
101346769,METROPOLITAN NASHVILLE POLICE DEPT,20160758961,Davidson,Nashville,8/23/2016 2:03:00 PM,2,0,0,36.118340,-86.748950,NOLENSVILLE PKE,,,,0.00,,,,,,,0.00,,, ,Non-Junction,Construction Zone,,,         ,Nathan,Smith,Clear,"Sideswipe, Same Direction",no,no,no,no,no,False
101346777,METROPOLITAN NASHVILLE POLICE DEPT,20160699896,Davidson,Nashville,8/4/2016 7:05:00 PM,1,0,1,36.228110,-86.772420,I 65,,,,0.00,,,,,,,88.85,N,Not at Intersection,N,Non-Junction,None,,,16-0550  ,Brian,Theriac,Clear,Not Collision with Motor Vehicle in Transport,no,no,no,no,no,False
101346837,METROPOLITAN NASHVILLE POLICE DEPT,20160767054,Davidson,Nashville,8/25/2016 9:59:00 PM,2,0,0,36.051510,-86.714360,NOLENSVILLE PKE,,,,0.00,,,OCALA DR,,,,0.00,Y,Four-Way,Y,Intersection,None,,,         ,Jacob,Masteller,Clear,Angle,no,no,no,no,yes,False
101346886,METROPOLITAN NASHVILLE POLICE DEPT,20160747845,Davidson,Nashville,8/19/2016 8:00:00 PM,2,1,0,36.255840,-86.710210,NEELYS BEND RD,,,,180.00,Feet,West,WALNUT ST,,,,0.00,N,Not at Intersection,N,Non-Junction,None,,,         ,Cecilia,Gomez,Rain,Front to Rear,no,no,no,no,no,False
101346918,METROPOLITAN NASHVILLE POLICE DEPT,20160734685,Davidson,Nashville,8/15/2016 12:00:00 AM,2,0,0,36.144720,-86.694630,I40 W ENT RAMP,,,,0.00,,,I 40,,,,0.00,Y,OTHER, ,Non-Junction,None,,,         ,Brent,Hedgcoth,Clear,"Sideswipe, Same Direction",no,no,no,no,no,False
101346919,METROPOLITAN NASHVILLE POLICE DEPT,20160766560,Davidson,Nashville,8/25/2016 12:00:00 AM,2,0,0,36.141540,-86.671300,I 40,,,,0.00,,,,,,,215.00,N,Not at Intersection,N,Non-Junction,None,,,         ,Brent,Hedgcoth,Clear,Front to Rear,no,no,no,no,yes,False
101346996,METROPOLITAN NASHVILLE POLICE DEPT,20160756371,Davidson,Nashville,8/22/2016 8:30:00 PM,2,1,0,36.089380,-86.719860,PARAGON MILLS RD,,,,275.00,Feet,East,ASTER DR,,,,0.00,N,Not at Intersection,N,Non-Junction,None,,,         ,Richard,Olive,Cloudy,HeadOn,no,no,no,no,yes,False
101347017,Nashville Airport Police,2016-02463,Davidson,Nashville,8/25/2016 8:42:00 PM,1,1,0,36.122980,-86.665670,DONELSON PKE,,,,2402.00,Feet,North,HANGAR LN,,,,0.00,N,Not at Intersection,N,Non-Junction,None,,,         ,Jeremy,Riel,Clear,Not Collision with Motor Vehicle in Transport,no,no,no,no,no,False
101347048,METROPOLITAN NASHVILLE POLICE DEPT,20160762694,Davidson,Nashville,8/24/2016 3:47:00 PM,2,0,0,36.045000,-86.779320,I65 N ENT RAMP,,,,0.00,,,I 65,,,,0.00,Y,OTHER, ,Non-Junction,None,,,         ,Nicholas,Berens,Clear,Angle,no,no,no,no,no,False