master_record_number,agency,agency_tracking_number,county,city,collision_date,vehicles_involved,number_injured,number_dead,latitude,longitude,roadway_name,roadway_suffix,roadway_number,roadway_local_id,distance_from_reference,miles-feet_indicator,direction_from_reference,intersection_road_name,intersection_road_name_suffix,intersection_road_number,intersection_local_id,mile_marker,intersection_indicator,intersect_type,interchange_related_indicator,relation_to_junction,work_zone_type,construction_maintenance_zone,construction_maintenance_zone_location,fatal_case_number,officer_first_name,officer_last_name,weather_condition(s),manner_of_crash,pedestrian,bicycle,scooter,parking,hitrun,mou
101346496,METROPOLITAN NASHVILLE POLICE DEPT,20160768385,Davidson,Nashville,8/26/2016 8:40:00 AM,4,0,0,36.132650,-86.727160,I 24,,,,0.00,,,,,,,52.00,N,Not at Intersection, ,Non-Junction,None,,,         ,Todd,Watson,Clear,Front to Rear,no,no,no,no,yes,False
101346497,METROPOLITAN NASHVILLE POLICE DEPT,2016-0768127,Davidson,Antioch,8/26/2016 6:20:00 AM,2,0,0,0.000000,0.000000,MURFREESBORO PPIKE,PIKE,US70 S,,200.00,Feet,North,HOBSON PIKE,PIKE,SR171,,0.00,N,Not at Intersection, ,Non-Junction,None,,,         ,William,Whitworth,Clear,Front to Rear,no,no,no,no,no,False
101346504,METROPOLITAN NASHVILLE POLICE DEPT,2016-0768508,Davidson,Nashville,8/26/2016 9:32:00 AM,1,1,0,36.164780,-86.780440,UNION ST,,,,0.00,,,4TH AVN,,,,0.00,Y,Four-Way,N,Non-Junction,None,,,         ,Daniel,Massey,Clear,Not Collision with Motor Vehicle in Transport,yes,no,no,no,no,False
101346518,METROPOLITAN NASHVILLE POLICE DEPT,2016-0768691,Davidson,Nashville,8/26/2016 10:44:00 AM,2,0,0,36.136350,-86.822150,I440 E EXT RAMP,,,,0.00,,,I 440,,,,0.00,Y,Y-Intersection, ,,None,,,         ,Curtis,Rich,,,no,no,no,no,no,False
101346529,METROPOLITAN NASHVILLE POLICE DEPT,20160768301,Davidson,Nashville,8/26/2016 8:14:00 AM,2,2,0,36.163480,-86.824800,ALBION ST,,,,0.00,,,32ND AVN,,,,0.00,Y,Four-Way,N,Intersection-Related,None,,,         ,Nicholas,MacDougall,Clear,Angle,no,no,no,no,no,False
101346531,METROPOLITAN NASHVILLE POLICE DEPT,20160768649,Davidson,Nashville,8/26/2016 10:30:00 AM,2,0,0,36.158120,-86.775320,4TH AVS,,,,51.00,Feet,South,MOLLOY ST,,,,0.00,N,Not at Intersection, ,Non-Junction,Construction Zone,,,         ,Phillip,Box,Clear,"Sideswipe, Same Direction",no,no,no,no,no,False
101346543,METROPOLITAN NASHVILLE POLICE DEPT,20160768685,Davidson,Nashville,8/26/2016 11:10:00 AM,2,0,0,36.149970,-86.765810,LAFAYETTE ST,,,,31.00,Feet,West,1ST AVS,,,,0.00,N,Not at Intersection,N,Non-Junction,None,,,         ,Jessie,Meadows,Clear,"Sideswipe, Same Direction",no,no,no,no,no,False
101346554,METROPOLITAN NASHVILLE POLICE DEPT,20160768592,Davidson,Nashville,8/26/2016 9:30:00 AM,2,0,0,36.107260,-86.719660,I 24,,,,0.00,,,,,,,53.90,N,Not at Intersection,N,Non-Junction,None,,,         ,Justin,Pinkelton,Clear,Rear to Side,no,no,no,no,yes,False
101346560,BELLE MEADE POLICE DEPT,16-0240,Davidson,Belle Meade,8/26/2016 8:47:00 AM,2,1,0,36.119600,-86.854940,HARDING PKE,,,,0.00,,,BELLE MEADE BLVD,,,,0.00,Y,T-Intersection,N,Intersection,None,,,         ,Doris,Howell,Clear,Angle,no,no,no,no,no,False
101346561,METROPOLITAN NASHVILLE POLICE DEPT,20160768600,Davidson,Nashville,8/26/2016 7:06:00 AM,2,0,0,36.168350,-86.656860,STEWARTS FERRY PKE,,,,0.00,,,MUNN RD,,,,0.00,Y,T-Intersection, ,Intersection,None,,,         ,Carey,Steel,Clear,"Sideswipe, Same Direction",no,no,no,no,no,False
101346567,METROPOLITAN NASHVILLE POLICE DEPT,20160768804,Davidson,Nashville,8/26/2016 11:19:00 AM,2,0,0,36.198440,-86.620270,LEBANON PKE,,,,0.00,,,OLD HICKORY BLVD,,,,0.00,Y,Four-Way, ,,None,,,         ,William,Mckay,,,no,no,no,no,no,False
101346568,METROPOLITAN NASHVILLE POLICE DEPT,2016-0768694,Davidson,Nashville,8/26/2016 10:52:00 AM,2,1,0,36.152430,-86.835420,CHARLOTTE AV,,,,165.00,Feet,West,40TH AVN,,,,0.00,N,Not at Intersection,N,Non-Junction,None,,,         ,Walter,Gray II,Clear,Front to Rear,no,no,no,no,no,False
101346581,METROPOLITAN NASHVILLE POLICE DEPT,2016-0768713,Davidson,Nashville,8/26/2016 10:17:00 AM,2,0,0,36.137670,-86.820690,I440 W EXT RAMP,,,,0.00,Feet,East,I 440,,,,0.00,N,Not at Intersection, ,Entrance/Exit Ramp Related,None,,,         ,David,Anderson,Clear,Angle,no,no,no,no,no,False
101346589,METROPOLITAN NASHVILLE POLICE DEPT,20160768341,Davidson,Nashville,8/26/2016 8:29:00 AM,2,0,0,36.075520,-86.661810,UNA ANTIOCH PKE,,,,11.00,Feet,West,HUNTERS GREEN CIR,,,,0.00,N,Not at Intersection, ,Non-Junction,Maintenance Zone,,,         ,Jedidayah,Merriweather,Clear,Angle,no,no,no,no,yes,False
101346599,METROPOLITAN NASHVILLE POLICE DEPT,2016-0768941,Davidson,Nashville,8/26/2016 12:00:00 PM,2,0,0,36.119700,-86.801940,I 440,,,,0.00,,,,,,,3.00,N,Not at Intersection, ,Non-Junction,None,,,         ,Curtis,Rich,Cloudy,Angle,no,no,no,no,yes,False
101346604,METROPOLITAN NASHVILLE POLICE DEPT,20160768852,Davidson,Nashville,8/26/2016 11:58:00 AM,4,0,0,36.202570,-86.776850,I 65,,,,0.00,,,,,,,86.95,N,Not at Intersection, ,Entrance/Exit Ramp Related,None,,,         ,Michael,Parman,Clear,Front to Rear,no,no,no,no,no,False
101346605,METROPOLITAN NASHVILLE POLICE DEPT,20160768186,Davidson,Nashville,8/26/2016 7:10:00 AM,2,2,0,36.188970,-86.607230,ANDREW JACKSON PKWY,,,,310.00,Feet,West,CHANDLER RD,,,,0.00,N,Not at Intersection,N,Rail Grade Crossing,None,,,         ,William,Walls,Clear,Front to Rear,no,no,no,no,no,False
101346612,METROPOLITAN NASHVILLE POLICE DEPT,20160768223,Davidson,Nashville,8/26/2016 7:40:00 AM,2,1,0,36.134820,-86.723730,MURFREESBORO PKE,,,,450.00,Feet,West,PLUS PARK BLVD,,,,0.00,N,Not at Intersection,N,Non-Junction,None,,,         ,Donald,Davidson,Clear,Angle,no,no,no,no,no,False
101346617,METROPOLITAN NASHVILLE POLICE DEPT,20160768921,Davidson,Nashville,8/26/2016 12:52:00 PM,2,1,0,36.086510,-86.691510,ANTIOCH PKE,,,,391.00,Feet,South,HARDING PL,,,,0.00,N,Not at Intersection,N,Non-Junction,None,,,         ,Jessie,Meadows,Clear,Angle,no,no,no,no,no,False
101346649,METROPOLITAN NASHVILLE POLICE DEPT,20160768643,Davidson,Nashville,8/26/2016 10:26:00 AM,1,1,0,36.232120,-86.654210,PAWNEE TRL,,,,0.00,,,OCOEE TRL,,,,0.00,Y,OTHER,N,Non-Junction,None,,,         ,Eric,Richardson,Clear,Not Collision with Motor Vehicle in Transport,no,no,no,yes,no,False
101346654,METROPOLITAN NASHVILLE POLICE DEPT,20160768978,Davidson,Nashville,8/26/2016 12:48:00 PM,2,0,0,36.037400,-86.786570,FRANKLIN PKE,,,,0.00,,,OLD HICKORY BLVD,,,,0.00,Y,Four-Way, ,Intersection-Related,None,,,         ,Kevin,Crawford,Clear,Front to Rear,no,no,no,no,no,False
101346658,METROPOLITAN NASHVILLE POLICE DEPT,20160768819,Davidson,Nashville,8/26/2016 12:05:00 PM,2,0,0,36.198240,-86.754850,MONTGOMERY AV,,,,19.00,Feet,South,WARD ST,,,,0.00,N,Not at Intersection,N,Non-Junction,None,,,         ,Jared,Eaves,Clear,Unknown,no,no,no,no,yes,False
101346659,METROPOLITAN NASHVILLE POLICE DEPT,20160769017,Davidson,Nashville,8/26/2016 1:15:00 PM,2,0,0,36.079310,-86.726240,NOLENSVILLE PKE,,,,109.00,Feet,South,HARDING PL,,,,0.00,N,Not at Intersection,N,Non-Junction,None,,,         ,Steven,Williams,Clear,Front to Rear,no,no,no,no,no,False
101346662,METROPOLITAN NASHVILLE POLICE DEPT,20160769081,Davidson,Nashville,8/26/2016 1:37:00 PM,2,0,0,36.073050,-86.732340,EDMONDSON PKE,,,,371.00,Feet,North,BLACKMAN RD,,,,0.00,N,Not at Intersection, ,Non-Junction,None,,,         ,Gary,Sneed,Clear,Front to Rear,no,no,no,no,no,False
101346663,METROPOLITAN NASHVILLE POLICE DEPT,20160768237,Davidson,Nashville,8/26/2016 7:25:00 AM,2,0,0,36.109570,-86.722510,I24 E ENT RAMP,,,,0.00,,,I 24,,,,0.00,Y,OTHER,N,Entrance/Exit Ramp Related,None,,,         ,David,Simmonds,Clear,Front to Rear,no,no,no,no,yes,False
101346671,METROPOLITAN NASHVILLE POLICE DEPT,20160768947,Davidson,Nashville,8/26/2016 12:43:00 PM,2,2,0,36.169470,-86.678990,LEBANON PKE,,,,269.00,Feet,East,MCGAVOCK PKE,,,,0.00,N,Not at Intersection,N,Non-Junction,None,,,         ,Steven,Rowlett,Clear,Angle,no,no,no,no,no,False
101346672,METROPOLITAN NASHVILLE POLICE DEPT,2016-0768986,Davidson,Nashville,8/26/2016 12:30:00 PM,2,0,0,36.171400,-86.873960,CENTENNIAL BLVD,,,,110.00,Feet,North,CENTENNIAL BOULEVARD RAMP,,,,0.00,N,Not at Intersection, ,Non-Junction,None,,,         ,Paul,Junkmann,Cloudy,Other,no,no,no,no,no,False
101346679,METROPOLITAN NASHVILLE POLICE DEPT,20160768803,Davidson,Nashville,8/26/2016 11:15:00 AM,2,1,0,0.000000,0.000000,OLD HICKORY BLVD,BLVD,SR1,,0.00,Feet,,LEBANON PK,PIKE,SR2,,0.00,Y,Four-Way,N,Intersection,None,,,         ,William,Walls,Clear,Front to Rear,no,no,no,no,no,False
101346705,METROPOLITAN NASHVILLE POLICE DEPT,20160769126,Davidson,Nashville,8/26/2016 11:20:00 AM,2,0,0,36.169350,-86.679990,LEBANON PKE,,,,29.00,Feet,West,MCGAVOCK PKE,,,,0.00,N,Not at Intersection,N,Non-Junction,None,,,         ,Gregory,Lindstrom,Clear,"Sideswipe, Same Direction",no,no,no,no,yes,False
101346727,METROPOLITAN NASHVILLE POLICE DEPT,20160769128,Davidson,Nashville,8/26/2016 2:39:00 PM,2,0,0,36.120770,-86.750030,I440 E ENT RAMP,,,,0.00,Feet,East,NOLENSVILLE PKE,,,,0.00,N,Not at Intersection,N,Non-Junction,None,,,         ,Jessie,Meadows,Clear,Front to Rear,no,no,no,no,no,False
101346730,METROPOLITAN NASHVILLE POLICE DEPT,20160769066,Davidson,Nashville,8/26/2016 1:30:00 PM,2,0,0,36.210930,-86.840470,MEADOW RD,,,,130.00,Feet,South,FAIRVIEW DR,,,,0.00,N,Not at Intersection, ,Non-Junction,None,,,         ,Royce,McLester,Clear,Rear to Rear,no,no,no,no,no,False
101346747,METROPOLITAN NASHVILLE POLICE DEPT,20160769054,Davidson,Nashville,8/26/2016 1:28:00 PM,2,0,0,36.120550,-86.749490,PEACHTREE ST,,,,0.00,,,AUSTIN AV,,,,0.00,Y,T-Intersection,N,Intersection,None,,,         ,William,Whitworth,Clear,Angle,no,no,no,no,no,False
101346753,METROPOLITAN NASHVILLE POLICE DEPT,20160769071,Davidson,Nashville,8/26/2016 12:15:00 PM,2,0,0,36.189160,-86.733620,GREENWOOD AV,,,,0.00,,,,,,,0.00,,, ,Non-Junction,None,,,         ,Paul,Burton,Clear,Angle,no,no,no,yes,no,False
101346800,THP District 9 - Administrative,316047364,Davidson,Nashville,8/26/2016 12:31:00 PM,2,0,0,36.165900,-86.786250,6TH AVN,,,,343.00,Feet,East,ROSA L PARKS BLVD,,,,0.00,N,Not at Intersection, ,Non-Junction,None,,,         ,Brian,Carmouche,Clear,"Sideswipe, Same Direction",no,no,no,no,no,False
101346830,METROPOLITAN NASHVILLE POLICE DEPT,20160769311,Davidson,Nashville,8/26/2016 4:15:00 PM,2,0,0,36.109640,-86.721250,BRILEY PKWYN,,,,43.00,Feet,West,I24 W ENT RAMP,,,,0.00,N,Not at Intersection,N,Non-Junction,None,,,         ,Jessie,Meadows,Clear,Front to Rear,no,no,no,no,yes,False
101346833,METROPOLITAN NASHVILLE POLICE DEPT,20160769268,Davidson,Nashville,8/26/2016 3:00:00 PM,2,0,0,36.160680,-86.776980,4TH AVS,,,,139.00,Feet,South,BROADWAY,,,,0.00,N,Not at Intersection,N,Non-Junction,None,,,         ,Wesley,Feinstein,Clear,"Sideswipe, Opposite Direction",no,no,no,no,yes,False
101346838,METROPOLITAN NASHVILLE POLICE DEPT,20160769236,Davidson,Nashville,8/26/2016 2:54:00 PM,2,0,0,36.134980,-86.788970,12TH AVS,,,,38.00,Feet,North,W GROVE AV,,,,0.00,N,Not at Intersection,N,Non-Junction,None,,,         ,Jacob,Masteller,Clear,Angle,no,no,no,no,no,False
101346841,METROPOLITAN NASHVILLE POLICE DEPT,20160769228,Davidson,Nashville,8/26/2016 10:58:00 AM,2,0,0,36.181390,-86.794460,GARFIELD ST,,,,207.00,Feet,West,6TH AVN,,,,0.00,N,Not at Intersection,N,Non-Junction,None,,,         ,Michael,Brooks,Clear,"Sideswipe, Same Direction",no,no,no,no,yes,False
101346842,METROPOLITAN NASHVILLE POLICE DEPT,20160769342,Davidson,Not in City Limit,8/26/2016 3:37:00 PM,2,0,0,36.325910,-86.868970,I24 W EXT RAMP,,,,0.00,,,I 24,,,,0.00,Y,OTHER, ,Intersection,None,,,         ,Michael,Brooks,Clear,Front to Rear,no,no,no,no,no,False
101346848,METROPOLITAN NASHVILLE POLICE DEPT,20160769232,Davidson,Nashville,8/26/2016 2:30:00 PM,4,0,0,36.167790,-86.820750,JEFFERSON ST,,,,0.00,,,28TH AVN,,,,0.00,Y,Four-Way, ,Non-Junction,None,,,         ,Melvin,Taylor,Clear,Angle,no,no,no,no,no,False
101346859,METROPOLITAN NASHVILLE POLICE DEPT,20160769445,Davidson,Nashville,8/26/2016 2:37:00 PM,2,0,0,36.183460,-86.610270,OLD HICKORY BLVD,,,,134.00,Feet,East,ANDREW JACKSON PKWY,,,,0.00,N,Not at Intersection,N,Non-Junction,None,,,         ,Noah,Melton,Clear,Angle,no,no,no,no,yes,False
101346860,METROPOLITAN NASHVILLE POLICE DEPT,20160769381,Davidson,Nashville,8/26/2016 3:46:00 PM,2,0,0,36.182570,-86.735110,EASTLAND AV,,,,167.00,Feet,East,CHAPEL AV,,,,0.00,N,Not at Intersection,N,Non-Junction,None,,,         ,James,Smith,Clear,"Sideswipe, Same Direction",no,no,no,no,no,False
101346866,METROPOLITAN NASHVILLE POLICE DEPT,20160769325,Davidson,Not in City Limit,8/26/2016 3:30:00 PM,2,1,0,36.263820,-86.704460,STATE RT 45,,,,0.00,,,DELAWARE AV,,,,0.00,Y,Four-Way,N,Intersection,None,,,         ,Jordan,Lowry,Clear,Angle,no,no,no,no,no,False
101346867,METROPOLITAN NASHVILLE POLICE DEPT,20160769502,Davidson,Nashville,8/26/2016 4:44:00 PM,2,0,0,36.069040,-86.681750,RICHARDS RD,,,,164.00,Feet,West,CUMMINGS PARK DR,,,,0.00,N,Not at Intersection,N,Non-Junction,None,,,         ,Jessie,Meadows,Clear,Rear to Side,no,no,no,yes,yes,False
101346878,METROPOLITAN NASHVILLE POLICE DEPT,20160769398,Davidson,Nashville,8/26/2016 12:00:00 AM,2,1,0,36.150770,-86.750150,I 40,,,,0.00,,,,,,,211.60,N,Not at Intersection,N,Non-Junction,None,,,         ,Craig,Gentry,Clear,"Sideswipe, Same Direction",no,no,no,no,no,False
101346885,METROPOLITAN NASHVILLE POLICE DEPT,20160769362,Davidson,Nashville,8/26/2016 3:35:00 PM,2,0,0,36.244390,-86.782280,BRICK CHURCH LN,,,,88.00,Feet,East,BRILEY PARK BLVDN,,,,0.00,N,Not at Intersection,N,Non-Junction,None,,,         ,Kimberly,Annson,Clear,Angle,no,no,no,no,no,False
101346889,METROPOLITAN NASHVILLE POLICE DEPT,20160768925,Davidson,Nashville,8/26/2016 12:24:00 PM,2,0,0,36.250460,-86.900640,OLD HICKORY BLVD,,,,2583.00,Feet,South,BLUE BERRY HILL RD,,,,0.00,N,Not at Intersection,N,Non-Junction,Maintenance Zone,,,         ,James,Wray,Clear,"Sideswipe, Opposite Direction",no,no,no,no,yes,False
101346908,METROPOLITAN NASHVILLE POLICE DEPT,20160769604,Davidson,Nashville,8/26/2016 5:09:00 PM,2,0,0,36.123460,-86.727910,I 24,,,,0.00,,,,,,,52.70,N,Not at Intersection, ,,None,,,         ,Jarret,Sonnenberg,,,no,no,no,no,no,False
101346910,METROPOLITAN NASHVILLE POLICE DEPT,20160769436,Davidson,Nashville,8/26/2016 4:13:00 PM,2,0,0,36.149160,-86.874210,I 40,,,,0.00,,,,,,,203.00,N,Not at Intersection, ,Non-Junction,None,,,         ,Justin,Coyle,Clear,Front to Rear,no,no,no,no,no,False
101346911,METROPOLITAN NASHVILLE POLICE DEPT,20160769533,Davidson,Nashville,8/26/2016 4:50:00 PM,2,0,0,36.149140,-86.874270,I 40,,,,0.00,,,,,,,203.00,N,Not at Intersection, ,Non-Junction,None,,,         ,Justin,Coyle,Clear,Front to Rear,no,no,no,no,yes,False
101346913,METROPOLITAN NASHVILLE POLICE DEPT,20160769538,Davidson,Nashville,8/26/2016 3:58:00 PM,2,0,0,36.148990,-86.782710,I 40,,,,0.00,,,,,,,209.70,N,Not at Intersection, ,Non-Junction,None,,,         ,Nicholas,Smith,Clear,Front to Rear,no,no,no,no,no,False
101346917,METROPOLITAN NASHVILLE POLICE DEPT,20160769558,Davidson,Nashville,8/26/2016 12:00:00 AM,2,0,0,36.167700,-86.761960,SHELBY AV,,,,83.00,Feet,East,S 5TH ST,,,,0.00,N,Not at Intersection,N,Non-Junction,None,,,         ,Gordon,Stovall,Clear,"Sideswipe, Same Direction",no,no,no,no,yes,False
101346921,METROPOLITAN NASHVILLE POLICE DEPT,20160769310,Davidson,Nashville,8/26/2016 3:26:00 PM,2,0,0,36.177200,-86.753820,MAIN ST,,,,0.00,,,,,,,0.00,,, ,Non-Junction,None,,,         ,Christopher,Valdez,Clear,Rear to Rear,no,no,no,yes,yes,False
101346922,METROPOLITAN NASHVILLE POLICE DEPT,20160769419,Davidson,Nashville,8/26/2016 4:00:00 PM,2,1,0,36.126910,-86.844860,HARDING PKE,,,,239.00,Feet,East,RIDGEFIELD WAY,,,,0.00,N,Not at Intersection,N,Non-Junction,None,,,         ,Barrett,Teague,Clear,Angle,no,no,no,no,no,False
101346925,METROPOLITAN NASHVILLE POLICE DEPT,20160769727,Davidson,Nashville,8/26/2016 5:30:00 PM,2,0,0,36.054370,-86.674010,I 24,,,,0.00,,,,,,,58.35,N,Not at Intersection,N,Non-Junction,None,,,         ,Kevin,Keating,Clear,"Sideswipe, Same Direction",no,no,no,no,yes,False
101346927,METROPOLITAN NASHVILLE POLICE DEPT,20160769614,Davidson,Nashville,8/26/2016 6:22:00 PM,2,0,0,36.069070,-86.633080,MURFREESBORO PKE,,,,810.00,Feet,North,FOREST VIEW DR,,,,0.00,N,Not at Intersection, ,Non-Junction,None,,,         ,Jessie,Meadows,Clear,"Sideswipe, Opposite Direction",no,no,no,no,no,False
101346928,METROPOLITAN NASHVILLE POLICE DEPT,20160769714,Davidson,Nashville,8/26/2016 5:53:00 PM,2,1,0,36.182540,-86.748910,GALLATIN AV,,,,61.00,Feet,South,STRATTON AV,,,,0.00,N,Not at Intersection,N,Non-Junction,None,,,         ,James,Smith,Clear,Front to Rear,no,no,no,no,no,False
101346932,METROPOLITAN NASHVILLE POLICE DEPT,20160769404,Davidson,Nashville,8/26/2016 3:44:00 PM,2,0,0,36.156250,-86.795070,CHURCH ST,,,,185.00,Feet,West,16TH AVN,,,,0.00,N,Not at Intersection, ,Non-Junction,None,,,         ,Eric,Burford,Clear,Front to Rear,no,no,no,no,no,False
101346933,METROPOLITAN NASHVILLE POLICE DEPT,20160769493,Davidson,Nashville,8/26/2016 4:11:00 PM,2,0,0,36.141950,-86.816230,32ND AVS,,,,0.00,Feet,,WEST END AV,,,,0.00,Y,T-Intersection, ,Intersection-Related,None,,,         ,Eric,Burford,Clear,Angle,no,no,no,no,no,Campus
101346942,METROPOLITAN NASHVILLE POLICE DEPT,20160769664,Davidson,Nashville,8/26/2016 5:36:00 PM,2,1,0,36.150040,-86.701190,ELM HILL PKE,,,,295.00,Feet,West,ACORN DR,,,,0.00,N,Not at Intersection,N,Non-Junction,None,,,         ,Jonathan,Cavezza,Clear,Angle,no,no,no,no,no,False
101346950,METROPOLITAN NASHVILLE POLICE DEPT,20160769384,Davidson,Nashville,8/26/2016 12:00:00 AM,2,0,0,36.158070,-86.791310,CHURCH ST,,,,0.00,,,I40 E EXT RAMP,,,,0.00,Y,Four-Way,N,Intersection-Related,None,,,         ,Jose,Salazar,Clear,"Sideswipe, Same Direction",no,no,no,no,yes,False
101346954,METROPOLITAN NASHVILLE POLICE DEPT,20160769705,Davidson,Nashville,8/26/2016 6:00:00 PM,2,0,0,36.154120,-86.836600,I 40,,,,0.00,,,,,,,205.15,N,Not at Intersection, ,Non-Junction,None,,,         ,Brandon,Pedigo,Cloudy,Front to Rear,no,no,no,no,no,False
101346955,METROPOLITAN NASHVILLE POLICE DEPT,20160769428,Davidson,Nashville,8/26/2016 2:30:00 PM,2,0,0,36.141800,-86.816110,32ND AVS,,,,66.00,Feet,South,WEST END AV,,,,0.00,N,Not at Intersection, ,Non-Junction,None,,,         ,Eric,Thomas,Clear,"Sideswipe, Same Direction",no,no,no,no,no,Campus
101346958,METROPOLITAN NASHVILLE POLICE DEPT,20160769628,Davidson,Nashville,8/26/2016 5:18:00 PM,2,1,0,36.167940,-86.664230,LEBANON PKE,,,,61.00,Feet,West,OLD LEBANON PKE,,,,0.00,N,Not at Intersection,N,Non-Junction,None,,,         ,Tyler,Maupin,Clear,Other,no,no,no,no,no,False
101346970,METROPOLITAN NASHVILLE POLICE DEPT,20160769471,Davidson,Nashville,8/26/2016 4:00:00 PM,3,0,0,36.138650,-86.775820,I 65,,,,0.00,,,,,,,81.70,N,Not at Intersection,N,Non-Junction,None,,,         ,Austin,Kendrick,Clear,Front to Rear,no,no,no,no,no,False
101346971,METROPOLITAN NASHVILLE POLICE DEPT,20160769613,Davidson,Nashville,8/26/2016 4:30:00 PM,2,0,0,36.184650,-86.758020,CLEVELAND ST,,,,75.00,Feet,East,N 9TH ST,,,,0.00,N,Not at Intersection, ,,None,,,         ,Gunes,Akyildiz,,,no,no,no,no,no,False
101346975,METROPOLITAN NASHVILLE POLICE DEPT,20160769759,Davidson,Nashville,8/26/2016 5:31:00 PM,2,0,0,36.151500,-86.627370,BLACKWOOD DR,,,,735.00,Feet,West,BELL RD,,,,0.00,N,Not at Intersection,N,Non-Junction,None,,,         ,Jaby,Djabbarov,Clear,Front to Rear,no,no,no,yes,yes,False
101346985,VANDERBILT UNIVERSITY POLICE,16-0769772,Davidson,Nashville,8/26/2016 6:00:00 PM,2,0,0,36.137600,-86.804140,BLAKEMORE AV,,,,273.00,Feet,West,23RD AVS,,,,0.00,N,Not at Intersection, ,Non-Junction,None,,,         ,James,Goolsby,Clear,Front to Rear,no,no,no,yes,no,Campus
101346986,METROPOLITAN NASHVILLE POLICE DEPT,20160769862,Davidson,Nashville,8/26/2016 6:14:00 PM,2,0,0,36.122420,-86.752350,I 440,,,,0.00,,,,,,,6.20,N,Not at Intersection, ,Non-Junction,None,,,         ,Alyson,Cook,Clear,Front to Rear,no,no,no,no,no,False
101346989,METROPOLITAN NASHVILLE POLICE DEPT,20160769774,Davidson,Not in City Limit,8/26/2016 4:45:00 PM,2,0,0,36.265010,-86.711240,GALLATIN PKEN,,,,276.00,Feet,North,OLD TIME VILLAGE PVTDR,,,,0.00,N,Not at Intersection, ,Non-Junction,None,,,         ,Jerry,Pirtle,Cloudy,Angle,no,no,no,no,no,False
101346997,METROPOLITAN NASHVILLE POLICE DEPT,20160769711,Davidson,Nashville,8/26/2016 5:50:00 PM,3,0,0,36.092050,-86.625040,BELL RD,,,,669.00,Feet,South,HARBOR LIGHTS DR,,,,0.00,N,Not at Intersection, ,Non-Junction,None,,,         ,Marcus,Mitchell,Clear,Front to Rear,no,no,no,no,no,False
101347003,METROPOLITAN NASHVILLE POLICE DEPT,20160769825,Davidson,Nashville,8/26/2016 6:39:00 PM,2,0,0,36.130930,-86.755860,NOLENSVILLE PKE,,,,0.00,Feet,,WOODYCREST AV,,,,0.00,Y,T-Intersection,N,Non-Junction,None,,,         ,Nicholas,Smith,Clear,Front to Rear,no,no,no,no,yes,False
101347007,BERRY HILL POLICE DEPT,16-3055,Davidson,Berry Hill,8/26/2016 2:30:00 PM,2,1,0,36.126190,-86.777070,FRANKLIN PKE,,,,0.00,,,CRAIGHEAD ST,,,,0.00,Y,T-Intersection,N,Intersection,Construction Zone,Intermittent Moving Work,Activity Area,         ,Larry,Carter,Clear,Angle,no,no,no,no,no,False
101347013,METROPOLITAN NASHVILLE POLICE DEPT,20160769372,Davidson,Nashville,8/26/2016 3:44:00 PM,2,0,0,36.089920,-86.808790,HARDING PL,,,,233.00,Feet,West,BENTON SMITH RD,,,,0.00,N,Not at Intersection,N,Non-Junction,None,,,         ,Akira,McSwain,Clear,Front to Rear,no,no,no,no,no,False
101347014,METROPOLITAN NASHVILLE POLICE DEPT,20160769642,Davidson,Nashville,8/26/2016 5:00:00 PM,2,0,0,36.116050,-86.810580,HILLSBORO PKE,,,,0.00,,,HAMPTON AV,,,,0.00,Y,T-Intersection, ,Non-Junction,None,,,         ,Akira,McSwain,Clear,Angle,no,no,no,no,no,False
101347021,METROPOLITAN NASHVILLE POLICE DEPT,20160769401,Davidson,Nashville,8/26/2016 6:55:00 PM,1,0,0,36.170030,-86.755920,SHELBY AV,,,,90.00,Feet,East,S 8TH ST,,,,0.00,N,Not at Intersection, ,Non-Junction,None,,,         ,Micah,Wright,Clear,Not Collision with Motor Vehicle in Transport,no,no,no,no,no,False
101347026,METROPOLITAN NASHVILLE POLICE DEPT,20160769867,Davidson,Nashville,8/26/2016 7:03:00 PM,1,0,0,36.106620,-86.602120,ANDERSON RD,,,,504.00,Feet,South,COUCHVILLE PKE,,,,0.00,N,Not at Intersection,N,Non-Junction,None,,,         ,Michael,Apsey,Clear,Not Collision with Motor Vehicle in Transport,no,no,no,yes,no,False
101347040,METROPOLITAN NASHVILLE POLICE DEPT,20160769787,Davidson,Nashville,8/26/2016 6:10:00 PM,2,0,0,36.122850,-86.750970,I 440,,,,0.00,,,,,,,6.30,N,Not at Intersection, ,Non-Junction,None,,,         ,Andrew,Mullen,Clear,Front to Rear,no,no,no,no,no,False
101347042,METROPOLITAN NASHVILLE POLICE DEPT,20160769855,Davidson,Nashville,8/26/2016 6:42:00 PM,2,0,0,36.154060,-86.779910,LEA AV,,,,132.00,Feet,East,9TH AVS,,,,0.00,N,Not at Intersection,N,Non-Junction,None,,,         ,Jason,Thomas,Clear,"Sideswipe, Same Direction",no,no,no,no,no,False
101347053,METROPOLITAN NASHVILLE POLICE DEPT,20160769472,Davidson,Not in City Limit,8/26/2016 4:02:00 PM,2,0,0,35.997620,-86.690940,NOLENSVILLE PKE,,,,414.00,Feet,West,CONCORD RD,,,,0.00,N,Not at Intersection, ,Non-Junction,None,,,         ,Joseph,Progar,Clear,Angle,no,no,no,no,no,False