master_record_number,agency,agency_tracking_number,county,city,collision_date,vehicles_involved,number_injured,number_dead,latitude,longitude,roadway_name,roadway_suffix,roadway_number,roadway_local_id,distance_from_reference,miles-feet_indicator,direction_from_reference,intersection_road_name,intersection_road_name_suffix,intersection_road_number,intersection_local_id,mile_marker,intersection_indicator,intersect_type,interchange_related_indicator,relation_to_junction,work_zone_type,construction_maintenance_zone,construction_maintenance_zone_location,fatal_case_number,officer_first_name,officer_last_name,weather_condition(s),manner_of_crash,pedestrian,bicycle,scooter,parking,hitrun,mou
101348978,METROPOLITAN NASHVILLE POLICE DEPT,20160777707,Davidson,Not in City Limit,8/29/2016 3:40:00 PM,2,0,0,36.271110,-86.689680,MYATT DR,,,,369.00,Feet,South,ANDERSON LN,,,,0.00,N,Not at Intersection,N,Non-Junction,None,,,         ,Christopher,Littles,Clear,Front to Rear,no,no,no,no,yes,False
101348983,METROPOLITAN NASHVILLE POLICE DEPT,20160774993,Davidson,Nashville,8/28/2016 6:30:00 PM,2,0,0,36.050220,-86.646620,BELL FORGE LNE,,,,207.00,Feet,South,BELL RD,,,,0.00,N,Not at Intersection, ,Non-Junction,None,,,         ,Richard,Olive,Clear,"Sideswipe, Same Direction",no,no,no,no,no,False
101348984,METROPOLITAN NASHVILLE POLICE DEPT,20160777548,Davidson,Nashville,8/29/2016 2:30:00 PM,2,1,0,36.141310,-86.731970,I 40,,,,0.00,,,,,,,213.00,N,Not at Intersection,N,Non-Junction,None,,,         ,Michael,Moss,Clear,"Sideswipe, Same Direction",no,no,no,no,no,False
101348986,METROPOLITAN NASHVILLE POLICE DEPT,20160777695,Davidson,Nashville,8/29/2016 3:36:00 PM,2,4,0,36.081550,-86.726940,NOLENSVILLE PKE,,,,397.00,Feet,South,WELSHWOOD DR,,,,0.00,N,Not at Intersection,N,Non-Junction,None,,,         ,Andrew,Mullen,Clear,Front to Rear,no,no,no,no,no,False
101349001,METROPOLITAN NASHVILLE POLICE DEPT,20160777775,Davidson,Nashville,8/29/2016 3:55:00 PM,2,0,0,36.142920,-86.685000,I 40,,,,0.00,,,,,,,215.60,N,Not at Intersection, ,Non-Junction,None,,,         ,Thomas,Barnes,Clear,"Sideswipe, Same Direction",no,no,no,no,no,False
101349010,METROPOLITAN NASHVILLE POLICE DEPT,20160777347,Davidson,Nashville,8/29/2016 2:20:00 PM,2,1,0,36.070940,-86.635150,MURFREESBORO PKE,,,,456.00,Feet,South,BELL RD,,,,0.00,N,Not at Intersection,N,Non-Junction,None,,,         ,Jessie,Meadows,Clear,Angle,no,no,no,no,no,False
101349011,METROPOLITAN NASHVILLE POLICE DEPT,20160777697,Davidson,Nashville,8/29/2016 4:00:00 PM,2,0,0,36.059270,-86.716260,NOLENSVILLE PKE,,,,73.00,Feet,North,TUSCULUM RD,,,,0.00,N,Not at Intersection, ,Non-Junction,None,,,         ,Jessie,Meadows,Clear,Angle,no,no,no,no,no,False
101349022,METROPOLITAN NASHVILLE POLICE DEPT,20160777786,Davidson,Nashville,8/29/2016 4:13:00 PM,2,0,0,36.171350,-86.768110,I 24,,,,0.00,,,,,,,48.40,N,Not at Intersection, ,Non-Junction,None,,,         ,Michael,Baron,Clear,Front to Rear,no,no,no,no,no,False
101349023,METROPOLITAN NASHVILLE POLICE DEPT,20160777626,Davidson,Nashville,8/29/2016 3:10:00 PM,4,2,0,36.148120,-86.641270,I 40,,,,0.00,,,,,,,218.15,N,Not at Intersection,N,Non-Junction,None,,,         ,Tyler,Maupin,Clear,"Sideswipe, Same Direction",no,no,no,no,yes,False
101349032,METROPOLITAN NASHVILLE POLICE DEPT,20160777829,Davidson,Nashville,8/29/2016 4:25:00 PM,2,1,0,36.153420,-86.650840,IRONWOOD DR,,,,0.00,,,LAKELAND DR,,,,0.00,Y,Four-Way,Y,Intersection,None,,,         ,John,Kelley,Clear,Angle,no,no,no,no,no,False
101349036,GOODLETTSVILLE POLICE DEPT,16-30220,Davidson,Goodlettsville,8/29/2016 4:40:00 PM,2,0,0,36.315120,-86.713600,S MAIN ST,,,,29.00,Feet,North,RIVERGATE PKWY,,,,0.00,N,Not at Intersection, ,Non-Junction,None,,,         ,George,Forbes,Clear,Front to Rear,no,no,no,no,no,False
101349042,METROPOLITAN NASHVILLE POLICE DEPT,20160778069,Davidson,Nashville,8/29/2016 5:32:00 PM,2,0,0,36.190380,-86.761090,EVANSTON AV,,,,0.00,,,N 6TH ST,,,,0.00,Y,Four-Way, ,Intersection,None,,,         ,Charles,Wakefield,Clear,Angle,no,no,no,no,no,False
101349043,METROPOLITAN NASHVILLE POLICE DEPT,20160777953,Davidson,Nashville,8/29/2016 5:34:00 PM,2,0,0,36.210870,-86.732700,GREENFIELD AV,,,,200.00,Feet,East,GALLATIN PKE,,,,0.00,N,Not at Intersection, ,Non-Junction,None,,,         ,Whitney,Arnold,Clear,Angle,no,no,no,yes,no,False
101349045,METROPOLITAN NASHVILLE POLICE DEPT,20160777770,Davidson,Nashville,8/29/2016 4:55:00 PM,2,0,0,36.144940,-86.764200,2ND AVS,,,,329.00,Feet,South,CHESTNUT ST,,,,0.00,N,Not at Intersection,N,Non-Junction,None,,,         ,Jessie,Meadows,Clear,"Sideswipe, Same Direction",no,no,no,no,no,False
101349049,METROPOLITAN NASHVILLE POLICE DEPT,20160777701,Davidson,Nashville,8/29/2016 3:30:00 PM,2,0,0,36.148280,-86.778360,I 40,,,,0.00,,,,,,,209.90,N,Not at Intersection, ,Non-Junction,None,,,         ,William,Taylor,Clear,"Sideswipe, Same Direction",no,no,no,no,no,False
101349058,METROPOLITAN NASHVILLE POLICE DEPT,20160777882,Davidson,Nashville,8/29/2016 4:34:00 PM,2,0,0,36.128110,-86.803240,LINDEN AV,,,,0.00,,,21ST AVS,,,,0.00,Y,T-Intersection,N,Non-Junction,None,,,         ,Ralph,Smith IV,Clear,"Sideswipe, Same Direction",no,no,no,no,no,False
101349073,METROPOLITAN NASHVILLE POLICE DEPT,20160778193,Davidson,Nashville,8/29/2016 6:31:00 PM,2,0,0,36.128210,-86.851860,POST PL,,,,83.00,Feet,North,WHITE BRIDGE PKE,,,,0.00,N,Not at Intersection, ,Non-Junction,None,,,         ,Torian,Cox,Clear,Front to Rear,no,no,no,no,no,False
101349083,METROPOLITAN NASHVILLE POLICE DEPT,20160778212,Davidson,Nashville,8/27/2016 9:00:00 PM,1,0,0,36.121030,-86.905340,RODNEY DR,,,,0.00,,,,,,,0.00,,,N,Non-Junction,None,,,         ,Adam,Reese,Unknown,Not Collision with Motor Vehicle in Transport,no,no,no,yes,yes,False
101349084,METROPOLITAN NASHVILLE POLICE DEPT,20160775382,Davidson,Nashville,8/28/2016 9:50:00 PM,3,0,0,36.226780,-86.778360,I65 S ENT RAMP,,,,0.00,Feet,East,I 24,,,,0.00,N,Not at Intersection,N,Non-Junction,None,,,         ,Victor,Alexander,Clear,Front to Rear,no,no,no,no,no,False
101349093,METROPOLITAN NASHVILLE POLICE DEPT,20160778086,Davidson,Nashville,8/29/2016 5:03:00 PM,2,0,0,36.165700,-86.697180,DONELSON HILLS DR,,,,84.00,Feet,North,LEBANON PKE,,,,0.00,N,Not at Intersection,N,Non-Junction,None,,,         ,Jonathan,Cavezza,Clear,Front to Rear,no,no,no,no,no,False
101349095,METROPOLITAN NASHVILLE POLICE DEPT,20160778451,Davidson,Goodlettsville,8/29/2016 7:51:00 PM,2,0,0,36.296910,-86.699160,GALLATIN PKEN,,,,0.00,,,RIVERGATE PKWY,,,,0.00,Y,Four-Way, ,,None,,,         ,Christopher,Littles,,,no,no,no,no,no,False
101349103,METROPOLITAN NASHVILLE POLICE DEPT,20160777582,Davidson,Antioch,8/29/2016 2:14:00 PM,2,0,0,36.081380,-86.593650,SMITH SPRINGS RD,,,,0.00,,,,,,,0.00,,, ,Non-Junction,None,,,         ,David,Hughes,Clear,Front to Rear,no,no,no,yes,no,False
101349106,METROPOLITAN NASHVILLE POLICE DEPT,20160777841,Davidson,Nashville,8/29/2016 4:20:00 PM,3,1,0,36.096130,-86.763170,I 65,,,,0.00,,,,,,,78.75,N,Not at Intersection,N,Non-Junction,None,,,         ,Chaz,Pace,Clear,"Sideswipe, Same Direction",no,no,no,no,yes,False
101349116,METROPOLITAN NASHVILLE POLICE DEPT,20160778274,Davidson,Nashville,8/29/2016 6:58:00 PM,2,2,0,36.151690,-86.677000,ROYAL PKWY,,,,0.00,,,ELM HILL PKE,,,,0.00,Y,Four-Way,N,Intersection,None,,,         ,Jonathan,Cavezza,Clear,Angle,no,no,no,no,no,False
101349135,METROPOLITAN NASHVILLE POLICE DEPT,20160777735,Davidson,Nashville,8/29/2016 3:51:00 PM,2,0,0,36.044770,-86.661250,BELL RD,,,,82.00,Feet,East,CANE RIDGE RD,,,,0.00,N,Not at Intersection, ,Non-Junction,None,,,         ,Kevin,Keating,Clear,"Sideswipe, Same Direction",no,no,no,no,no,False
101349145,METROPOLITAN NASHVILLE POLICE DEPT,20160769452,Davidson,Nashville,8/29/2016 4:00:00 PM,2,0,0,36.166470,-86.787140,ROSA L PARKS BLVD,,,,70.00,Feet,East,JAMES ROBERTSON PKWY,,,,0.00,N,Not at Intersection, ,Non-Junction,None,,,         ,Darrien,Spann,Clear,Angle,no,no,no,no,no,False
101349153,METROPOLITAN NASHVILLE POLICE DEPT,20160777935,Davidson,Nashville,8/29/2016 4:59:00 PM,2,0,0,36.173270,-86.791400,JEFFERSON ST,,,,0.00,,,ROSA L PARKS BLVD,,,,0.00,Y,Four-Way, ,Intersection,None,,,         ,Michael,Brooks,Clear,Angle,no,no,no,no,no,False
101349181,METROPOLITAN NASHVILLE POLICE DEPT,20160778787,Davidson,Nashville,8/29/2016 9:27:00 PM,2,1,0,36.181800,-86.641570,JACKSON DOWNS BLVD,,,,0.00,,,LEBANON PKE,,,,0.00,Y,Four-Way,N,Intersection,None,,,         ,John,Kelley,Clear,Front to Rear,no,no,no,no,no,False
101349184,METROPOLITAN NASHVILLE POLICE DEPT,2016-0769562,Davidson,Nashville,8/26/2016 3:51:00 PM,3,1,0,36.037780,-86.784660,OLD HICKORY BLVD,,,,150.00,Feet,East,I65 S ENT RAMP,,,,0.00,N,Not at Intersection,N,Non-Junction,None,,,         ,William,King,Clear,Front to Rear,no,no,no,no,no,False
101349185,METROPOLITAN NASHVILLE POLICE DEPT,2016-0777862,Davidson,Nashville,8/29/2016 4:38:00 PM,2,0,0,36.081820,-86.727020,NOLENSVILLE PKE,,,,295.00,Feet,South,WELSHWOOD DR,,,,0.00,N,Not at Intersection,N,"Driveway, Alley Access, etc",None,,,         ,William,King,Clear,Angle,no,no,no,no,no,False
101349186,METROPOLITAN NASHVILLE POLICE DEPT,20160778604,Davidson,Nashville,8/29/2016 8:23:00 PM,1,0,0,36.042040,-86.825240,OLD HICKORY BLVD,,,,150.00,Feet,West,RIVER OAKS RD,,,,0.00,N,Not at Intersection, ,Non-Junction,None,,,         ,William,King,Clear,Not Collision with Motor Vehicle in Transport,no,no,no,no,no,False
101349213,METROPOLITAN NASHVILLE POLICE DEPT,20160778482,Davidson,Nashville,8/29/2016 12:00:00 AM,2,0,0,36.209630,-86.836860,NORTHSIDE STATION PVTDR,,,,558.00,Feet,North,HAYNES PARK DR,,,,0.00,N,Not at Intersection,N,Non-Junction,None,,,         ,Ashton,Hill,Clear,Front to Rear,no,no,no,yes,yes,False
101349214,METROPOLITAN NASHVILLE POLICE DEPT,20160778916,Davidson,Nashville,8/29/2016 10:19:00 PM,1,0,0,36.193250,-86.777050,I 65,,,,0.00,,,,,,,86.50,N,Not at Intersection,N,Non-Junction,None,,,         ,Ashton,Hill,Clear,Not Collision with Motor Vehicle in Transport,no,no,no,no,no,False
101349222,BERRY HILL POLICE DEPT,16-3081,Davidson,Berry Hill,8/29/2016 3:15:00 AM,1,0,0,36.125310,-86.764800,ROSEDALE AV,,,,0.00,,,FAIRGROUND CT,,,,0.00,Y,OTHER, ,Non-Junction,None,,,         ,Rick,Willliams,Clear,Not Collision with Motor Vehicle in Transport,no,no,no,yes,no,False
101349226,METROPOLITAN NASHVILLE POLICE DEPT,2016-0776363,Davidson,Nashville,8/29/2016 6:30:00 AM,1,0,0,36.192760,-86.776430,I 65,,,,0.00,,,,,,,86.50,N,Not at Intersection,N,Non-Junction,None,,,         ,Anthony,Cavis,Clear,Not Collision with Motor Vehicle in Transport,no,no,no,no,no,False
101349240,METROPOLITAN NASHVILLE POLICE DEPT,2016-0779333,Davidson,Nashville,8/30/2016 12:55:00 AM,1,1,0,36.155590,-86.771070,2ND AVS,,,,0.00,,,LEA AV,,,,0.00,Y,Four-Way,N,Intersection,None,,,         ,Kevin,Ott,Clear,Not Collision with Motor Vehicle in Transport,yes,no,no,no,yes,False
101349253,METROPOLITAN NASHVILLE POLICE DEPT,20160779508,Davidson,Nashville,8/30/2016 12:10:00 AM,2,0,0,36.152190,-86.625870,BLACKWOOD DR,,,,235.00,Feet,West,BELL RD,,,,0.00,N,Not at Intersection,N,Non-Junction,None,,,         ,Robert,Fondren,Cloudy,Other,no,no,no,yes,yes,False
101349257,METROPOLITAN NASHVILLE POLICE DEPT,20160779450,Davidson,Nashville,8/30/2016 1:50:00 AM,1,0,0,36.074830,-86.920970,OLD HICKORY BLVD,,,,127.00,Feet,North,HIGHWAY 70S,,,,0.00,N,Not at Intersection,N,Non-Junction,None,,,         ,Aaron,Wigginton,Clear,Not Collision with Motor Vehicle in Transport,no,no,no,yes,no,False
101349271,METROPOLITAN NASHVILLE POLICE DEPT,20160779741,Davidson,Nashville,8/30/2016 4:22:00 AM,2,0,0,36.185260,-86.754350,MCFERRIN AV,,,,12.00,Feet,South,CHICAMAUGA AV,,,,0.00,N,Not at Intersection,N,Non-Junction,None,,,         ,Robert,Crow,Clear,"Sideswipe, Same Direction",no,no,no,no,yes,False
101349274,METROPOLITAN NASHVILLE POLICE DEPT,20160779470,Davidson,Not in City Limit,8/30/2016 1:45:00 AM,1,0,0,36.340200,-86.759440,LOWER WALKERS CREEK RD,,,,1303.00,Feet,South,LICKTON PKE,,,,0.00,N,Not at Intersection,N,Non-Junction,None,,,         ,Eric,Mumaw,Clear,Not Collision with Motor Vehicle in Transport,no,no,no,no,no,False
101349276,METROPOLITAN NASHVILLE POLICE DEPT,20160779079,Davidson,Nashville,8/29/2016 11:20:00 PM,1,1,0,36.207550,-86.777790,BRICK CHURCH PKE,,,,0.00,,,I65 S EXT RAMP,,,,0.00,Y,T-Intersection,Y,Intersection,None,,,         ,James,Murphy,Clear,Not Collision with Motor Vehicle in Transport,no,no,no,no,no,False
101349277,METROPOLITAN NASHVILLE POLICE DEPT,2016-0779759,Davidson,Not in City Limit,8/30/2016 4:39:00 AM,1,0,0,36.319440,-86.848440,I 24,,,,0.00,,,,,,,36.10,N,Not at Intersection,N,Non-Junction,None,,,         ,Anthony,Cavis,Clear,Not Collision with Motor Vehicle in Transport,no,no,no,no,no,False
101349280,METROPOLITAN NASHVILLE POLICE DEPT,20160775830,Davidson,Nashville,8/29/2016 12:00:00 AM,1,0,0,36.202410,-86.739120,LITTON AV,,,,15.00,Feet,East,GALLATIN PKE,,,,0.00,N,Not at Intersection,N,Non-Junction,None,,,         ,Amanda,Hane,Clear,Not Collision with Motor Vehicle in Transport,no,no,no,no,no,False
101349290,METROPOLITAN NASHVILLE POLICE DEPT,20160779772,Davidson,Nashville,8/30/2016 12:00:00 AM,1,0,0,36.137240,-86.727640,MURFREESBORO PKE,,,,0.00,,,I24 E EXT RAMP,,,,0.00,Y,OTHER,N,Unknown,None,,,         ,Dale,Dameron,Clear,Unknown,no,no,no,no,yes,False
101349293,METROPOLITAN NASHVILLE POLICE DEPT,2016-0779397,Davidson,Nashville,8/30/2016 1:33:00 AM,1,0,0,36.218010,-86.803360,WHITES CREEK PKE,,,,63.00,Feet,South,MOORMANS ARM RD,,,,0.00,N,Not at Intersection,N,Non-Junction,None,,,         ,Anthony,Cavis,Clear,Not Collision with Motor Vehicle in Transport,no,no,no,no,no,False
101349303,METROPOLITAN NASHVILLE POLICE DEPT,20160776890,Davidson,Nashville,8/29/2016 10:20:00 AM,2,0,0,36.140790,-86.794070,HORTON AV,,,,127.00,Feet,West,16TH AVS,,,,0.00,N,Not at Intersection, ,Non-Junction,None,,,         ,Paul,Joyner,Clear,Front to Rear,no,no,no,no,no,False
101349310,METROPOLITAN NASHVILLE POLICE DEPT,20160776626,Davidson,Nashville,8/29/2016 8:16:00 AM,6,0,0,36.217360,-86.763230,LORRAINE AV,,,,0.00,,,DICKERSON PKE,,,,0.00,Y,T-Intersection,Y,Non-Junction,None,,,         ,Martin,Gonzalez,Clear,Angle,no,no,no,no,no,False
101349322,METROPOLITAN NASHVILLE POLICE DEPT,2016-0776669,Davidson,Not in City Limit,8/29/2016 8:30:00 AM,2,1,0,36.269260,-86.755740,OLD HICKORY BLVDW,,,,0.00,Feet,,DICKERSON PKE,,,,0.00,Y,Four-Way,N,Intersection,None,,,         ,Arthur,Hipp,Clear,Front to Rear,no,no,no,no,no,False
101349325,METROPOLITAN NASHVILLE POLICE DEPT,2016-0777393,Davidson,Nashville,8/29/2016 1:25:00 PM,2,0,0,36.071240,-86.636410,BELL RD,,,,239.00,Feet,South,MURFREESBORO PKE,,,,0.00,N,Not at Intersection,N,"Driveway, Alley Access, etc",None,,,         ,William,Whitworth,Clear,Angle,no,no,no,no,yes,False
101349326,METROPOLITAN NASHVILLE POLICE DEPT,2016-0779948,Davidson,Antioch,8/30/2016 6:46:00 AM,2,1,0,0.000000,0.000000,MURFREESBORO PIKE,PIKE,US70 S,,697.10,Feet,South,HOBSON PIKE,PIKE,SR171,,0.00,N,Not at Intersection,N,Non-Junction,None,,,         ,William,Whitworth,Clear,Front to Rear,no,no,no,no,no,False
101349339,METROPOLITAN NASHVILLE POLICE DEPT,20160780129,Davidson,Nashville,8/30/2016 7:58:00 AM,2,0,0,36.194970,-86.830050,BUENA VISTA PKE,,,,173.00,Feet,North,RESHA LN,,,,0.00,N,Not at Intersection, ,Non-Junction,None,,,         ,Michael,Parman,Clear,Angle,no,no,no,no,no,False
101349343,METROPOLITAN NASHVILLE POLICE DEPT,20160780088,Davidson,Nashville,8/30/2016 7:47:00 AM,3,1,0,36.256030,-86.712800,NEELYS BEND RD,,,,0.00,,,ARGLE AV,,,,0.00,Y,OTHER,N,Intersection-Related,None,,,         ,Eric,Richardson,Clear,Front to Rear,no,no,no,no,no,False
101349348,METROPOLITAN NASHVILLE POLICE DEPT,20160777620,Davidson,Nashville,8/29/2016 3:08:00 PM,2,0,0,36.150710,-86.666560,ALLEN RD,,,,0.00,,,DONELSON PKE,,,,0.00,Y,Four-Way,N,Intersection,None,,,         ,Wesley,Young,Clear,Angle,no,no,no,no,no,False
101349351,METROPOLITAN NASHVILLE POLICE DEPT,2016-0780046,Davidson,Nashville,8/30/2016 6:21:00 AM,2,0,0,36.068200,-86.719110,NOLENSVILLE PKE,,,,0.00,,,HAYWOOD LN,,,,0.00,Y,T-Intersection,N,Intersection,None,,,         ,Stanley,Collins,Clear,Angle,no,no,no,no,yes,False
101349354,METROPOLITAN NASHVILLE POLICE DEPT,20160780118,Davidson,Nashville,8/30/2016 7:57:00 AM,2,1,0,36.138770,-86.771020,HAMILTON AV,,,,311.00,Feet,East,HAGAN ST,,,,0.00,N,Not at Intersection,N,Non-Junction,None,,,         ,Gary,Sneed,Clear,Angle,no,no,no,no,no,False
101349357,METROPOLITAN NASHVILLE POLICE DEPT,20160780022,Davidson,Nashville,8/30/2016 7:21:00 AM,2,1,0,36.116910,-86.698290,MURFREESBORO PKE,,,,251.00,Feet,West,MCGAVOCK PKE,,,,0.00,N,Not at Intersection,N,Non-Junction,None,,,         ,MIchael,Mihajlov,Clear,Front to Rear,no,no,no,no,no,False
101349358,GOODLETTSVILLE POLICE DEPT,16-30221,Davidson,Goodlettsville,8/29/2016 4:41:00 PM,3,2,0,36.301770,-86.709980,I 65,,,,0.00,,,,,,,95.30,N,Not at Intersection,N,Non-Junction,None,,,         ,Timothy,Williams,Clear,Front to Rear,no,no,no,no,no,False
101349361,METROPOLITAN NASHVILLE POLICE DEPT,20160780093,Davidson,Nashville,8/30/2016 7:45:00 AM,3,1,0,36.089430,-86.619890,SMITH SPRINGS RD,,,,670.00,Feet,East,RURAL HILL RD,,,,0.00,N,Not at Intersection,N,Non-Junction,None,,,         ,Larry,Benz,Clear,Front to Rear,no,no,no,no,no,False
101349362,METROPOLITAN NASHVILLE POLICE DEPT,20160780158,Davidson,Nashville,8/30/2016 8:01:00 AM,3,0,0,36.187200,-86.613540,OLD HICKORY BLVD,,,,1550.00,Feet,North,ANDREW JACKSON PKWY,,,,0.00,N,Not at Intersection,N,Non-Junction,None,,,         ,Wesley,Young,Clear,Front to Rear,no,no,no,no,no,False
101349372,METROPOLITAN NASHVILLE POLICE DEPT,20160780081,Davidson,Nashville,8/30/2016 7:30:00 AM,2,0,0,36.205620,-86.776570,I 65,,,,0.00,,,,,,,87.25,N,Not at Intersection, ,Entrance/Exit Ramp Related,None,,,         ,Jeanine,Sarno,Clear,"Sideswipe, Same Direction",no,no,no,no,no,False
101349390,METROPOLITAN NASHVILLE POLICE DEPT,20160776522,Davidson,Nashville,8/29/2016 7:30:00 AM,3,1,0,36.137240,-86.699570,GLASTONBURY RD,,,,0.00,,,BRILEY PKWYN,,,,0.00,Y,T-Intersection,N,Intersection,None,,,         ,Scott,Toney,Clear,HeadOn,no,no,no,no,no,False
101349391,METROPOLITAN NASHVILLE POLICE DEPT,20160780219,Davidson,Nashville,8/30/2016 8:32:00 AM,2,0,0,36.164550,-86.763410,I 24,,,,0.00,,,,,,,49.10,N,Not at Intersection, ,,None,,,         ,Christian,Martin,,,no,no,no,no,no,False
101349392,METROPOLITAN NASHVILLE POLICE DEPT,20160780175,Davidson,Nashville,8/30/2016 8:14:00 AM,2,1,0,36.082030,-86.761750,I65 N EXT RAMP,,,,0.00,,,SIDCO DR,,,,0.00,Y,Four-Way,N,Intersection,None,,,         ,Joshua,Dickall,Clear,Front to Rear,no,no,no,no,no,False
101349397,METROPOLITAN NASHVILLE POLICE DEPT,20160780010,Davidson,Nashville,8/30/2016 7:13:00 AM,1,0,0,36.239570,-86.740990,ELLINGTON PKWYS,,,,0.00,,,ELLINGTON PKWY S ENT RAMP,,,,0.00,Y,OTHER, ,Non-Junction,None,,,         ,Doyle,Price,Clear,Not Collision with Motor Vehicle in Transport,no,no,no,no,no,False
101349413,METROPOLITAN NASHVILLE POLICE DEPT,20160780216,Davidson,Nashville,8/30/2016 8:25:00 AM,1,1,0,36.215760,-86.814300,MOORMANS ARM RD,,,,350.00,Feet,West,CHATEAU VALLEY DR,,,,0.00,N,Not at Intersection,N,Non-Junction,None,,,         ,John,Tyree,Clear,Not Collision with Motor Vehicle in Transport,no,no,no,no,no,False
101349423,METROPOLITAN NASHVILLE POLICE DEPT,20160780262,Davidson,Nashville,8/30/2016 8:44:00 AM,2,0,0,0.000000,0.000000,OWEN,DR,,,0.00,,,OLD HICKORY,BLVD,,,0.00,Y,T-Intersection, ,Intersection,None,,,         ,Randall,Combs,Clear,Front to Rear,no,no,no,no,no,False
101349427,METROPOLITAN NASHVILLE POLICE DEPT,20160777256,Davidson,Nashville,8/29/2016 12:43:00 PM,2,1,0,36.180960,-86.796600,ROSA L PARKS BLVD,,,,150.00,Feet,North,GARFIELD ST,,,,0.00,N,Not at Intersection,N,Non-Junction,None,,,         ,Garren,Hoskins,Clear,Front to Rear,no,no,no,no,no,False
101349429,METROPOLITAN NASHVILLE POLICE DEPT,20160780383,Davidson,Nashville,8/30/2016 9:49:00 AM,2,0,0,36.205800,-86.870610,BRILEY PKWYS,,,,74.00,Feet,South,BRILEY PKWYN,,,,0.00,N,Not at Intersection, ,Non-Junction,None,,,         ,Michael,McCord,Clear,Front to Rear,no,no,no,no,no,False
101349431,METROPOLITAN NASHVILLE POLICE DEPT,2016-0777699,Davidson,Nashville,8/29/2016 3:38:00 PM,2,1,0,36.123240,-86.807710,I 440,,,,0.00,,,,,,,2.65,N,Not at Intersection,N,Non-Junction,None,,,         ,Walter,Gray II,Clear,Front to Rear,no,no,no,no,no,False
101349432,METROPOLITAN NASHVILLE POLICE DEPT,20160780163,Davidson,Nashville,8/30/2016 8:00:00 AM,2,0,0,36.236020,-86.783170,PARKWOOD VILLA APTS PVTDR,,,,591.00,Feet,West,I24 W EXT RAMP,,,,0.00,N,Not at Intersection,N,Non-Junction,None,,,         ,Jack,Crouch,Clear,Angle,no,no,no,yes,no,False
101349436,METROPOLITAN NASHVILLE POLICE DEPT,20160778102,Davidson,Nashville,8/29/2016 6:37:00 PM,2,0,0,36.125060,-86.733820,I 440,,,,0.00,,,,,,,7.20,N,Not at Intersection, ,Entrance/Exit Ramp Related,None,,,         ,Jessie,Meadows,Clear,"Sideswipe, Same Direction",no,no,no,no,no,False
101349437,METROPOLITAN NASHVILLE POLICE DEPT,20160778142,Davidson,Nashville,8/29/2016 6:08:00 PM,2,0,0,36.125060,-86.733820,I 440,,,,0.00,,,,,,,7.20,N,Not at Intersection,N,Non-Junction,None,,,         ,Jessie,Meadows,Clear,Front to Rear,no,no,no,no,no,False
101349438,METROPOLITAN NASHVILLE POLICE DEPT,20160778644,Davidson,Nashville,8/29/2016 8:02:00 PM,1,0,0,36.211460,-86.923210,ASHLAND CITY HWY,,,,643.00,Feet,West,OLD HICKORY BLVD,,,,0.00,N,Not at Intersection, ,Non-Junction,None,,,         ,Jessie,Meadows,Clear,Not Collision with Motor Vehicle in Transport,no,no,no,no,no,False
101349449,METROPOLITAN NASHVILLE POLICE DEPT,20160776970,Davidson,Nashville,8/29/2016 10:56:00 AM,1,1,0,36.236680,-86.817300,WHITES CREEK PKE,,,,215.00,Feet,North,GREEN LN,,,,0.00,N,Not at Intersection,N,Non-Junction,None,,,         ,Carlos,angulo,Clear,Not Collision with Motor Vehicle in Transport,no,no,no,no,no,False
101349459,METROPOLITAN NASHVILLE POLICE DEPT,20160780254,Davidson,Nashville,8/30/2016 8:45:00 AM,3,0,0,36.152270,-86.767050,I 40,,,,0.00,,,,,,,210.55,N,Not at Intersection, ,Non-Junction,None,,,         ,Juan,Gonzalez,Clear,Front to Rear,no,no,no,no,no,False
101349460,METROPOLITAN NASHVILLE POLICE DEPT,20160771166,Davidson,Nashville,8/29/2016 12:00:00 AM,1,0,0,36.236680,-86.817300,WHITES CREEK PKE,,,,215.00,Feet,North,GREEN LN,,,,0.00,N,Not at Intersection, ,Non-Junction,None,,,         ,Carlos,angulo,Clear,Not Collision with Motor Vehicle in Transport,no,no,no,no,no,False
101349464,METROPOLITAN NASHVILLE POLICE DEPT,20160780538,Davidson,Nashville,8/30/2016 10:55:00 AM,2,0,0,36.098780,-86.771790,NORWOOD DR,,,,87.00,Feet,East,FRANKLIN PKE,,,,0.00,N,Not at Intersection, ,,None,,,         ,Justin,Pinkelton,,,no,no,no,no,no,False
101349471,METROPOLITAN NASHVILLE POLICE DEPT,2016-0777938,Davidson,Nashville,8/29/2016 4:55:00 PM,2,0,0,36.114580,-86.817200,WOODMONT BLVD,,,,343.00,Feet,West,23RD AVS,,,,0.00,N,Not at Intersection, ,Non-Junction,None,,,         ,Walter,Gray II,Clear,"Sideswipe, Same Direction",no,no,no,no,no,False