master_record_number,agency,agency_tracking_number,county,city,collision_date,vehicles_involved,number_injured,number_dead,latitude,longitude,roadway_name,roadway_suffix,roadway_number,roadway_local_id,distance_from_reference,miles-feet_indicator,direction_from_reference,intersection_road_name,intersection_road_name_suffix,intersection_road_number,intersection_local_id,mile_marker,intersection_indicator,intersect_type,interchange_related_indicator,relation_to_junction,work_zone_type,construction_maintenance_zone,construction_maintenance_zone_location,fatal_case_number,officer_first_name,officer_last_name,weather_condition(s),manner_of_crash,pedestrian,bicycle,scooter,parking,hitrun,mou
101349992,METROPOLITAN NASHVILLE POLICE DEPT,20160773357,Davidson,Nashville,8/28/2016 2:00:00 AM,1,1,0,36.141430,-86.885610,I 40,,,,0.00,,,,,,,202.15,N,Not at Intersection,N,Non-Junction,None,,,         ,Kenneth,Bray,Clear,Not Collision with Motor Vehicle in Transport,no,no,no,no,no,False
101349994,METROPOLITAN NASHVILLE POLICE DEPT,20160782531,Davidson,Nashville,8/30/2016 10:30:00 PM,2,0,0,36.227730,-86.779360,I 24,,,,0.00,,,,,,,44.40,N,Not at Intersection, ,,None,,,         ,Matthew,Lachance,,,no,no,no,no,no,False
101349998,METROPOLITAN NASHVILLE POLICE DEPT,20160782585,Davidson,Nashville,8/30/2016 11:00:00 PM,2,0,0,36.210120,-86.776020,I 65,,,,0.00,,,,,,,87.60,N,Not at Intersection, ,,Construction Zone,,,         ,Geoffrey,Daugherty,,,no,no,no,no,no,False
101349999,METROPOLITAN NASHVILLE POLICE DEPT,20160779782,Davidson,Nashville,8/30/2016 4:58:00 AM,1,0,0,36.147220,-86.869290,CHARLOTTE PKE,,,,44.00,Feet,East,MARCIA AV,,,,0.00,N,Not at Intersection,N,Non-Junction,None,,,         ,Amanda,Fox,Clear,Not Collision with Motor Vehicle in Transport,no,no,no,no,no,False
101350017,METROPOLITAN NASHVILLE POLICE DEPT,2016-0779852,Davidson,Nashville,8/30/2016 12:00:00 AM,2,0,0,36.050510,-86.656390,HICKORY HOLLOW MALL PVTDR PL,,,,0.00,,,,,,,0.00,,,N,Non-Junction,Unknown,,,         ,Daniel,Garrett,Unknown,Unknown,no,no,no,yes,yes,False
101350043,METROPOLITAN NASHVILLE POLICE DEPT,20160782998,Davidson,Nashville,8/31/2016 1:04:00 AM,2,0,0,36.095250,-86.654310,MURFREESBORO PKE,,,,0.00,,,,,,,0.00,,,N,"Driveway, Alley Access, etc",None,,,         ,William,Williams,Clear,Front to Rear,no,no,no,no,no,False
101350060,METROPOLITAN NASHVILLE POLICE DEPT,20160782635,Davidson,Nashville,8/30/2016 10:55:00 PM,1,0,0,36.121680,-86.794850,BELMONT BLVD,,,,41.00,Feet,North,KIRKWOOD AV,,,,0.00,N,Not at Intersection,N,Non-Junction,None,,,         ,Steven,Carrick,Clear,Not Collision with Motor Vehicle in Transport,no,no,no,no,no,False
101350082,GOODLETTSVILLE POLICE DEPT,16-30404,Davidson,Goodlettsville,8/31/2016 6:50:00 AM,2,0,0,36.320930,-86.703780,I 65,,,,0.00,,,,,,,96.80,N,Not at Intersection, ,Non-Junction,None,,,         ,Jeremy,Baker,Clear,"Sideswipe, Same Direction",no,no,no,no,no,False
101350091,METROPOLITAN NASHVILLE POLICE DEPT,20160781056,Davidson,Nashville,8/30/2016 2:05:00 PM,2,0,0,36.186650,-86.808540,12TH AVN,,,,410.00,Feet,North,CASS ST,,,,0.00,N,Not at Intersection,N,Non-Junction,None,,,         ,Joshua,Baker,Clear,Front to Rear,no,no,no,no,no,False
101350092,METROPOLITAN NASHVILLE POLICE DEPT,20160780980,Davidson,Nashville,8/30/2016 1:35:00 PM,2,0,0,36.117560,-86.731780,LUTIE ST,,,,9.00,Feet,South,JAY ST,,,,0.00,N,Not at Intersection, ,Non-Junction,None,,,         ,James,Thomas,Clear,Angle,no,no,no,no,no,False
101350093,METROPOLITAN NASHVILLE POLICE DEPT,2016-0783579,Davidson,Nashville,8/31/2016 6:24:00 AM,2,0,0,36.045740,-86.674350,BLUE HOLE RD,,,,0.00,,,BELL RD,,,,0.00,Y,Four-Way, ,Intersection,None,,,         ,William,Whitworth,Clear,Front to Rear,no,no,no,no,no,False
101350106,METROPOLITAN NASHVILLE POLICE DEPT,2016-0783573,Davidson,Not in City Limit,8/31/2016 6:45:00 AM,3,1,0,36.076780,-87.026140,I 40,,,,0.00,,,,,,,192.20,N,Not at Intersection,N,Non-Junction,None,,,         ,Douglas,Atwood,Clear,Front to Rear,no,no,no,no,no,False
101350107,METROPOLITAN NASHVILLE POLICE DEPT,20160783667,Davidson,Nashville,8/31/2016 7:31:00 AM,2,0,0,36.158860,-86.624450,I 40,,,,0.00,,,,,,,219.30,N,Not at Intersection, ,Non-Junction,None,,,         ,Michael,Dance,Clear,"Sideswipe, Same Direction",no,no,no,no,no,False
101350109,METROPOLITAN NASHVILLE POLICE DEPT,20160783617,Davidson,Nashville,8/31/2016 7:20:00 AM,2,0,0,36.187910,-86.629750,LEBANON PKE,,,,171.00,Feet,West,HICKORY HILL LN,,,,0.00,N,Not at Intersection, ,Non-Junction,None,,,         ,Scott,Toney,Clear,Front to Rear,no,no,no,no,no,False
101350114,METROPOLITAN NASHVILLE POLICE DEPT,20160783686,Davidson,Nashville,8/31/2016 7:42:00 AM,2,0,0,36.196650,-86.776130,I 65,,,,0.00,,,,,,,86.65,N,Not at Intersection, ,Non-Junction,None,,,         ,Michael,McCord,Clear,"Sideswipe, Same Direction",no,no,no,no,no,False
101350116,METROPOLITAN NASHVILLE POLICE DEPT,2016-0780971,Davidson,Nashville,8/30/2016 1:31:00 PM,2,0,0,36.177790,-86.786490,3RD AVN,,,,0.00,,,MONROE ST,,,,0.00,Y,Four-Way, ,Intersection,None,,,         ,Daniel,Massey,Clear,Front to Rear,no,no,no,no,no,False
101350120,METROPOLITAN NASHVILLE POLICE DEPT,2016-0783588,Davidson,Nashville,8/31/2016 6:55:00 AM,2,0,0,36.122450,-86.807260,I440 E EXT RAMP,,,,0.00,Feet,East,I 440,,,,0.00,N,Not at Intersection,N,Non-Junction,None,,,         ,Paul,Junkmann,Clear,Front to Rear,no,no,no,no,no,False
101350122,METROPOLITAN NASHVILLE POLICE DEPT,20160783609,Davidson,Nashville,8/31/2016 7:04:00 AM,2,0,0,36.188300,-86.796840,DOMINICAN DR,,,,0.00,,,FRENCH LANDING DR,,,,0.00,Y,OTHER, ,OtherLocation,None,,,         ,Joshua,Baker,Clear,"Sideswipe, Same Direction",no,no,no,no,no,False
101350126,METROPOLITAN NASHVILLE POLICE DEPT,2016-0780932,Davidson,Not in City Limit,8/30/2016 1:20:00 PM,2,2,0,36.076890,-86.945220,HIGHWAY 70S,,,,0.00,,,SAWYER BROWN RD,,,,0.00,Y,Four-Way,N,Intersection,None,,,         ,Douglas,Atwood,Clear,Angle,no,no,no,no,no,False
101350141,METROPOLITAN NASHVILLE POLICE DEPT,20160783637,Davidson,Nashville,8/31/2016 7:04:00 AM,2,0,0,36.169800,-86.676260,LEBANON PKE,,,,87.00,Feet,West,PARK DR,,,,0.00,N,Not at Intersection,N,OtherLocation,None,,,         ,Larry,Benz,Clear,Angle,no,no,no,yes,no,False
101350153,METROPOLITAN NASHVILLE POLICE DEPT,20160780473,Davidson,Nashville,8/30/2016 10:29:00 AM,2,1,0,36.193570,-86.756050,DOUGLAS AV,,,,0.00,,,MONTGOMERY AV,,,,0.00,Y,T-Intersection,N,Intersection,None,,,         ,Alex,Moore,Clear,Angle,no,no,no,no,no,False
101350161,WILLIAMSON CO SHERIFFS OFFICE,1610507,Davidson,Nashville,8/27/2016 8:05:00 PM,1,0,0,36.027720,-86.907880,SNEED RDW,,,,1410.00,Feet,West,WILLOWBROOKE CIR,,,,0.00,N,Not at Intersection,N,Non-Junction,None,,,         ,Joshua,Jeter,Clear,Not Collision with Motor Vehicle in Transport,no,no,no,no,no,False
101350163,METROPOLITAN NASHVILLE POLICE DEPT,20160783779,Davidson,Nashville,8/31/2016 8:20:00 AM,2,0,0,36.141050,-86.658430,I 40,,,,0.00,,,,,,,217.90,N,Not at Intersection, ,,None,,,         ,Terry,Denton,,,no,no,no,no,no,False
101350166,METROPOLITAN NASHVILLE POLICE DEPT,20160783799,Davidson,Nashville,8/31/2016 8:36:00 AM,2,1,0,36.114860,-86.719560,DRUMMOND DR,,,,0.00,,,EAST THOMPSON LN,,,,0.00,Y,Four-Way,Y,Intersection,None,,,         ,Kevin,Caperton,Clear,Angle,no,no,no,no,no,False
101350168,METROPOLITAN NASHVILLE POLICE DEPT,20160783845,Davidson,Nashville,8/31/2016 8:35:00 AM,2,0,0,36.141530,-86.715360,I 40,,,,0.00,,,,,,,213.90,N,Not at Intersection,N,Non-Junction,None,,,         ,Gregory,Lindstrom,Clear,"Sideswipe, Same Direction",no,no,no,no,yes,False
101350172,METROPOLITAN NASHVILLE POLICE DEPT,20160783776,Davidson,Nashville,8/31/2016 8:11:00 AM,3,0,0,36.044770,-86.661530,CANE RIDGE RD,,,,0.00,,,BELL RD,,,,0.00,Y,Four-Way,N,Intersection,None,,,         ,Brian,Lamb,Clear,Angle,no,no,no,no,no,False
101350183,METROPOLITAN NASHVILLE POLICE DEPT,2016-0783796,Davidson,Nashville,8/31/2016 8:30:00 AM,2,0,0,36.134120,-86.726760,I 24,,,,0.00,,,,,,,52.10,N,Not at Intersection, ,Non-Junction,None,,,         ,Stanley,Collins,Clear,Front to Rear,no,no,no,no,no,False
101350188,METROPOLITAN NASHVILLE POLICE DEPT,20160783885,Davidson,Nashville,8/31/2016 9:10:00 AM,2,0,0,36.177230,-86.748480,WOODLAND ST,,,,0.00,,,N 12TH ST,,,,0.00,Y,Four-Way, ,Intersection,None,,,         ,Andrew,Ivey,Clear,Angle,no,no,no,no,no,False
101350206,METROPOLITAN NASHVILLE POLICE DEPT,2016-0785806,Davidson,Nashville,8/31/2016 8:35:00 AM,2,0,0,36.166340,-86.779070,3RD AVN,,,,0.00,,,DEADERICK ST,,,,0.00,Y,T-Intersection,N,Intersection,None,,,         ,Daniel,Massey,Clear,Front to Rear,no,no,no,no,no,False
101350207,METROPOLITAN NASHVILLE POLICE DEPT,2016-0773993,Davidson,Not in City Limit,8/28/2016 1:00:00 AM,1,0,0,36.098740,-86.985130,BUFFALO RD,,,,2590.00,Feet,North,HUNTWICK TRL,,,,0.00,N,Not at Intersection,N,Non-Junction,None,,,         ,Benjamin,Cantrell,Unknown,Not Collision with Motor Vehicle in Transport,no,no,no,no,yes,False
101350208,METROPOLITAN NASHVILLE POLICE DEPT,2016-0783687,Davidson,Not in City Limit,8/31/2016 7:50:00 AM,2,1,0,36.081910,-86.954770,I 40,,,,0.00,,,,,,,196.45,N,Not at Intersection,N,Non-Junction,None,,,         ,Benjamin,Cantrell,Clear,Front to Rear,no,no,no,no,no,False
101350209,METROPOLITAN NASHVILLE POLICE DEPT,2016-0783839,Davidson,Nashville,8/31/2016 8:50:00 AM,2,2,0,36.109120,-86.922470,OLD HICKORY BLVD,,,,261.00,Feet,South,SONYA DR,,,,0.00,N,Not at Intersection,N,Non-Junction,None,,,         ,Benjamin,Cantrell,Clear,Angle,no,no,no,no,no,False
101350214,METROPOLITAN NASHVILLE POLICE DEPT,20160783564,Davidson,Nashville,8/31/2016 6:25:00 AM,2,0,0,36.039550,-86.781700,I65 N EXT RAMP,,,,0.00,,,OLD HICKORY BLVD,,,,0.00,Y,Y-Intersection, ,Entrance/Exit Ramp Related,None,,,         ,Nathan,Kemp,Clear,Front to Rear,no,no,no,no,no,False
101350215,METROPOLITAN NASHVILLE POLICE DEPT,20160783898,Davidson,Nashville,8/31/2016 9:19:00 AM,2,0,0,36.105340,-86.767120,I 65,,,,0.00,,,,,,,79.45,N,Not at Intersection, ,Non-Junction,None,,,         ,Nathan,Kemp,Clear,Front to Rear,no,no,no,no,no,False
101350216,METROPOLITAN NASHVILLE POLICE DEPT,20160783976,Davidson,Nashville,8/31/2016 9:49:00 AM,2,2,0,36.107500,-86.768580,I 65,,,,0.00,,,,,,,79.55,N,Not at Intersection,N,Non-Junction,None,,,         ,Nathan,Kemp,Clear,Front to Rear,no,no,no,no,no,False
101350226,METROPOLITAN NASHVILLE POLICE DEPT,20160784009,Davidson,Nashville,8/31/2016 9:15:00 AM,2,0,0,36.140310,-86.666380,I40 E EXT RAMP,,,,0.00,,East,DONELSON PKE,,,,0.00,N,Not at Intersection, ,Entrance/Exit Ramp Related,None,,,         ,Scott,Toney,Clear,Front to Rear,no,no,no,no,no,False
101350232,METROPOLITAN NASHVILLE POLICE DEPT,20160784051,Davidson,Nashville,8/31/2016 10:10:00 AM,2,0,0,36.167790,-86.820750,JEFFERSON ST,,,,0.00,,,28TH AVN,,,,0.00,Y,Four-Way, ,,None,,,         ,Chase,Burnett,,,no,no,no,no,no,False
101350235,METROPOLITAN NASHVILLE POLICE DEPT,20160784118,Davidson,Nashville,8/31/2016 10:30:00 AM,2,0,0,36.147940,-86.744730,I 40,,,,0.00,,,,,,,212.00,N,Not at Intersection, ,,None,,,         ,Jason,Smith,,,no,no,no,no,no,False
101350238,METROPOLITAN NASHVILLE POLICE DEPT,20160784122,Davidson,Nashville,8/31/2016 10:05:00 AM,2,0,0,36.119240,-86.754770,MELROSE AV,,,,0.00,,,WINFORD AV,,,,0.00,Y,Four-Way, ,Intersection,None,,,         ,Justin,Pinkelton,Clear,Angle,no,no,no,no,no,False
101350241,METROPOLITAN NASHVILLE POLICE DEPT,20160783736,Davidson,Nashville,8/31/2016 7:46:00 AM,2,0,0,36.156780,-86.692610,BRILEY PKWYS,,,,756.00,Feet,North,BRILEY PKWY S EXT RAMP,,,,0.00,N,Not at Intersection,N,Non-Junction,None,,,         ,Wesley,Young,Clear,"Sideswipe, Same Direction",no,no,no,no,yes,False
101350257,METROPOLITAN NASHVILLE POLICE DEPT,20160783869,Davidson,Nashville,8/31/2016 9:06:00 AM,2,0,0,36.152310,-86.625260,BLACKWOOD DR,,,,0.00,,,,,,,0.00,,,N,Non-Junction,None,,,         ,Wesley,Young,Clear,"Sideswipe, Same Direction",no,no,no,no,yes,False
101350262,METROPOLITAN NASHVILLE POLICE DEPT,20160784163,Davidson,Nashville,8/31/2016 11:00:00 AM,2,0,0,36.175270,-86.792660,MONROE ST,,,,0.00,,,ROSA L PARKS BLVD,,,,0.00,Y,Four-Way,Y,Intersection,None,,,         ,James,Jarvis,Clear,Angle,no,no,no,no,no,False
101350263,METROPOLITAN NASHVILLE POLICE DEPT,20160783935,Davidson,Nashville,8/31/2016 9:20:00 AM,2,0,0,36.086150,-86.701320,I24 E EXT RAMP,,,,0.00,Feet,East,I 24,,,,0.00,N,Not at Intersection,N,Entrance/Exit Ramp Related,None,,,         ,Todd,Watson,Clear,"Sideswipe, Same Direction",no,no,no,no,no,False
101350270,METROPOLITAN NASHVILLE POLICE DEPT,20160783836,Davidson,Nashville,8/31/2016 8:50:00 AM,2,3,0,36.110190,-86.737060,THOMPSON LN,,,,206.00,Feet,West,PRESCOTT PL,,,,0.00,N,Not at Intersection,N,Non-Junction,None,,,         ,James,Thomas,Clear,HeadOn,no,no,no,no,no,False
101350271,METROPOLITAN NASHVILLE POLICE DEPT,20160784017,Davidson,Nashville,8/31/2016 9:59:00 AM,2,0,0,36.151750,-86.666490,DONELSON PKE,,,,77.00,Feet,North,NODYNE DR,,,,0.00,N,Not at Intersection,N,Non-Junction,None,,,         ,Wesley,Young,Clear,Front to Rear,no,no,no,no,no,False
101350280,METROPOLITAN NASHVILLE POLICE DEPT,20160784000,Davidson,Nashville,8/31/2016 9:10:00 AM,3,1,0,36.153440,-86.820640,CHARLOTTE AV,,,,71.00,Feet,East,31ST AVN,,,,0.00,N,Not at Intersection,N,Non-Junction,None,,,         ,Jefferson,Hughes,Clear,Front to Rear,no,no,no,no,no,False
101350281,METROPOLITAN NASHVILLE POLICE DEPT,20160784178,Davidson,Nashville,8/31/2016 11:09:00 AM,2,0,0,36.207300,-86.690430,BRILEY PKWYS,,,,565.00,Feet,South,BRILEY PKWYN,,,,0.00,N,Not at Intersection, ,Non-Junction,None,,,         ,William,Mckay,Clear,"Sideswipe, Same Direction",no,no,no,no,no,False
101350289,METROPOLITAN NASHVILLE POLICE DEPT,20160784102,Davidson,Nashville,8/31/2016 4:11:00 AM,1,0,0,36.032540,-86.670300,ANDUIN AV,,,,0.00,,,HICKORY PARK DR,,,,0.00,Y,T-Intersection, ,Intersection,None,,,         ,Randall,Combs,Clear,Not Collision with Motor Vehicle in Transport,no,no,no,no,yes,False
101350309,METROPOLITAN NASHVILLE POLICE DEPT,20160784281,Davidson,Nashville,8/31/2016 11:50:00 AM,2,0,0,36.059220,-86.716250,NOLENSVILLE PKE,,,,58.00,Feet,North,TUSCULUM RD,,,,0.00,N,Not at Intersection,N,Non-Junction,None,,,         ,Brent,Bauer,Clear,Front to Rear,no,no,no,no,no,False
101350311,METROPOLITAN NASHVILLE POLICE DEPT,20160780068,Davidson,Nashville,8/31/2016 7:30:00 AM,2,0,0,36.145670,-86.696260,I40 E ENT RAMP,,,,0.00,Feet,East,BRILEY PKWY S EXT RAMP,,,,0.00,N,Not at Intersection, ,Non-Junction,None,,,         ,Scott,Toney,Clear,"Sideswipe, Same Direction",no,no,no,no,no,False
101350317,METROPOLITAN NASHVILLE POLICE DEPT,20160784439,Davidson,Nashville,8/31/2016 1:00:00 PM,2,0,0,36.148010,-86.799330,21ST AVS,,,,19.00,Feet,North,BROADWAY,,,,0.00,N,Not at Intersection, ,Non-Junction,None,,,         ,Nathan,Kemp,Clear,"Sideswipe, Same Direction",no,no,no,no,no,Campus
101350325,METROPOLITAN NASHVILLE POLICE DEPT,16-0784224,Davidson,Nashville,8/31/2016 11:06:00 AM,2,0,0,36.164920,-86.778180,3RD AVN,,,,0.00,,,BANKERS ALY,,,,0.00,Y,OTHER, ,OtherLocation,Unknown,,,         ,Frank,Campbell,Clear,"Sideswipe, Same Direction",no,no,no,no,no,False
101350326,METROPOLITAN NASHVILLE POLICE DEPT,2016-0783728,Davidson,Nashville,8/31/2016 8:04:00 AM,4,2,0,36.111860,-86.723190,I 24,,,,0.00,,,,,,,53.55,N,Not at Intersection,N,Non-Junction,None,,,         ,William,Whitworth,Clear,Front to Rear,no,no,no,no,yes,False
101350327,METROPOLITAN NASHVILLE POLICE DEPT,2016-0784243,Davidson,Nashville,8/31/2016 11:38:00 AM,1,0,0,36.063140,-86.663630,UNA ANTIOCH PKE,,,,204.00,Feet,North,ELMER MARSHALL PVTDR,,,,0.00,N,Not at Intersection,N,Non-Junction,None,,,         ,William,Whitworth,Clear,Not Collision with Motor Vehicle in Transport,no,no,no,no,no,False
101350334,METROPOLITAN NASHVILLE POLICE DEPT,20160783966,Davidson,Nashville,8/31/2016 9:36:00 AM,2,1,0,36.142530,-86.681100,I 40,,,,0.00,,,,,,,215.80,N,Not at Intersection,N,Non-Junction,None,,,         ,Michael,Dance,Clear,"Sideswipe, Same Direction",no,no,no,no,no,False
101350340,METROPOLITAN NASHVILLE POLICE DEPT,20160783581,Davidson,Not in City Limit,8/31/2016 6:55:00 AM,3,0,0,36.323700,-86.866140,I 24,,,,0.00,,,,,,,35.10,N,Not at Intersection,N,Non-Junction,None,,,         ,Jeanine,Sarno,Clear,Front to Rear,no,no,no,no,no,False
101350345,METROPOLITAN NASHVILLE POLICE DEPT,2016-0774529,Davidson,Nashville,8/28/2016 3:07:00 PM,2,0,0,36.160250,-86.782960,COMMERCE ST,,,,0.00,,,ROSA L PARKS BLVD,,,,0.00,Y,Four-Way, ,OtherLocation,None,,,         ,Kendra,Cowper,Clear,"Sideswipe, Same Direction",no,no,no,no,no,False
101350358,METROPOLITAN NASHVILLE POLICE DEPT,20160774592,Davidson,Nashville,8/28/2016 3:53:00 PM,2,0,0,36.141470,-86.715730,I 40,,,,0.00,,,,,,,213.90,N,Not at Intersection,N,Non-Junction,None,,,         ,Brian,Smith,Clear,Front to Rear,no,no,no,no,yes,False
101350363,METROPOLITAN NASHVILLE POLICE DEPT,2016-0783575,Davidson,Nashville,8/31/2016 6:42:00 AM,2,0,0,36.155740,-86.789790,14TH AVN,,,,41.00,Feet,North,I40 E ENT RAMP,,,,0.00,N,Not at Intersection, ,Non-Junction,None,,,         ,David,Anderson,Clear,"Sideswipe, Same Direction",no,no,no,no,no,False
101350364,METROPOLITAN NASHVILLE POLICE DEPT,20160784333,Davidson,Goodlettsville,8/31/2016 12:16:00 PM,2,2,0,36.294920,-86.700940,GALLATIN PKEN,,,,0.00,Feet,,MCHENRY CENTER PVTDR,,,,0.00,Y,Four-Way,N,Intersection,None,,,         ,DuJuan,Kendrick,Clear,"Sideswipe, Opposite Direction",no,no,no,no,no,False
101350374,METROPOLITAN NASHVILLE POLICE DEPT,20160784362,Davidson,Nashville,8/31/2016 12:01:00 AM,1,0,0,36.161000,-86.596030,LAKE CHATEAU DR,,,,145.00,Feet,South,BELL RD,,,,0.00,N,Not at Intersection,N,Non-Junction,None,,,         ,Wesley,Young,Clear,Not Collision with Motor Vehicle in Transport,no,no,no,yes,yes,False
101350392,METROPOLITAN NASHVILLE POLICE DEPT,20160784554,Davidson,Nashville,8/31/2016 1:26:00 PM,2,0,0,36.192670,-86.624010,LEBANON PKE,,,,91.00,Feet,South,JUAREZ DR,,,,0.00,N,Not at Intersection, ,Non-Junction,None,,,         ,Wesley,Young,Clear,Front to Rear,no,no,no,no,no,False
101350405,METROPOLITAN NASHVILLE POLICE DEPT,2016-0781822,Davidson,Nashville,8/30/2016 6:38:00 PM,3,1,0,36.215100,-86.596310,LEBANON PKE,,,,403.00,Feet,East,ANDREW JACKSON PKWY,,,,0.00,N,Not at Intersection,N,Non-Junction,None,,,         ,Sandra,Talavera,Clear,Front to Rear,no,no,no,no,yes,False
101350426,METROPOLITAN NASHVILLE POLICE DEPT,2016-0781548,Davidson,Nashville,8/30/2016 4:52:00 PM,2,0,0,36.218520,-86.588400,CASCADE DR,,,,52.00,Feet,West,BIG HORN DR,,,,0.00,N,Not at Intersection,N,Non-Junction,None,,,         ,Sandra,Talavera,Clear,Front to Rear,no,no,no,no,no,False
101350431,METROPOLITAN NASHVILLE POLICE DEPT,20160784727,Davidson,Nashville,8/31/2016 2:46:00 PM,2,0,0,36.141790,-86.777490,CHESTNUT ST,,,,0.00,,,CHERRY AV,,,,0.00,Y,T-Intersection, ,Intersection-Related,None,,,         ,Tien,Nguyen,Clear,Front to Rear,no,no,no,no,no,False
101350442,METROPOLITAN NASHVILLE POLICE DEPT,2016-0784356,Davidson,Nashville,8/31/2016 12:27:00 PM,2,0,0,36.151630,-86.852480,CHARLOTTE AV,,,,113.00,Feet,West,MORROW RD,,,,0.00,N,Not at Intersection,N,Non-Junction,None,,,         ,Walter,Gray II,Clear,Angle,no,no,no,yes,yes,False
101350443,METROPOLITAN NASHVILLE POLICE DEPT,2016-0784429,Davidson,Nashville,8/31/2016 12:56:00 PM,2,0,0,36.127190,-86.850580,WHITE BRIDGE PKE,,,,500.00,Feet,East,POST PL,,,,0.00,N,Not at Intersection, ,Non-Junction,None,,,         ,Walter,Gray II,Clear,Front to Rear,no,no,no,no,no,False
101350455,METROPOLITAN NASHVILLE POLICE DEPT,20160784672,Davidson,Nashville,8/31/2016 2:49:00 PM,1,0,0,36.115530,-86.719440,EAST THOMPSON LN,,,,0.00,Feet,East,GLENROSE AV,,,,0.00,N,Not at Intersection,N,Non-Junction,None,,,         ,Jessie,Meadows,Clear,Not Collision with Motor Vehicle in Transport,no,no,no,no,no,False
101350458,METROPOLITAN NASHVILLE POLICE DEPT,20160784765,Davidson,Nashville,8/31/2016 2:52:00 PM,2,0,0,36.170820,-86.601550,OLD HICKORY BLVD,,,,0.00,,,I40 W EXT RAMP,,,,0.00,Y,Four-Way,N,Intersection,None,,,         ,Wesley,Young,Clear,Angle,no,no,no,no,yes,False
101350476,METROPOLITAN NASHVILLE POLICE DEPT,2016-0784783,Davidson,Nashville,8/31/2016 2:27:00 PM,2,0,0,36.149530,-86.857920,WHITE BRIDGE PKE,,,,400.00,Feet,North,LENOX AV,,,,0.00,N,Not at Intersection, ,Non-Junction,None,,,         ,Walter,Gray II,Clear,"Sideswipe, Same Direction",no,no,no,no,no,False
101350496,METROPOLITAN NASHVILLE POLICE DEPT,20160784828,Davidson,Nashville,8/31/2016 3:15:00 PM,2,0,0,36.148480,-86.793490,CHET ATKINS PL,,,,0.00,,,MUSIC SQW,,,,0.00,Y,Four-Way,N,Intersection-Related,None,,,         ,Tien,Nguyen,Clear,Angle,no,no,no,no,no,False
101350500,METROPOLITAN NASHVILLE POLICE DEPT,20160784700,Davidson,Nashville,8/31/2016 2:33:00 PM,2,0,0,36.118300,-86.700320,MURFREESBORO PKE,,,,0.00,,,BRILEY PKWYS,,,,0.00,Y,Four-Way, ,,None,,,         ,Christopher,Augustin,,,no,no,no,no,no,False
101350501,METROPOLITAN NASHVILLE POLICE DEPT,20160784894,Davidson,Old Hickory,8/31/2016 3:39:00 PM,2,0,0,36.247470,-86.641270,OLD HICKORY BLVD,,,,0.00,,,24TH ST,,,,0.00,Y,Four-Way, ,Intersection,None,,,         ,Kyle,Burks,Clear,Front to Rear,no,no,no,no,no,False
101350502,METROPOLITAN NASHVILLE POLICE DEPT,20160782062,Davidson,Not in City Limit,8/30/2016 8:08:00 PM,2,1,0,36.066880,-86.599780,MT VIEW RD,,,,10.00,Feet,West,TRU LONG DR,,,,0.00,N,Not at Intersection,N,Non-Junction,None,,,         ,David,Hughes,Clear,Front to Rear,no,no,no,no,yes,False
101350512,METROPOLITAN NASHVILLE POLICE DEPT,20160784879,Davidson,Nashville,8/31/2016 3:33:00 PM,2,0,0,36.115780,-86.782070,I 440,,,,0.00,,,,,,,4.40,N,Not at Intersection,N,Non-Junction,None,,,         ,Charles,Griffin,Clear,Front to Rear,no,no,no,no,no,False
101350519,METROPOLITAN NASHVILLE POLICE DEPT,20160785099,Davidson,Nashville,8/31/2016 4:42:00 PM,2,0,0,36.148780,-86.822310,I 440,,,,0.00,,,,,,,1.35,N,Not at Intersection,N,Non-Junction,None,,,         ,Tien,Nguyen,Clear,Front to Rear,no,no,no,no,no,False
101350525,METROPOLITAN NASHVILLE POLICE DEPT,20160784829,Davidson,Nashville,8/31/2016 3:18:00 PM,3,0,0,36.086880,-86.696540,HARDING PL,,,,200.00,Feet,West,S PERIMETER PARK DR,,,,0.00,N,Not at Intersection,N,Non-Junction,None,,,         ,Brandon,Vance,Clear,Angle,no,no,no,no,yes,False
101350533,METROPOLITAN NASHVILLE POLICE DEPT,20160785178,Davidson,Nashville,8/31/2016 4:47:00 PM,2,0,0,36.196120,-86.608490,ANDREW JACKSON PKWY,,,,62.00,Feet,South,WEBER RD,,,,0.00,N,Not at Intersection, ,Non-Junction,None,,,         ,Noah,Melton,Clear,"Sideswipe, Same Direction",no,no,no,no,no,False
101350537,METROPOLITAN NASHVILLE POLICE DEPT,20160785101,Davidson,Nashville,8/31/2016 4:40:00 PM,2,0,0,36.187420,-86.794730,I 65,,,,0.00,,,,,,,85.40,N,Not at Intersection,N,Non-Junction,None,,,         ,Rachael,Sacco,Clear,Front to Rear,no,no,no,no,yes,False
101350540,METROPOLITAN NASHVILLE POLICE DEPT,20160785165,Davidson,Nashville,8/31/2016 2:57:00 PM,2,0,0,36.157440,-86.770530,HERMITAGE AV,,,,0.00,Feet,North,PEABODY ST,,,,0.00,N,Not at Intersection, ,Non-Junction,None,,,         ,Joshua,Hausman,Clear,"Sideswipe, Same Direction",no,no,no,no,no,False