master_record_number,agency,agency_tracking_number,county,city,collision_date,vehicles_involved,number_injured,number_dead,latitude,longitude,roadway_name,roadway_suffix,roadway_number,roadway_local_id,distance_from_reference,miles-feet_indicator,direction_from_reference,intersection_road_name,intersection_road_name_suffix,intersection_road_number,intersection_local_id,mile_marker,intersection_indicator,intersect_type,interchange_related_indicator,relation_to_junction,work_zone_type,construction_maintenance_zone,construction_maintenance_zone_location,fatal_case_number,officer_first_name,officer_last_name,weather_condition(s),manner_of_crash,pedestrian,bicycle,scooter,parking,hitrun,mou
101352231,METROPOLITAN NASHVILLE POLICE DEPT,20160792106,Davidson,Nashville,9/2/2016 4:45:00 PM,2,0,0,36.192270,-86.816260,ROSA L PARKS BLVD,,,,175.00,Feet,West,25TH AVN,,,,0.00,N,Not at Intersection,N,Non-Junction,None,,,         ,Eric,Keller,Clear,Front to Rear,no,no,no,no,no,False
101352242,METROPOLITAN NASHVILLE POLICE DEPT,20160789079,Davidson,Nashville,9/1/2016 6:50:00 PM,2,0,0,36.151970,-86.848570,CHARLOTTE AV,,,,0.00,,,51ST AVN,,,,0.00,Y,Four-Way,N,Intersection-Related,None,,,         ,Justin,Coyle,Clear,Front to Rear,no,no,no,no,no,False
101352244,BERRY HILL POLICE DEPT,16-3135,Davidson,Berry Hill,9/2/2016 4:10:00 PM,2,0,0,36.112690,-86.766940,BRANSFORD AV,,,,0.00,,,HEATHER PL,,,,0.00,Y,T-Intersection, ,Intersection,None,,,         ,Larry,Carter,Clear,Angle,no,no,no,no,no,False
101352259,METROPOLITAN NASHVILLE POLICE DEPT,2016-0791511,Davidson,Nashville,9/2/2016 12:54:00 PM,2,0,0,36.148470,-86.866560,CHARLOTTE PKE,,,,278.00,Feet,East,EASTBORO DR,,,,0.00,N,Not at Intersection, ,Non-Junction,None,,,         ,Walter,Gray II,Clear,Front to Rear,no,no,no,no,no,False
101352260,METROPOLITAN NASHVILLE POLICE DEPT,2016-0791568,Davidson,Nashville,9/2/2016 1:30:00 PM,2,0,0,36.057810,-86.918650,HICKS RD PVTDR,,,,538.00,Feet,South,EXCHANGE CLUB GRNWY,,,,0.00,N,Not at Intersection,N,Non-Junction,None,,,         ,Walter,Gray II,Clear,Unknown,no,no,no,yes,yes,False
101352261,METROPOLITAN NASHVILLE POLICE DEPT,2016-0791660,Davidson,Nashville,9/2/2016 2:16:00 PM,2,2,0,36.077450,-86.947140,HIGHWAY 70S,,,,0.00,,,BELLEVUE CTR PVTDR,,,,0.00,Y,Four-Way,N,Intersection,None,,,         ,Walter,Gray II,Clear,Angle,no,no,no,no,no,False
101352268,METROPOLITAN NASHVILLE POLICE DEPT,20160792122,Davidson,Nashville,9/2/2016 12:00:00 AM,1,1,0,36.158060,-86.799970,CHARLOTTE AV,,,,0.00,,,DR D B TODD JR BLVD,,,,0.00,Y,Four-Way,N,Intersection-Related,None,,,         ,Adam,Gartner,Clear,Not Collision with Motor Vehicle in Transport,yes,no,no,no,no,False
101352271,METROPOLITAN NASHVILLE POLICE DEPT,20160791628,Davidson,Nashville,9/2/2016 2:04:00 PM,2,0,0,36.162490,-86.774070,DOWNTOWN GRNWY,,,,125.00,Feet,North,1ST AVS,,,,0.00,N,Not at Intersection, ,Non-Junction,None,,,         ,Jessie,Loy,Clear,Front to Rear,no,no,no,no,no,False
101352274,METROPOLITAN NASHVILLE POLICE DEPT,20160791572,Davidson,Nashville,9/2/2016 1:07:00 PM,2,0,0,36.177450,-86.787860,4TH AVN,,,,73.00,Feet,North,MONROE ST,,,,0.00,N,Not at Intersection,N,Non-Junction,None,,,         ,Michael,Brooks,Clear,"Sideswipe, Same Direction",no,no,no,no,yes,False
101352275,METROPOLITAN NASHVILLE POLICE DEPT,20160791861,Davidson,Nashville,9/2/2016 3:39:00 PM,2,0,0,36.196320,-86.835610,CLARKSVILLE PKE,,,,97.00,Feet,East,BELLEFIELD AV,,,,0.00,N,Not at Intersection,N,Non-Junction,None,,,         ,Michael,Brooks,Clear,Angle,no,no,no,no,no,False
101352276,METROPOLITAN NASHVILLE POLICE DEPT,20160791958,Davidson,Nashville,9/2/2016 4:11:00 PM,3,0,0,36.233750,-86.816190,BRILEY PKWYE,,,,280.00,Feet,West,BRILEY PKWY W ENT RAMP,,,,0.00,N,Not at Intersection, ,Non-Junction,None,,,         ,Michael,Brooks,Clear,Front to Rear,no,no,no,no,no,False
101352286,METROPOLITAN NASHVILLE POLICE DEPT,20160792135,Davidson,Nashville,9/2/2016 5:07:00 PM,3,1,0,36.116020,-86.789620,I 440,,,,0.00,,,,,,,4.00,N,Not at Intersection,N,Non-Junction,None,,,         ,Charles,Griffin,Clear,Front to Rear,no,no,no,no,no,False
101352287,METROPOLITAN NASHVILLE POLICE DEPT,20160792146,Davidson,Nashville,9/2/2016 4:46:00 PM,2,0,0,36.157110,-86.774670,4TH AVS,,,,0.00,,,KOREAN VETERANS BLVD,,,,0.00,Y,Four-Way, ,,None,,,         ,Jason,King,,,no,no,no,no,no,False
101352293,METROPOLITAN NASHVILLE POLICE DEPT,2016-0791936,Davidson,Not in City Limit,9/2/2016 2:03:00 PM,2,0,0,36.077590,-87.020980,I40 W EXT RAMP,,,,50.00,Feet,East,MCCRORY LN,,,,0.00,N,Not at Intersection, ,Non-Junction,None,,,         ,Walter,Gray II,Clear,Front to Rear,no,no,no,no,no,False
101352298,METROPOLITAN NASHVILLE POLICE DEPT,20160792097,Davidson,Nashville,9/2/2016 4:56:00 PM,3,0,0,36.153910,-86.842780,I 40,,,,0.00,,,,,,,204.80,N,Not at Intersection,N,Non-Junction,None,,,         ,Shaun,Heath,Clear,Front to Rear,no,no,no,no,yes,False
101352302,METROPOLITAN NASHVILLE POLICE DEPT,20160792129,Davidson,Nashville,9/2/2016 4:58:00 PM,2,2,0,36.119950,-86.918470,CHARLOTTE PKE,,,,0.00,,,OLD CHARLOTTE PKE,,,,0.00,Y,T-Intersection,N,Intersection,None,,,         ,Regina,Lewis,Clear,Angle,no,no,no,no,no,False
101352310,METROPOLITAN NASHVILLE POLICE DEPT,20160792227,Davidson,Nashville,9/2/2016 5:20:00 PM,2,0,0,36.151180,-86.853610,CHARLOTTE AV,,,,0.00,,,54TH AVN,,,,0.00,Y,T-Intersection, ,Intersection,None,,,         ,Barrett,Teague,Clear,"Sideswipe, Same Direction",no,no,no,no,no,False
101352311,METROPOLITAN NASHVILLE POLICE DEPT,20160792030,Davidson,Nashville,9/2/2016 4:23:00 PM,3,0,0,36.113290,-86.772400,I 65,,,,0.00,,,,,,,80.00,N,Not at Intersection,N,Non-Junction,None,,,         ,Charles,Griffin,Clear,Front to Rear,no,no,no,no,no,False
101352324,METROPOLITAN NASHVILLE POLICE DEPT,20160792197,Davidson,Nashville,9/2/2016 5:10:00 PM,2,0,0,36.097820,-86.709640,I 24,,,,0.00,,,,,,,54.75,N,Not at Intersection,N,Non-Junction,None,,,         ,Marcus,Darden,Clear,Front to Rear,no,no,no,no,no,False
101352340,METROPOLITAN NASHVILLE POLICE DEPT,20160792194,Davidson,Not in City Limit,9/2/2016 5:25:00 PM,3,1,0,36.263320,-86.737800,I 65,,,,0.00,,,,,,,92.20,N,Not at Intersection,N,Non-Junction,None,,,         ,Jerry,Pirtle,Clear,Front to Rear,no,no,no,no,no,False
101352345,METROPOLITAN NASHVILLE POLICE DEPT,20160792216,Davidson,Nashville,9/2/2016 5:41:00 PM,2,0,0,36.047500,-86.662470,I 24,,,,0.00,,,,,,,59.20,N,Not at Intersection,N,Non-Junction,None,,,         ,Joseph,Progar,Clear,Front to Rear,no,no,no,no,yes,False
101352347,METROPOLITAN NASHVILLE POLICE DEPT,20160791797,Davidson,Antioch,9/2/2016 3:10:00 PM,1,1,0,36.004390,-86.626280,OLD HICKORY BLVD,,,,127.00,Feet,East,BATTLE RD,,,,0.00,N,Not at Intersection,N,Non-Junction,None,,,         ,Jessie,Meadows,Clear,Not Collision with Motor Vehicle in Transport,no,no,no,no,no,False
101352348,METROPOLITAN NASHVILLE POLICE DEPT,20160792412,Davidson,Nashville,9/2/2016 6:55:00 PM,2,0,0,36.082100,-86.761700,HARDING PL,,,,0.00,,,SIDCO DR,,,,0.00,Y,Four-Way, ,Entrance/Exit Ramp Related,None,,,         ,Tien,Nguyen,Clear,Front to Rear,no,no,no,no,no,False
101352350,METROPOLITAN NASHVILLE POLICE DEPT,20160792069,Davidson,Not in City Limit,9/2/2016 4:47:00 PM,2,2,0,36.276100,-86.766490,OLD HICKORY BLVD,,,,585.00,Feet,South,GOOD DAY CT,,,,0.00,N,Not at Intersection,N,Non-Junction,None,,,         ,Samuel,Miller,Clear,Front to Rear,no,no,no,no,no,False
101352351,METROPOLITAN NASHVILLE POLICE DEPT,20160792199,Davidson,Nashville,9/2/2016 5:26:00 PM,2,0,0,36.240470,-86.757410,DICKERSON PKE,,,,100.00,Feet,South,BRILEY PKWY E EXT RAMP,,,,0.00,N,Not at Intersection,N,Non-Junction,None,,,         ,Samuel,Miller,Clear,"Sideswipe, Same Direction",no,no,no,no,yes,False
101352365,METROPOLITAN NASHVILLE POLICE DEPT,20160792236,Davidson,Nashville,9/2/2016 5:23:00 PM,2,0,0,36.044860,-86.668170,BELL RD,,,,62.00,Feet,East,BEECHWOOD TER,,,,0.00,N,Not at Intersection, ,Non-Junction,None,,,         ,David,Hughes,Clear,Front to Rear,no,no,no,no,no,False
101352374,Nashville Airport Police,2016-02540,Davidson,Nashville,9/2/2016 6:44:00 PM,2,0,0,0.000000,0.000000,TERMINAL DRIVE,DR,,,0.25,Miles,West,DONELSON PIKE,PIKE,,,0.00,N,Not at Intersection,N,Non-Junction,None,,,         ,Gary,Polk,Clear,Front to Rear,no,no,no,yes,yes,False
101352397,METROPOLITAN NASHVILLE POLICE DEPT,20160792378,Davidson,Nashville,9/2/2016 6:46:00 PM,2,2,0,36.050730,-86.646910,BELL RD,,,,0.00,,,HICKORY HOLLOW TER,,,,0.00,Y,Four-Way,N,Intersection,None,,,         ,David,Hughes,Clear,Angle,no,no,no,no,no,False
101352400,METROPOLITAN NASHVILLE POLICE DEPT,20160791887,Davidson,Nashville,9/2/2016 3:43:00 PM,2,0,0,36.240950,-86.757330,DICKERSON PKE,,,,50.00,Feet,North,BRILEY PKWY E EXT RAMP,,,,0.00,N,Not at Intersection, ,Non-Junction,None,,,         ,Samuel,Miller,Clear,Front to Rear,no,no,no,no,no,False
101352401,METROPOLITAN NASHVILLE POLICE DEPT,20160789483,Davidson,Nashville,9/1/2016 9:45:00 PM,2,0,0,36.160390,-86.621990,I 40,,,,0.00,,,,,,,219.50,N,Not at Intersection,N,Non-Junction,None,,,         ,Mikala,Moore,Clear,Not Collision with Motor Vehicle in Transport,no,no,no,no,no,False
101352416,METROPOLITAN NASHVILLE POLICE DEPT,2016-0781602,Davidson,Nashville,8/30/2016 5:19:00 PM,2,0,0,36.158310,-86.781720,8TH AVS,,,,150.00,Feet,North,MCGAVOCK ST,,,,0.00,N,Not at Intersection, ,Non-Junction,None,,,         ,Michael,Schlegel,Clear,"Sideswipe, Same Direction",no,no,no,no,no,False
101352418,METROPOLITAN NASHVILLE POLICE DEPT,20160792483,Davidson,Nashville,9/2/2016 5:41:00 PM,2,0,0,36.105200,-86.670720,MURFREESBORO PKE,,,,354.00,Feet,East,EZELL PKE,,,,0.00,N,Not at Intersection,N,Non-Junction,None,,,         ,Jaby,Djabbarov,Clear,Front to Rear,no,no,no,no,yes,False
101352421,METROPOLITAN NASHVILLE POLICE DEPT,20160792858,Davidson,Nashville,9/2/2016 9:17:00 PM,2,0,0,36.155320,-86.795550,17TH AVN,,,,213.00,Feet,South,CHURCH ST,,,,0.00,N,Not at Intersection, ,,None,,,         ,Charles,Griffin,,,no,no,no,no,no,False
101352423,METROPOLITAN NASHVILLE POLICE DEPT,20160789303,Davidson,Not in City Limit,9/1/2016 8:35:00 PM,2,0,0,36.261690,-86.737980,I65 N EXT RAMP,,,,0.00,Feet,East,I 65,,,,0.00,N,Not at Intersection, ,Non-Junction,Construction Zone,,,         ,Kimberly,Annson,Clear,"Sideswipe, Same Direction",no,no,no,no,no,False
101352434,METROPOLITAN NASHVILLE POLICE DEPT,20160792706,Davidson,Nashville,9/2/2016 7:59:00 PM,2,0,0,36.185210,-86.760300,CLEVELAND ST,,,,0.00,,,ELLINGTON PKWY S EXT RAMP,,,,0.00,Y,Four-Way, ,Intersection,None,,,         ,James,Smith,Clear,Other,no,no,no,no,no,False
101352451,METROPOLITAN NASHVILLE POLICE DEPT,2016-0789442,Davidson,Nashville,9/1/2016 9:15:00 PM,2,1,0,36.067020,-86.666690,BOWFIELD CT,,,,355.00,Feet,South,RICHARDS RD,,,,0.00,N,Not at Intersection,N,OtherLocation,None,,,         ,Gregory,Cenicola,Clear,Front to Rear,no,no,no,yes,no,False
101352453,METROPOLITAN NASHVILLE POLICE DEPT,20160792588,Davidson,Nashville,9/2/2016 7:52:00 PM,2,4,0,36.097420,-86.924870,OLD HICKORY BLVD,,,,0.00,,,RIDGELAKE PKWY,,,,0.00,Y,T-Intersection,N,Intersection,None,,,         ,Regina,Lewis,Clear,Angle,no,no,no,no,no,False
101352454,METROPOLITAN NASHVILLE POLICE DEPT,20160792187,Davidson,Nashville,9/2/2016 3:54:00 PM,2,0,0,36.144540,-86.794210,17TH AVS,,,,372.00,Feet,West,EDGEHILL AV,,,,0.00,N,Not at Intersection, ,Non-Junction,None,,,         ,Akira,McSwain,Clear,Angle,no,no,no,no,no,Campus
101352455,METROPOLITAN NASHVILLE POLICE DEPT,20160792468,Davidson,Nashville,9/2/2016 6:30:00 PM,2,0,0,36.161540,-86.775970,3RD AVS,,,,0.00,,,BROADWAY,,,,0.00,Y,Four-Way, ,,None,,,         ,Caleb,Rogan,,,no,no,no,no,no,False
101352457,METROPOLITAN NASHVILLE POLICE DEPT,20160791880,Davidson,Nashville,9/2/2016 3:45:00 PM,2,0,0,36.052610,-86.673110,BLUE HOLE RD,,,,0.00,,,TUSCULUM RD,,,,0.00,Y,Four-Way, ,Non-Junction,None,,,         ,Sharissa,Perez,Clear,HeadOn,no,no,no,no,no,False
101352460,METROPOLITAN NASHVILLE POLICE DEPT,20160792040,Davidson,Nashville,9/2/2016 3:37:00 PM,2,0,0,36.122350,-86.705510,MURFREESBORO PKE,,,,278.00,Feet,West,KERMIT DR,,,,0.00,N,Not at Intersection,N,Non-Junction,None,,,         ,Brent,Hedgcoth,Clear,Angle,no,no,no,no,no,False
101352461,METROPOLITAN NASHVILLE POLICE DEPT,20160792429,Davidson,Nashville,9/2/2016 6:45:00 PM,2,0,0,36.153280,-86.687360,ELM HILL PKE,,,,95.00,Feet,East,ATRIUM WAY,,,,0.00,N,Not at Intersection, ,,None,,,         ,Brent,Hedgcoth,,,no,no,no,no,no,False
101352475,METROPOLITAN NASHVILLE POLICE DEPT,20160792454,Davidson,Nashville,9/2/2016 6:35:00 PM,2,0,0,36.068920,-86.683670,ANTIOCH PKE,,,,87.00,Feet,South,RICHARDS RD,,,,0.00,N,Not at Intersection, ,Non-Junction,None,,,         ,Sharissa,Perez,Clear,"Sideswipe, Same Direction",no,no,no,no,no,False
101352477,METROPOLITAN NASHVILLE POLICE DEPT,20160792829,Davidson,Nashville,9/2/2016 8:48:00 PM,2,0,0,36.067410,-86.631250,MURFREESBORO PKE,,,,0.00,,,FOREST VIEW DR,,,,0.00,Y,Four-Way, ,Non-Junction,None,,,         ,Victoria,Cunningham,Clear,"Sideswipe, Same Direction",no,no,no,no,no,False
101352479,METROPOLITAN NASHVILLE POLICE DEPT,20160788473,Davidson,Nashville,9/1/2016 3:57:00 PM,2,0,0,36.248410,-86.720080,GALLATIN PKES,,,,150.00,Feet,North,DUE WEST AVE,,,,0.00,N,Not at Intersection,N,Crossover-Related,None,,,         ,Samuel,Miller,Clear,Front to Rear,no,no,no,no,no,False
101352488,METROPOLITAN NASHVILLE POLICE DEPT,20160788840,Davidson,Nashville,9/1/2016 5:20:00 PM,2,0,0,36.149930,-86.748440,I 40,,,,0.00,,,,,,,211.70,N,Not at Intersection,N,Non-Junction,None,,,         ,Samuel,Miller,Clear,Front to Rear,no,no,no,no,yes,False
101352510,METROPOLITAN NASHVILLE POLICE DEPT,20160789033,Davidson,Not in City Limit,9/1/2016 7:15:00 PM,3,1,0,36.019580,-86.626090,I 24,,,,0.00,,,,,,,62.10,N,Not at Intersection,N,Non-Junction,None,,,         ,Michael,Russell,Clear,"Sideswipe, Same Direction",no,no,no,no,no,False
101352511,METROPOLITAN NASHVILLE POLICE DEPT,20160793105,Davidson,Nashville,9/2/2016 10:35:00 PM,2,0,0,36.074880,-86.623450,OWENDALE DR,,,,367.00,Feet,North,ANDERSON RD,,,,0.00,N,Not at Intersection, ,Non-Junction,None,,,         ,Bo,Branum,Clear,"Sideswipe, Same Direction",no,no,no,no,yes,False
101352521,METROPOLITAN NASHVILLE POLICE DEPT,20160793206,Davidson,Not in City Limit,9/2/2016 12:00:00 AM,1,0,0,36.048850,-86.984170,MCCRORY LN,,,,90.00,Feet,South,LEWIS RD,,,,0.00,N,Not at Intersection,N,Non-Junction,None,,,         ,Jeffrey,Barfield,Clear,Not Collision with Motor Vehicle in Transport,no,no,no,no,no,False
101352529,VANDERBILT UNIVERSITY POLICE,16-0793198,Davidson,Nashville,9/2/2016 10:38:00 PM,1,0,0,36.138740,-86.801770,CHILDRENS WAY,,,,0.00,,,MEDICAL CENTER DR,,,,0.00,Y,Four-Way, ,Intersection,None,,,         ,Joshua,Malone,Clear,Not Collision with Motor Vehicle in Transport,no,no,no,no,yes,Campus
101352530,METROPOLITAN NASHVILLE POLICE DEPT,20160793020,Davidson,Nashville,9/2/2016 9:55:00 PM,2,0,0,36.157730,-86.800830,CHARLOTTE AV,,,,183.00,Feet,East,19TH AVN,,,,0.00,N,Not at Intersection, ,Non-Junction,None,,,         ,Joshua,Green,Clear,Front to Rear,no,no,no,no,no,False
101352533,METROPOLITAN NASHVILLE POLICE DEPT,20160793230,Davidson,Nashville,9/2/2016 10:40:00 PM,2,0,0,36.067010,-86.718200,NOLENSVILLE PKE,,,,147.00,Feet,North,NORTHCREST DR,,,,0.00,N,Not at Intersection,N,Non-Junction,None,,,         ,Marc,Haugen,Clear,Angle,no,no,no,no,yes,False
101352538,METROPOLITAN NASHVILLE POLICE DEPT,20160793476,Davidson,Nashville,9/3/2016 12:30:00 AM,3,0,0,36.080400,-86.717930,RECOVERY RD,,,,0.00,,,HARDING PL,,,,0.00,Y,Four-Way,N,Intersection-Related,None,,,         ,Douglas,Sykes,Clear,Front to Rear,no,no,no,no,yes,False
101352568,METROPOLITAN NASHVILLE POLICE DEPT,20160793501,Davidson,Nashville,9/3/2016 1:15:00 AM,3,0,0,36.208580,-86.779280,HAMPTON ST,,,,0.00,,,,,,,0.00,,,N,Non-Junction,None,,,         ,Bryant,Presley,Clear,Angle,no,no,no,yes,yes,False
101352580,METROPOLITAN NASHVILLE POLICE DEPT,20160793296,Davidson,Nashville,9/2/2016 11:25:00 PM,2,1,0,36.117930,-86.725840,I 24,,,,0.00,,,,,,,53.10,N,Not at Intersection,N,Non-Junction,None,,,         ,Erik,Dabbs,Clear,Front to Rear,no,no,no,no,no,False
101352581,METROPOLITAN NASHVILLE POLICE DEPT,20160793691,Davidson,Nashville,9/3/2016 2:59:00 AM,1,0,0,36.200940,-86.769720,DICKERSON PKE,,,,100.00,Feet,North,GATEWOOD AV,,,,0.00,N,Not at Intersection,N,Non-Junction,None,,,         ,Edward,Conrads,Clear,Not Collision with Motor Vehicle in Transport,no,no,no,no,yes,False
101352582,METROPOLITAN NASHVILLE POLICE DEPT,20160793279,Davidson,Nashville,9/2/2016 11:49:00 PM,1,0,0,36.158000,-86.876680,ROBERTSON AV,,,,101.00,Feet,East,WESTBORO DR,,,,0.00,N,Not at Intersection,N,Non-Junction,None,,,         ,Benjamin,Fisher,Clear,Not Collision with Motor Vehicle in Transport,no,no,no,no,yes,False
101352587,METROPOLITAN NASHVILLE POLICE DEPT,20160793435,Davidson,Nashville,9/3/2016 12:27:00 AM,1,0,0,36.035180,-86.636260,DANA WAY,,,,0.00,,,CROSSINGS BLVD,,,,0.00,Y,OTHER,Y,Intersection,None,,,         ,David,Moser,Clear,Not Collision with Motor Vehicle in Transport,no,no,no,no,no,False
101352588,METROPOLITAN NASHVILLE POLICE DEPT,2016-0793689,Davidson,Nashville,9/3/2016 3:15:00 AM,2,0,0,36.165130,-86.777250,2ND AVN,,,,0.00,,,BANK ST,,,,0.00,Y,OTHER, ,Non-Junction,None,,,         ,Damon,Hutcheson,Clear,"Sideswipe, Same Direction",no,no,no,no,yes,False
101352593,METROPOLITAN NASHVILLE POLICE DEPT,20160790556,Davidson,Nashville,9/2/2016 5:57:00 AM,2,0,0,36.171490,-86.870720,BRILEY PKWY S EXT RAMP,,,,113.00,Feet,North,CENTENNIAL BLVD,,,,0.00,N,Not at Intersection, ,,None,,,         ,Steven,Popp,,,no,no,no,no,no,False
101352597,METROPOLITAN NASHVILLE POLICE DEPT,20160793307,Davidson,Nashville,9/3/2016 12:03:00 AM,2,0,0,36.218240,-86.747260,ELLINGTON PKWYN,,,,3.00,Feet,North,HART LN,,,,0.00,N,Not at Intersection,N,Non-Junction,None,,,         ,Harris,Smith,Clear,Front to Rear,no,no,no,no,no,False
101352613,METROPOLITAN NASHVILLE POLICE DEPT,20160790608,Davidson,Nashville,9/2/2016 6:25:00 AM,3,0,0,36.139430,-86.822920,I 440,,,,0.00,,,,,,,0.30,N,Not at Intersection,N,Non-Junction,None,,,         ,Robert,Buckman,Clear,Front to Rear,no,no,no,no,no,False
101352614,METROPOLITAN NASHVILLE POLICE DEPT,20160793331,Davidson,Not in City Limit,9/3/2016 12:15:00 AM,1,0,0,36.353080,-86.840470,RIDGEWOOD RD,,,,1649.00,Feet,North,STRAWBERRY HILL RD,,,,0.00,N,Not at Intersection,N,Non-Junction,None,,,         ,James,Murphy,Clear,Not Collision with Motor Vehicle in Transport,no,no,no,no,no,False
101352620,METROPOLITAN NASHVILLE POLICE DEPT,20160793894,Davidson,Nashville,9/3/2016 5:03:00 AM,1,1,0,36.169990,-86.602080,I 40,,,,0.00,,,,,,,220.80,N,Not at Intersection,Y,Entrance/Exit Ramp Related,None,,,         ,Justin,Franklin,Clear,Not Collision with Motor Vehicle in Transport,no,no,no,no,no,False
101352628,METROPOLITAN NASHVILLE POLICE DEPT,20160793683,Davidson,Nashville,9/3/2016 2:45:00 AM,2,0,0,36.178300,-86.806380,14TH AVN,,,,230.00,Feet,North,WHELESS ST,,,,0.00,N,Not at Intersection,N,Non-Junction,None,,,         ,Nicholas,Carter,Clear,"Sideswipe, Same Direction",no,no,no,no,yes,False
101352634,METROPOLITAN NASHVILLE POLICE DEPT,16-0790817,Davidson,Nashville,9/2/2016 7:46:00 AM,2,3,0,36.110180,-86.922550,OLD HICKORY BLVD,,,,3.00,Feet,North,I40 E ENT RAMP,,,,0.00,N,Not at Intersection,N,Entrance/Exit Ramp Related,None,,,         ,Andrew,Maholland,Clear,Front to Rear,no,no,no,no,no,False
101352638,GOODLETTSVILLE POLICE DEPT,16-30324,Davidson,Goodlettsville,8/30/2016 3:02:00 PM,2,0,0,36.309460,-86.695630,VIETNAM VETERANS BLVD SB EXT R,,,,0.00,,,CONFERENCE DR,,,,0.00,Y,T-Intersection, ,Intersection,None,,,         ,John,Spencer,Clear,Front to Rear,no,no,no,no,no,False
101352650,METROPOLITAN NASHVILLE POLICE DEPT,20160791497,Davidson,Nashville,9/2/2016 1:05:00 PM,2,1,0,36.193660,-86.831220,CLARKSVILLE PKE,,,,0.00,,,BUENA VISTA PKE,,,,0.00,Y,Four-Way,N,Intersection,None,,,         ,Garren,Hoskins,Clear,Angle,no,no,no,no,no,False
101352658,METROPOLITAN NASHVILLE POLICE DEPT,20160784442,Davidson,Nashville,8/31/2016 1:05:00 PM,2,0,0,36.161140,-86.784880,CHURCH ST,,,,0.00,,,YMCA WAY,,,,0.00,Y,T-Intersection, ,Non-Junction,None,,,         ,Juan,Gonzalez,Clear,Front to Rear,no,no,no,no,no,False
101352662,METROPOLITAN NASHVILLE POLICE DEPT,20160794099,Davidson,Not in City Limit,9/3/2016 7:25:00 AM,2,0,0,36.282970,-86.730930,I 65,,,,0.00,,,,,,,93.60,N,Not at Intersection,N,Non-Junction,None,,,         ,Joshua,Borum,Clear,Angle,no,no,no,no,no,False
101352666,METROPOLITAN NASHVILLE POLICE DEPT,2016-0791250,Davidson,Nashville,9/2/2016 11:04:00 AM,2,0,0,36.155700,-86.789760,14TH AVN,,,,21.00,Feet,North,I40 E ENT RAMP,,,,0.00,N,Not at Intersection, ,Non-Junction,None,,,         ,David,Anderson,Clear,Front to Rear,no,no,no,no,no,False
101352667,METROPOLITAN NASHVILLE POLICE DEPT,20160794059,Davidson,Not in City Limit,9/3/2016 12:00:00 AM,1,0,0,36.317870,-86.888080,CLARKSVILLE PKE,,,,189.00,Feet,East,CHAMBLISS RD,,,,0.00,N,Not at Intersection,N,Non-Junction,None,,,         ,Jeanine,Sarno,Clear,Not Collision with Motor Vehicle in Transport,no,no,no,no,yes,False
101352674,METROPOLITAN NASHVILLE POLICE DEPT,20160791545,Davidson,Madison,9/2/2016 1:00:00 PM,2,0,0,36.263160,-86.712920,OLD HICKORY BLVDW,,,,48.00,Feet,East,OLD TIME VILLAGE PVTDR,,,,0.00,N,Not at Intersection, ,Non-Junction,None,,,         ,Coleman,McKellar,Clear,Front to Rear,no,no,no,no,no,False
101352678,METROPOLITAN NASHVILLE POLICE DEPT,20160791574,Davidson,Nashville,9/2/2016 1:39:00 PM,2,0,0,36.166310,-86.803830,JACKSON ST,,,,148.00,Feet,West,17TH AVN,,,,0.00,N,Not at Intersection,N,Non-Junction,None,,,         ,Nicholas,MacDougall,Clear,"Sideswipe, Same Direction",no,no,no,no,yes,False
101352680,GOODLETTSVILLE POLICE DEPT,16-30688,Davidson,Goodlettsville,9/2/2016 12:57:00 PM,2,0,0,36.309470,-86.695650,VIETNAM VETERANS BLVD SB EXT R,,,,0.00,,,CONFERENCE DR,,,,0.00,Y,T-Intersection, ,Intersection,None,,,         ,John,Spencer,Clear,Front to Rear,no,no,no,no,no,False
101352683,METROPOLITAN NASHVILLE POLICE DEPT,20160794137,Davidson,Nashville,9/3/2016 8:01:00 AM,2,1,0,36.044790,-86.724870,OLD HICKORY BLVD,,,,0.00,,,AMALIE DR,,,,0.00,Y,T-Intersection,N,Intersection,None,,,         ,Kevin,Crawford,Clear,Angle,no,no,no,no,no,False
101352684,METROPOLITAN NASHVILLE POLICE DEPT,20160794216,Davidson,Nashville,9/3/2016 12:00:00 AM,1,0,0,36.127390,-86.753420,NOLENSVILLE PKE,,,,200.00,Feet,North,VIVELLE AV,,,,0.00,N,Not at Intersection,N,Non-Junction,None,,,         ,Paul,Ellis,Unknown,Not Collision with Motor Vehicle in Transport,no,no,no,no,yes,False
101352691,METROPOLITAN NASHVILLE POLICE DEPT,20160791672,Davidson,Nashville,9/2/2016 2:21:00 PM,2,0,0,36.115800,-86.782650,I 440,,,,0.00,,,,,,,4.40,N,Not at Intersection, ,Non-Junction,None,,,         ,Nathan,Smith,Clear,Front to Rear,no,no,no,no,no,False
101352696,METROPOLITAN NASHVILLE POLICE DEPT,20160794324,Davidson,Nashville,9/3/2016 9:55:00 AM,1,1,0,36.124460,-86.708210,MURFREESBORO PKE,,,,237.00,Feet,East,VULTEE BLVD,,,,0.00,N,Not at Intersection,N,Non-Junction,None,,,         ,Kevin,Caperton,Clear,Not Collision with Motor Vehicle in Transport,no,no,no,no,no,False