master_record_number,agency,agency_tracking_number,county,city,collision_date,vehicles_involved,number_injured,number_dead,latitude,longitude,roadway_name,roadway_suffix,roadway_number,roadway_local_id,distance_from_reference,miles-feet_indicator,direction_from_reference,intersection_road_name,intersection_road_name_suffix,intersection_road_number,intersection_local_id,mile_marker,intersection_indicator,intersect_type,interchange_related_indicator,relation_to_junction,work_zone_type,construction_maintenance_zone,construction_maintenance_zone_location,fatal_case_number,officer_first_name,officer_last_name,weather_condition(s),manner_of_crash,pedestrian,bicycle,scooter,parking,hitrun,mou
101352699,METROPOLITAN NASHVILLE POLICE DEPT,20160787748,Davidson,Madison,9/1/2016 11:15:00 AM,2,0,0,0.000000,0.000000,OLD HICKORY BLVD,,,,0.00,,,DICKERSON PIKE,,,,0.00,Y,Four-Way, ,Intersection,None,,,         ,Faye,Denson,Clear,"Sideswipe, Same Direction",no,no,no,no,no,False
101352731,METROPOLITAN NASHVILLE POLICE DEPT,20160794450,Davidson,Nashville,9/3/2016 10:40:00 AM,2,0,0,36.215120,-86.597670,LEBANON PKE,,,,0.00,,,ANDREW JACKSON PKWY,,,,0.00,Y,Four-Way, ,Intersection,None,,,         ,William,Mckay,Clear,Angle,no,no,no,no,no,False
101352756,METROPOLITAN NASHVILLE POLICE DEPT,20160791552,Davidson,Nashville,9/3/2016 12:00:00 AM,3,0,0,36.206560,-86.776470,I 65,,,,0.00,,,,,,,87.30,N,Not at Intersection, ,,None,,,         ,James,Wray,,,no,no,no,no,no,False
101352778,METROPOLITAN NASHVILLE POLICE DEPT,20160794535,Davidson,Nashville,9/3/2016 11:57:00 AM,2,1,0,36.150900,-86.770640,4TH AVS,,,,0.00,,,I40 W EXT RAMP,,,,0.00,Y,Four-Way,Y,Intersection,None,,,         ,Christian,Martin,Clear,"Sideswipe, Opposite Direction",no,no,no,no,no,False
101352779,METROPOLITAN NASHVILLE POLICE DEPT,20160794371,Davidson,Nashville,9/3/2016 10:00:00 AM,2,2,0,36.145950,-86.666600,ROYAL PKWY,,,,0.00,,,DONELSON PKE,,,,0.00,Y,Four-Way,N,Intersection,None,,,         ,Scott,Toney,Clear,HeadOn,no,no,no,no,no,False
101352784,METROPOLITAN NASHVILLE POLICE DEPT,20160794574,Davidson,Nashville,9/3/2016 12:00:00 AM,2,0,0,36.191300,-86.843380,ELIZABETH RD,,,,110.00,Feet,North,ASHTON AV,,,,0.00,N,Not at Intersection,N,Non-Junction,None,,,         ,Jeanine,Sarno,Clear,Angle,no,no,no,no,yes,False
101352821,METROPOLITAN NASHVILLE POLICE DEPT,20160794516,Davidson,Nashville,9/3/2016 11:39:00 AM,2,1,0,36.125670,-86.709790,MURFREESBORO PKE,,,,0.00,,,BOWWOOD CT,,,,0.00,Y,T-Intersection,N,Non-Junction,None,,,         ,Paul,Ellis,Clear,Front to Rear,no,no,no,no,no,False
101352822,METROPOLITAN NASHVILLE POLICE DEPT,20160794582,Davidson,Nashville,9/3/2016 11:40:00 AM,1,0,0,36.125670,-86.709790,MURFREESBORO PKE,,,,0.00,,,BOWWOOD CT,,,,0.00,Y,T-Intersection, ,Non-Junction,None,,,         ,Paul,Ellis,Clear,Not Collision with Motor Vehicle in Transport,no,no,no,no,no,False
101352825,METROPOLITAN NASHVILLE POLICE DEPT,20160794631,Davidson,Nashville,9/3/2016 1:03:00 PM,2,0,0,36.038850,-86.782870,OLD HICKORY BLVD,,,,100.00,Feet,West,I65 N EXT RAMP,,,,0.00,N,Not at Intersection,N,Non-Junction,None,,,         ,Brent,Bauer,Clear,"Sideswipe, Same Direction",no,no,no,no,no,False
101352832,METROPOLITAN NASHVILLE POLICE DEPT,20160794681,Davidson,Nashville,9/3/2016 1:39:00 PM,2,0,0,36.134280,-86.774730,WEDGEWOOD AV,,,,0.00,,,I65 N ENT RAMP,,,,0.00,Y,Y-Intersection, ,,None,,,         ,Ronald,Raynore,,,no,no,no,no,no,False
101352860,METROPOLITAN NASHVILLE POLICE DEPT,20160791764,Davidson,Nashville,9/2/2016 2:40:00 PM,2,0,0,36.152180,-86.858050,I 40,,,,0.00,,,,,,,204.00,N,Not at Intersection,N,Non-Junction,None,,,         ,Maria,Cortez,Clear,Angle,no,no,no,no,yes,False
101352871,METROPOLITAN NASHVILLE POLICE DEPT,20160794752,Davidson,Nashville,9/3/2016 2:47:00 PM,2,0,0,36.106370,-86.742880,MORTON AV,,,,0.00,,,NOLENSVILLE PKE,,,,0.00,Y,T-Intersection, ,,None,,,         ,Charles,Griffin,,,no,no,no,no,no,False
101352903,METROPOLITAN NASHVILLE POLICE DEPT,20160794807,Davidson,Nashville,9/3/2016 3:15:00 PM,2,0,0,36.143970,-86.813880,WEST END AV,,,,90.00,Feet,South,29TH AVS,,,,0.00,N,Not at Intersection,N,Non-Junction,None,,,         ,Nicholas,Smith,Clear,Front to Rear,no,no,no,no,no,Campus
101352927,METROPOLITAN NASHVILLE POLICE DEPT,20160794818,Davidson,Nashville,9/3/2016 3:18:00 PM,2,0,0,36.081200,-86.697210,I 24,,,,0.00,,,,,,,56.10,N,Not at Intersection, ,,None,,,         ,Matthew,Johnson,,,no,no,no,no,no,False
101352934,METROPOLITAN NASHVILLE POLICE DEPT,20160794812,Davidson,Nashville,9/3/2016 3:18:00 PM,2,0,0,36.079600,-86.726320,NOLENSVILLE PKE,,,,0.00,,,HARDING PL,,,,0.00,Y,Four-Way, ,,None,,,         ,Charles,Griffin,,,no,no,no,no,no,False
101352936,METROPOLITAN NASHVILLE POLICE DEPT,20160794966,Davidson,Nashville,9/3/2016 4:28:00 PM,2,0,0,36.149480,-86.773120,I 40,,,,0.00,,,,,,,210.20,N,Not at Intersection,N,Non-Junction,None,,,         ,Kevin,Keating,Clear,"Sideswipe, Same Direction",no,no,no,no,yes,False
101352954,METROPOLITAN NASHVILLE POLICE DEPT,20160792028,Davidson,Nashville,9/2/2016 4:30:00 PM,2,0,0,36.174340,-86.770650,I 24,,,,0.00,,,,,,,48.10,N,Not at Intersection, ,Non-Junction,None,,,         ,Christopher,Valdez,Clear,Front to Rear,no,no,no,no,no,False
101352955,METROPOLITAN NASHVILLE POLICE DEPT,20160794942,Davidson,Nashville,9/3/2016 4:23:00 PM,1,1,0,36.215130,-86.600160,LEBANON PKE,,,,426.00,Feet,North,ANDREW JACKSON PKWY,,,,0.00,N,Not at Intersection,N,Non-Junction,None,,,         ,Noah,Melton,Clear,Not Collision with Motor Vehicle in Transport,no,no,no,yes,no,False
101352957,METROPOLITAN NASHVILLE POLICE DEPT,20160781709,Davidson,Nashville,8/30/2016 3:45:00 PM,2,0,0,36.040980,-86.774760,OLD HICKORY BLVD,,,,382.00,Feet,West,HEALTH PARK DR,,,,0.00,N,Not at Intersection,N,Non-Junction,None,,,         ,Nicholas,Berens,Clear,Front to Rear,no,no,no,no,no,False
101352962,GOODLETTSVILLE POLICE DEPT,16-30819,Davidson,Goodlettsville,9/3/2016 3:23:00 PM,1,1,0,36.346086,-86.716886,VIETNAM VETERANS,BLVD,SR386,BYPASS,1225.00,Feet,South,CENTER POINTE,RD,,,0.00,N,Not at Intersection,N,Non-Junction,None,,,         ,Rico,Jones,Cloudy,Not Collision with Motor Vehicle in Transport,no,no,no,no,no,False
101352972,METROPOLITAN NASHVILLE POLICE DEPT,20160792088,Davidson,Nashville,9/3/2016 4:50:00 PM,2,2,0,36.041930,-86.712900,NOLENSVILLE PKE,,,,190.00,Feet,South,SWISS AV,,,,0.00,N,Not at Intersection,N,Non-Junction,None,,,         ,Nicholas,Berens,Clear,Front to Rear,no,no,no,no,no,False
101352975,METROPOLITAN NASHVILLE POLICE DEPT,20160794866,Davidson,Nashville,9/3/2016 1:50:00 PM,2,0,0,36.046020,-86.657930,COLLINS PARK DR,,,,0.00,,,BELL RD,,,,0.00,Y,Four-Way, ,Intersection,None,,,         ,Candice,Soper,Clear,Front to Rear,no,no,no,no,no,False
101353000,METROPOLITAN NASHVILLE POLICE DEPT,20160795060,Davidson,Nashville,9/3/2016 5:26:00 PM,2,0,0,36.148100,-86.813200,CENTENNIAL PARK PVTDR,,,,570.00,Feet,North,28TH AVN,,,,0.00,N,Not at Intersection, ,Non-Junction,None,,,         ,Charles,Griffin,Clear,Other,no,no,no,yes,yes,False
101353015,METROPOLITAN NASHVILLE POLICE DEPT,20160795089,Davidson,Nashville,9/3/2016 5:42:00 PM,2,0,0,36.135540,-86.797170,MAGNOLIA BLVD,,,,0.00,,,17TH AVS,,,,0.00,Y,T-Intersection,N,Intersection,None,,,         ,Ralph,Smith IV,Clear,Angle,no,no,no,no,no,False
101353029,METROPOLITAN NASHVILLE POLICE DEPT,2016-0795168,Davidson,Nashville,9/3/2016 6:45:00 PM,2,0,0,36.122170,-86.807180,I440 E EXT RAMP,,,,0.00,,,I 440,,,,0.00,Y,OTHER, ,Entrance/Exit Ramp Related,None,,,         ,Ryan,Allen,Clear,Front to Rear,no,no,no,no,no,False
101353031,METROPOLITAN NASHVILLE POLICE DEPT,20160795043,Davidson,Nashville,9/3/2016 5:06:00 PM,2,2,0,36.049280,-86.651730,BELL RD,,,,0.00,,,HICKORY HOLLOW MALL PVTDR PL,,,,0.00,Y,Four-Way,N,Intersection,None,,,         ,Kevin,Keating,Clear,Angle,no,no,no,no,no,False
101353034,METROPOLITAN NASHVILLE POLICE DEPT,20160795174,Davidson,Nashville,9/3/2016 6:38:00 PM,2,0,0,36.139970,-86.818420,WEST END AV,,,,300.00,Feet,North,ORLEANS DR,,,,0.00,N,Not at Intersection, ,"Driveway, Alley Access, etc",None,,,         ,Charles,Griffin,Clear,Angle,no,no,no,no,no,False
101353041,METROPOLITAN NASHVILLE POLICE DEPT,20160795273,Davidson,Nashville,9/3/2016 7:18:00 PM,2,0,0,36.100940,-86.818730,HILLSBORO PKE,,,,0.00,,,HOBBS RD,,,,0.00,Y,Four-Way, ,Intersection,None,,,         ,Charles,Griffin,Clear,Front to Rear,no,no,no,no,no,False
101353042,METROPOLITAN NASHVILLE POLICE DEPT,20160795193,Davidson,Not in City Limit,9/3/2016 6:35:00 PM,2,0,0,36.262450,-86.678060,VANDIVER DR,,,,315.00,Feet,North,STATE RT 45,,,,0.00,N,Not at Intersection, ,Non-Junction,None,,,         ,Cecilia,Gomez,,Front to Rear,no,no,no,yes,yes,False
101353045,METROPOLITAN NASHVILLE POLICE DEPT,20160794944,Davidson,Nashville,9/3/2016 4:00:00 PM,2,0,0,36.121320,-86.775820,KIRKWOOD AV,,,,108.00,Feet,West,FRANKLIN PKE,,,,0.00,N,Not at Intersection, ,Non-Junction,None,,,         ,Nicholas,Carroll,Clear,Front to Rear,no,no,no,no,no,False
101353056,METROPOLITAN NASHVILLE POLICE DEPT,20160795185,Davidson,Nashville,9/3/2016 5:38:00 PM,2,0,0,36.064590,-86.628260,MURFREESBORO PKE,,,,100.00,Feet,South,HAMILTON CHURCH RD,,,,0.00,N,Not at Intersection, ,,None,,,         ,Brandon,Vance,,,no,no,no,no,no,False
101353059,METROPOLITAN NASHVILLE POLICE DEPT,20160794918,Davidson,Not in City Limit,9/3/2016 3:25:00 PM,2,0,0,36.270790,-86.710400,GALLATIN PKEN,,,,109.00,Feet,South,ROOSEVELT AV,,,,0.00,N,Not at Intersection,N,"Driveway, Alley Access, etc",None,,,         ,Harold,Willmore IV,Clear,HeadOn,no,no,no,no,no,False
101353061,METROPOLITAN NASHVILLE POLICE DEPT,20160795241,Davidson,Nashville,9/3/2016 7:00:00 PM,1,0,0,36.186320,-86.714960,ROSEBANK AV,,,,143.00,Feet,East,ROSEBANK CT,,,,0.00,N,Not at Intersection, ,,None,,,         ,Micah,Wright,,,no,no,no,no,no,False
101353063,METROPOLITAN NASHVILLE POLICE DEPT,20160795064,Davidson,Nashville,9/3/2016 3:30:00 PM,2,0,0,36.161890,-86.775170,2ND AVN,,,,0.00,,,BROADWAY,,,,0.00,Y,Four-Way, ,Intersection,None,,,         ,David,Snowden,Clear,"Sideswipe, Same Direction",no,no,no,no,no,False
101353064,METROPOLITAN NASHVILLE POLICE DEPT,20160794746,Davidson,Nashville,9/3/2016 2:32:00 PM,2,0,0,36.163380,-86.787800,10TH AVN,,,,0.00,,,CHARLOTTE AV,,,,0.00,Y,Four-Way, ,Intersection,None,,,         ,David,Snowden,Clear,Front to Rear,no,no,no,no,no,False
101353070,BERRY HILL POLICE DEPT,16-3149,Davidson,Berry Hill,9/3/2016 7:00:00 PM,2,0,0,36.112330,-86.767020,THOMPSON LN,,,,0.00,,,BRANSFORD AV,,,,0.00,Y,Four-Way, ,Intersection-Related,None,,,         ,Larry,Carter,Clear,Front to Rear,no,no,no,no,yes,False
101353075,METROPOLITAN NASHVILLE POLICE DEPT,20160795281,Davidson,Nashville,9/3/2016 7:35:00 PM,2,0,0,36.052210,-86.644910,EAGLE VIEW BLVD,,,,0.00,,,BELL RD,,,,0.00,Y,T-Intersection,N,Intersection,None,,,         ,Jeffrey,Livingston,Clear,Front to Rear,no,no,no,no,no,False
101353087,METROPOLITAN NASHVILLE POLICE DEPT,20160794768,Davidson,Nashville,9/3/2016 2:50:00 PM,2,1,0,36.190060,-86.626680,LEBANON PKE,,,,819.00,Feet,South,BONNABROOK DR,,,,0.00,N,Not at Intersection,N,Non-Junction,None,,,         ,Brent,Hedgcoth,Clear,Front to Rear,no,no,no,no,no,False
101353088,METROPOLITAN NASHVILLE POLICE DEPT,20160795081,Davidson,Nashville,9/3/2016 5:25:00 PM,2,0,0,36.145840,-86.741460,I 40,,,,0.00,,,,,,,212.20,N,Not at Intersection, ,Non-Junction,None,,,         ,Brent,Hedgcoth,Clear,"Sideswipe, Same Direction",no,no,no,no,no,False
101353100,METROPOLITAN NASHVILLE POLICE DEPT,2016-0794737,Davidson,Nashville,9/3/2016 2:40:00 PM,2,1,0,36.195750,-86.619340,OLD HICKORY BLVD,,,,20.00,Feet,North,OLD HICKORY BLVD PVTDR,,,,0.00,N,Not at Intersection,N,Crossover-Related,None,,,         ,Sandra,Talavera,Clear,Angle,no,no,no,no,no,False
101353113,METROPOLITAN NASHVILLE POLICE DEPT,20160795609,Davidson,Nashville,9/3/2016 9:50:00 PM,2,0,0,36.174530,-86.760940,S 7TH ST,,,,0.00,,,MAIN ST,,,,0.00,Y,Four-Way, ,Intersection,None,,,         ,Edward,Conrads,Clear,Front to Rear,no,no,no,no,yes,False
101353123,METROPOLITAN NASHVILLE POLICE DEPT,20160795580,Davidson,Nashville,9/3/2016 10:15:00 PM,1,1,0,36.147970,-86.876630,I 40,,,,0.00,,,,,,,202.85,N,Not at Intersection,N,Non-Junction,None,,,         ,Joshua,Vaughn,Clear,Not Collision with Motor Vehicle in Transport,no,no,no,no,no,False
101353136,METROPOLITAN NASHVILLE POLICE DEPT,20160795743,Davidson,Nashville,9/3/2016 11:50:00 PM,2,1,0,36.059420,-86.641170,BELL RD,,,,65.00,Feet,South,CAMBRIDGE APTS PVTDR,,,,0.00,N,Not at Intersection,Y,Non-Junction,None,,,         ,Andrew,Swint,Clear,Front to Rear,no,no,no,no,no,False
101353144,METROPOLITAN NASHVILLE POLICE DEPT,20160795745,Davidson,Nashville,9/4/2016 12:00:00 AM,2,0,0,36.163600,-86.780460,5TH AVN,,,,174.00,Feet,North,CHURCH ST,,,,0.00,N,Not at Intersection, ,Non-Junction,None,,,         ,Jeremy,King,Clear,Angle,no,no,no,no,no,False
101353145,METROPOLITAN NASHVILLE POLICE DEPT,20160795601,Davidson,Nashville,9/3/2016 12:00:00 AM,1,1,0,36.161530,-86.691950,CRAIGMEADE DR,,,,1324.00,Feet,South,CRAIGMEADE CIR,,,,0.00,N,Not at Intersection,N,Non-Junction,None,,,         ,Austin,Childress,Clear,Not Collision with Motor Vehicle in Transport,no,no,no,no,no,False
101353155,METROPOLITAN NASHVILLE POLICE DEPT,20160794750,Davidson,Nashville,9/3/2016 1:57:00 PM,2,0,0,36.239420,-86.732430,WALTON LN,,,,0.00,,,,,,,0.00,,,N,Non-Junction,None,,,         ,Jonathan,Hadley,Clear,Angle,no,no,no,yes,no,False
101353156,METROPOLITAN NASHVILLE POLICE DEPT,20160794832,Davidson,Nashville,9/3/2016 3:16:00 PM,2,0,0,36.169050,-86.772240,S 1ST ST,,,,0.00,,,WOODLAND ST,,,,0.00,Y,Four-Way, ,Intersection-Related,None,,,         ,Ruben,Mariano,Clear,Front to Rear,no,no,no,no,no,False
101353164,METROPOLITAN NASHVILLE POLICE DEPT,20160795610,Davidson,Nashville,9/3/2016 9:56:00 PM,2,0,0,36.159460,-86.774880,DEMONBREUN ST,,,,78.00,Feet,West,3RD AVS,,,,0.00,N,Not at Intersection, ,,None,,,         ,Damon,Hutcheson,,,no,no,no,no,no,False
101353165,METROPOLITAN NASHVILLE POLICE DEPT,20160795769,Davidson,Nashville,9/4/2016 12:00:00 AM,2,0,0,36.148420,-86.775750,I40 E ENT RAMP,,,,0.00,,,I 40,,,,0.00,Y,Y-Intersection,N,Entrance/Exit Ramp Related,None,,,         ,Sean,Wuethrich,Clear,"Sideswipe, Same Direction",no,no,no,no,yes,False
101353169,METROPOLITAN NASHVILLE POLICE DEPT,20160795589,Davidson,Nashville,9/3/2016 10:35:00 PM,1,2,0,36.157150,-86.860690,BRILEY PKWY S EXT RAMP,,,,0.00,,,BRILEY PKWYS,,,,0.00,Y,OTHER,N,Non-Junction,None,,,         ,Kenneth,Bray,Clear,Not Collision with Motor Vehicle in Transport,no,no,no,no,no,False
101353170,METROPOLITAN NASHVILLE POLICE DEPT,20160795793,Davidson,Nashville,9/4/2016 12:00:00 AM,1,0,0,36.119570,-86.730030,OLD GLENROSE AV,,,,56.00,Feet,North,GLENROSE AV,,,,0.00,N,Not at Intersection,N,Non-Junction,None,,,         ,Pamela,Caulder,Cloudy,Not Collision with Motor Vehicle in Transport,no,no,no,no,yes,False
101353181,METROPOLITAN NASHVILLE POLICE DEPT,20160795716,Davidson,Nashville,9/3/2016 11:46:00 PM,2,2,0,36.025470,-86.713050,NOLENSVILLE PKE,,,,0.00,,,LENOX VILLAGE DR,,,,0.00,Y,Four-Way,N,Intersection,None,,,         ,Sandra,Fly,Clear,Angle,no,no,no,no,no,False
101353188,METROPOLITAN NASHVILLE POLICE DEPT,20160795841,Davidson,Nashville,9/4/2016 12:45:00 AM,2,3,0,36.218150,-86.803480,WHITES CREEK PKE,,,,0.00,,,MOORMANS ARM RD,,,,0.00,Y,Four-Way,N,Intersection,None,,,         ,Armonty,Houston,Clear,Angle,no,no,no,no,no,False
101353214,METROPOLITAN NASHVILLE POLICE DEPT,20160795893,Davidson,Nashville,9/4/2016 1:15:00 AM,1,1,0,36.064810,-86.622110,HAMILTON CHURCH RD,,,,0.00,,,OWENDALE DR,,,,0.00,Y,T-Intersection,Y,Intersection,None,,,         ,Andrew,Swint,Clear,Unknown,no,no,no,yes,no,False
101353219,METROPOLITAN NASHVILLE POLICE DEPT,2016-795974,Davidson,Nashville,9/4/2016 2:00:00 AM,2,0,0,36.156580,-86.787480,12TH AVS,,,,0.00,,,BROADWAY,,,,0.00,Y,Four-Way,N,Intersection,None,,,         ,Kevin,Ott,Clear,Angle,no,no,no,no,no,False
101353225,METROPOLITAN NASHVILLE POLICE DEPT,20160795916,Davidson,Nashville,9/4/2016 1:28:00 AM,1,0,0,36.128640,-86.833860,WILSON BLVDS,,,,0.00,,,ROLLAND RD,,,,0.00,Y,T-Intersection,N,Intersection-Related,None,,,         ,Benjamin,Fisher,Clear,Not Collision with Motor Vehicle in Transport,no,no,no,no,yes,False
101353227,METROPOLITAN NASHVILLE POLICE DEPT,20160789843,Davidson,Nashville,9/2/2016 12:22:00 AM,2,1,0,36.152280,-86.857680,WHITE BRIDGE PKE,,,,28.00,Feet,South,I40 E EXT RAMP,,,,0.00,N,Not at Intersection,N,Non-Junction,None,,,         ,Benjamin,Fisher,Clear,Angle,no,no,no,no,no,False
101353229,METROPOLITAN NASHVILLE POLICE DEPT,20160796134,Davidson,Nashville,9/4/2016 3:40:00 AM,1,0,0,36.206270,-86.773480,W TRINITY LN,,,,0.00,Feet,West,I65 N ENT RAMP,,,,0.00,N,Not at Intersection,N,Entrance/Exit Ramp Related,None,,,         ,Harris,Smith,Clear,Unknown,no,no,no,no,no,False
101353239,METROPOLITAN NASHVILLE POLICE DEPT,20160796150,Davidson,Nashville,9/4/2016 3:52:00 AM,2,1,0,36.049980,-86.649500,MT VIEW RD,,,,0.00,,,BELL RD,,,,0.00,Y,Four-Way,Y,Intersection,None,,,         ,Erik,Dabbs,Clear,Angle,no,no,no,no,no,False
101353245,METROPOLITAN NASHVILLE POLICE DEPT,20160796128,Davidson,Not in City Limit,9/4/2016 3:29:00 AM,1,1,0,36.260370,-86.712860,HICKORY ST,,,,0.00,,,GALLATIN PKES,,,,0.00,Y,OTHER,Y,Non-Junction,None,,,         ,Caesar,Harris,Clear,Not Collision with Motor Vehicle in Transport,no,no,no,no,no,False
101353271,METROPOLITAN NASHVILLE POLICE DEPT,20160796328,Davidson,Nashville,9/4/2016 12:40:00 AM,2,0,0,36.083220,-86.702900,LINBAR DR,,,,382.00,Feet,North,WALLACE RD,,,,0.00,N,Not at Intersection,N,Non-Junction,None,,,         ,Robert,Erickson,Clear,"Sideswipe, Same Direction",no,no,no,no,yes,False
101353285,GOODLETTSVILLE POLICE DEPT,16-30818,Davidson,Goodlettsville,9/3/2016 3:26:00 PM,2,0,0,36.312274,-86.673112,VIETNAM VETERANS BLVD,,SR386,BYPASS,1225.00,Feet,South,CENTER POINT RD.,,,,0.00,N,Not at Intersection, ,Non-Junction,None,,,         ,John,Spencer,Clear,Front to Rear,no,no,no,no,no,False
101353291,METROPOLITAN NASHVILLE POLICE DEPT,20160796375,Davidson,Nashville,9/4/2016 7:26:00 AM,2,1,0,36.067560,-86.665220,RICHARDS RD,,,,43.00,Feet,West,DEBRA DR,,,,0.00,N,Not at Intersection,N,Non-Junction,None,,,         ,Steven,Rowlett,Clear,"Sideswipe, Opposite Direction",no,no,no,no,yes,False
101353303,METROPOLITAN NASHVILLE POLICE DEPT,20160796419,Davidson,Nashville,9/4/2016 7:39:00 AM,2,0,0,36.206620,-86.777900,BRICK CHURCH PKE,,,,0.00,,,W TRINITY LN,,,,0.00,Y,Four-Way,N,Intersection,None,,,         ,James,Wray,Clear,"Sideswipe, Same Direction",no,no,no,no,yes,False
101353305,METROPOLITAN NASHVILLE POLICE DEPT,20160796406,Davidson,Nashville,9/3/2016 8:20:00 PM,2,0,0,36.062530,-86.684150,CIMARRON WAY,,,,201.00,Feet,South,APACHE TRL,,,,0.00,N,Not at Intersection,N,Non-Junction,None,,,         ,Kevin,Caperton,Clear,"Sideswipe, Opposite Direction",no,no,no,no,yes,False
101353322,METROPOLITAN NASHVILLE POLICE DEPT,20160794706,Davidson,Nashville,9/3/2016 11:00:00 AM,2,0,0,36.256110,-86.713800,NEELYS BEND RD,,,,173.00,Feet,East,GALLATIN PKES,,,,0.00,N,Not at Intersection, ,Non-Junction,None,,,         ,DuJuan,Kendrick,Clear,"Sideswipe, Opposite Direction",no,no,no,no,no,False
101353325,METROPOLITAN NASHVILLE POLICE DEPT,20160796385,Davidson,Nashville,9/4/2016 12:00:00 AM,2,1,0,36.165780,-86.820270,28TH AVN,,,,63.00,Feet,North,ALAMEDA ST,,,,0.00,N,Not at Intersection,N,Non-Junction,None,,,         ,Julie,Nabors,Clear,Front to Rear,no,no,no,no,no,False
101353327,THP District 3 - Nashville,316047739,Davidson,Nashville,8/27/2016 11:18:00 PM,2,0,0,36.194740,-86.775570,I 65,,,,0.00,,,,,,,86.50,N,Not at Intersection,Y,Entrance/Exit Ramp Related,Construction Zone,Laneclosure,Before First Warning Area,         ,Ernest,Young,Cloudy,"Sideswipe, Same Direction",no,no,no,no,no,False
101353348,METROPOLITAN NASHVILLE POLICE DEPT,20160796530,Davidson,Nashville,9/4/2016 8:52:00 AM,2,0,0,36.145910,-86.741580,I 40,,,,0.00,,,,,,,212.20,N,Not at Intersection,N,Non-Junction,None,,,         ,Richard,Hyatt,Clear,Front to Rear,no,no,no,no,no,False
101353375,METROPOLITAN NASHVILLE POLICE DEPT,20160784494,Davidson,Nashville,8/31/2016 1:05:00 PM,1,1,0,36.203730,-86.769100,DICKERSON PKE,,,,800.00,Feet,South,E TRINITY LN,,,,0.00,N,Not at Intersection,N,Non-Junction,None,,,         ,Jeremy,Stricklin,Clear,Not Collision with Motor Vehicle in Transport,no,no,no,no,no,False
101353397,METROPOLITAN NASHVILLE POLICE DEPT,20160796513,Davidson,Nashville,9/4/2016 8:48:00 AM,2,4,0,36.155040,-86.834560,40TH AVN,,,,0.00,,,DELAWARE AV,,,,0.00,Y,Four-Way,N,Intersection,None,,,         ,Michael,Pyle,Clear,Angle,no,no,no,no,no,False
101353399,METROPOLITAN NASHVILLE POLICE DEPT,20160796658,Davidson,Nashville,9/4/2016 10:15:00 AM,1,0,0,36.219780,-86.587770,WHITTIER DR,,,,55.00,Feet,West,BIG HORN DR,,,,0.00,N,Not at Intersection, ,Non-Junction,None,,,         ,Scott,Toney,Clear,Not Collision with Motor Vehicle in Transport,no,no,no,no,no,False
101353404,METROPOLITAN NASHVILLE POLICE DEPT,20160796395,Davidson,Not in City Limit,9/4/2016 12:00:00 AM,1,0,0,36.284000,-86.861610,OLD HICKORY BLVD,,,,0.61,Miles,North,SIMPKINS RD,,,,0.00,N,Not at Intersection,N,Non-Junction,None,,,         ,Carlos,angulo,Clear,Not Collision with Motor Vehicle in Transport,no,no,no,no,no,False
101353431,METROPOLITAN NASHVILLE POLICE DEPT,2016-0796826,Davidson,Not in City Limit,9/4/2016 11:56:00 AM,2,2,0,36.078170,-86.963020,I 40,,,,0.00,,,,,,,195.90,N,Not at Intersection,N,Non-Junction,None,,,         ,Douglas,Atwood,Clear,Front to Rear,no,no,no,no,yes,False
101353432,METROPOLITAN NASHVILLE POLICE DEPT,2016-0796835,Davidson,Not in City Limit,9/4/2016 12:01:00 PM,2,1,0,36.061100,-86.972880,SOMERSET PL,,,,354.00,Feet,East,RIVER FORK DR,,,,0.00,N,Not at Intersection,N,Non-Junction,None,,,         ,Benjamin,Cantrell,Clear,Front to Rear,no,no,no,no,no,False
101353469,METROPOLITAN NASHVILLE POLICE DEPT,2016-0796803,Davidson,Nashville,9/4/2016 10:30:00 AM,1,0,0,36.255390,-86.763370,TEMPANY CT,,,,583.00,Feet,South,NAVAHO CT,,,,0.00,N,Not at Intersection, ,Non-Junction,None,,,         ,Terrence,Bradley,Clear,Not Collision with Motor Vehicle in Transport,no,no,no,no,no,False
101353470,METROPOLITAN NASHVILLE POLICE DEPT,2016-0796831,Davidson,Nashville,9/4/2016 11:50:00 AM,2,0,0,36.099580,-86.738970,MCCALL ST,,,,139.00,Feet,East,NOLENSVILLE PKE,,,,0.00,N,Not at Intersection,N,Non-Junction,None,,,         ,Stanley,Collins,Clear,Angle,no,no,no,no,no,False
101353473,METROPOLITAN NASHVILLE POLICE DEPT,20160792265,Davidson,Nashville,9/2/2016 12:00:00 AM,2,0,0,36.166230,-86.765790,SHELBY AV,,,,0.00,,,INTERSTATE DR,,,,0.00,Y,Four-Way, ,Intersection,None,,,         ,Kendra,Cowper,Clear,Front to Rear,no,no,no,no,no,False
101353519,METROPOLITAN NASHVILLE POLICE DEPT,20160795472,Davidson,Nashville,9/3/2016 9:27:00 PM,2,10,0,36.170840,-86.764150,S 5TH ST,,,,0.00,,,RUSSELL ST,,,,0.00,Y,T-Intersection,N,Intersection,None,,,         ,Terence,Maahs,Clear,Angle,no,no,no,no,no,False