master_record_number,agency,agency_tracking_number,county,city,collision_date,vehicles_involved,number_injured,number_dead,latitude,longitude,roadway_name,roadway_suffix,roadway_number,roadway_local_id,distance_from_reference,miles-feet_indicator,direction_from_reference,intersection_road_name,intersection_road_name_suffix,intersection_road_number,intersection_local_id,mile_marker,intersection_indicator,intersect_type,interchange_related_indicator,relation_to_junction,work_zone_type,construction_maintenance_zone,construction_maintenance_zone_location,fatal_case_number,officer_first_name,officer_last_name,weather_condition(s),manner_of_crash,pedestrian,bicycle,scooter,parking,hitrun,mou
101354506,METROPOLITAN NASHVILLE POLICE DEPT,20160800261,Davidson,Nashville,9/5/2016 7:56:00 PM,2,0,0,36.208910,-86.777900,BRICK CHURCH PKE,,,,57.00,Feet,South,AVONDALE CIR,,,,0.00,N,Not at Intersection, ,Non-Junction,None,,,         ,Kevin,Reynolds,Clear,"Sideswipe, Same Direction",no,no,no,no,no,False
101354541,METROPOLITAN NASHVILLE POLICE DEPT,2016-0800213,Davidson,Nashville,9/5/2016 6:25:00 PM,2,0,0,36.187890,-86.607280,OLD LEBANON DIRT RD,,,,0.00,,,CHANDLER RD,,,,0.00,Y,T-Intersection,N,Intersection-Related,None,,,         ,Sandra,Talavera,Clear,Front to Rear,no,no,no,no,no,False
101354554,METROPOLITAN NASHVILLE POLICE DEPT,20160800411,Davidson,Nashville,9/5/2016 9:00:00 PM,2,1,0,36.035180,-86.636260,DANA WAY,,,,0.00,Feet,East,CROSSINGS BLVD,,,,0.00,N,Not at Intersection,N,"Driveway, Alley Access, etc",None,,,         ,Sharissa,Perez,Clear,"Sideswipe, Opposite Direction",no,no,no,no,yes,False
101354559,METROPOLITAN NASHVILLE POLICE DEPT,20160800442,Davidson,Nashville,9/5/2016 12:27:00 PM,2,0,0,36.241530,-86.770310,STOCKDALE LN,,,,145.00,Feet,North,LEONDALE TER,,,,0.00,N,Not at Intersection, ,Non-Junction,None,,,         ,Samuel,Miller,Clear,Angle,no,no,no,no,no,False
101354562,METROPOLITAN NASHVILLE POLICE DEPT,20160800425,Davidson,Nashville,9/5/2016 9:10:00 PM,1,0,0,36.192590,-86.834520,COUNTY HOSPITAL RD,,,,372.00,Feet,South,JOHN MALLETTE DR,,,,0.00,N,Not at Intersection,N,Non-Junction,None,,,         ,Victor,Alexander,Clear,Not Collision with Motor Vehicle in Transport,yes,no,no,no,yes,False
101354563,METROPOLITAN NASHVILLE POLICE DEPT,20160800116,Davidson,Nashville,9/5/2016 6:50:00 PM,2,0,0,36.137510,-86.800090,WEDGEWOOD AV,,,,198.00,Feet,East,21ST AVS,,,,0.00,N,Not at Intersection,N,Non-Junction,None,,,         ,Eric,Thomas,Clear,"Sideswipe, Same Direction",no,no,no,no,no,Campus
101354582,METROPOLITAN NASHVILLE POLICE DEPT,20160777333,Davidson,Madison,8/29/2016 1:18:00 PM,2,0,0,36.263910,-86.690300,STATE RT 45,,,,0.00,,,MYATT DR,,,,0.00,Y,Four-Way, ,Non-Junction,None,,,         ,Miguel,Garcia,Clear,"Sideswipe, Same Direction",no,no,no,no,no,False
101354588,METROPOLITAN NASHVILLE POLICE DEPT,20160794732,Davidson,Nashville,9/3/2016 2:20:00 PM,2,0,0,36.167140,-86.773770,RUSSELL ST,,,,102.00,Feet,East,TITANS WAY,,,,0.00,N,Not at Intersection, ,Non-Junction,None,,,         ,Jessie,Loy,Clear,Angle,no,no,no,no,no,False
101354593,METROPOLITAN NASHVILLE POLICE DEPT,20160800270,Davidson,Nashville,9/5/2016 6:37:00 PM,2,0,0,36.179390,-86.639340,JACKSON DOWNS BLVD,,,,37.00,Feet,West,RIVERS EDGE DR,,,,0.00,N,Not at Intersection,N,Non-Junction,None,,,         ,David,Hacker,Clear,Angle,no,no,no,no,no,False
101354600,METROPOLITAN NASHVILLE POLICE DEPT,2016-0785906,Davidson,Nashville,8/31/2016 10:40:00 PM,2,0,0,36.176510,-86.769720,SPRING ST,,,,267.00,Feet,West,I24 W EXT RAMP,,,,0.00,N,Not at Intersection, ,Entrance/Exit Ramp Related,None,,,         ,Whitney,Arnold,Clear,Angle,no,no,no,no,no,False
101354629,METROPOLITAN NASHVILLE POLICE DEPT,20160800666,Davidson,Old Hickory,9/5/2016 9:54:00 PM,2,0,0,36.256380,-86.650870,BRYAN ST,,,,359.00,Feet,North,15TH ST,,,,0.00,N,Not at Intersection, ,"Driveway, Alley Access, etc",None,,,         ,Brett,Johns,Clear,Other,no,no,no,no,yes,False
101354645,METROPOLITAN NASHVILLE POLICE DEPT,20150798030,Davidson,Nashville,9/5/2016 12:23:00 AM,2,0,0,36.146310,-86.742510,I 40,,,,0.00,,,,,,,212.10,N,Not at Intersection,N,Non-Junction,None,,,         ,Joseph,Zambardi,Clear,"Sideswipe, Same Direction",no,no,no,no,yes,False
101354659,METROPOLITAN NASHVILLE POLICE DEPT,20160800738,Davidson,Nashville,9/5/2016 6:00:00 PM,2,0,0,36.184530,-86.670240,FERNBROOK LN,,,,0.00,,,,,,,0.00,,,N,Non-Junction,None,,,         ,Joseph,Zambardi,Clear,Unknown,no,no,no,yes,yes,False
101354703,METROPOLITAN NASHVILLE POLICE DEPT,20160801173,Davidson,Nashville,9/6/2016 4:44:00 AM,1,0,0,36.146870,-86.629300,MISTY CT,,,,97.00,Feet,East,NORWALK DR,,,,0.00,N,Not at Intersection,N,Non-Junction,None,,,         ,Daniel,Caruth,Clear,Not Collision with Motor Vehicle in Transport,no,no,no,no,no,False
101354737,METROPOLITAN NASHVILLE POLICE DEPT,20160801411,Davidson,Nashville,9/6/2016 7:01:00 AM,2,0,0,36.135740,-86.775920,I65 S EXT RAMP,,,,0.00,Feet,East,I 65,,,,0.00,N,Not at Intersection, ,,None,,,         ,Nathan,Kemp,,,no,no,no,no,no,False
101354740,METROPOLITAN NASHVILLE POLICE DEPT,2016-0801413,Davidson,Nashville,9/6/2016 7:00:00 AM,2,0,0,36.153730,-86.843970,I 40,,,,0.00,,,,,,,204.70,N,Not at Intersection, ,Non-Junction,None,,,         ,Curtis,Rich,Clear,Front to Rear,no,no,no,no,no,False
101354756,METROPOLITAN NASHVILLE POLICE DEPT,20160801540,Davidson,Nashville,9/6/2016 7:50:00 AM,2,0,0,36.040260,-86.816400,OLD HICKORY BLVD,,,,0.00,,,GRANNY WHITE PKE,,,,0.00,Y,Four-Way, ,Intersection-Related,None,,,         ,Nathan,Kemp,Clear,Front to Rear,no,no,no,no,no,False
101354763,METROPOLITAN NASHVILLE POLICE DEPT,20160801393,Davidson,Nashville,9/5/2016 12:00:00 AM,1,0,0,36.166230,-86.857180,OHIO AV,,,,14.00,Feet,West,57TH AVN,,,,0.00,N,Not at Intersection, ,Non-Junction,None,,,         ,Michael,Pyle,Clear,Not Collision with Motor Vehicle in Transport,no,no,no,no,yes,False
101354769,METROPOLITAN NASHVILLE POLICE DEPT,20160801481,Davidson,Nashville,9/6/2016 7:20:00 AM,2,0,0,36.043440,-86.655510,I 24,,,,0.00,,,,,,,59.60,N,Not at Intersection, ,Non-Junction,None,,,         ,Randall,Combs,Clear,Front to Rear,no,no,no,no,yes,False
101354778,METROPOLITAN NASHVILLE POLICE DEPT,20160799545,Davidson,Nashville,9/5/2016 1:38:00 PM,2,0,0,36.248820,-86.719800,GALLATIN PKES,,,,237.00,Feet,South,E PALESTINE AV,,,,0.00,N,Not at Intersection, ,Non-Junction,None,,,         ,Michael,Agee,Clear,Angle,no,no,no,no,no,False
101354784,METROPOLITAN NASHVILLE POLICE DEPT,20160801490,Davidson,Nashville,9/6/2016 7:45:00 AM,2,0,0,36.158150,-86.790390,GEORGE L DAVIS BLVD,,,,58.00,Feet,North,I40 W EXT RAMP,,,,0.00,N,Not at Intersection, ,Non-Junction,None,,,         ,Juan,Gonzalez,Clear,Front to Rear,no,no,no,no,no,False
101354790,METROPOLITAN NASHVILLE POLICE DEPT,20160801292,Davidson,Nashville,9/6/2016 4:56:00 AM,1,0,0,36.141120,-86.740620,FOSTER AV,,,,153.00,Feet,South,MURFREESBORO PKE,,,,0.00,N,Not at Intersection,N,Non-Junction,None,,,         ,Dale,Dameron,Clear,Not Collision with Motor Vehicle in Transport,no,no,no,yes,yes,False
101354800,METROPOLITAN NASHVILLE POLICE DEPT,20160801453,Davidson,Nashville,9/6/2016 7:21:00 AM,2,0,0,36.143820,-86.776870,I 65,,,,0.00,,,,,,,82.05,N,Not at Intersection, ,Non-Junction,None,,,         ,Joshua,Dickall,Clear,Front to Rear,no,no,no,no,no,False
101354807,METROPOLITAN NASHVILLE POLICE DEPT,20160801474,Davidson,Nashville,9/6/2016 7:25:00 AM,2,1,0,36.088080,-86.690810,HARDING PL,,,,478.00,Feet,East,ANTIOCH PKE,,,,0.00,N,Not at Intersection,N,Non-Junction,None,,,         ,David,Smith,Clear,Front to Rear,no,no,no,no,no,False
101354819,METROPOLITAN NASHVILLE POLICE DEPT,20160799492,Davidson,Antioch,9/5/2016 1:35:00 PM,2,5,0,36.004920,-86.621820,OLD HICKORY BLVD,,,,0.00,,,BURKITT RD,,,,0.00,Y,T-Intersection,N,Intersection,None,,,         ,Kenneth,Alexandrow,Clear,Front to Rear,no,no,no,no,no,False
101354836,METROPOLITAN NASHVILLE POLICE DEPT,20160801653,Davidson,Nashville,9/6/2016 8:21:00 AM,2,0,0,36.154270,-86.792890,WEST END AV,,,,0.00,,,BROADWAY,,,,0.00,Y,Five Point Or More, ,Intersection,None,,,         ,Phillip,Murphy,,Angle,no,no,no,no,no,False
101354846,METROPOLITAN NASHVILLE POLICE DEPT,2016-0801414,Davidson,Antioch,9/6/2016 6:52:00 AM,2,0,0,0.000000,0.000000,MURFREESBORO PIKE,PIKE,US70 S,,180.00,Feet,North,HICKORY WOODS DRIVE,DR,,,0.00,N,Not at Intersection,N,Non-Junction,None,,,         ,William,Whitworth,Clear,Front to Rear,no,no,no,no,no,False
101354858,METROPOLITAN NASHVILLE POLICE DEPT,20160801861,Davidson,Nashville,9/6/2016 9:48:00 AM,2,0,0,36.162230,-86.774360,1ST AVS,,,,0.00,Feet,,1ST AVN,,,,0.00,Y,T-Intersection,Y,Intersection-Related,None,,,         ,Christian,Martin,Clear,HeadOn,no,no,no,no,no,False
101354859,METROPOLITAN NASHVILLE POLICE DEPT,20160801863,Davidson,Nashville,9/6/2016 9:48:00 AM,1,0,0,36.148590,-86.746210,I40 E EXT RAMP,,,,0.00,,,I 40,,,,0.00,Y,Y-Intersection, ,Entrance/Exit Ramp Related,None,,,         ,Wesley,Young,Clear,Not Collision with Motor Vehicle in Transport,no,no,no,no,no,False
101354866,METROPOLITAN NASHVILLE POLICE DEPT,20160801486,Davidson,Not in City Limit,9/6/2016 7:33:00 AM,2,1,0,36.267340,-86.746260,OLD HICKORY BLVDW,,,,0.00,,,NESBITT DR,,,,0.00,Y,Four-Way,N,Non-Junction,None,,,         ,Michael,Agee,Clear,Angle,no,no,no,no,no,False
101354876,METROPOLITAN NASHVILLE POLICE DEPT,20160801927,Davidson,Nashville,9/6/2016 10:15:00 AM,1,0,0,36.080990,-86.719300,WELCH RD,,,,358.00,Feet,West,JONQUIL DR,,,,0.00,N,Not at Intersection,N,Non-Junction,None,,,         ,Jessie,Meadows,Clear,Not Collision with Motor Vehicle in Transport,no,no,no,no,yes,False
101354893,METROPOLITAN NASHVILLE POLICE DEPT,20160791386,Davidson,Nashville,9/2/2016 12:00:00 AM,2,0,0,36.231070,-86.771810,CREEKWOOD DR,,,,196.00,Feet,East,BRICKDALE LN,,,,0.00,N,Not at Intersection,N,Non-Junction,None,,,         ,Carey,Steel,Clear,"Sideswipe, Same Direction",no,no,no,no,yes,False
101354901,METROPOLITAN NASHVILLE POLICE DEPT,20160802114,Davidson,Nashville,9/6/2016 11:05:00 AM,2,1,0,36.110940,-86.745220,THOMPSON LN,,,,0.00,,,NOLENSVILLE PKE,,,,0.00,Y,Four-Way,N,Intersection,None,,,         ,Justin,Pinkelton,Clear,"Sideswipe, Same Direction",no,no,no,no,yes,False
101354912,METROPOLITAN NASHVILLE POLICE DEPT,2016-0802160,Davidson,Nashville,9/6/2016 11:30:00 AM,2,0,0,36.155540,-86.862340,ROBERTSON AV,,,,0.00,,,NICHOL RD,,,,0.00,Y,T-Intersection, ,Intersection,None,,,         ,Curtis,Rich,Clear,Front to Rear,no,no,no,no,no,False
101354919,METROPOLITAN NASHVILLE POLICE DEPT,20160801452,Davidson,Nashville,9/6/2016 7:10:00 AM,3,0,0,36.167940,-86.762410,S 5TH ST,,,,134.00,Feet,North,SHELBY AV,,,,0.00,N,Not at Intersection,N,Non-Junction,None,,,         ,Paul,Burton,Clear,Angle,no,no,no,no,no,False
101354929,METROPOLITAN NASHVILLE POLICE DEPT,20160801870,Davidson,Nashville,9/6/2016 9:10:00 AM,2,0,0,36.086710,-86.697980,I24 W ENT RAMP,,,,0.00,Feet,East,I 24,,,,0.00,N,Not at Intersection, ,Non-Junction,None,,,         ,James,Thomas,Clear,Front to Rear,no,no,no,no,no,False
101354933,METROPOLITAN NASHVILLE POLICE DEPT,20160802181,Davidson,Not in City Limit,9/6/2016 11:42:00 AM,2,0,0,36.264160,-86.735620,I65 N EXT RAMP,,,,0.00,,,OLD HICKORY BLVDW,,,,0.00,Y,Four-Way, ,,None,,,         ,Eric,Richardson,,,no,no,no,no,no,False
101354953,METROPOLITAN NASHVILLE POLICE DEPT,20160794067,Davidson,Madison,9/3/2016 7:11:00 AM,2,1,0,0.000000,0.000000,DICKERSON PIKE,,SR0,DOVERSIDE DRIVE,0.10,Feet,North,DICKERSON PIKE,,,,0.10,N,Not at Intersection,N,Non-Junction,None,,,         ,Faye,Denson,Clear,Angle,no,no,no,no,no,False
101354954,METROPOLITAN NASHVILLE POLICE DEPT,16-0802042,Davidson,Nashville,9/6/2016 10:00:00 AM,2,0,0,36.165760,-86.780440,DEADERICK ST,,,,0.00,,,4TH AVN,,,,0.00,Y,OTHER,N,Non-Junction,None,,,         ,Frank,Campbell,Clear,Other,no,no,no,no,no,False
101354962,METROPOLITAN NASHVILLE POLICE DEPT,2016-0747503,Davidson,Not in City Limit,8/27/2016 12:00:00 AM,2,0,0,36.271090,-86.710370,ROOSEVELT AV,,,,0.00,,,GALLATIN PKEN,,,,0.00,Y,T-Intersection,N,Intersection,None,,,         ,Joel,Callies,Clear,"Sideswipe, Opposite Direction",no,no,no,no,yes,False
101354963,METROPOLITAN NASHVILLE POLICE DEPT,2016-0802298,Davidson,Nashville,9/6/2016 12:19:00 PM,2,0,0,36.137850,-86.857710,KNOB RD,,,,0.00,,,WHITE BRIDGE PKE,,,,0.00,Y,Four-Way, ,Intersection,None,,,         ,Curtis,Rich,Cloudy,Angle,no,no,no,no,no,False
101354967,METROPOLITAN NASHVILLE POLICE DEPT,20160802246,Davidson,Nashville,9/6/2016 12:00:00 AM,2,0,0,36.168940,-86.683440,LEBANON PKE,,,,308.00,Feet,West,FAIRWAY DR,,,,0.00,N,Not at Intersection, ,Non-Junction,None,,,         ,Michael,Dance,Clear,Front to Rear,no,no,no,no,no,False
101354975,METROPOLITAN NASHVILLE POLICE DEPT,20160801488,Davidson,Nashville,9/6/2016 7:33:00 AM,2,0,0,36.154800,-86.788730,I 40,,,,0.00,,,,,,,209.20,N,Not at Intersection,Y,Non-Junction,None,,,         ,Shedie,Herbert III,Clear,"Sideswipe, Same Direction",no,no,no,no,yes,False
101354985,THP District 9 - Administrative,316048911,Davidson,Nashville,9/2/2016 4:31:00 PM,3,0,0,36.135500,-86.727100,I 24,,,,0.00,,,,,,,52.20,N,Not at Intersection,N,Non-Junction,None,,,         ,Brian,Carmouche,Clear,Front to Rear,no,no,no,no,no,False
101354987,METROPOLITAN NASHVILLE POLICE DEPT,20160802176,Davidson,Nashville,9/6/2016 11:43:00 AM,2,0,0,36.169510,-86.678670,LEBANON PKE,,,,363.00,Feet,East,MCGAVOCK PKE,,,,0.00,N,Not at Intersection, ,Non-Junction,None,,,         ,Wesley,Young,Clear,Angle,no,no,no,no,no,False
101355010,METROPOLITAN NASHVILLE POLICE DEPT,20160802260,Davidson,Nashville,9/6/2016 12:08:00 PM,2,0,0,36.143090,-86.743810,FESSLERS LN,,,,0.00,,,,,,,0.00,,,N,Non-Junction,None,,,         ,Wesley,Young,Clear,Angle,no,no,no,yes,yes,False
101355012,METROPOLITAN NASHVILLE POLICE DEPT,20160802368,Davidson,Nashville,9/6/2016 12:53:00 PM,3,1,0,36.082370,-86.762570,HARDING PL,,,,95.00,Feet,East,I65 N ENT RAMP,,,,0.00,N,Not at Intersection,N,Non-Junction,None,,,         ,Nathan,Kemp,Clear,Front to Rear,no,no,no,no,no,False
101355014,METROPOLITAN NASHVILLE POLICE DEPT,20160794541,Davidson,Nashville,9/3/2016 11:20:00 AM,2,0,0,36.089810,-86.631250,FAIRWAYS PVTDR,,,,0.00,,,NASHBORO BLVD,,,,0.00,Y,T-Intersection, ,Non-Junction,None,,,         ,Scott,Toney,Clear,Angle,no,no,no,no,no,False
101355022,METROPOLITAN NASHVILLE POLICE DEPT,20160802309,Davidson,Nashville,9/6/2016 12:10:00 PM,2,0,0,36.147660,-86.768470,4TH AVS,,,,0.00,Feet,,CAMERON ST,,,,0.00,Y,T-Intersection,N,Non-Junction,None,,,         ,Todd,Watson,Clear,"Sideswipe, Same Direction",no,no,no,no,no,False
101355033,THP District 9 - Administrative,316048954,Davidson,Nashville,9/2/2016 6:56:00 PM,2,1,0,36.135500,-86.727100,I 24,,,,0.00,,,,,,,52.20,N,Not at Intersection,N,Non-Junction,None,,,         ,Brian,Carmouche,Clear,Front to Rear,no,no,no,no,no,False
101355034,METROPOLITAN NASHVILLE POLICE DEPT,20160801817,Davidson,Not in City Limit,9/6/2016 9:39:00 AM,2,1,0,36.010890,-86.665440,OLD HICKORY BLVD,,,,0.00,,,PETTUS RD,,,,0.00,Y,T-Intersection,N,Intersection,None,,,         ,Brandon,O'Guin,Clear,Angle,no,no,no,no,no,False
101355036,METROPOLITAN NASHVILLE POLICE DEPT,2016-0802007,Davidson,Not in City Limit,9/6/2016 10:39:00 AM,2,0,0,36.049730,-86.952640,OLD HARDING PKE,,,,0.00,,,POPLAR CREEK TRC,,,,0.00,Y,T-Intersection, ,Intersection-Related,None,,,         ,Walter,Gray II,Clear,Front to Rear,no,no,no,no,no,False
101355037,METROPOLITAN NASHVILLE POLICE DEPT,2016-0802173,Davidson,Nashville,9/6/2016 11:41:00 AM,2,0,0,36.149990,-86.857260,ORLANDO AV,,,,100.00,Feet,South,CHARLOTTE PKE,,,,0.00,N,Not at Intersection, ,,None,,,         ,Walter,Gray II,,,no,no,no,no,no,False
101355039,METROPOLITAN NASHVILLE POLICE DEPT,20160802358,Davidson,Nashville,9/6/2016 1:12:00 PM,2,0,0,36.152540,-86.666230,DONELSON PKE,,,,0.00,,,WELLMAN DR,,,,0.00,Y,T-Intersection, ,Intersection-Related,None,,,         ,Larry,Benz,Clear,Angle,no,no,no,no,no,False
101355046,METROPOLITAN NASHVILLE POLICE DEPT,20160802195,Davidson,Nashville,9/6/2016 11:33:00 AM,3,0,0,36.156310,-86.807250,22ND AVN,,,,0.00,,,CHARLOTTE AV,,,,0.00,Y,Four-Way,N,Intersection,None,,,         ,Steven,Smith,Clear,Front to Rear,no,no,no,no,yes,False
101355047,METROPOLITAN NASHVILLE POLICE DEPT,20160795386,Davidson,Nashville,9/3/2016 8:44:00 PM,1,0,0,36.178040,-86.695090,BRILEY PKWYN,,,,0.00,,,,,,,0.00,,,N,Non-Junction,None,,,         ,Brian,Smith,Clear,Not Collision with Motor Vehicle in Transport,no,no,no,no,no,False
101355050,METROPOLITAN NASHVILLE POLICE DEPT,2016-0802343,Davidson,Nashville,9/6/2016 12:44:00 PM,2,2,0,36.118560,-86.836290,WOODMONT CIR,,,,50.00,Feet,West,ESTES RD,,,,0.00,N,Not at Intersection,N,Non-Junction,None,,,         ,Walter,Gray II,Clear,Front to Rear,no,no,no,no,no,False
101355061,METROPOLITAN NASHVILLE POLICE DEPT,20160802522,Davidson,Nashville,9/6/2016 1:45:00 PM,2,2,0,36.194850,-86.726030,BRANCH ST,,,,0.00,,,CAHAL AV,,,,0.00,Y,OTHER,N,Non-Junction,None,,,         ,Erik,Nash,Clear,"Sideswipe, Opposite Direction",no,no,no,no,no,False
101355067,GOODLETTSVILLE POLICE DEPT,16-31143,Davidson,Goodlettsville,9/6/2016 7:20:00 AM,2,0,0,36.311520,-86.701686,,,I65,,0.10,Miles,South,,,,,96.20,N,Not at Intersection, ,Entrance/Exit Ramp Related,None,,,         ,Charles,Hauskin,Clear,Front to Rear,no,no,no,no,no,False
101355096,METROPOLITAN NASHVILLE POLICE DEPT,20160795541,Davidson,Old Hickory,9/3/2016 9:50:00 PM,1,0,0,36.266640,-86.670060,HICKORY INDUSTRIAL DR,,,,0.00,,,OLD HICKORY BLVD,,,,0.00,Y,T-Intersection, ,Non-Junction,None,,,         ,Noah,Melton,Clear,Not Collision with Motor Vehicle in Transport,no,no,no,no,no,False
101355107,METROPOLITAN NASHVILLE POLICE DEPT,20160802133,Davidson,Nashville,9/6/2016 11:32:00 AM,2,0,0,36.068050,-86.631950,MURFREESBORO PKE,,,,311.00,Feet,North,FOREST VIEW DR,,,,0.00,N,Not at Intersection, ,Non-Junction,None,,,         ,Jessie,Meadows,Clear,"Sideswipe, Same Direction",no,no,no,no,no,False
101355109,METROPOLITAN NASHVILLE POLICE DEPT,20160802288,Davidson,Nashville,9/6/2016 1:47:00 PM,2,0,0,36.065970,-86.629710,MURFREESBORO PKE,,,,108.00,Feet,North,HAMILTON CROSSINGS,,,,0.00,N,Not at Intersection, ,Non-Junction,None,,,         ,Jessie,Meadows,Clear,"Sideswipe, Same Direction",no,no,no,no,no,False
101355110,METROPOLITAN NASHVILLE POLICE DEPT,20160802332,Davidson,Nashville,9/6/2016 1:15:00 PM,1,1,0,36.127040,-86.727780,I 24,,,,0.00,,,,,,,51.40,N,Not at Intersection,N,Non-Junction,None,,,         ,Jessie,Meadows,Clear,Not Collision with Motor Vehicle in Transport,no,no,no,no,no,False
101355111,METROPOLITAN NASHVILLE POLICE DEPT,20160800525,Davidson,Nashville,9/5/2016 10:03:00 PM,1,1,0,36.081810,-86.919340,OLD HICKORY BLVD,,,,75.00,Feet,North,BELLE FOREST CONDOS PVTDR,,,,0.00,N,Not at Intersection,N,Non-Junction,None,,,         ,Adam,Reese,Clear,Not Collision with Motor Vehicle in Transport,no,no,no,no,no,False
101355114,METROPOLITAN NASHVILLE POLICE DEPT,2016-0802563,Davidson,Nashville,9/6/2016 2:00:00 PM,2,0,0,36.146980,-86.761440,CLAIBORNE ST,,,,58.00,Feet,North,HUBBARD ST,,,,0.00,N,Not at Intersection, ,"Driveway, Alley Access, etc",None,,,         ,William,Whitworth,Clear,Angle,no,no,no,no,no,False
101355127,METROPOLITAN NASHVILLE POLICE DEPT,20160802626,Davidson,Nashville,9/6/2016 2:09:00 PM,2,0,0,36.152230,-86.690390,BRILEY PKWY N EXT RAMP,,,,0.00,,,ELM HILL PKE,,,,0.00,Y,Four-Way,N,Intersection,None,,,         ,Wesley,Young,Clear,Front to Rear,no,no,no,no,yes,False
101355136,METROPOLITAN NASHVILLE POLICE DEPT,2016-0802666,Davidson,Nashville,9/6/2016 2:45:00 PM,2,0,0,36.109730,-86.922510,OLD HICKORY BLVD,,,,50.00,Feet,South,SONYA DR,,,,0.00,N,Not at Intersection, ,Non-Junction,None,,,         ,Walter,Gray II,Clear,Front to Rear,no,no,no,no,no,False
101355143,METROPOLITAN NASHVILLE POLICE DEPT,20160802791,Davidson,Nashville,9/6/2016 3:28:00 PM,2,0,0,36.037710,-86.784820,OLD HICKORY BLVD,,,,0.00,,,I65 S EXT RAMP,,,,0.00,Y,Four-Way, ,Intersection-Related,None,,,         ,Tien,Nguyen,Clear,Front to Rear,no,no,no,no,no,False
101355144,METROPOLITAN NASHVILLE POLICE DEPT,20160802744,Davidson,Nashville,9/6/2016 3:19:00 PM,2,0,0,36.157540,-86.779310,8TH AVS,,,,136.00,Feet,East,MCGAVOCK ST,,,,0.00,N,Not at Intersection, ,,None,,,         ,Pedro,Rivera Chaparro,,,no,no,no,no,no,False
101355145,METROPOLITAN NASHVILLE POLICE DEPT,20160802688,Davidson,Nashville,9/6/2016 2:56:00 PM,2,0,0,36.150030,-86.771910,I 40,,,,0.00,,,,,,,210.30,N,Not at Intersection,N,Non-Junction,Construction Zone,Laneclosure,Unknown,         ,Thomas,Barnes,Clear,Front to Rear,no,no,no,no,yes,False
101355146,METROPOLITAN NASHVILLE POLICE DEPT,20160802668,Davidson,Nashville,9/6/2016 2:28:00 PM,2,0,0,36.141720,-86.778670,CHESTNUT ST,,,,0.00,,,8TH AVS,,,,0.00,Y,Four-Way,N,Intersection-Related,None,,,         ,Tien,Nguyen,Clear,"Sideswipe, Same Direction",no,no,no,no,yes,False
101355149,METROPOLITAN NASHVILLE POLICE DEPT,20160802750,Davidson,Nashville,9/6/2016 2:02:00 PM,1,0,0,36.143620,-86.700360,I40 E EXT RAMP,,,,0.00,,,I 40,,,,0.00,Y,OTHER,N,Entrance/Exit Ramp Related,None,,,         ,John,Daugherty,Clear,Not Collision with Motor Vehicle in Transport,no,no,no,no,no,False
101355155,METROPOLITAN NASHVILLE POLICE DEPT,20160802804,Davidson,Nashville,9/6/2016 3:20:00 PM,2,0,0,36.185300,-86.636500,JACKSON DOWNS BLVD,,,,0.00,,,LEBANON PKE,,,,0.00,Y,T-Intersection, ,Intersection,None,,,         ,Mikala,Moore,Clear,Front to Rear,no,no,no,no,no,False
101355157,METROPOLITAN NASHVILLE POLICE DEPT,2016-0802868,Davidson,Nashville,9/6/2016 3:29:00 PM,1,0,0,36.039710,-86.762790,OLD HICKORY BLVD,,,,0.00,,,HEARTHSTONE LN,,,,0.00,Y,Four-Way, ,Intersection,None,,,         ,William,King,Clear,Not Collision with Motor Vehicle in Transport,no,no,no,no,yes,False
101355187,METROPOLITAN NASHVILLE POLICE DEPT,20160802974,Davidson,Nashville,9/6/2016 3:26:00 PM,2,0,0,36.112900,-86.746260,NOLENSVILLE PKE,,,,73.00,Feet,North,MCCLAIN AV,,,,0.00,N,Not at Intersection, ,Non-Junction,None,,,         ,Tien,Nguyen,Clear,"Sideswipe, Same Direction",no,no,no,no,no,False
101355188,METROPOLITAN NASHVILLE POLICE DEPT,20160802741,Davidson,Nashville,9/6/2016 3:10:00 PM,2,1,0,36.134820,-86.775480,I 65,,,,0.00,,,,,,,81.40,N,Not at Intersection,N,Non-Junction,None,,,         ,Eric,Thomas,Clear,Front to Rear,no,no,no,no,no,False
101355198,METROPOLITAN NASHVILLE POLICE DEPT,20160802975,Davidson,Nashville,9/6/2016 4:23:00 PM,2,0,0,36.151730,-86.691170,ELM HILL PKE WB EXT RAMP,,,,0.00,Feet,,ELM HILL PKE,,,,0.00,Y,OTHER,N,Entrance/Exit Ramp Related,None,,,         ,John,Daugherty,Clear,"Sideswipe, Same Direction",no,no,no,no,no,False
101355213,METROPOLITAN NASHVILLE POLICE DEPT,20160802946,Davidson,Nashville,9/6/2016 4:19:00 PM,2,0,0,36.243360,-86.756700,DICKERSON PKE,,,,190.00,Feet,South,SKYLINE MEMORIAL CT,,,,0.00,N,Not at Intersection, ,Non-Junction,None,,,         ,Samuel,Miller,Clear,"Sideswipe, Same Direction",no,no,no,no,no,False
101355214,METROPOLITAN NASHVILLE POLICE DEPT,20160803056,Davidson,Nashville,9/6/2016 5:00:00 PM,2,0,0,36.144860,-86.811620,28TH AVS,,,,177.00,Feet,South,WEST END AV,,,,0.00,N,Not at Intersection, ,Non-Junction,None,,,         ,Tien,Nguyen,Clear,Rear to Side,no,no,no,no,no,Campus