master_record_number,agency,agency_tracking_number,county,city,collision_date,vehicles_involved,number_injured,number_dead,latitude,longitude,roadway_name,roadway_suffix,roadway_number,roadway_local_id,distance_from_reference,miles-feet_indicator,direction_from_reference,intersection_road_name,intersection_road_name_suffix,intersection_road_number,intersection_local_id,mile_marker,intersection_indicator,intersect_type,interchange_related_indicator,relation_to_junction,work_zone_type,construction_maintenance_zone,construction_maintenance_zone_location,fatal_case_number,officer_first_name,officer_last_name,weather_condition(s),manner_of_crash,pedestrian,bicycle,scooter,parking,hitrun,mou
101355252,METROPOLITAN NASHVILLE POLICE DEPT,20160803210,Davidson,Nashville,9/6/2016 5:50:00 PM,2,0,0,36.140990,-86.776590,I 65,,,,0.00,,,,,,,81.90,N,Not at Intersection,N,Non-Junction,None,,,         ,Tien,Nguyen,Clear,Front to Rear,no,no,no,no,no,False
101355259,METROPOLITAN NASHVILLE POLICE DEPT,20160803163,Davidson,Nashville,9/6/2016 4:40:00 PM,3,0,0,36.139350,-86.729070,I 24,,,,0.00,,,,,,,51.45,N,Not at Intersection, ,Non-Junction,None,,,         ,John,Daugherty,Clear,Front to Rear,no,no,no,no,no,False
101355273,METROPOLITAN NASHVILLE POLICE DEPT,20160803138,Davidson,Nashville,9/6/2016 5:05:00 PM,2,0,0,36.122260,-86.752870,I 440,,,,0.00,,,,,,,6.20,N,Not at Intersection, ,Non-Junction,None,,,         ,Conner,Harris,Clear,Front to Rear,no,no,no,no,no,False
101355274,METROPOLITAN NASHVILLE POLICE DEPT,20160802752,Davidson,Nashville,9/6/2016 3:17:00 PM,2,1,0,36.078480,-86.729580,HARDING PL,,,,388.00,Feet,South,COVENTRY DR,,,,0.00,N,Not at Intersection,N,Non-Junction,None,,,         ,Miguel,Garcia,Clear,Angle,no,no,no,no,no,False
101355278,METROPOLITAN NASHVILLE POLICE DEPT,20160803145,Davidson,Nashville,9/6/2016 5:32:00 PM,2,1,0,36.177830,-86.800780,I 65,,,,0.00,,,,,,,84.85,N,Not at Intersection,N,Non-Junction,None,,,         ,Zachary,Ronan,Clear,Front to Rear,no,no,no,no,no,False
101355291,METROPOLITAN NASHVILLE POLICE DEPT,20160795548,Davidson,Nashville,9/3/2016 10:15:00 PM,4,1,0,36.168800,-86.775910,JAMES ROBERTSON PKWY,,,,502.00,Feet,East,GAY ST,,,,0.00,N,Not at Intersection,N,Non-Junction,None,,,         ,Darrien,Spann,Clear,Front to Rear,no,no,no,no,no,False
101355292,METROPOLITAN NASHVILLE POLICE DEPT,20160803245,Davidson,Nashville,9/6/2016 5:55:00 PM,2,0,0,36.129330,-86.802560,21ST AVS,,,,0.00,,,ASHWOOD AV,,,,0.00,Y,Four-Way,N,Intersection,None,,,         ,Ralph,Smith IV,Clear,Angle,no,no,no,no,no,False
101355317,METROPOLITAN NASHVILLE POLICE DEPT,20160803340,Davidson,Nashville,9/6/2016 6:44:00 PM,2,1,0,36.204600,-86.748950,E TRINITY LN,,,,164.00,Feet,West,AMBROSE AV,,,,0.00,N,Not at Intersection,N,Non-Junction,None,,,         ,Christopher,Valdez,Clear,Front to Rear,no,no,no,no,no,False
101355319,METROPOLITAN NASHVILLE POLICE DEPT,20160802837,Davidson,Nashville,9/6/2016 3:44:00 PM,5,1,0,36.168060,-86.765880,I 24,,,,0.00,,,,,,,48.85,N,Not at Intersection,N,Non-Junction,None,,,         ,Jason,King,Clear,Front to Rear,no,no,no,no,yes,False
101355321,VANDERBILT UNIVERSITY POLICE,16-0803402,Davidson,Nashville,9/6/2016 12:00:00 AM,2,0,0,36.140350,-86.803770,PIERCE AV,,,,0.00,,,,,,,0.00,,,N,Non-Junction,None,,,         ,Robert,Skucy,Clear,Angle,no,no,no,yes,yes,Campus
101355325,METROPOLITAN NASHVILLE POLICE DEPT,20160802824,Davidson,Nashville,9/6/2016 1:35:00 PM,2,0,0,36.253010,-86.696690,NEELYS BEND RD,,,,52.00,Feet,West,HILLCREST DR,,,,0.00,N,Not at Intersection,N,Non-Junction,None,,,         ,Christopher,Littles,Clear,Front to Rear,no,no,no,no,yes,False
101355329,METROPOLITAN NASHVILLE POLICE DEPT,20160803459,Davidson,Nashville,9/6/2016 2:00:00 PM,2,0,0,36.179560,-86.793570,HUME ST,,,,122.00,Feet,East,7TH AVN,,,,0.00,N,Not at Intersection,N,Non-Junction,None,,,         ,Zachary,Ronan,Clear,"Sideswipe, Same Direction",no,no,no,no,yes,False
101355330,METROPOLITAN NASHVILLE POLICE DEPT,20160803291,Davidson,Goodlettsville,9/6/2016 6:18:00 PM,2,0,0,36.292210,-86.734000,DICKERSON PKES,,,,0.00,,,,,,,0.00,,,N,Non-Junction,None,,,         ,Samuel,Miller,Clear,Front to Rear,no,no,no,yes,yes,False
101355351,METROPOLITAN NASHVILLE POLICE DEPT,20160802806,Davidson,Nashville,9/6/2016 3:36:00 PM,2,2,0,36.169020,-86.810070,JEFFERSON ST,,,,139.00,Feet,West,21ST AVN,,,,0.00,N,Not at Intersection,N,Non-Junction,None,,,         ,Michael,Brooks,Clear,Angle,no,no,no,no,no,False
101355352,METROPOLITAN NASHVILLE POLICE DEPT,20160803127,Davidson,Nashville,9/6/2016 5:19:00 PM,3,1,0,36.186130,-86.823130,28TH AVN,,,,0.00,,,ED TEMPLE BLVD,,,,0.00,Y,T-Intersection,N,Intersection,None,,,         ,Michael,Brooks,Cloudy,Angle,no,no,no,no,no,False
101355353,METROPOLITAN NASHVILLE POLICE DEPT,20160802998,Davidson,Nashville,9/6/2016 4:38:00 PM,3,1,0,36.192000,-86.828530,CLARKSVILLE PKE,,,,195.00,Feet,East,CLIFF DR,,,,0.00,N,Not at Intersection,N,Non-Junction,None,,,         ,Michael,Brooks,Clear,Front to Rear,no,no,no,no,no,False
101355354,METROPOLITAN NASHVILLE POLICE DEPT,20160803379,Davidson,Nashville,9/6/2016 6:44:00 PM,2,2,0,36.211400,-86.817540,BUENA VISTA PKE,,,,0.00,,,STOKERS LN,,,,0.00,Y,Four-Way,N,Intersection,None,,,         ,Michael,Brooks,Clear,Angle,no,no,no,no,no,False
101355357,METROPOLITAN NASHVILLE POLICE DEPT,20160803461,Davidson,Nashville,9/6/2016 5:20:00 PM,2,0,0,36.182520,-86.797680,ROSA L PARKS BLVD,,,,0.00,,,I65 N EXT RAMP,,,,0.00,Y,Y-Intersection, ,,None,,,         ,Jessica,Johnson,,,no,no,no,no,no,False
101355358,METROPOLITAN NASHVILLE POLICE DEPT,20160803480,Davidson,Nashville,9/6/2016 5:50:00 PM,2,0,0,36.207590,-86.735600,GALLATIN PKE,,,,160.00,Feet,South,IVERSON AV,,,,0.00,N,Not at Intersection, ,Non-Junction,None,,,         ,Whitney,Arnold,Clear,Angle,no,no,no,no,no,False
101355359,METROPOLITAN NASHVILLE POLICE DEPT,20160803419,Davidson,Nashville,9/6/2016 6:59:00 PM,3,0,0,36.234130,-86.721580,BRILEY PKWY E ENT RAMP,,,,50.00,Feet,West,BRILEY PKWYE,,,,0.00,N,Not at Intersection, ,Non-Junction,None,,,         ,Whitney,Arnold,Clear,Front to Rear,no,no,no,no,no,False
101355361,METROPOLITAN NASHVILLE POLICE DEPT,20160803516,Davidson,Nashville,9/6/2016 6:15:00 PM,3,1,0,36.099240,-86.710770,I 24,,,,0.00,,,,,,,54.60,N,Not at Intersection,N,Non-Junction,None,,,         ,Jarret,Sonnenberg,Clear,Front to Rear,no,no,no,no,no,False
101355365,METROPOLITAN NASHVILLE POLICE DEPT,20160803164,Davidson,Not in City Limit,9/6/2016 5:50:00 PM,2,0,0,36.296000,-86.810950,I 24,,,,0.00,,,,,,,39.10,N,Not at Intersection,N,Non-Junction,None,,,         ,Samuel,Miller,Clear,"Sideswipe, Same Direction",no,no,no,no,no,False
101355373,METROPOLITAN NASHVILLE POLICE DEPT,20160803299,Davidson,Nashville,9/6/2016 5:35:00 PM,2,0,0,36.077610,-86.642090,MURFREESBORO PKE,,,,253.00,Feet,West,LAKEVILLA DR,,,,0.00,N,Not at Intersection, ,Non-Junction,None,,,         ,Marcus,Darden,Clear,Front to Rear,no,no,no,no,no,False
101355375,METROPOLITAN NASHVILLE POLICE DEPT,20160803627,Davidson,Nashville,9/6/2016 8:47:00 PM,2,0,0,36.229710,-86.757090,BROADMOOR DR,,,,230.00,Feet,West,HILLSIDE RD,,,,0.00,N,Not at Intersection, ,Non-Junction,None,,,         ,Christopher,Valdez,Clear,"Sideswipe, Same Direction",no,no,no,no,no,False
101355378,METROPOLITAN NASHVILLE POLICE DEPT,20160803744,Davidson,Nashville,9/6/2016 9:17:00 PM,2,1,0,36.142590,-86.815500,WEST END AV,,,,0.00,,,31ST AVN,,,,0.00,Y,Four-Way,N,Intersection,None,,,         ,Ralph,Smith IV,Clear,Front to Rear,no,no,no,no,yes,Campus
101355379,METROPOLITAN NASHVILLE POLICE DEPT,20160803642,Davidson,Nashville,9/6/2016 8:45:00 PM,2,0,0,36.230110,-86.758630,DICKERSON PKE,,,,0.00,,,,,,,0.00,,,N,Non-Junction,None,,,         ,Samuel,Miller,Clear,Angle,no,no,no,yes,yes,False
101355384,METROPOLITAN NASHVILLE POLICE DEPT,20160803611,Davidson,Nashville,9/6/2016 8:41:00 PM,2,1,0,36.086870,-86.730230,ELYSIAN FIELDS RD,,,,0.00,,,ELYSIAN FIELDS CT,,,,0.00,Y,Four-Way,N,Intersection-Related,None,,,         ,Tien,Nguyen,Clear,Angle,no,no,no,no,no,False
101355387,METROPOLITAN NASHVILLE POLICE DEPT,2016-0803658,Davidson,Nashville,9/6/2016 8:59:00 PM,2,2,0,36.150150,-86.857950,CHARLOTTE PKE,,,,0.00,,,WHITE BRIDGE PKE,,,,0.00,Y,Four-Way,N,Intersection,None,,,         ,Michael,Rogers,Clear,Angle,no,no,no,no,no,False
101355399,METROPOLITAN NASHVILLE POLICE DEPT,20160803752,Davidson,Nashville,9/6/2016 9:30:00 PM,1,1,0,36.145760,-86.666650,DONELSON PKE,,,,71.00,Feet,South,ROYAL PKWY,,,,0.00,N,Not at Intersection,N,Non-Junction,None,,,         ,John,Kelley,Clear,Not Collision with Motor Vehicle in Transport,no,no,no,no,no,False
101355401,METROPOLITAN NASHVILLE POLICE DEPT,20160803315,Davidson,Nashville,9/6/2016 6:25:00 PM,2,0,0,36.115770,-86.781890,I 440,,,,0.00,,,,,,,4.40,N,Not at Intersection,N,Non-Junction,None,,,         ,Eric,Thomas,Clear,Front to Rear,no,no,no,no,no,False
101355407,METROPOLITAN NASHVILLE POLICE DEPT,20160803518,Davidson,Nashville,9/6/2016 7:55:00 PM,1,1,0,36.091530,-86.651460,MURFREESBORO PKE,,,,139.00,Feet,North,BRITISH WOODS DR,,,,0.00,N,Not at Intersection,N,Non-Junction,None,,,         ,Marcus,Darden,Clear,Not Collision with Motor Vehicle in Transport,no,no,no,no,no,False
101355422,METROPOLITAN NASHVILLE POLICE DEPT,20160803461,Davidson,Nashville,9/6/2016 5:20:00 PM,2,0,0,36.186110,-86.798370,ROSA L PARKS BLVD,,,,0.00,,,I65 S EXT RAMP,,,,0.00,Y,Y-Intersection, ,,None,,,         ,Jessica,Johnson,,,no,no,no,no,no,False
101355427,METROPOLITAN NASHVILLE POLICE DEPT,20160803821,Davidson,Goodlettsville,9/6/2016 10:07:00 PM,2,0,0,36.300710,-86.694940,GALLATIN PKEN,,,,0.00,,,SHEPHERD HILLS DR,,,,0.00,Y,Four-Way, ,Intersection-Related,None,,,         ,Samuel,Miller,Clear,Front to Rear,no,no,no,no,no,False
101355428,METROPOLITAN NASHVILLE POLICE DEPT,2016-0801335,Davidson,Nashville,9/6/2016 6:00:00 AM,2,0,0,36.153470,-86.779370,8TH AVS,,,,0.00,,,PALMER PL,,,,0.00,Y,T-Intersection, ,Intersection,None,,,         ,Randall,Papadinec,Clear,"Sideswipe, Same Direction",no,no,no,no,no,False
101355429,METROPOLITAN NASHVILLE POLICE DEPT,20160803181,Davidson,Nashville,9/6/2016 5:41:00 PM,4,0,0,36.170110,-86.618010,HOGGETT FORD RD,,,,0.00,Feet,East,FLEET DR,,,,0.00,N,Not at Intersection,N,Non-Junction,None,,,         ,Dontaveous,Eubanks,Clear,"Sideswipe, Same Direction",no,no,no,no,no,False
101355445,METROPOLITAN NASHVILLE POLICE DEPT,20160803905,Davidson,Nashville,9/6/2016 10:06:00 PM,2,0,0,36.147010,-86.799440,21ST AVS,,,,154.00,Feet,South,GRAND AV,,,,0.00,N,Not at Intersection, ,Non-Junction,None,,,         ,Eugene,Martino,Clear,"Sideswipe, Same Direction",no,no,no,no,no,Campus
101355457,METROPOLITAN NASHVILLE POLICE DEPT,20160801295,Davidson,Nashville,9/6/2016 5:33:00 AM,2,2,0,36.134280,-86.774730,WEDGEWOOD AV,,,,0.00,,,I65 N ENT RAMP,,,,0.00,Y,Four-Way,N,Intersection,None,,,         ,Steven,Wiser,Clear,Angle,no,no,no,no,no,False
101355459,METROPOLITAN NASHVILLE POLICE DEPT,20160801281,Davidson,Nashville,9/6/2016 12:00:00 AM,1,0,0,36.172870,-86.762970,S 6TH ST,,,,113.00,Feet,North,WOODLAND ST,,,,0.00,N,Not at Intersection,N,Non-Junction,None,,,         ,Eric,Hall,Clear,Not Collision with Motor Vehicle in Transport,no,no,no,yes,no,False
101355461,METROPOLITAN NASHVILLE POLICE DEPT,20160804258,Davidson,Nashville,9/7/2016 1:20:00 AM,2,0,0,36.111230,-86.771560,I 65,,,,0.00,,,,,,,79.85,N,Not at Intersection,N,Entrance/Exit Ramp Related,None,,,         ,Joshua,Billotte,Clear,"Sideswipe, Same Direction",no,no,no,no,no,False
101355464,METROPOLITAN NASHVILLE POLICE DEPT,2016-0795786,Davidson,Nashville,9/3/2016 12:01:00 AM,2,0,0,36.054950,-86.642440,BELL RD,,,,0.00,,,THE OVERLOOK PVTDR,,,,0.00,Y,T-Intersection,N,Non-Junction,None,,,         ,Daniel,Garrett,Clear,Front to Rear,no,no,no,no,no,False
101355472,METROPOLITAN NASHVILLE POLICE DEPT,20160804004,Davidson,Nashville,9/6/2016 10:15:00 PM,2,0,0,36.168380,-86.755290,S 8TH ST,,,,178.00,Feet,South,SYLVAN ST,,,,0.00,N,Not at Intersection,N,Non-Junction,None,,,         ,Douglas,Smith,Clear,"Sideswipe, Opposite Direction",no,no,no,no,yes,False
101355481,METROPOLITAN NASHVILLE POLICE DEPT,20160804300,Davidson,Not in City Limit,9/7/2016 1:40:00 AM,1,1,0,36.271200,-86.710350,GALLATIN PKEN,,,,40.00,Feet,North,ROOSEVELT AV,,,,0.00,N,Not at Intersection,N,Non-Junction,None,,,         ,Nicholas,Diamond,Clear,Not Collision with Motor Vehicle in Transport,no,no,no,no,no,False
101355482,METROPOLITAN NASHVILLE POLICE DEPT,20160801252,Davidson,Nashville,9/6/2016 4:30:00 AM,2,0,0,36.083240,-86.725370,WELCH RD,,,,50.00,Feet,East,TRAVIS DR,,,,0.00,N,Not at Intersection, ,Non-Junction,None,,,         ,Pamela,Caulder,Cloudy,Front to Rear,no,no,no,yes,yes,False
101355492,METROPOLITAN NASHVILLE POLICE DEPT,20160804681,Davidson,Nashville,9/7/2016 4:51:00 AM,2,0,0,36.148170,-86.779570,I65 S ENT RAMP,,,,0.00,Feet,East,I 40,,,,0.00,N,Not at Intersection,N,Non-Junction,Work Zone,Intermittent Moving Work,Transition Area,         ,Eugene,Martino,Clear,"Sideswipe, Same Direction",no,no,no,no,yes,False
101355495,METROPOLITAN NASHVILLE POLICE DEPT,20160804728,Davidson,Not in City Limit,9/7/2016 5:15:00 AM,1,1,0,36.271270,-86.759870,OLD HICKORY BLVD,,,,0.00,,,,,,,0.00,,,N,Non-Junction,None,,,         ,Patrick,McGinnis,Clear,Not Collision with Motor Vehicle in Transport,no,no,no,no,no,False
101355508,METROPOLITAN NASHVILLE POLICE DEPT,20160794592,Davidson,Nashville,9/3/2016 11:42:00 AM,2,0,0,36.215120,-86.597670,LEBANON PKE,,,,0.00,,,ANDREW JACKSON PKWY,,,,0.00,Y,Four-Way, ,,None,,,         ,Ralph,Harvey,,,no,no,no,no,no,False
101355517,METROPOLITAN NASHVILLE POLICE DEPT,20160796515,Davidson,Nashville,9/4/2016 8:47:00 AM,2,2,0,36.159650,-86.796180,MCMILLIN ST,,,,0.00,,,CHARLOTTE AV,,,,0.00,Y,Four-Way,Y,Intersection,None,,,         ,James,Jarvis,Clear,Front to Rear,no,no,no,no,no,False
101355519,METROPOLITAN NASHVILLE POLICE DEPT,2016-0804861,Davidson,Nashville,9/7/2016 6:45:00 AM,1,0,0,36.124970,-86.905990,I 40,,,,0.00,,,,,,,200.50,N,Not at Intersection,N,Non-Junction,None,,,         ,Curtis,Rich,Clear,Not Collision with Motor Vehicle in Transport,no,no,no,no,no,False
101355521,METROPOLITAN NASHVILLE POLICE DEPT,2016-0794280,Davidson,Nashville,9/3/2016 9:10:00 AM,2,0,0,36.111820,-86.792570,GRANNY WHITE PKE,,,,72.00,Feet,North,WOODMONT BLVD,,,,0.00,N,Not at Intersection,N,Non-Junction,None,,,         ,David,Anderson,Cloudy,Front to Rear,no,no,no,no,no,False
101355525,METROPOLITAN NASHVILLE POLICE DEPT,2016-0804832,Davidson,Nashville,9/7/2016 6:15:00 AM,1,0,0,36.246360,-86.718250,BARRY DR,,,,0.00,,,BARRY DR,,,,0.00,Y,OTHER, ,Non-Junction,None,,,         ,Caesar,Harris,Clear,Not Collision with Motor Vehicle in Transport,no,no,no,no,no,False
101355535,METROPOLITAN NASHVILLE POLICE DEPT,20160787572,Davidson,Nashville,9/1/2016 10:04:00 AM,2,1,0,36.242300,-86.760100,DOVERSIDE DR,,,,0.00,,,SKYLINE COMMONS PVTDR,,,,0.00,Y,T-Intersection,Y,Intersection,None,,,         ,Brandon,Wood,Clear,"Sideswipe, Same Direction",no,no,no,no,no,False
101355543,METROPOLITAN NASHVILLE POLICE DEPT,20160804914,Davidson,Nashville,9/7/2016 7:14:00 AM,2,0,0,36.167480,-86.659550,LEBANON PKE,,,,780.00,Feet,East,DONELSONWOOD DR,,,,0.00,N,Not at Intersection,N,Non-Junction,None,,,         ,Michael,Dance,Clear,Front to Rear,no,no,no,no,no,False
101355549,METROPOLITAN NASHVILLE POLICE DEPT,2016-0804938,Davidson,Not in City Limit,9/7/2016 7:20:00 AM,2,0,0,36.078400,-87.021560,MCCRORY LN,,,,182.00,Feet,North,NEWSOM STATION RD,,,,0.00,N,Not at Intersection, ,Non-Junction,None,,,         ,Curtis,Rich,Cloudy,Angle,no,no,no,yes,no,False
101355553,METROPOLITAN NASHVILLE POLICE DEPT,20160790782,Davidson,Nashville,9/2/2016 7:40:00 AM,2,2,0,36.106210,-86.673060,MURFREESBORO PKE,,,,0.00,,,DONELSON PKE,,,,0.00,Y,Four-Way,N,Intersection,None,,,         ,Terry,Denton,Clear,Front to Rear,no,no,no,no,no,False
101355558,METROPOLITAN NASHVILLE POLICE DEPT,2016-0804875,Davidson,Nashville,9/7/2016 6:25:00 AM,2,0,0,36.154450,-86.842160,DELAWARE AV,,,,52.00,Feet,East,46TH AVN,,,,0.00,N,Not at Intersection, ,Non-Junction,None,,,         ,Paul,Junkmann,Cloudy,Angle,no,no,no,no,no,False
101355570,METROPOLITAN NASHVILLE POLICE DEPT,2016-0804901,Davidson,Nashville,9/7/2016 7:08:00 AM,2,0,0,36.105170,-86.670640,MURFREESBORO PKE,,,,379.00,Feet,East,EZELL PKE,,,,0.00,N,Not at Intersection, ,Non-Junction,None,,,         ,Calvin,Graham,Clear,Front to Rear,no,no,no,no,no,False
101355572,METROPOLITAN NASHVILLE POLICE DEPT,20160805078,Davidson,Nashville,9/7/2016 8:21:00 AM,2,0,0,36.152220,-86.797600,WEST END AV,,,,54.00,Feet,West,19TH AVN,,,,0.00,N,Not at Intersection, ,,None,,,         ,Nathan,Kemp,,,no,no,no,no,no,False
101355576,METROPOLITAN NASHVILLE POLICE DEPT,2016-0805065,Davidson,Nashville,9/7/2016 7:30:00 AM,1,0,0,36.062230,-86.919030,BELLEVUE RD,,,,283.00,Feet,East,ARLINGTON PL,,,,0.00,N,Not at Intersection,N,Non-Junction,None,,,         ,Curtis,Rich,Cloudy,Not Collision with Motor Vehicle in Transport,no,no,no,no,no,False
101355581,METROPOLITAN NASHVILLE POLICE DEPT,20160802121,Davidson,Nashville,9/6/2016 11:22:00 AM,2,1,0,36.138520,-86.700060,BRILEY PKWYN,,,,366.00,Feet,South,BRILEY PKWY,,,,0.00,N,Not at Intersection,N,Non-Junction,None,,,         ,James,Curtis,Clear,"Sideswipe, Same Direction",no,no,no,no,no,False
101355582,METROPOLITAN NASHVILLE POLICE DEPT,20160804913,Davidson,Nashville,9/7/2016 7:15:00 AM,2,0,0,36.167990,-86.609840,I40 W ENT RAMP,,,,0.00,,,I 40,,,,0.00,Y,OTHER, ,,None,,,         ,James,Curtis,,,no,no,no,no,no,False
101355595,METROPOLITAN NASHVILLE POLICE DEPT,20160805057,Davidson,Nashville,9/7/2016 8:13:00 AM,2,0,0,36.169470,-86.806620,DR D B TODD JR BLVD,,,,0.00,,,JEFFERSON ST,,,,0.00,Y,Four-Way, ,Intersection,None,,,         ,James,Jarvis,Clear,"Sideswipe, Same Direction",no,no,no,no,no,False
101355599,METROPOLITAN NASHVILLE POLICE DEPT,20160805059,Davidson,Nashville,9/7/2016 7:20:00 AM,2,0,0,36.169560,-86.583330,I 40,,,,0.00,,,,,,,221.80,N,Not at Intersection, ,,None,,,         ,Ralph,Harvey,,,no,no,no,no,no,False
101355608,METROPOLITAN NASHVILLE POLICE DEPT,20160805122,Davidson,Nashville,9/7/2016 8:35:00 AM,2,0,0,36.034340,-86.642570,I 24,,,,0.00,,,,,,,60.60,N,Not at Intersection, ,Non-Junction,None,,,         ,Randall,Combs,Clear,Front to Rear,no,no,no,no,no,False
101355621,METROPOLITAN NASHVILLE POLICE DEPT,20160804896,Davidson,Nashville,9/7/2016 6:45:00 AM,2,0,0,36.141520,-86.668370,I 40,,,,0.00,,,,,,,218.00,N,Not at Intersection, ,,None,,,         ,Larry,Benz,,,no,no,no,no,no,False
101355622,METROPOLITAN NASHVILLE POLICE DEPT,2016-0805043,Davidson,Nashville,9/7/2016 8:06:00 AM,2,1,0,36.206700,-86.779300,W TRINITY LN,,,,254.00,Feet,West,HAMPTON ST,,,,0.00,N,Not at Intersection,N,Non-Junction,None,,,         ,William,Caillouette,Clear,"Sideswipe, Same Direction",no,no,no,no,no,False
101355636,METROPOLITAN NASHVILLE POLICE DEPT,20160804957,Davidson,Not in City Limit,9/7/2016 7:30:00 AM,2,0,0,36.078060,-86.993840,I 40,,,,0.00,,,,,,,194.00,N,Not at Intersection, ,Unknown,None,,,         ,Emily,Mulready,Clear,Front to Rear,no,no,no,no,no,False
101355639,METROPOLITAN NASHVILLE POLICE DEPT,20160805330,Davidson,Nashville,9/7/2016 9:37:00 AM,2,0,0,36.145160,-86.740340,I 40,,,,0.00,,,,,,,212.25,N,Not at Intersection, ,Non-Junction,None,,,         ,James,Curtis,Clear,"Sideswipe, Same Direction",no,no,no,no,yes,False
101355642,METROPOLITAN NASHVILLE POLICE DEPT,2016-0805142,Davidson,Nashville,9/7/2016 12:00:00 AM,2,0,0,36.164130,-86.793970,I 40,,,,0.00,,,,,,,208.50,N,Not at Intersection,N,Non-Junction,None,,,         ,William,Caillouette,Clear,Front to Rear,no,no,no,no,no,False
101355644,METROPOLITAN NASHVILLE POLICE DEPT,2016-0805417,Davidson,Nashville,9/7/2016 10:22:00 AM,2,0,0,36.113380,-86.922880,OLD HICKORY BLVD,,,,336.00,Feet,North,I40 W EXT RAMP,,,,0.00,N,Not at Intersection, ,,None,,,         ,Curtis,Rich,,,no,no,no,no,no,False
101355651,METROPOLITAN NASHVILLE POLICE DEPT,2016-0803120,Davidson,Nashville,9/6/2016 5:19:00 PM,2,0,0,36.151410,-86.852740,CHARLOTTE AV,,,,200.00,Feet,West,MORROW RD,,,,0.00,N,Not at Intersection, ,Non-Junction,None,,,         ,Walter,Gray II,Clear,"Sideswipe, Same Direction",no,no,no,no,no,False
101355656,METROPOLITAN NASHVILLE POLICE DEPT,20160804919,Davidson,Nashville,9/7/2016 7:10:00 AM,2,1,0,36.228170,-86.779820,I 24,,,,0.00,,,,,,,44.35,N,Not at Intersection,N,Non-Junction,None,,,         ,Royce,McLester,Clear,Front to Rear,no,no,no,no,yes,False
101355657,METROPOLITAN NASHVILLE POLICE DEPT,20160805179,Davidson,Nashville,9/7/2016 8:52:00 AM,2,0,0,36.200020,-86.776640,I 65,,,,0.00,,,,,,,86.90,N,Not at Intersection, ,Non-Junction,Work Zone,,,         ,Royce,McLester,Clear,"Sideswipe, Same Direction",no,no,no,no,no,False
101355661,METROPOLITAN NASHVILLE POLICE DEPT,20160805324,Davidson,Not in City Limit,9/7/2016 9:50:00 AM,2,0,0,36.269260,-86.755740,OLD HICKORY BLVDW,,,,0.00,Feet,,DICKERSON PKE,,,,0.00,Y,Four-Way, ,Intersection,None,,,         ,Colin,Bleem,Clear,Front to Rear,no,no,no,no,no,False
101355668,METROPOLITAN NASHVILLE POLICE DEPT,20160805279,Davidson,Nashville,9/7/2016 9:40:00 AM,3,2,0,36.153280,-86.821370,CHARLOTTE AV,,,,150.00,Feet,West,31ST AVN,,,,0.00,N,Not at Intersection,N,Non-Junction,None,,,         ,Nathan,Kemp,Clear,Front to Rear,no,no,no,no,no,False
101355670,METROPOLITAN NASHVILLE POLICE DEPT,20160805292,Davidson,Nashville,9/7/2016 9:45:00 AM,2,2,0,36.096910,-86.708630,I 24,,,,0.00,,,,,,,54.80,N,Not at Intersection,N,Non-Junction,None,,,         ,Paul,Ellis,Clear,Front to Rear,no,no,no,no,no,False
101355672,METROPOLITAN NASHVILLE POLICE DEPT,20160805124,Davidson,Nashville,9/7/2016 8:33:00 AM,2,0,0,36.036970,-86.786690,FRANKLIN PKE,,,,162.00,Feet,South,OLD HICKORY BLVD,,,,0.00,N,Not at Intersection, ,Non-Junction,None,,,         ,Phillip,Murphy,Clear,Front to Rear,no,no,no,no,no,False
101355675,METROPOLITAN NASHVILLE POLICE DEPT,20160805438,Davidson,Nashville,9/7/2016 10:20:00 AM,2,0,0,36.189370,-86.833780,DOAK AV,,,,285.00,Feet,West,HAILEY AV,,,,0.00,N,Not at Intersection, ,Non-Junction,None,,,         ,Jeanine,Sarno,Clear,"Sideswipe, Opposite Direction",no,no,no,no,no,False
101355681,METROPOLITAN NASHVILLE POLICE DEPT,20160801674,Davidson,Madison,9/6/2016 8:30:00 AM,2,4,0,0.000000,0.000000,,,US0,419 KEMPER DRIVE,0.10,Feet,South,,,,,0.10,N,Not at Intersection,N,Non-Junction,None,,,         ,Faye,Denson,Clear,Front to Rear,no,no,no,no,no,False
101355684,METROPOLITAN NASHVILLE POLICE DEPT,2016-0805489,Davidson,Nashville,9/7/2016 10:45:00 AM,2,0,0,36.234210,-86.719190,BRILEY PKWYE,,,,319.00,Feet,East,BRILEY PKWYW,,,,0.00,N,Not at Intersection, ,Non-Junction,None,,,         ,Eric,Knight,Clear,"Sideswipe, Same Direction",no,no,no,no,no,False
101355688,METROPOLITAN NASHVILLE POLICE DEPT,20160805215,Davidson,Nashville,9/7/2016 9:05:00 AM,2,0,0,36.040900,-86.779380,OLD HICKORY BLVD,,,,0.00,,,FRANKLIN PIKE CIR,,,,0.00,Y,Four-Way, ,Intersection-Related,None,,,         ,Phillip,Murphy,Clear,"Sideswipe, Same Direction",no,no,no,no,no,False