master_record_number,agency,agency_tracking_number,county,city,collision_date,vehicles_involved,number_injured,number_dead,latitude,longitude,roadway_name,roadway_suffix,roadway_number,roadway_local_id,distance_from_reference,miles-feet_indicator,direction_from_reference,intersection_road_name,intersection_road_name_suffix,intersection_road_number,intersection_local_id,mile_marker,intersection_indicator,intersect_type,interchange_related_indicator,relation_to_junction,work_zone_type,construction_maintenance_zone,construction_maintenance_zone_location,fatal_case_number,officer_first_name,officer_last_name,weather_condition(s),manner_of_crash,pedestrian,bicycle,scooter,parking,hitrun,mou
101355689,METROPOLITAN NASHVILLE POLICE DEPT,2016-0805325,Davidson,Nashville,9/7/2016 9:59:00 AM,2,2,0,36.125060,-86.816030,SHARONDALE DR,,,,0.00,,,WOODLAWN DR,,,,0.00,Y,Four-Way,N,Intersection,None,,,         ,Walter,Gray II,Clear,Angle,no,no,no,no,no,False
101355703,VANDERBILT UNIVERSITY POLICE,16-0805031,Davidson,Nashville,9/7/2016 7:30:00 AM,1,0,0,36.145450,-86.799620,21ST AVS,,,,0.00,,,,,,,0.00,,Not at Intersection, ,,None,,,         ,Linda,Jennings,,,no,yes,no,yes,no,Campus
101355714,METROPOLITAN NASHVILLE POLICE DEPT,20160804905,Davidson,Nashville,9/7/2016 7:00:00 AM,2,0,0,36.184330,-86.798140,I 65,,,,0.00,,,,,,,85.30,N,Not at Intersection,N,Entrance/Exit Ramp Related,None,,,         ,Joshua,Baker,Clear,Angle,no,no,no,no,yes,False
101355717,METROPOLITAN NASHVILLE POLICE DEPT,20160805001,Davidson,Nashville,9/7/2016 7:30:00 AM,2,0,0,36.205940,-86.769270,W TRINITY LN,,,,195.00,Feet,West,E TRINITY LN,,,,0.00,N,Not at Intersection,N,Non-Junction,None,,,         ,Steven,Spillers,Clear,Angle,no,no,no,no,yes,False
101355721,METROPOLITAN NASHVILLE POLICE DEPT,2016-0805562,Davidson,Nashville,9/7/2016 11:29:00 AM,2,0,0,36.159360,-86.792250,I 40,,,,0.00,,,,,,,208.85,N,Not at Intersection,N,Non-Junction,None,,,         ,Timothy,Powell,Clear,"Sideswipe, Same Direction",no,no,no,no,yes,False
101355724,METROPOLITAN NASHVILLE POLICE DEPT,20160803215,Davidson,Nashville,9/6/2016 6:00:00 PM,2,0,0,36.111000,-86.713570,BRILEY PKWYS,,,,54.00,Feet,West,I24 W ENT RAMP,,,,0.00,N,Not at Intersection,N,Non-Junction,None,,,         ,Jessie,Meadows,Clear,Front to Rear,no,no,no,no,no,False
101355725,METROPOLITAN NASHVILLE POLICE DEPT,20160805409,Davidson,Nashville,9/7/2016 12:21:00 PM,2,0,0,36.079300,-86.676510,FRANKLIN LIMESTONE RD,,,,1036.00,Feet,South,MULLINS RD,,,,0.00,N,Not at Intersection, ,,None,,,         ,Jessie,Meadows,,,no,no,no,no,no,False
101355726,METROPOLITAN NASHVILLE POLICE DEPT,20160805566,Davidson,Nashville,9/7/2016 12:50:00 PM,2,0,0,36.044350,-86.657100,I 24,,,,0.00,,,,,,,59.50,N,Not at Intersection, ,Non-Junction,None,,,         ,Jessie,Meadows,Clear,Not Collision with Motor Vehicle in Transport,no,no,no,no,no,False
101355736,METROPOLITAN NASHVILLE POLICE DEPT,20160805601,Davidson,Nashville,9/7/2016 11:40:00 AM,2,0,0,36.039550,-86.781700,I65 N EXT RAMP,,,,0.00,,,I 65,,,,0.00,Y,Y-Intersection, ,,None,,,         ,Nathan,Kemp,,,no,no,no,no,no,False
101355737,METROPOLITAN NASHVILLE POLICE DEPT,20160805714,Davidson,Nashville,9/7/2016 12:35:00 PM,2,0,0,36.150830,-86.796690,BROADWAY,,,,88.00,Feet,South,19TH AVS,,,,0.00,N,Not at Intersection, ,Non-Junction,None,,,         ,Nathan,Kemp,Clear,Front to Rear,no,no,no,no,no,False
101355750,METROPOLITAN NASHVILLE POLICE DEPT,20160796884,Davidson,Nashville,9/4/2016 12:00:00 AM,1,0,1,36.208850,-86.833510,W HAMILTON AV,,,,337.00,Feet,East,HAYNES PARK DR,,,,0.00,N,Not at Intersection,N,Non-Junction,None,,,16-0641  ,Carey,Steel,Unknown,Not Collision with Motor Vehicle in Transport,no,no,no,no,no,False
101355753,METROPOLITAN NASHVILLE POLICE DEPT,2016-0805746,Davidson,Nashville,9/7/2016 12:50:00 PM,2,0,0,36.103350,-86.816090,WARFIELD DR,,,,0.00,,,HILLSBORO PKE,,,,0.00,Y,Four-Way, ,Intersection,None,,,         ,Curtis,Rich,Cloudy,Angle,no,no,no,no,no,False
101355760,METROPOLITAN NASHVILLE POLICE DEPT,20160805818,Davidson,Nashville,9/7/2016 1:10:00 PM,2,0,0,36.074050,-86.724620,GOINS RD,,,,0.00,Feet,East,NOLENSVILLE PKE,,,,0.00,N,Not at Intersection, ,Non-Junction,None,,,         ,Gary,Sneed,Clear,Angle,no,no,no,no,no,False
101355767,METROPOLITAN NASHVILLE POLICE DEPT,20160804868,Davidson,Madison,9/7/2016 6:53:00 AM,2,1,0,0.000000,0.000000,DICKERSON PIKE,,SR0,,0.00,,,,,SR,,0.00,Y,Four-Way,N,Intersection,None,,,         ,Faye,Denson,Clear,Angle,no,no,no,no,no,False
101355778,METROPOLITAN NASHVILLE POLICE DEPT,20160805881,Davidson,Goodlettsville,9/7/2016 1:25:00 PM,2,0,0,36.300390,-86.694610,SHEPHERD HILLS DR,,,,153.00,Feet,South,GALLATIN PKEN,,,,0.00,N,Not at Intersection, ,,None,,,         ,Joshua,Borum,,,no,no,no,no,no,False
101355779,METROPOLITAN NASHVILLE POLICE DEPT,2016-0805744,Davidson,Nashville,9/7/2016 12:46:00 PM,2,0,0,36.128680,-86.853180,WHITE BRIDGE PKE,,,,0.00,,,LIONS HEAD VILLAGE PVTDR,,,,0.00,Y,OTHER,N,Intersection-Related,None,,,         ,Walter,Gray II,Clear,Angle,no,no,no,no,no,False
101355785,METROPOLITAN NASHVILLE POLICE DEPT,2016-0795470,Davidson,Nashville,9/3/2016 9:15:00 PM,2,1,0,36.171430,-86.769040,JAMES ROBERTSON PKWY,,,,0.00,,,INTERSTATE DR,,,,0.00,Y,OTHER,N,OtherLocation,None,,,         ,Kendra,Cowper,Clear,"Sideswipe, Same Direction",no,no,no,no,no,False
101355789,METROPOLITAN NASHVILLE POLICE DEPT,20160803617,Davidson,Not in City Limit,9/6/2016 7:59:00 PM,2,0,0,36.077870,-86.949140,HIGHWAY 70S,,,,60.00,Feet,South,BELLEVUE CTR PVTDR,,,,0.00,N,Not at Intersection,N,Non-Junction,None,,,         ,Adam,Reese,Clear,"Sideswipe, Same Direction",no,no,no,yes,yes,False
101355793,METROPOLITAN NASHVILLE POLICE DEPT,20160797781,Davidson,Nashville,9/4/2016 9:53:00 PM,2,0,0,36.145500,-86.626190,LINCOYA BAY DR,,,,0.00,,,BELL RD,,,,0.00,Y,Four-Way,Y,Intersection-Related,None,,,         ,Reuben,Hewit,Clear,Front to Rear,no,no,no,no,no,False
101355797,METROPOLITAN NASHVILLE POLICE DEPT,20160805842,Davidson,Nashville,9/7/2016 1:16:00 PM,2,0,0,36.255630,-86.690000,WARD RD,,,,0.00,,,KINSEY BLVD,,,,0.00,Y,OTHER,N,Non-Junction,None,,,         ,Eric,Richardson,Clear,Angle,no,no,no,no,no,False
101355799,METROPOLITAN NASHVILLE POLICE DEPT,20160805872,Davidson,Nashville,9/7/2016 1:15:00 PM,2,0,0,36.174790,-86.757010,WOODLAND ST,,,,121.00,Feet,West,S 9TH ST,,,,0.00,N,Not at Intersection, ,Non-Junction,None,,,         ,Andrew,Ivey,Clear,Other,no,no,no,no,no,False
101355804,METROPOLITAN NASHVILLE POLICE DEPT,2016-0805849,Davidson,Nashville,9/7/2016 1:00:00 PM,1,0,0,36.176740,-86.751990,WOODLAND ST,,,,182.00,Feet,West,S 10TH ST,,,,0.00,N,Not at Intersection, ,,None,,,         ,Eric,Knight,,,no,no,no,no,no,False
101355810,METROPOLITAN NASHVILLE POLICE DEPT,2016-0784250,Davidson,Nashville,8/31/2016 11:40:00 AM,2,1,0,36.114900,-86.762730,E IRIS DR,,,,130.00,Feet,North,ERICA PL,,,,0.00,N,Not at Intersection,N,Non-Junction,None,,,         ,Sean,Williams,Clear,Angle,no,no,no,no,no,False
101355811,METROPOLITAN NASHVILLE POLICE DEPT,20160805300,Davidson,Nashville,9/7/2016 9:40:00 AM,2,0,0,36.132650,-86.727160,I 24,,,,0.00,,,,,,,52.00,N,Not at Intersection,N,Non-Junction,None,,,         ,Todd,Watson,Clear,Front to Rear,no,no,no,no,no,False
101355831,METROPOLITAN NASHVILLE POLICE DEPT,2016-0805820,Davidson,Nashville,9/7/2016 1:06:00 PM,2,0,0,36.176960,-86.751430,S 10TH ST,,,,0.00,,,WOODLAND ST,,,,0.00,Y,Four-Way, ,Intersection-Related,None,,,         ,Anthony,Rizo,Clear,Not Collision with Motor Vehicle in Transport,no,no,no,no,no,False
101355842,METROPOLITAN NASHVILLE POLICE DEPT,16-0805831,Davidson,Nashville,9/7/2016 1:10:00 PM,2,0,0,36.151290,-86.768330,2ND AVS,,,,0.00,,,I40 E ENT RAMP,,,,0.00,Y,OTHER, ,Intersection,None,,,         ,Frank,Campbell,Clear,"Sideswipe, Same Direction",no,no,no,no,no,False
101355858,METROPOLITAN NASHVILLE POLICE DEPT,20160805901,Davidson,Nashville,9/7/2016 1:29:00 PM,3,0,0,36.148480,-86.793490,MUSIC SQW,,,,0.00,,,CHET ATKINS PL,,,,0.00,Y,Four-Way,N,Intersection,None,,,         ,Nathan,Kemp,Clear,Angle,no,no,no,no,no,False
101355859,METROPOLITAN NASHVILLE POLICE DEPT,20160775032,Davidson,Not in City Limit,8/28/2016 7:20:00 PM,3,3,0,36.279550,-86.783570,BRICK CHURCH PKE,,,,0.00,,,OLD HICKORY BLVD,,,,0.00,Y,Four-Way,N,Intersection,None,,,         ,Bradley,Campbell,Clear,HeadOn,no,no,no,no,no,False
101355872,METROPOLITAN NASHVILLE POLICE DEPT,20160806135,Davidson,Nashville,9/7/2016 3:05:00 PM,1,0,0,36.043610,-86.781040,I65 N ENT RAMP,,,,0.00,Feet,East,I 65,,,,0.00,N,Not at Intersection,N,Non-Junction,None,,,         ,Tien,Nguyen,Clear,Not Collision with Motor Vehicle in Transport,no,no,no,no,no,False
101355874,METROPOLITAN NASHVILLE POLICE DEPT,20160806113,Davidson,Nashville,9/7/2016 2:59:00 PM,2,1,0,36.213550,-86.687810,MCGAVOCK PKE,,,,0.00,,,PLEASANT GREEN RD,,,,0.00,Y,T-Intersection,Y,Intersection,None,,,         ,Brian,Smith,Clear,Angle,no,no,no,no,no,False
101355877,METROPOLITAN NASHVILLE POLICE DEPT,20160806148,Davidson,Nashville,9/7/2016 3:06:00 PM,2,0,0,36.068880,-86.632870,MURFREESBORO PKE,,,,717.00,Feet,North,FOREST VIEW DR,,,,0.00,N,Not at Intersection, ,Non-Junction,None,,,         ,Larry,Preuett,Clear,"Sideswipe, Same Direction",no,no,no,no,no,False
101355885,GOODLETTSVILLE POLICE DEPT,16-31327,Davidson,Goodlettsville,9/7/2016 2:00:00 PM,2,0,0,36.322260,-86.713310,S MAIN ST,,,,0.00,,,LONG HOLLOW PKE,,,,0.00,Y,Four-Way, ,Intersection,None,,,         ,John,Spencer,Clear,Angle,no,no,no,no,no,False
101355889,METROPOLITAN NASHVILLE POLICE DEPT,20160806178,Davidson,Nashville,9/7/2016 3:00:00 PM,2,0,0,36.033500,-86.712820,BARNES RD,,,,50.00,Feet,East,NOLENSVILLE PKE,,,,0.00,N,Not at Intersection, ,Non-Junction,None,,,         ,Jeffrey,Livingston,Clear,Front to Rear,no,no,no,no,no,False
101355891,METROPOLITAN NASHVILLE POLICE DEPT,20160803832,Davidson,Nashville,9/6/2016 10:00:00 PM,2,0,0,36.190010,-86.790790,I 65,,,,0.00,,,,,,,85.70,N,Not at Intersection, ,,None,,,         ,Gunes,Akyildiz,,,no,no,no,no,no,False
101355892,METROPOLITAN NASHVILLE POLICE DEPT,20160806078,Davidson,Nashville,9/7/2016 2:30:00 PM,2,0,0,36.194030,-86.759500,JONES AV,,,,56.00,Feet,North,DOUGLAS AV,,,,0.00,N,Not at Intersection,N,Non-Junction,None,,,         ,Charles,Wakefield,Clear,Angle,no,no,no,no,yes,False
101355897,METROPOLITAN NASHVILLE POLICE DEPT,20160803599,Davidson,Nashville,9/6/2016 8:38:00 PM,2,0,0,36.125320,-86.713670,EAST THOMPSON LN,,,,83.00,Feet,West,LAWNDALE DR,,,,0.00,N,Not at Intersection, ,Non-Junction,None,,,         ,Michael,Wilson,Clear,"Sideswipe, Same Direction",no,no,no,no,yes,False
101355899,METROPOLITAN NASHVILLE POLICE DEPT,2016-0805630,Davidson,Nashville,9/7/2016 11:55:00 AM,2,0,0,36.152320,-86.791660,DIVISION ST,,,,0.00,,,16TH AVS,,,,0.00,Y,Roundabout, ,OtherLocation,None,,,         ,Jonathan,Seidl,Clear,"Sideswipe, Same Direction",no,no,no,no,no,False
101355908,Nashville Airport Police,2016-02566,Davidson,Nashville,9/6/2016 3:10:00 PM,2,0,0,36.116700,-86.668180,DONELSON PKE,,,,0.00,,,HANGAR LN,,,,0.00,Y,T-Intersection,N,Intersection,None,,,         ,Joseph,Harrell,Clear,"Sideswipe, Same Direction",no,no,no,no,yes,False
101355910,METROPOLITAN NASHVILLE POLICE DEPT,20160806111,Davidson,Nashville,9/7/2016 2:58:00 PM,3,1,0,36.161390,-86.760710,I 24,,,,0.00,,,,,,,49.40,N,Not at Intersection,N,Non-Junction,None,,,         ,Michael,Baron,Clear,Front to Rear,no,no,no,no,no,False
101355916,METROPOLITAN NASHVILLE POLICE DEPT,20160806241,Davidson,Nashville,9/7/2016 3:25:00 PM,2,0,0,36.059040,-86.698100,COLERIDGE DR,,,,114.00,Feet,South,COLEMONT DR,,,,0.00,N,Not at Intersection, ,Non-Junction,None,,,         ,Matthew,Johnson,Clear,Angle,no,no,no,no,no,False
101355921,METROPOLITAN NASHVILLE POLICE DEPT,20160802958,Davidson,Nashville,9/6/2016 4:25:00 PM,1,0,0,36.064420,-86.691270,HORIZON PARK APTS PVTDR,,,,0.00,,,,,,,0.00,,,N,Non-Junction,None,,,         ,David,Hughes,Clear,Not Collision with Motor Vehicle in Transport,no,no,no,no,no,False
101355922,METROPOLITAN NASHVILLE POLICE DEPT,20160806247,Davidson,Nashville,9/7/2016 3:32:00 PM,1,0,0,36.084600,-86.702280,LARGO DR,,,,80.00,Feet,West,WALLACE RD,,,,0.00,N,Not at Intersection,N,Non-Junction,None,,,         ,Alyson,Cook,Clear,Not Collision with Motor Vehicle in Transport,no,no,no,yes,no,False
101355924,METROPOLITAN NASHVILLE POLICE DEPT,2016-0806187,Davidson,Nashville,9/7/2016 3:22:00 PM,2,0,0,36.151140,-86.853790,CHARLOTTE AV,,,,50.00,Feet,West,54TH AVN,,,,0.00,N,Not at Intersection, ,Non-Junction,None,,,         ,Walter,Gray II,Clear,"Sideswipe, Same Direction",no,no,no,no,no,False
101355927,METROPOLITAN NASHVILLE POLICE DEPT,20160806386,Davidson,Nashville,9/7/2016 12:00:00 AM,2,0,0,36.153620,-86.763370,I 40,,,,0.00,,,,,,,210.80,N,Not at Intersection,N,Non-Junction,None,,,         ,Craig,Gentry,Clear,Front to Rear,no,no,no,no,yes,False
101355930,METROPOLITAN NASHVILLE POLICE DEPT,20160806361,Davidson,Nashville,9/7/2016 4:30:00 PM,2,0,0,36.141120,-86.627970,BELL RD,,,,3.00,Feet,South,ELM HILL PKE,,,,0.00,N,Not at Intersection,N,Non-Junction,None,,,         ,Marcus,Mitchell,Clear,Front to Rear,no,no,no,no,no,False
101355931,METROPOLITAN NASHVILLE POLICE DEPT,20160806250,Davidson,Nashville,9/7/2016 3:34:00 PM,2,0,0,36.169560,-86.678220,LEBANON PKE,,,,498.00,Feet,East,MCGAVOCK PKE,,,,0.00,N,Not at Intersection,N,Non-Junction,None,,,         ,Mikala,Moore,Cloudy,Angle,no,no,no,no,no,False
101355933,METROPOLITAN NASHVILLE POLICE DEPT,20160806118,Davidson,Nashville,9/7/2016 2:58:00 PM,2,0,0,36.111390,-86.790740,WOODMONT BLVD,,,,551.00,Feet,East,GRANNY WHITE PKE,,,,0.00,N,Not at Intersection, ,Non-Junction,None,,,         ,Tien,Nguyen,Clear,Front to Rear,no,no,no,no,no,False
101355934,METROPOLITAN NASHVILLE POLICE DEPT,20160806359,Davidson,Nashville,9/7/2016 4:31:00 PM,2,0,0,36.143490,-86.814440,30TH AVS,,,,0.00,,,WEST END AV,,,,0.00,Y,Four-Way, ,Intersection-Related,None,,,         ,Tien,Nguyen,Clear,"Sideswipe, Same Direction",no,no,no,no,no,Campus
101355935,METROPOLITAN NASHVILLE POLICE DEPT,20160806188,Davidson,Nashville,9/7/2016 4:02:00 PM,2,0,0,36.044700,-86.659540,I24 E ENT RAMP,,,,0.00,Feet,East,I 24,,,,0.00,N,Not at Intersection, ,Entrance/Exit Ramp Related,None,,,         ,Jessie,Meadows,Clear,Front to Rear,no,no,no,no,no,False
101355944,METROPOLITAN NASHVILLE POLICE DEPT,2016-0806540,Davidson,Nashville,9/7/2016 3:45:00 PM,1,0,0,36.167970,-86.779590,3RD AVN,,,,299.00,Feet,North,JAMES ROBERTSON PKWY,,,,0.00,N,Not at Intersection, ,Non-Junction,None,,,         ,Walter,Gray II,Clear,Not Collision with Motor Vehicle in Transport,no,no,no,yes,no,False
101355949,METROPOLITAN NASHVILLE POLICE DEPT,20160806335,Davidson,Nashville,9/7/2016 4:06:00 PM,2,0,0,36.167200,-86.656020,STEWARTS FERRY PKE,,,,242.00,Feet,South,DONELSONWOOD DR,,,,0.00,N,Not at Intersection,N,Non-Junction,None,,,         ,Michael,Upchurch,Clear,"Sideswipe, Same Direction",no,no,no,yes,no,False
101355950,METROPOLITAN NASHVILLE POLICE DEPT,20160806455,Davidson,Nashville,9/7/2016 4:45:00 PM,2,0,0,36.151350,-86.666550,DONELSON PKE,,,,71.00,Feet,South,NODYNE DR,,,,0.00,N,Not at Intersection, ,Non-Junction,None,,,         ,John,Kelley,Clear,Angle,no,no,no,no,no,False
101355953,METROPOLITAN NASHVILLE POLICE DEPT,20160806436,Davidson,Nashville,9/7/2016 4:33:00 PM,2,0,0,36.246610,-86.743990,I65 N ENT RAMP,,,,250.00,Feet,South,I 65,,,,0.00,N,Not at Intersection, ,Non-Junction,None,,,         ,Whitney,Arnold,Clear,Front to Rear,no,no,no,no,no,False
101355954,METROPOLITAN NASHVILLE POLICE DEPT,20160806445,Davidson,Nashville,9/7/2016 4:58:00 PM,2,0,0,36.122090,-86.807160,I440 E ENT RAMP,,,,0.00,,,I 440,,,,0.00,Y,Four-Way, ,,None,,,         ,Benjamin,Spees,,,no,no,no,no,no,False
101355964,METROPOLITAN NASHVILLE POLICE DEPT,20160806245,Davidson,Nashville,9/7/2016 3:40:00 PM,2,0,0,36.191810,-86.782000,I 65,,,,0.00,,,,,,,86.20,N,Not at Intersection, ,Non-Junction,Construction Zone,,,         ,Kendra,Cowper,Clear,Front to Rear,no,no,no,no,no,False
101355973,Metro Park Police,20160803332,Davidson,Not in City Limit,9/6/2016 5:44:00 PM,2,0,0,36.267050,-86.702360,CUMBERLAND AV,,,,0.00,Feet,East,N DUPONT AV,,,,0.00,N,Not at Intersection,N,Non-Junction,None,,,         ,Howard,"Wright, Jr.",Clear,Rear to Side,no,no,no,yes,no,False
101355976,GOODLETTSVILLE POLICE DEPT,16-31342,Davidson,Goodlettsville,9/7/2016 5:58:00 PM,2,0,0,36.314370,-86.698990,CONFERENCE DR,,,,96.00,Feet,South,WINDSOR GREEN BLVD,,,,0.00,N,Not at Intersection, ,Non-Junction,None,,,         ,Jeffery,Hunter,Clear,Front to Rear,no,no,no,no,no,False
101355977,METROPOLITAN NASHVILLE POLICE DEPT,20160806490,Davidson,Nashville,9/7/2016 5:42:00 PM,2,0,0,36.091540,-86.651470,MURFREESBORO PKE,,,,123.00,Feet,North,BRITISH WOODS DR,,,,0.00,N,Not at Intersection, ,Non-Junction,None,,,         ,Jessie,Meadows,Clear,Front to Rear,no,no,no,no,no,False
101355978,METROPOLITAN NASHVILLE POLICE DEPT,20160806395,Davidson,Nashville,9/7/2016 4:25:00 PM,2,0,0,36.184550,-86.748040,GALLATIN AV,,,,50.00,Feet,South,CHICAMAUGA AV,,,,0.00,N,Not at Intersection, ,Non-Junction,None,,,         ,Cheri,Cox,Clear,"Sideswipe, Opposite Direction",no,no,no,yes,yes,False
101355980,METROPOLITAN NASHVILLE POLICE DEPT,20160806607,Davidson,Nashville,9/7/2016 5:41:00 PM,2,0,0,36.149450,-86.747570,I 40,,,,0.00,,,,,,,211.75,N,Not at Intersection, ,,None,,,         ,Bryan,Byrnes,,,no,no,no,no,no,False
101355981,METROPOLITAN NASHVILLE POLICE DEPT,20160806393,Davidson,Not in City Limit,9/7/2016 4:35:00 PM,2,0,0,35.991150,-86.664480,BURKITT RD,,,,454.00,Feet,West,GLORYLAND LN,,,,0.00,N,Not at Intersection, ,Non-Junction,None,,,         ,Joseph,Progar,Clear,Front to Rear,no,no,no,no,no,False
101355988,METROPOLITAN NASHVILLE POLICE DEPT,20160806509,Davidson,Nashville,9/7/2016 5:02:00 PM,2,0,0,36.155650,-86.789720,I40 E ENT RAMP,,,,0.00,,,BROADWAY,,,,0.00,Y,Four-Way, ,Intersection-Related,None,,,         ,Tien,Nguyen,Clear,"Sideswipe, Same Direction",no,no,no,no,no,False
101355989,METROPOLITAN NASHVILLE POLICE DEPT,20160806632,Davidson,Nashville,9/7/2016 5:57:00 PM,2,2,0,36.124850,-86.752120,NOLENSVILLE PKE,,,,54.00,Feet,South,ROSEDALE AV,,,,0.00,N,Not at Intersection,N,Non-Junction,None,,,         ,Tien,Nguyen,Clear,Angle,no,no,no,no,no,False
101355992,METROPOLITAN NASHVILLE POLICE DEPT,2016-0806390,Davidson,Not in City Limit,9/7/2016 4:14:00 PM,2,0,0,36.277640,-86.751250,HUNTERS LN,,,,0.00,,,DICKERSON PKE,,,,0.00,Y,Four-Way, ,Intersection-Related,None,,,         ,Joel,Callies,Clear,Front to Rear,no,no,no,no,no,False
101355994,METROPOLITAN NASHVILLE POLICE DEPT,20160806328,Davidson,Nashville,9/7/2016 4:00:00 PM,2,0,0,36.154620,-86.788610,I 40,,,,0.00,,,,,,,209.25,N,Not at Intersection, ,Entrance/Exit Ramp Related,None,,,         ,Conner,Harris,Clear,"Sideswipe, Same Direction",no,no,no,no,no,False
101355995,METROPOLITAN NASHVILLE POLICE DEPT,20160806429,Davidson,Nashville,9/7/2016 4:50:00 PM,2,0,0,36.094700,-86.707110,I 24,,,,0.00,,,,,,,55.00,N,Not at Intersection, ,,None,,,         ,John,Joyce,,,no,no,no,no,no,False
101355996,METROPOLITAN NASHVILLE POLICE DEPT,20160806596,Davidson,Not in City Limit,9/7/2016 5:35:00 PM,2,0,0,36.264140,-86.735720,I65 N EXT RAMP,,,,0.00,,,OLD HICKORY BLVDW,,,,0.00,Y,T-Intersection, ,Entrance/Exit Ramp Related,None,,,         ,Kimberly,Annson,Clear,"Sideswipe, Same Direction",no,no,no,no,no,False
101355998,Nashville Airport Police,2016-2570,Davidson,Nashville,9/6/2016 6:00:00 PM,2,0,0,36.106210,-86.673060,MURFREESBORO PKE,,,,0.00,,,DONELSON PKE,,,,0.00,Y,Four-Way, ,Intersection-Related,None,,,         ,Joseph,Harrell,Clear,Front to Rear,no,no,no,no,no,False
101356000,METROPOLITAN NASHVILLE POLICE DEPT,20160803838,Davidson,Nashville,9/6/2016 9:56:00 PM,2,0,0,36.118870,-86.726430,I 24,,,,0.00,,,,,,,53.00,N,Not at Intersection, ,Non-Junction,None,,,         ,David,Hughes,Clear,"Sideswipe, Same Direction",no,no,no,no,no,False
101356002,METROPOLITAN NASHVILLE POLICE DEPT,20160806522,Davidson,Nashville,9/7/2016 5:25:00 PM,3,2,0,36.162380,-86.790020,CHARLOTTE AV,,,,200.00,Feet,East,11TH AVN,,,,0.00,N,Not at Intersection,N,Non-Junction,None,,,         ,Michael,Baron,Clear,Front to Rear,no,no,no,no,no,False
101356010,METROPOLITAN NASHVILLE POLICE DEPT,2016-0806548,Davidson,Nashville,9/7/2016 4:42:00 PM,2,0,0,36.151630,-86.584230,S NEW HOPE RD,,,,207.00,Feet,North,SEVEN POINTS TRC,,,,0.00,N,Not at Intersection,N,Non-Junction,None,,,         ,Sandra,Talavera,Clear,"Sideswipe, Same Direction",no,no,no,no,yes,False
101356014,METROPOLITAN NASHVILLE POLICE DEPT,20160806750,Davidson,Not in City Limit,9/7/2016 12:00:00 AM,1,0,0,36.302510,-86.857850,WHITES CREEK PKE,,,,888.00,Feet,North,BEAR HOLLOW RD,,,,0.00,N,Not at Intersection, ,,None,,,         ,William,Gibbs,,,no,no,no,no,no,False
101356018,METROPOLITAN NASHVILLE POLICE DEPT,20160806757,Davidson,Nashville,9/7/2016 5:18:00 PM,2,0,0,36.193340,-86.617160,OLD HICKORY BLVD,,,,0.00,,,HERMITAGE MARKETPLACE PVTDR,,,,0.00,Y,OTHER,N,Non-Junction,None,,,         ,Noah,Melton,Clear,Front to Rear,no,no,no,no,no,False
101356019,METROPOLITAN NASHVILLE POLICE DEPT,20160806494,Davidson,Nashville,9/7/2016 5:16:00 PM,2,0,0,36.153320,-86.775740,LAFAYETTE ST,,,,0.00,,,6TH AVS,,,,0.00,Y,Y-Intersection, ,,None,,,         ,Jason,King,,,no,no,no,no,no,False
101356022,METROPOLITAN NASHVILLE POLICE DEPT,20160806659,Davidson,Nashville,9/7/2016 5:50:00 PM,2,0,0,36.188310,-86.746390,GRANADA AV,,,,0.00,,,GALLATIN AV,,,,0.00,Y,T-Intersection, ,Non-Junction,None,,,         ,Cheri,Cox,Clear,Angle,no,no,no,no,no,False
101356046,METROPOLITAN NASHVILLE POLICE DEPT,20160806637,Davidson,Nashville,9/7/2016 6:00:00 PM,4,0,0,36.145410,-86.776970,I 65,,,,0.00,,,,,,,82.20,N,Not at Intersection, ,Non-Junction,None,,,         ,Jonathan,Frith,Clear,Front to Rear,no,no,no,no,no,False
101356048,METROPOLITAN NASHVILLE POLICE DEPT,20160806889,Davidson,Nashville,9/7/2016 6:40:00 PM,2,0,0,36.109840,-86.743360,COLLIER AV,,,,365.00,Feet,East,NOLENSVILLE PKE,,,,0.00,N,Not at Intersection, ,Non-Junction,None,,,         ,Jeffrey,Livingston,Clear,Front to Rear,no,no,no,no,no,False
101356049,METROPOLITAN NASHVILLE POLICE DEPT,20160806864,Davidson,Nashville,9/7/2016 7:11:00 PM,2,0,0,36.139400,-86.880150,CHARLOTTE PKE,,,,173.00,Feet,East,HILLWOOD BLVD,,,,0.00,N,Not at Intersection, ,Non-Junction,None,,,         ,Adam,Reese,Clear,Angle,no,no,no,no,no,False
101356050,METROPOLITAN NASHVILLE POLICE DEPT,20160806159,Davidson,Nashville,9/7/2016 3:13:00 PM,2,0,0,36.147300,-86.757920,LAFAYETTE ST,,,,0.00,,,FAIRFIELD AV,,,,0.00,Y,Four-Way,N,Intersection,None,,,         ,David,Hughes,Clear,Angle,no,no,no,no,no,False
101356054,METROPOLITAN NASHVILLE POLICE DEPT,20160806720,Davidson,Nashville,9/7/2016 5:55:00 PM,2,0,0,36.137100,-86.813620,32ND AVS,,,,117.00,Feet,South,BELCOURT AV,,,,0.00,N,Not at Intersection, ,Non-Junction,None,,,         ,Megan,Lamon,Clear,Front to Rear,no,no,no,no,yes,False
101356056,METROPOLITAN NASHVILLE POLICE DEPT,2016-0806930,Davidson,Nashville,9/7/2016 7:29:00 PM,2,1,0,36.125820,-86.846490,KENNER AV,,,,0.00,,,HARDING PKE,,,,0.00,Y,Four-Way,N,Intersection,None,,,         ,Ryan,Allen,Clear,Front to Rear,no,no,no,no,no,False