master_record_number,agency,agency_tracking_number,county,city,collision_date,vehicles_involved,number_injured,number_dead,latitude,longitude,roadway_name,roadway_suffix,roadway_number,roadway_local_id,distance_from_reference,miles-feet_indicator,direction_from_reference,intersection_road_name,intersection_road_name_suffix,intersection_road_number,intersection_local_id,mile_marker,intersection_indicator,intersect_type,interchange_related_indicator,relation_to_junction,work_zone_type,construction_maintenance_zone,construction_maintenance_zone_location,fatal_case_number,officer_first_name,officer_last_name,weather_condition(s),manner_of_crash,pedestrian,bicycle,scooter,parking,hitrun,mou
101356966,METROPOLITAN NASHVILLE POLICE DEPT,20160810672,Davidson,Nashville,9/8/2016 3:20:00 PM,2,0,0,36.150160,-86.748850,I 40,,,,0.00,,,,,,,211.70,N,Not at Intersection,N,Non-Junction,None,,,         ,Brian,Smith,Clear,"Sideswipe, Same Direction",no,no,no,no,yes,False
101356976,METROPOLITAN NASHVILLE POLICE DEPT,20160811027,Davidson,Not in City Limit,9/8/2016 10:00:00 PM,2,0,0,36.264130,-86.726650,OLD HICKORY BLVDW,,,,23.00,Feet,West,RONNIE RD,,,,0.00,N,Not at Intersection,N,Non-Junction,None,,,         ,Jerry,Pirtle,Cloudy,Front to Rear,no,no,no,no,yes,False
101356982,METROPOLITAN NASHVILLE POLICE DEPT,20160810780,Davidson,Nashville,9/8/2016 8:49:00 PM,2,0,0,36.255370,-86.703660,NEELYS BEND RD,,,,0.00,,,MARGARET ST,,,,0.00,Y,T-Intersection,N,Intersection,None,,,         ,Edward,Draves,Clear,Angle,no,no,no,no,no,False
101356999,METROPOLITAN NASHVILLE POLICE DEPT,20160810186,Davidson,Not in City Limit,9/8/2016 5:10:00 PM,2,0,0,36.262420,-86.764880,WESTCHESTER DR,,,,200.00,Feet,North,STILTON DR,,,,0.00,N,Not at Intersection,N,Non-Junction,None,,,         ,Samuel,Miller,Clear,"Sideswipe, Same Direction",no,no,no,no,yes,False
101357046,METROPOLITAN NASHVILLE POLICE DEPT,2016-0790355,Davidson,Nashville,9/2/2016 4:00:00 AM,2,0,0,36.163170,-86.780190,5TH AVN,,,,0.00,,,CHURCH ST,,,,0.00,Y,Four-Way, ,Intersection,Construction Zone,,,         ,Travis,Baxter,Clear,Angle,no,no,no,no,yes,False
101357050,METROPOLITAN NASHVILLE POLICE DEPT,2016-0801300,Davidson,Nashville,9/6/2016 5:35:00 AM,2,0,0,36.161580,-86.783890,ROSA L PARKS BLVD,,,,0.00,,,CHURCH ST,,,,0.00,Y,Four-Way, ,Intersection,None,,,         ,Travis,Baxter,Clear,Angle,no,no,no,no,no,False
101357058,METROPOLITAN NASHVILLE POLICE DEPT,20160811531,Davidson,Nashville,9/9/2016 1:25:00 AM,2,0,0,36.207860,-86.685210,KIMBERLY DR,,,,0.00,Feet,,FAIRBROOK DR,,,,0.00,Y,Four-Way, ,Intersection,None,,,         ,Curtis,Fisher,Clear,Front to Rear,no,no,no,no,no,False
101357062,METROPOLITAN NASHVILLE POLICE DEPT,20160811587,Davidson,Nashville,9/9/2016 1:45:00 AM,3,0,0,36.145770,-86.819370,LONG BLVD,,,,0.00,,,OMAN ST,,,,0.00,Y,T-Intersection,N,Non-Junction,None,,,         ,Ryan,Worstall,Clear,Front to Rear,no,no,no,no,no,False
101357064,METROPOLITAN NASHVILLE POLICE DEPT,20160809441,Davidson,Not in City Limit,9/8/2016 12:48:00 PM,2,0,0,36.012500,-86.703680,NOLENSVILLE PKE,,,,49.00,Feet,North,HOLT RD,,,,0.00,N,Not at Intersection, ,Non-Junction,None,,,         ,Gary,Sneed,Clear,Front to Rear,no,no,no,no,no,False
101357068,METROPOLITAN NASHVILLE POLICE DEPT,2016-0809609,Davidson,Nashville,9/7/2016 12:00:00 AM,2,0,0,36.102120,-86.867390,WINDSOR DR,,,,318.00,Feet,North,HARDING PL,,,,0.00,N,Not at Intersection, ,Non-Junction,None,,,         ,Curtis,Rich,Unknown,Unknown,no,no,no,yes,yes,False
101357086,METROPOLITAN NASHVILLE POLICE DEPT,2016-0812221,Davidson,Nashville,9/9/2016 7:00:00 AM,2,0,0,36.111500,-86.922360,I 40,,,,0.00,,,,,,,199.30,N,Not at Intersection, ,,None,,,         ,Curtis,Rich,,,no,no,no,no,no,False
101357093,METROPOLITAN NASHVILLE POLICE DEPT,20160809493,Davidson,Not in City Limit,9/8/2016 1:06:00 PM,2,0,0,36.012380,-86.703610,NOLENSVILLE PKE,,,,0.00,Feet,,HOLT RD,,,,0.00,Y,T-Intersection,N,Intersection,None,,,         ,Gary,Sneed,Clear,Front to Rear,no,no,no,no,no,False
101357101,METROPOLITAN NASHVILLE POLICE DEPT,20160812148,Davidson,Nashville,9/9/2016 6:49:00 AM,3,0,0,36.083650,-86.647220,MURFREESBORO PKE,,,,0.00,,,BROOKSBORO PL,,,,0.00,Y,Four-Way, ,Intersection,None,,,         ,MIchael,Mihajlov,Clear,Front to Rear,no,no,no,no,no,False
101357102,METROPOLITAN NASHVILLE POLICE DEPT,20160812302,Davidson,Nashville,9/9/2016 7:50:00 AM,2,0,0,36.174190,-86.604100,CENTRAL PKE,,,,38.00,Feet,East,SHURGARD WAY,,,,0.00,N,Not at Intersection, ,Non-Junction,None,,,         ,Gregory,Lindstrom,Clear,"Sideswipe, Same Direction",no,no,no,no,no,False
101357103,METROPOLITAN NASHVILLE POLICE DEPT,20160812222,Davidson,Nashville,9/9/2016 7:30:00 AM,2,0,0,36.040680,-86.781200,I65 N ENT RAMP,,,,0.00,Feet,East,I 65,,,,0.00,N,Not at Intersection, ,Entrance/Exit Ramp Related,None,,,         ,Gary,Sneed,Clear,Front to Rear,no,no,no,no,no,False
101357110,METROPOLITAN NASHVILLE POLICE DEPT,20160812267,Davidson,Nashville,9/9/2016 7:45:00 AM,2,0,0,36.146780,-86.777100,I40 W ENT RAMP,,,,0.00,Feet,East,I 65,,,,0.00,N,Not at Intersection, ,Entrance/Exit Ramp Related,None,,,         ,Darrell,Osment,Clear,Front to Rear,no,no,no,no,no,False
101357112,METROPOLITAN NASHVILLE POLICE DEPT,2016-0812165,Davidson,Nashville,9/9/2016 6:58:00 AM,2,3,0,36.041140,-86.776210,BRENTWOOD TRC,,,,0.00,,,BRENTWOOD COMMONS WAY,,,,0.00,Y,Four-Way,N,Intersection,None,,,         ,Jonathan,Seidl,Clear,Angle,no,no,no,no,no,False
101357115,METROPOLITAN NASHVILLE POLICE DEPT,20160812308,Davidson,Nashville,9/9/2016 8:10:00 AM,2,0,0,36.188860,-86.730430,GREENWOOD AV,,,,378.00,Feet,West,PORTER RD,,,,0.00,N,Not at Intersection, ,Non-Junction,None,,,         ,Andrew,Ivey,Clear,"Sideswipe, Opposite Direction",no,no,no,no,no,False
101357116,METROPOLITAN NASHVILLE POLICE DEPT,20160812248,Davidson,Nashville,9/9/2016 7:40:00 AM,3,2,0,36.044770,-86.661530,CANE RIDGE RD,,,,0.00,,,BELL RD,,,,0.00,Y,Four-Way,N,Intersection-Related,None,,,         ,Kenneth,Alexandrow,Clear,Front to Rear,no,no,no,no,no,False
101357119,METROPOLITAN NASHVILLE POLICE DEPT,20160809367,Davidson,Nashville,9/8/2016 12:20:00 PM,3,0,0,36.229700,-86.761020,EWING DR,,,,527.00,Feet,West,BROADMOOR DR,,,,0.00,N,Not at Intersection,N,Non-Junction,None,,,         ,Randall,Smith,Clear,Angle,no,no,no,no,yes,False
101357123,METROPOLITAN NASHVILLE POLICE DEPT,20160812197,Davidson,Not in City Limit,9/9/2016 7:15:00 AM,3,2,0,36.265690,-86.830890,OLD HICKORY BLVD,,,,0.00,,,WHITES CREEK PKE,,,,0.00,Y,Four-Way,N,Intersection,None,,,         ,Royce,McLester,Clear,Front to Rear,no,no,no,no,no,False
101357127,METROPOLITAN NASHVILLE POLICE DEPT,2016-0812424,Davidson,Nashville,9/9/2016 8:55:00 AM,2,0,0,36.171480,-86.870740,BRILEY PKWY S EXT RAMP,,,,0.00,,,CENTENNIAL BLVD,,,,0.00,Y,Y-Intersection, ,,None,,,         ,Curtis,Rich,,,no,no,no,no,no,False
101357128,METROPOLITAN NASHVILLE POLICE DEPT,2016-0812152,Davidson,Nashville,9/9/2016 6:49:00 AM,2,2,0,36.070870,-86.635080,MURFREESBORO PKE,,,,487.00,Feet,South,BELL RD,,,,0.00,N,Not at Intersection,N,"Driveway, Alley Access, etc",None,,,         ,William,Whitworth,Clear,Angle,no,no,no,no,no,False
101357129,METROPOLITAN NASHVILLE POLICE DEPT,20160812233,Davidson,Nashville,9/9/2016 7:35:00 AM,1,1,0,36.173130,-86.600790,BURNING TREE DR,,,,82.00,Feet,North,CENTRAL PKE,,,,0.00,N,Not at Intersection,N,Non-Junction,None,,,         ,Richard,Hyatt,Clear,Not Collision with Motor Vehicle in Transport,yes,no,no,no,no,False
101357133,METROPOLITAN NASHVILLE POLICE DEPT,20160812299,Davidson,Nashville,9/9/2016 7:55:00 AM,2,0,0,36.248600,-86.728630,DUE WEST AVW,,,,0.00,,,SAUNDERS AV,,,,0.00,Y,Four-Way,N,Intersection-Related,None,,,         ,Spencer,Pittman,Clear,Front to Rear,no,no,no,no,yes,False
101357141,METROPOLITAN NASHVILLE POLICE DEPT,20160812215,Davidson,Nashville,9/9/2016 7:33:00 AM,2,1,0,36.143400,-86.686990,I 40,,,,0.00,,,,,,,215.45,N,Not at Intersection,N,Non-Junction,None,,,         ,Gerry,Hutcheson,Clear,Front to Rear,no,no,no,no,no,False
101357150,METROPOLITAN NASHVILLE POLICE DEPT,20160812426,Davidson,Nashville,9/9/2016 8:25:00 AM,2,0,0,36.081510,-86.714150,HARDING PL,,,,155.00,Feet,West,WHISPERING OAKS PL,,,,0.00,N,Not at Intersection, ,,Work Zone,,,         ,David,Smith,,,no,no,no,no,no,False
101357172,METROPOLITAN NASHVILLE POLICE DEPT,20160812550,Davidson,Nashville,9/9/2016 9:40:00 AM,2,1,0,36.059650,-86.722470,MCMURRAY DR,,,,5.00,Feet,South,CHERRYWOOD DR,,,,0.00,N,Not at Intersection,N,Non-Junction,None,,,         ,Gary,Sneed,Clear,Front to Rear,no,no,no,no,no,False
101357179,BERRY HILL POLICE DEPT,16-3224,Davidson,Berry Hill,9/8/2016 12:00:00 AM,2,0,0,36.124520,-86.765220,BRANSFORD AV,,,,282.00,Feet,South,ROSEDALE AV,,,,0.00,N,Not at Intersection, ,Non-Junction,None,,,         ,Timothy,Coleman,Clear,Unknown,no,no,no,yes,yes,False
101357183,METROPOLITAN NASHVILLE POLICE DEPT,20160812619,Davidson,Nashville,9/9/2016 9:56:00 AM,2,0,0,36.061160,-86.721280,MCMURRAY DR,,,,0.00,,,WHISPERING HILLS DR,,,,0.00,Y,Four-Way, ,,None,,,         ,Gary,Sneed,,,no,no,no,no,no,False
101357185,METROPOLITAN NASHVILLE POLICE DEPT,20160812480,Davidson,Nashville,9/9/2016 9:00:00 AM,2,0,0,36.143740,-86.737900,I 40,,,,0.00,,,,,,,212.60,N,Not at Intersection,N,Non-Junction,None,,,         ,Larry,Benz,Clear,Angle,no,no,no,no,no,False
101357189,METROPOLITAN NASHVILLE POLICE DEPT,20160812464,Davidson,Nashville,9/9/2016 8:48:00 AM,2,0,0,36.136230,-86.629790,BELL RD,,,,0.00,,,REELFOOT DR,,,,0.00,Y,T-Intersection,N,Intersection,None,,,         ,Wesley,Young,Clear,"Sideswipe, Opposite Direction",no,no,no,no,no,False
101357190,METROPOLITAN NASHVILLE POLICE DEPT,2016-0812508,Davidson,Nashville,9/9/2016 9:12:00 AM,2,1,0,36.141770,-86.713870,I 40,,,,0.00,,,,,,,214.00,N,Not at Intersection,N,Non-Junction,None,,,         ,Ralph,Harvey,Clear,Front to Rear,no,no,no,no,no,False
101357198,METROPOLITAN NASHVILLE POLICE DEPT,20160809654,Davidson,Nashville,9/8/2016 1:58:00 PM,2,1,0,36.030470,-86.743980,EDMONDSON PKE,,,,0.00,Feet,,CLOVERLAND DR,,,,0.00,Y,OTHER,N,OtherLocation,None,,,         ,Paul,Goebel,Clear,Front to Rear,no,no,no,no,no,False
101357201,THP District 9 - Administrative,316048443,Davidson,Nashville,8/31/2016 3:40:00 PM,4,0,0,36.161150,-86.760660,I 24,,,,0.00,,,,,,,49.40,N,Not at Intersection,N,Non-Junction,None,,,         ,Steve,Sakarapanee,Clear,Front to Rear,no,no,no,no,no,False
101357206,METROPOLITAN NASHVILLE POLICE DEPT,20160812333,Davidson,Nashville,9/9/2016 8:18:00 AM,2,0,0,36.139780,-86.700180,BRILEY PKWYN,,,,100.00,Feet,North,I40 E ENT RAMP,,,,0.00,N,Not at Intersection, ,Non-Junction,None,,,         ,Terry,Denton,Clear,Angle,no,no,no,no,no,False
101357212,METROPOLITAN NASHVILLE POLICE DEPT,2016-0812615,Davidson,Nashville,9/9/2016 9:58:00 AM,2,0,0,36.041700,-86.748620,OLD HICKORY BLVD,,,,0.00,,,COPPERFIELD WAY,,,,0.00,Y,T-Intersection,N,Intersection,None,,,         ,Jonathan,Seidl,Clear,Front to Rear,no,no,no,no,no,False
101357215,METROPOLITAN NASHVILLE POLICE DEPT,2016-0812707,Davidson,Nashville,9/9/2016 10:25:00 AM,2,0,0,36.147400,-86.785720,12TH AVS,,,,19.00,Feet,North,SOUTH ST,,,,0.00,N,Not at Intersection, ,Non-Junction,None,,,         ,David,Anderson,Clear,Angle,no,no,no,no,no,False
101357221,METROPOLITAN NASHVILLE POLICE DEPT,20160812545,Davidson,Nashville,9/9/2016 8:11:00 AM,2,1,0,36.045550,-86.711340,OLD HICKORY BLVD,,,,571.00,Feet,East,NOLENSVILLE PKE,,,,0.00,N,Not at Intersection,N,Non-Junction,None,,,         ,Brandon,O'Guin,Clear,Front to Rear,no,no,no,no,no,False
101357222,METROPOLITAN NASHVILLE POLICE DEPT,20160812800,Davidson,Nashville,9/9/2016 11:10:00 AM,2,0,0,36.173590,-86.602150,CENTRAL PKE,,,,0.00,,,OLD HICKORY BLVD,,,,0.00,Y,Four-Way, ,Non-Junction,None,,,         ,Wesley,Young,Clear,Front to Rear,no,no,no,no,no,False
101357227,METROPOLITAN NASHVILLE POLICE DEPT,20160812832,Davidson,Nashville,9/9/2016 11:12:00 AM,2,0,0,36.159820,-86.774830,3RD AVS,,,,111.00,Feet,North,DEMONBREUN ST,,,,0.00,N,Not at Intersection, ,,None,,,         ,Christian,Martin,,,no,no,no,no,no,False
101357232,METROPOLITAN NASHVILLE POLICE DEPT,20160812374,Davidson,Nashville,9/9/2016 8:30:00 AM,4,0,0,36.125380,-86.733580,I 440,,,,0.00,,,,,,,7.20,N,Not at Intersection,N,Non-Junction,None,,,         ,Todd,Watson,Clear,Front to Rear,no,no,no,no,no,False
101357234,METROPOLITAN NASHVILLE POLICE DEPT,20160812861,Davidson,Nashville,9/9/2016 11:36:00 AM,2,1,0,36.088250,-86.649510,MURFREESBORO PKE,,,,331.00,Feet,South,RANSOM PL,,,,0.00,N,Not at Intersection,N,Non-Junction,None,,,         ,MIchael,Mihajlov,Clear,Rear to Rear,no,no,no,yes,no,False
101357241,METROPOLITAN NASHVILLE POLICE DEPT,20160801497,Davidson,Nashville,9/6/2016 7:36:00 AM,2,0,0,36.185650,-86.747570,GALLATIN AV,,,,0.00,,,SEYMOUR AV,,,,0.00,Y,Four-Way, ,Non-Junction,None,,,         ,Alex,Moore,Clear,Angle,no,no,no,no,no,False
101357272,METROPOLITAN NASHVILLE POLICE DEPT,20160812685,Davidson,Nashville,9/9/2016 11:31:00 AM,2,0,0,36.105990,-86.673180,DONELSON PKE,,,,86.00,Feet,South,MURFREESBORO PKE,,,,0.00,N,Not at Intersection,N,Non-Junction,None,,,         ,Jessie,Meadows,Clear,Angle,no,no,no,no,no,False
101357273,METROPOLITAN NASHVILLE POLICE DEPT,20160812981,Davidson,Nashville,9/9/2016 12:26:00 PM,2,0,0,36.046950,-86.656710,BELL RD,,,,316.00,Feet,West,HICKORY HOLLOW PKWY,,,,0.00,N,Not at Intersection,N,Non-Junction,None,,,         ,Jessie,Meadows,Clear,Front to Rear,no,no,no,no,no,False
101357275,METROPOLITAN NASHVILLE POLICE DEPT,20160812873,Davidson,Nashville,9/9/2016 11:40:00 AM,2,0,0,36.040490,-86.770220,OLD HICKORY BLVD,,,,254.00,Feet,East,SEVEN SPRINGS WAY PVTDR,,,,0.00,N,Not at Intersection,N,Non-Junction,None,,,         ,Kevin,Crawford,Clear,Front to Rear,no,no,no,no,no,False
101357277,METROPOLITAN NASHVILLE POLICE DEPT,2016-0769242,Davidson,Nashville,8/26/2016 2:55:00 PM,2,0,0,36.178210,-86.785470,2ND AVN,,,,0.00,,,MONROE ST,,,,0.00,Y,Four-Way,N,Intersection,None,,,         ,David,Snowden,Clear,Angle,no,no,no,no,no,False
101357281,METROPOLITAN NASHVILLE POLICE DEPT,20160809485,Davidson,Nashville,9/8/2016 12:57:00 PM,3,1,0,36.233140,-86.758660,DICKERSON PKE,,,,0.00,,,W MAPLEWOOD LN,,,,0.00,Y,Four-Way,Y,Intersection,None,,,         ,Alex,Moore,Clear,Front to Rear,no,no,no,no,no,False
101357283,METROPOLITAN NASHVILLE POLICE DEPT,20160812655,Davidson,Nashville,9/9/2016 10:15:00 AM,2,0,0,36.045400,-86.712870,OLD HICKORY BLVD,,,,116.00,Feet,East,NOLENSVILLE PKE,,,,0.00,N,Not at Intersection, ,Non-Junction,None,,,         ,Brandon,O'Guin,Clear,Angle,no,no,no,no,yes,False
101357291,METROPOLITAN NASHVILLE POLICE DEPT,20160813026,Davidson,Nashville,9/9/2016 12:26:00 PM,2,0,0,36.154730,-86.760010,I 40,,,,0.00,,,,,,,211.00,N,Not at Intersection,Y,Non-Junction,None,,,         ,Richard,Hyatt,Clear,"Sideswipe, Same Direction",no,no,no,no,yes,False
101357292,METROPOLITAN NASHVILLE POLICE DEPT,20160812872,Davidson,Nashville,9/9/2016 11:40:00 AM,2,0,0,36.118180,-86.809820,HILLSBORO PKE,,,,113.00,Feet,North,GOLF CLUB LN,,,,0.00,N,Not at Intersection,N,Non-Junction,None,,,         ,Citlaly,Juarez,Clear,"Sideswipe, Same Direction",no,no,no,no,yes,False
101357296,METROPOLITAN NASHVILLE POLICE DEPT,20160813032,Davidson,Nashville,9/9/2016 12:26:00 PM,2,0,0,36.198990,-86.620430,OLD HICKORY BLVD,,,,207.00,Feet,North,LEBANON PKE,,,,0.00,N,Not at Intersection, ,Non-Junction,None,,,         ,Wesley,Young,Clear,Front to Rear,no,no,no,no,no,False
101357304,METROPOLITAN NASHVILLE POLICE DEPT,20160813079,Davidson,Nashville,9/9/2016 12:45:00 PM,1,0,0,36.152120,-86.873330,COLUMBIA AV,,,,191.00,Feet,East,CROLEY DR,,,,0.00,N,Not at Intersection, ,,None,,,         ,Michael,Pyle,,,no,no,no,no,no,False
101357317,METROPOLITAN NASHVILLE POLICE DEPT,20160812821,Davidson,Nashville,9/9/2016 1:44:00 PM,2,0,0,36.153970,-86.787670,DEMONBREUN ST,,,,0.00,,,I40 W EXT RAMP,,,,0.00,Y,Four-Way, ,,None,,,         ,Robert,Magner,,,no,no,no,no,no,False
101357329,METROPOLITAN NASHVILLE POLICE DEPT,20160813196,Davidson,Nashville,9/9/2016 1:19:00 PM,2,0,0,36.136300,-86.725850,MURFREESBORO PKE,,,,300.00,Feet,West,SPENCE LN,,,,0.00,N,Not at Intersection,N,Non-Junction,None,,,         ,Terry,Denton,Clear,"Sideswipe, Same Direction",no,no,no,no,yes,False
101357334,METROPOLITAN NASHVILLE POLICE DEPT,20160813103,Davidson,Nashville,9/9/2016 12:33:00 PM,2,0,0,36.192320,-86.616300,OLD HICKORY BLVD,,,,0.00,,,JUAREZ DR,,,,0.00,Y,Four-Way,N,Intersection,None,,,         ,Cassandra,Del Bosco,Clear,Angle,no,no,no,no,no,False
101357337,GOODLETTSVILLE POLICE DEPT,16-31509,Davidson,Goodlettsville,9/9/2016 12:25:00 PM,2,0,0,36.321160,-86.701360,CONFERENCE,,,,600.00,Feet,South,NORTHGATE,,,,0.00,N,Not at Intersection, ,Non-Junction,None,,,         ,Jeremy,Baker,Clear,Angle,no,no,no,no,no,False
101357355,METROPOLITAN NASHVILLE POLICE DEPT,20160794346,Davidson,Nashville,9/3/2016 10:15:00 AM,2,1,0,36.050230,-86.647200,BELL ROAD,,,,0.00,Feet,West,BELL ROAD,,,,0.00,N,Not at Intersection,N,Non-Junction,None,,,         ,Jedidayah,Merriweather,Clear,Angle,no,no,no,yes,yes,False
101357356,METROPOLITAN NASHVILLE POLICE DEPT,20160796680,Davidson,Antioch,9/4/2016 10:15:00 AM,2,1,0,36.042320,-86.607480,HOBSON PKE,,,,334.00,Feet,West,MURFREESBORO PKE,,,,0.00,N,Not at Intersection,N,Non-Junction,None,,,         ,Jedidayah,Merriweather,Clear,Front to Rear,no,no,no,no,no,False
101357359,METROPOLITAN NASHVILLE POLICE DEPT,20160813362,Davidson,Nashville,9/9/2016 2:25:00 PM,2,0,0,36.052210,-86.644910,EAGLE VIEW BLVD,,,,0.00,,,BELL RD,,,,0.00,Y,T-Intersection, ,,None,,,         ,Kenneth,Alexandrow,,,no,no,no,no,no,False
101357372,GOODLETTSVILLE POLICE DEPT,16-31511,Davidson,Goodlettsville,9/9/2016 12:55:00 PM,2,0,0,36.310751,-86.685407,VIETNAM VETERANS,BLVD,SR386,,1.20,Feet,East,,,,,5.00,N,Not at Intersection, ,Non-Junction,None,,,         ,Jeremy,Baker,Clear,"Sideswipe, Same Direction",no,no,no,no,no,False
101357397,METROPOLITAN NASHVILLE POLICE DEPT,20160813144,Davidson,Nashville,9/9/2016 1:00:00 PM,2,0,0,36.086720,-86.730060,NOLENSVILLE PKE,,,,72.00,Feet,South,ELYSIAN FIELDS CT,,,,0.00,N,Not at Intersection,N,"Driveway, Alley Access, etc",None,,,         ,Todd,Watson,Clear,Angle,no,no,no,no,no,False
101357415,METROPOLITAN NASHVILLE POLICE DEPT,20160813347,Davidson,Nashville,9/9/2016 2:13:00 PM,2,2,0,36.192320,-86.616300,OLD HICKORY BLVD,,,,0.00,,,JUAREZ DR,,,,0.00,Y,Four-Way,N,Intersection,None,,,         ,Michael,Apsey,Clear,Angle,no,no,no,no,no,False
101357417,METROPOLITAN NASHVILLE POLICE DEPT,20160813112,Davidson,Nashville,9/9/2016 12:17:00 PM,2,0,0,36.244420,-86.782580,BRICK CHURCH LN,,,,0.00,,,BRILEY PARK BLVDN,,,,0.00,Y,Four-Way, ,Intersection,None,,,         ,Spencer,Pittman,Clear,Angle,no,no,no,no,no,False
101357421,GOODLETTSVILLE POLICE DEPT,16-31514,Davidson,Goodlettsville,9/9/2016 1:20:00 PM,3,0,0,36.312240,-86.674947,VIETNAM VETERANS,BLVD,SR386,,2.20,Feet,West,,,,,30.00,N,Not at Intersection,N,Non-Junction,None,,,         ,Jeremy,Baker,Clear,Front to Rear,no,no,no,no,no,False
101357446,METROPOLITAN NASHVILLE POLICE DEPT,20160810254,Davidson,Nashville,9/8/2016 5:30:00 PM,2,0,0,36.143240,-86.791870,EDGEHILL AV,,,,0.00,,,VILLA PL,,,,0.00,Y,Four-Way,N,Intersection,None,,,         ,Nicholas,Berens,Clear,Angle,no,no,no,no,no,False
101357469,METROPOLITAN NASHVILLE POLICE DEPT,20160812766,Davidson,Goodlettsville,9/9/2016 10:55:00 AM,2,0,0,36.297700,-86.698530,GALLATIN PKEN,,,,342.00,Feet,North,RIVERGATE PKWY,,,,0.00,N,Not at Intersection, ,Non-Junction,None,,,         ,Colin,Bleem,Clear,"Sideswipe, Same Direction",no,no,no,no,no,False
101357471,METROPOLITAN NASHVILLE POLICE DEPT,20160813437,Davidson,Nashville,9/9/2016 2:55:00 PM,2,2,0,36.156850,-86.807440,22ND AVN,,,,201.00,Feet,North,CHARLOTTE AV,,,,0.00,N,Not at Intersection,N,Non-Junction,None,,,         ,Andy,Esqueda,Clear,Angle,no,no,no,yes,no,False
101357474,METROPOLITAN NASHVILLE POLICE DEPT,20160813451,Davidson,Nashville,9/9/2016 3:06:00 PM,2,1,0,36.220610,-86.754220,HART LN,,,,0.00,,,JONES AV,,,,0.00,Y,T-Intersection,N,Intersection,None,,,         ,Christopher,Valdez,Clear,Angle,no,no,no,no,no,False
101357475,METROPOLITAN NASHVILLE POLICE DEPT,20160813438,Davidson,Nashville,9/9/2016 3:00:00 PM,2,1,0,36.120640,-86.911580,I 40,,,,0.00,,,,,,,200.10,N,Not at Intersection,N,Non-Junction,None,,,         ,Benjamin,Spees,Clear,Front to Rear,no,no,no,no,yes,False
101357476,METROPOLITAN NASHVILLE POLICE DEPT,20160792073,Davidson,Nashville,9/2/2016 4:12:00 PM,2,0,0,36.070830,-86.635030,MURFREESBORO PKE,,,,508.00,Feet,South,BELL RD,,,,0.00,N,Not at Intersection,N,Non-Junction,None,,,         ,Tamara,Zurawski,Clear,Angle,no,no,no,no,no,False
101357482,METROPOLITAN NASHVILLE POLICE DEPT,20160813476,Davidson,Nashville,9/9/2016 3:10:00 PM,2,0,0,36.079600,-86.726320,NOLENSVILLE PKE,,,,0.00,,,HARDING PL,,,,0.00,Y,Four-Way, ,Non-Junction,None,,,         ,Andrew,Mullen,Clear,Front to Rear,no,no,no,no,no,False
101357486,METROPOLITAN NASHVILLE POLICE DEPT,20160813471,Davidson,Nashville,9/9/2016 2:51:00 PM,1,0,0,36.174150,-86.605920,I40 E EXT RAMP,,,,0.00,Feet,East,CENTRAL PKE,,,,0.00,N,Not at Intersection,N,Non-Junction,None,,,         ,Noah,Melton,Clear,Not Collision with Motor Vehicle in Transport,no,no,no,no,no,False
101357487,METROPOLITAN NASHVILLE POLICE DEPT,20160813266,Davidson,Nashville,9/9/2016 3:16:00 PM,2,2,0,36.086870,-86.696200,HARDING PL,,,,71.00,Feet,West,S PERIMETER PARK DR,,,,0.00,N,Not at Intersection,N,Non-Junction,None,,,         ,Jessie,Meadows,Clear,Front to Rear,no,no,no,no,no,False
101357488,METROPOLITAN NASHVILLE POLICE DEPT,20160813270,Davidson,Nashville,9/9/2016 2:35:00 PM,2,0,0,36.139490,-86.745950,ENOS REED DR,,,,171.00,Feet,East,FESSLERS LN,,,,0.00,N,Not at Intersection,N,Non-Junction,None,,,         ,Jessie,Meadows,Clear,Angle,no,no,no,no,no,False
101357490,METROPOLITAN NASHVILLE POLICE DEPT,20160813523,Davidson,Nashville,9/9/2016 3:36:00 PM,2,0,0,36.058580,-86.773410,I 65,,,,0.00,,,,,,,75.15,N,Not at Intersection, ,Non-Junction,None,,,         ,Tien,Nguyen,Clear,Not Collision with Motor Vehicle in Transport,no,no,no,no,no,False
101357491,GOODLETTSVILLE POLICE DEPT,16-31520,Davidson,Goodlettsville,9/9/2016 1:40:00 PM,2,0,0,36.319610,-86.702760,I 65,,,,0.00,,,,,,,96.70,N,Not at Intersection, ,Non-Junction,None,,,         ,Charles,Hauskin,Clear,Front to Rear,no,no,no,no,no,False
101357497,METROPOLITAN NASHVILLE POLICE DEPT,20160813371,Davidson,Nashville,9/9/2016 2:28:00 PM,2,2,0,36.199710,-86.868020,BRILEY PKWYN,,,,2400.00,Feet,South,BRILEY PKWYS,,,,0.00,N,Not at Intersection,N,Non-Junction,None,,,         ,Michael,Brooks,Clear,Front to Rear,no,no,no,no,no,False
101357502,METROPOLITAN NASHVILLE POLICE DEPT,20160813441,Davidson,Not in City Limit,9/9/2016 2:27:00 PM,2,0,0,36.336540,-86.870040,WHITES CREEK PKE,,,,0.00,,,MORGAN RD,,,,0.00,Y,T-Intersection, ,Intersection-Related,None,,,         ,William,Gibbs,Clear,Front to Rear,no,no,no,no,no,False
101357505,METROPOLITAN NASHVILLE POLICE DEPT,20160813630,Davidson,Nashville,9/9/2016 4:08:00 PM,2,0,0,36.150590,-86.749750,I 40,,,,0.00,,,,,,,211.60,N,Not at Intersection, ,Non-Junction,None,,,         ,Mikala,Moore,Clear,Front to Rear,no,no,no,no,no,False