master_record_number,agency,agency_tracking_number,county,city,collision_date,vehicles_involved,number_injured,number_dead,latitude,longitude,roadway_name,roadway_suffix,roadway_number,roadway_local_id,distance_from_reference,miles-feet_indicator,direction_from_reference,intersection_road_name,intersection_road_name_suffix,intersection_road_number,intersection_local_id,mile_marker,intersection_indicator,intersect_type,interchange_related_indicator,relation_to_junction,work_zone_type,construction_maintenance_zone,construction_maintenance_zone_location,fatal_case_number,officer_first_name,officer_last_name,weather_condition(s),manner_of_crash,pedestrian,bicycle,scooter,parking,hitrun,mou
101359135,METROPOLITAN NASHVILLE POLICE DEPT,20160820464,Davidson,Nashville,9/12/2016 5:08:00 AM,2,1,0,36.252930,-86.743610,DUE WEST AVN,,,,0.00,,,,,,,0.00,,,N,"Driveway, Alley Access, etc",None,,,         ,Patrick,McGinnis,Clear,Angle,no,no,no,no,no,False
101359138,METROPOLITAN NASHVILLE POLICE DEPT,20160820500,Davidson,Nashville,9/12/2016 5:30:00 AM,2,0,0,36.063320,-86.637390,RICE RD,,,,0.00,,,BELL RD,,,,0.00,Y,T-Intersection, ,Non-Junction,None,,,         ,Daniel,Garrett,Clear,Front to Rear,no,no,no,no,no,False
101359149,METROPOLITAN NASHVILLE POLICE DEPT,2016-0820570,Davidson,Nashville,9/12/2016 6:19:00 AM,2,0,0,36.208300,-86.788870,W TRINITY LN,,,,0.00,,,OLD MATTHEWS RD,,,,0.00,Y,T-Intersection, ,Non-Junction,None,,,         ,Anthony,Cavis,Clear,"Sideswipe, Same Direction",no,no,no,no,no,False
101359150,METROPOLITAN NASHVILLE POLICE DEPT,20160813790,Davidson,Nashville,9/9/2016 4:35:00 PM,2,0,0,36.142970,-86.777140,I 65,,,,0.00,,,,,,,82.00,N,Not at Intersection, ,Non-Junction,None,,,         ,Nicholas,Berens,Clear,Front to Rear,no,no,no,no,no,False
101359163,METROPOLITAN NASHVILLE POLICE DEPT,20160820654,Davidson,Nashville,9/12/2016 7:14:00 AM,2,0,0,36.039500,-86.781750,I65 N EXT RAMP,,,,0.00,,,OLD HICKORY BLVD,,,,0.00,Y,Y-Intersection, ,Entrance/Exit Ramp Related,None,,,         ,Nathan,Kemp,Clear,Front to Rear,no,no,no,no,no,False
101359171,METROPOLITAN NASHVILLE POLICE DEPT,20160812324,Davidson,Nashville,9/9/2016 8:10:00 AM,2,0,0,36.129660,-86.795560,BELMONT BLVD,,,,9.00,Feet,North,BLAIR BLVD,,,,0.00,N,Not at Intersection, ,Non-Junction,None,,,         ,Paul,Joyner,Clear,Angle,no,no,no,no,no,False
101359174,METROPOLITAN NASHVILLE POLICE DEPT,20160812514,Davidson,Nashville,9/9/2016 9:01:00 AM,2,1,0,36.119140,-86.801460,I 440,,,,0.00,,,,,,,3.10,N,Not at Intersection,N,Non-Junction,None,,,         ,Phillip,Murphy,Clear,Front to Rear,no,no,no,no,yes,False
101359175,METROPOLITAN NASHVILLE POLICE DEPT,20160820615,Davidson,Nashville,9/12/2016 12:00:00 AM,2,0,0,36.157300,-86.757920,DRIFTWOOD ST,,,,450.00,Feet,North,NESTOR ST,,,,0.00,N,Not at Intersection, ,,None,,,         ,Michael,Dance,,,no,no,no,no,no,False
101359176,METROPOLITAN NASHVILLE POLICE DEPT,20160820651,Davidson,Nashville,9/12/2016 6:52:00 AM,2,1,0,36.125210,-86.734120,I 440,,,,0.00,,,,,,,7.20,N,Not at Intersection,N,Non-Junction,None,,,         ,Stephen,Soule,Clear,Front to Rear,no,no,no,no,no,False
101359177,METROPOLITAN NASHVILLE POLICE DEPT,20160820589,Davidson,Nashville,9/12/2016 6:40:00 AM,1,1,0,36.149260,-86.763720,LAFAYETTE ST,,,,400.00,Feet,West,CHARLES E DAVIS BLVD,,,,0.00,N,Not at Intersection,N,Non-Junction,None,,,         ,Richard,Hyatt,Clear,Not Collision with Motor Vehicle in Transport,yes,no,no,no,no,False
101359178,METROPOLITAN NASHVILLE POLICE DEPT,20160820666,Davidson,Nashville,9/12/2016 7:24:00 AM,2,0,0,36.147880,-86.693020,BRILEY PKWYS,,,,44.00,Feet,East,BRILEY PKWY S EXT RAMP,,,,0.00,N,Not at Intersection,Y,Non-Junction,None,,,         ,Steven,Rowlett,Clear,"Sideswipe, Same Direction",no,no,no,no,no,False
101359180,METROPOLITAN NASHVILLE POLICE DEPT,20160820598,Davidson,Nashville,9/12/2016 6:37:00 AM,2,0,0,36.202560,-86.776850,I 65,,,,0.00,,,,,,,86.95,N,Not at Intersection, ,Non-Junction,None,,,         ,Michael,McCord,Clear,Front to Rear,no,no,no,no,no,False
101359182,METROPOLITAN NASHVILLE POLICE DEPT,20160808548,Davidson,Nashville,9/8/2016 7:15:00 AM,2,0,0,36.109990,-86.777790,WOODMONT BLVD,,,,0.00,,,CRESTRIDGE DR,,,,0.00,Y,Four-Way,N,Intersection-Related,None,,,         ,Phillip,Murphy,Clear,Front to Rear,no,no,no,no,no,False
101359184,METROPOLITAN NASHVILLE POLICE DEPT,20160818739,Davidson,Nashville,9/11/2016 1:10:00 PM,2,1,0,36.150580,-86.828110,37TH AVN,,,,0.00,,,ELKINS AV,,,,0.00,Y,Four-Way,N,Intersection,None,,,         ,Michael,Pyle,Clear,Not Collision with Motor Vehicle in Transport,no,no,no,no,yes,False
101359189,METROPOLITAN NASHVILLE POLICE DEPT,20160820756,Davidson,Nashville,9/12/2016 8:04:00 AM,2,0,0,36.143580,-86.795130,EDGEHILL AV,,,,167.00,Feet,East,18TH AVS,,,,0.00,N,Not at Intersection, ,"Driveway, Alley Access, etc",None,,,         ,Nathan,Kemp,Clear,Angle,no,no,no,no,no,Campus
101359193,METROPOLITAN NASHVILLE POLICE DEPT,20160820621,Davidson,Nashville,9/12/2016 7:07:00 AM,4,0,0,36.196590,-86.776120,I 65,,,,0.00,,,,,,,86.65,N,Not at Intersection, ,Non-Junction,None,,,         ,Michael,McCord,Cloudy,Front to Rear,no,no,no,no,no,False
101359197,METROPOLITAN NASHVILLE POLICE DEPT,20160813290,Davidson,Nashville,9/9/2016 1:53:00 PM,2,1,0,36.195380,-86.723370,PORTER RD,,,,0.00,,,RIVERSIDE DR,,,,0.00,Y,Four-Way,N,Intersection,None,,,         ,Alex,Moore,Clear,Angle,no,no,no,no,no,False
101359202,METROPOLITAN NASHVILLE POLICE DEPT,20160820723,Davidson,Nashville,9/12/2016 7:50:00 AM,2,0,0,36.208590,-86.749530,ELLINGTON PKWYS,,,,1500.00,Feet,North,E TRINITY LN,,,,0.00,N,Not at Intersection,N,Non-Junction,None,,,         ,Jeremy,Stricklin,Clear,Front to Rear,no,no,no,no,yes,False
101359206,METROPOLITAN NASHVILLE POLICE DEPT,20160820660,Davidson,Nashville,9/12/2016 7:20:00 AM,2,0,0,36.168490,-86.687380,LEBANON PKE,,,,174.00,Feet,East,BRILEY PKWY N ENT RAMP,,,,0.00,N,Not at Intersection,N,Non-Junction,None,,,         ,Scott,Toney,Clear,Front to Rear,no,no,no,no,no,False
101359207,METROPOLITAN NASHVILLE POLICE DEPT,20160820616,Davidson,Nashville,9/12/2016 7:05:00 AM,2,0,0,36.042580,-86.606870,,,SR41,,0.00,,,,,,,0.00,,,N,Non-Junction,None,,,         ,Kenneth,Alexandrow,Clear,Other,no,no,no,no,no,False
101359221,METROPOLITAN NASHVILLE POLICE DEPT,20160820707,Davidson,Nashville,9/12/2016 7:45:00 AM,2,0,0,36.186360,-86.818780,CLARKSVILLE PKE,,,,0.00,,,26TH AVN,,,,0.00,Y,Four-Way, ,,None,,,         ,Carlos,angulo,,,no,no,no,no,no,False
101359224,METROPOLITAN NASHVILLE POLICE DEPT,20160820748,Davidson,Antioch,9/12/2016 7:24:00 AM,2,0,0,36.058560,-86.597750,HAMILTON CHURCH RD,,,,0.00,,,HOBSON PKE,,,,0.00,Y,Four-Way, ,Intersection-Related,None,,,         ,Blake,Lutz,Clear,Front to Rear,no,no,no,no,no,False
101359226,METROPOLITAN NASHVILLE POLICE DEPT,20160818845,Davidson,Nashville,9/11/2016 2:12:00 PM,1,1,0,36.245970,-86.721590,GALLATIN PKES,,,,287.00,Feet,South,BERKLEY DR,,,,0.00,N,Not at Intersection,N,OtherLocation,None,,,         ,Michelle,Steidl,Clear,Not Collision with Motor Vehicle in Transport,no,no,no,no,no,False
101359232,METROPOLITAN NASHVILLE POLICE DEPT,20160820696,Davidson,Nashville,9/12/2016 7:44:00 AM,2,2,0,36.192640,-86.800840,ROSA L PARKS BLVD,,,,316.00,Feet,East,ATHENS WAY,,,,0.00,N,Not at Intersection,N,Non-Junction,None,,,         ,Nicholas,MacDougall,Clear,Angle,no,no,no,no,no,False
101359244,METROPOLITAN NASHVILLE POLICE DEPT,2016-0820847,Davidson,Nashville,9/12/2016 8:42:00 AM,2,0,0,36.142600,-86.708820,I 40,,,,0.00,,,,,,,214.30,N,Not at Intersection,N,Non-Junction,None,,,         ,Stanley,Collins,Clear,Front to Rear,no,no,no,no,no,False
101359256,METROPOLITAN NASHVILLE POLICE DEPT,20160820709,Davidson,Nashville,9/12/2016 7:49:00 AM,2,0,0,36.208130,-86.749630,ELLINGTON PKWYS,,,,0.51,Miles,South,ELLINGTON PKWY S ENT RAMP,,,,0.00,N,Not at Intersection, ,Non-Junction,None,,,         ,Doyle,Price,Clear,Front to Rear,no,no,no,no,no,False
101359259,METROPOLITAN NASHVILLE POLICE DEPT,2016-0820827,Davidson,Not in City Limit,9/12/2016 8:44:00 AM,3,1,0,36.029490,-87.000100,HIGHWAY 100,,,,261.00,Feet,East,OLD HARDING PKE,,,,0.00,N,Not at Intersection,N,Non-Junction,None,,,         ,Curtis,Rich,Clear,Front to Rear,no,no,no,no,no,False
101359263,METROPOLITAN NASHVILLE POLICE DEPT,20160820832,Davidson,Nashville,9/12/2016 8:34:00 AM,3,1,0,36.141920,-86.733860,I 40,,,,0.00,,,,,,,212.90,N,Not at Intersection,Y,Non-Junction,None,,,         ,Steven,Rowlett,Clear,"Sideswipe, Same Direction",no,no,no,no,no,False
101359269,METROPOLITAN NASHVILLE POLICE DEPT,20160820910,Davidson,Nashville,9/12/2016 9:12:00 AM,2,1,0,36.158810,-86.798160,CHARLOTTE AV,,,,0.00,,,17TH AVN,,,,0.00,Y,Four-Way,N,Intersection-Related,None,,,         ,Nathan,Kemp,Clear,Front to Rear,no,no,no,no,no,False
101359270,METROPOLITAN NASHVILLE POLICE DEPT,20160821035,Davidson,Nashville,9/12/2016 10:05:00 AM,2,1,0,36.081100,-86.758360,HARDING PL,,,,0.00,,,TROUSDALE DR,,,,0.00,Y,Four-Way,N,Intersection-Related,None,,,         ,Nathan,Kemp,Clear,Front to Rear,no,no,no,no,no,False
101359271,METROPOLITAN NASHVILLE POLICE DEPT,20160820953,Davidson,Nashville,9/12/2016 9:27:00 AM,2,0,0,36.176460,-86.803200,12TH AVN,,,,13.00,Feet,West,COCKRILL ST,,,,0.00,N,Not at Intersection,N,OtherLocation,None,,,         ,Isaac,Wood,Clear,Angle,no,no,no,no,no,False
101359276,METROPOLITAN NASHVILLE POLICE DEPT,20160820973,Davidson,Nashville,9/12/2016 9:37:00 AM,2,0,0,36.180340,-86.804480,BUCHANAN ST,,,,0.00,,,11TH AVN,,,,0.00,Y,T-Intersection,N,Intersection,None,,,         ,Michael,McCord,Clear,Angle,no,no,no,no,no,False
101359282,METROPOLITAN NASHVILLE POLICE DEPT,20160820896,Davidson,Nashville,9/12/2016 8:59:00 AM,2,0,0,36.190000,-86.771730,EVANSTON AV,,,,0.00,,,JOSEPH AV,,,,0.00,Y,Four-Way, ,Intersection,None,,,         ,Doyle,Price,Clear,Angle,no,no,no,no,no,False
101359283,METROPOLITAN NASHVILLE POLICE DEPT,20160820770,Davidson,Nashville,9/12/2016 8:00:00 AM,2,0,0,36.170700,-86.807140,DR D B TODD JR BLVD,,,,80.00,Feet,North,SCOVEL ST,,,,0.00,N,Not at Intersection,N,Non-Junction,None,,,         ,John,Tyree,Clear,"Sideswipe, Same Direction",no,no,no,no,no,False
101359294,METROPOLITAN NASHVILLE POLICE DEPT,2016-0820599,Davidson,Nashville,9/12/2016 6:50:00 AM,2,0,0,36.044860,-86.670430,BELL RD,,,,0.00,,,HICKORY PARK DR,,,,0.00,Y,T-Intersection,N,Intersection,None,,,         ,William,Whitworth,Clear,Angle,no,no,no,no,no,False
101359295,METROPOLITAN NASHVILLE POLICE DEPT,2016-0820927,Davidson,Nashville,9/12/2016 9:15:00 AM,2,1,0,36.093190,-86.705610,I 24,,,,0.00,,,,,,,55.10,N,Not at Intersection,N,Non-Junction,None,,,         ,William,Whitworth,Clear,Front to Rear,no,no,no,no,no,False
101359318,METROPOLITAN NASHVILLE POLICE DEPT,20160821227,Davidson,Nashville,9/12/2016 11:20:00 AM,2,0,0,36.143300,-86.666660,DONELSON PKE,,,,369.00,Feet,North,I40 W ENT RAMP,,,,0.00,N,Not at Intersection, ,Non-Junction,None,,,         ,Michael,Dance,Clear,"Sideswipe, Same Direction",no,no,no,no,no,False
101359343,METROPOLITAN NASHVILLE POLICE DEPT,20160821248,Davidson,Nashville,9/12/2016 12:00:00 PM,2,0,0,36.154120,-86.836490,I 40,,,,0.00,,,,,,,205.15,N,Not at Intersection, ,Non-Junction,None,,,         ,Brandon,Evans,Clear,"Sideswipe, Same Direction",no,no,no,no,yes,False
101359354,METROPOLITAN NASHVILLE POLICE DEPT,20160821009,Davidson,Nashville,9/12/2016 9:52:00 AM,1,0,0,36.247050,-86.744000,I 65,,,,0.00,,,,,,,91.00,N,Not at Intersection, ,Non-Junction,None,,,         ,Spencer,Pittman,Clear,Not Collision with Motor Vehicle in Transport,no,no,no,no,no,False
101359357,METROPOLITAN NASHVILLE POLICE DEPT,20160821324,Davidson,Nashville,9/12/2016 12:22:00 PM,2,1,0,36.196490,-86.776750,BRICK CHURCH PKE,,,,292.00,Feet,North,FERN AV,,,,0.00,N,Not at Intersection,N,Non-Junction,None,,,         ,Michael,McCord,Clear,"Sideswipe, Opposite Direction",no,no,no,no,yes,False
101359392,METROPOLITAN NASHVILLE POLICE DEPT,20160813736,Davidson,Nashville,9/9/2016 4:14:00 PM,2,0,0,36.150890,-86.847120,PARK AV,,,,0.00,,,,,,,0.00,,,N,Intersection,None,,,         ,Ryan,Burger,Clear,Angle,no,no,no,no,no,False
101359401,METROPOLITAN NASHVILLE POLICE DEPT,20160821446,Davidson,Nashville,9/12/2016 9:00:00 AM,1,1,0,36.133290,-86.768840,WEDGEWOOD AV,,,,0.00,,,BRANSFORD AV,,,,0.00,Y,T-Intersection,N,Intersection-Related,None,,,         ,Nathan,Kemp,Clear,Not Collision with Motor Vehicle in Transport,no,yes,no,no,yes,False
101359420,METROPOLITAN NASHVILLE POLICE DEPT,20160820674,Davidson,Nashville,9/12/2016 7:33:00 AM,2,0,0,36.039110,-86.743420,EDMONDSON PKE,,,,329.00,Feet,South,OLD HICKORY BLVD,,,,0.00,N,Not at Intersection,N,Non-Junction,None,,,         ,Gary,Sneed,Clear,Front to Rear,no,no,no,no,no,False
101359427,METROPOLITAN NASHVILLE POLICE DEPT,20160821286,Davidson,Nashville,9/12/2016 12:22:00 PM,2,0,0,36.080340,-86.718370,HARDING PL,,,,132.00,Feet,West,JONQUIL DR,,,,0.00,N,Not at Intersection, ,Non-Junction,None,,,         ,Jessie,Meadows,Clear,"Sideswipe, Same Direction",no,no,no,no,no,False
101359428,METROPOLITAN NASHVILLE POLICE DEPT,20160821332,Davidson,Nashville,9/12/2016 1:08:00 PM,2,0,0,36.086500,-86.691500,ANTIOCH PKE,,,,395.00,Feet,South,HARDING PL,,,,0.00,N,Not at Intersection, ,Non-Junction,None,,,         ,Jessie,Meadows,Clear,"Sideswipe, Same Direction",no,no,no,no,no,False
101359466,METROPOLITAN NASHVILLE POLICE DEPT,20160821502,Davidson,Nashville,9/12/2016 1:15:00 PM,3,1,0,36.109690,-86.671460,KNAPP BLVD,,,,0.00,,,DONELSON PKE,,,,0.00,Y,Four-Way,N,Intersection,None,,,         ,Scott,Toney,Clear,Angle,no,no,no,no,no,False
101359482,METROPOLITAN NASHVILLE POLICE DEPT,20160818762,Davidson,Antioch,9/11/2016 1:30:00 PM,1,1,0,36.039600,-86.618670,ASHEFORD TRC,,,,556.00,Feet,South,SHADOWBROOK TRL,,,,0.00,N,Not at Intersection,N,Non-Junction,None,,,         ,Jedidayah,Merriweather,Clear,Not Collision with Motor Vehicle in Transport,no,no,no,yes,no,False
101359483,METROPOLITAN NASHVILLE POLICE DEPT,20160821727,Davidson,Nashville,9/12/2016 12:00:00 AM,1,0,0,36.089350,-86.802940,BATTERY LN,,,,0.00,,,HARDING PL,,,,0.00,Y,Four-Way,N,Intersection-Related,None,,,         ,Tien,Nguyen,Clear,Not Collision with Motor Vehicle in Transport,no,no,no,no,no,False
101359485,METROPOLITAN NASHVILLE POLICE DEPT,16-0821348,Davidson,Nashville,9/12/2016 12:24:00 PM,2,0,0,36.168240,-86.782130,JAMES ROBERTSON PKWY,,,,0.00,,,GAY ST,,,,0.00,Y,Four-Way,N,Intersection,None,,,         ,Frank,Campbell,Clear,"Sideswipe, Same Direction",no,no,no,no,no,False
101359490,METROPOLITAN NASHVILLE POLICE DEPT,20160820898,Davidson,Nashville,9/12/2016 9:03:00 AM,2,0,0,36.153280,-86.750180,HERMITAGE AV,,,,0.00,,,STANLEY ST,,,,0.00,Y,T-Intersection,N,Intersection,None,,,         ,Wesley,Young,Clear,Angle,no,no,no,no,no,False
101359493,METROPOLITAN NASHVILLE POLICE DEPT,20160821434,Davidson,Nashville,9/12/2016 12:55:00 PM,2,1,0,36.217450,-86.743450,HART LN,,,,0.00,,,BEN ALLEN RD,,,,0.00,Y,Four-Way,Y,Intersection,None,,,         ,Randall,Smith,Clear,Angle,no,no,no,no,no,False
101359495,METROPOLITAN NASHVILLE POLICE DEPT,20160821704,Davidson,Nashville,9/12/2016 2:48:00 PM,2,0,0,36.149490,-86.747630,I 40,,,,0.00,,,,,,,211.75,N,Not at Intersection,N,Non-Junction,None,,,         ,Michael,Apsey,Clear,"Sideswipe, Same Direction",no,no,no,no,no,False
101359497,METROPOLITAN NASHVILLE POLICE DEPT,20160821793,Davidson,Nashville,9/12/2016 3:30:00 PM,2,0,0,36.148810,-86.666280,ELM HILL PKE,,,,0.00,,,DONELSON PKE,,,,0.00,Y,Four-Way, ,,None,,,         ,Brian,Smith,,,no,no,no,no,no,False
101359511,GOODLETTSVILLE POLICE DEPT,16-31905,Davidson,Goodlettsville,9/12/2016 2:35:00 PM,2,0,0,36.309590,-86.695860,CONFERENCE DR,,,,0.00,,,VIETNAM VETERANS BLVD SB ENT R,,,,0.00,Y,Y-Intersection,N,Intersection-Related,None,,,         ,James,Wells,Clear,Front to Rear,no,no,no,no,no,False
101359527,METROPOLITAN NASHVILLE POLICE DEPT,20160821529,Davidson,Nashville,9/12/2016 2:37:00 PM,2,0,0,36.139850,-86.760880,2ND AVS,,,,43.00,Feet,North,OLD RADNOR CAR LINE,,,,0.00,N,Not at Intersection,N,Non-Junction,None,,,         ,Jessie,Meadows,Clear,HeadOn,no,no,no,no,no,False
101359531,METROPOLITAN NASHVILLE POLICE DEPT,20160821777,Davidson,Nashville,9/12/2016 3:14:00 PM,2,1,0,36.187990,-86.821560,ED TEMPLE BLVD,,,,0.00,,,ROSA L PARKS BLVD,,,,0.00,Y,Four-Way,N,Intersection,None,,,         ,Michael,Brooks,Clear,Angle,no,no,no,no,no,False
101359532,METROPOLITAN NASHVILLE POLICE DEPT,20160821759,Davidson,Nashville,9/12/2016 3:04:00 PM,2,0,0,36.134730,-86.807110,FAIRFAX AV,,,,477.00,Feet,West,24TH AVS,,,,0.00,N,Not at Intersection, ,,None,,,         ,Nicholas,Smith,,,no,no,no,no,no,Campus
101359546,METROPOLITAN NASHVILLE POLICE DEPT,20160821800,Davidson,Nashville,9/12/2016 1:42:00 PM,2,1,0,36.176140,-86.750070,S 11TH ST,,,,31.00,Feet,South,HOLLY ST,,,,0.00,N,Not at Intersection,N,Non-Junction,None,,,         ,Cody,Jaworski,Clear,Angle,no,no,no,no,no,False
101359548,METROPOLITAN NASHVILLE POLICE DEPT,20160821806,Davidson,Nashville,9/12/2016 3:15:00 PM,2,0,0,36.148360,-86.777070,I 40,,,,0.00,,,,,,,210.00,N,Not at Intersection, ,Non-Junction,None,,,         ,Nicholas,Carroll,Clear,Angle,no,no,no,no,no,False
101359552,METROPOLITAN NASHVILLE POLICE DEPT,20160821622,Davidson,Nashville,9/12/2016 1:56:00 PM,3,1,0,36.148690,-86.683880,CENTURY BLVD,,,,0.00,,,MCGAVOCK PKE,,,,0.00,Y,Four-Way,N,Intersection,None,,,         ,Richard,Hyatt,Clear,Angle,no,no,no,no,no,False
101359558,METROPOLITAN NASHVILLE POLICE DEPT,20160821987,Davidson,Nashville,9/12/2016 4:30:00 PM,2,0,0,36.206690,-86.779080,W TRINITY LN,,,,188.00,Feet,West,HAMPTON ST,,,,0.00,N,Not at Intersection, ,Non-Junction,None,,,         ,Kevin,Reynolds,Clear,"Sideswipe, Same Direction",no,no,no,no,no,False
101359559,METROPOLITAN NASHVILLE POLICE DEPT,20160821835,Davidson,Nashville,9/12/2016 1:45:00 PM,2,0,0,36.215800,-86.715430,MCALPINE AV,,,,257.00,Feet,East,ADDINE ST,,,,0.00,N,Not at Intersection, ,Non-Junction,None,,,         ,Terence,Maahs,Clear,Angle,no,no,no,no,no,False
101359560,METROPOLITAN NASHVILLE POLICE DEPT,20160821334,Davidson,Nashville,9/12/2016 12:29:00 PM,2,0,0,36.103230,-86.666480,MURFREESBORO PKE,,,,0.00,,,FAIRCLOTH LN,,,,0.00,Y,T-Intersection,N,Intersection,None,,,         ,William,Whitworth,Clear,Angle,no,no,no,no,no,False
101359566,METROPOLITAN NASHVILLE POLICE DEPT,2016-0822038,Davidson,Nashville,9/12/2016 4:30:00 PM,2,0,0,36.131820,-86.895680,CHARLOTTE PKE,,,,50.00,Feet,West,I40 E ENT RAMP,,,,0.00,N,Not at Intersection, ,Non-Junction,None,,,         ,Michael,Rogers,Clear,Front to Rear,no,no,no,no,no,False
101359572,METROPOLITAN NASHVILLE POLICE DEPT,20160821878,Davidson,Nashville,9/12/2016 3:35:00 PM,2,1,0,36.106210,-86.673060,MURFREESBORO PKE,,,,0.00,,,DONELSON PKE,,,,0.00,Y,Four-Way,N,Intersection-Related,None,,,         ,Tyler,Maupin,Clear,Front to Rear,no,no,no,no,no,False
101359578,METROPOLITAN NASHVILLE POLICE DEPT,20160821934,Davidson,Nashville,9/12/2016 3:45:00 PM,2,0,0,36.232670,-86.758730,DICKERSON PKE,,,,172.00,Feet,South,MAPLEWOOD TRC,,,,0.00,N,Not at Intersection, ,Non-Junction,None,,,         ,Christopher,Valdez,Clear,Angle,no,no,no,no,no,False
101359585,METROPOLITAN NASHVILLE POLICE DEPT,20160821888,Davidson,Nashville,9/12/2016 3:30:00 PM,4,1,0,36.143960,-86.722570,SPENCE LN,,,,0.00,,,ELM HILL PKE,,,,0.00,Y,Four-Way,Y,Intersection,None,,,         ,Brent,Hedgcoth,Clear,Angle,no,no,no,no,no,False
101359587,METROPOLITAN NASHVILLE POLICE DEPT,20160822082,Davidson,Nashville,9/12/2016 4:35:00 PM,2,0,0,36.162520,-86.849480,CENTENNIAL BLVD,,,,124.00,Feet,West,51ST AVN,,,,0.00,N,Not at Intersection,N,Non-Junction,None,,,         ,Ethan,Usherwood,Clear,"Sideswipe, Same Direction",no,no,no,yes,yes,False
101359589,BERRY HILL POLICE DEPT,16-3259,Davidson,Berry Hill,9/12/2016 3:20:00 PM,2,0,0,36.116670,-86.766320,E IRIS DR,,,,0.00,,,W IRIS DR,,,,0.00,Y,Four-Way, ,Intersection,None,,,         ,John,Gleixner,Clear,Front to Rear,no,no,no,no,no,False
101359593,METROPOLITAN NASHVILLE POLICE DEPT,20160822050,Davidson,Nashville,9/12/2016 4:32:00 PM,2,0,0,36.185840,-86.749420,SEYMOUR AV,,,,145.00,Feet,East,BAILEY ST,,,,0.00,N,Not at Intersection,N,Non-Junction,None,,,         ,Charles,Wakefield,Clear,"Sideswipe, Same Direction",no,no,no,no,yes,False
101359595,METROPOLITAN NASHVILLE POLICE DEPT,20160822068,Davidson,Not in City Limit,9/12/2016 4:20:00 PM,2,0,0,36.271820,-86.761480,OLD HICKORY BLVD,,,,0.00,,,MARYDALE DR,,,,0.00,Y,Four-Way, ,Intersection,None,,,         ,Christopher,Littles,Clear,Angle,no,no,no,no,no,False
101359598,METROPOLITAN NASHVILLE POLICE DEPT,20160822066,Davidson,Nashville,9/12/2016 3:00:00 PM,2,0,0,36.209230,-86.590700,BROOKE CASTLE DR,,,,485.00,Feet,South,TULIP GROVE RD,,,,0.00,N,Not at Intersection,N,OtherLocation,None,,,         ,Codey,Mullins,Clear,Rear to Rear,no,no,no,yes,yes,False
101359599,METROPOLITAN NASHVILLE POLICE DEPT,20160822020,Davidson,Nashville,9/12/2016 4:21:00 PM,2,0,0,36.091770,-86.651600,MURFREESBORO PKE,,,,212.00,Feet,North,BRITISH WOODS DR,,,,0.00,N,Not at Intersection, ,Non-Junction,None,,,         ,Richard,Olive,Clear,"Sideswipe, Same Direction",no,no,no,no,no,False
101359602,METROPOLITAN NASHVILLE POLICE DEPT,20160822077,Davidson,Nashville,9/12/2016 5:25:00 PM,2,0,0,36.146020,-86.754030,MURFREESBORO PKE,,,,38.00,Feet,West,EXPRESSWAY PARK DR,,,,0.00,N,Not at Intersection, ,Non-Junction,None,,,         ,Jessie,Meadows,Clear,Front to Rear,no,no,no,no,no,False
101359616,METROPOLITAN NASHVILLE POLICE DEPT,20160822165,Davidson,Nashville,9/12/2016 5:13:00 PM,3,1,0,36.191780,-86.828150,CLARKSVILLE PKE,,,,330.00,Feet,East,CLIFF DR,,,,0.00,N,Not at Intersection,N,Non-Junction,None,,,         ,Michael,Brooks,Clear,Front to Rear,no,no,no,no,yes,False
101359621,METROPOLITAN NASHVILLE POLICE DEPT,20160822177,Davidson,Nashville,9/12/2016 5:18:00 PM,2,0,0,36.224210,-86.782200,BRICK CHURCH PKE,,,,0.00,,,BRICK CHURCH PARK DR,,,,0.00,Y,T-Intersection,N,Intersection,None,,,         ,Kevin,Reynolds,Clear,Angle,no,no,no,no,no,False
101359622,METROPOLITAN NASHVILLE POLICE DEPT,20160822074,Davidson,Nashville,9/12/2016 4:34:00 PM,2,0,0,36.144700,-86.812950,WEST END AV,,,,70.00,Feet,East,29TH AVN,,,,0.00,N,Not at Intersection, ,Non-Junction,None,,,         ,Nicholas,Smith,Clear,"Sideswipe, Same Direction",no,no,no,no,no,Campus
101359628,METROPOLITAN NASHVILLE POLICE DEPT,2010822264,Davidson,Nashville,9/12/2016 5:29:00 PM,2,0,0,36.081930,-86.751070,LYNN DR,,,,0.00,,,WAUFORD DR,,,,0.00,Y,Four-Way, ,Intersection,None,,,         ,William,King,Clear,Angle,no,no,no,no,no,False
101359629,METROPOLITAN NASHVILLE POLICE DEPT,20160822062,Davidson,Nashville,9/12/2016 4:35:00 PM,2,0,0,36.153330,-86.724500,LEBANON PKE,,,,880.00,Feet,West,SPENCE LN,,,,0.00,N,Not at Intersection, ,Non-Junction,None,,,         ,John,Daugherty,Clear,Front to Rear,no,no,no,no,no,False
101359631,METROPOLITAN NASHVILLE POLICE DEPT,20160822250,Davidson,Nashville,9/12/2016 5:46:00 PM,1,1,0,36.105040,-86.631990,NED SHELTON RD,,,,0.00,,East,BELL RD,,,,0.00,N,Not at Intersection,N,Non-Junction,None,,,         ,Dontaveous,Eubanks,Clear,Not Collision with Motor Vehicle in Transport,no,no,no,no,no,False