master_record_number,agency,agency_tracking_number,county,city,collision_date,vehicles_involved,number_injured,number_dead,latitude,longitude,roadway_name,roadway_suffix,roadway_number,roadway_local_id,distance_from_reference,miles-feet_indicator,direction_from_reference,intersection_road_name,intersection_road_name_suffix,intersection_road_number,intersection_local_id,mile_marker,intersection_indicator,intersect_type,interchange_related_indicator,relation_to_junction,work_zone_type,construction_maintenance_zone,construction_maintenance_zone_location,fatal_case_number,officer_first_name,officer_last_name,weather_condition(s),manner_of_crash,pedestrian,bicycle,scooter,parking,hitrun,mou
101361211,METROPOLITAN NASHVILLE POLICE DEPT,20160829615,Davidson,Nashville,9/14/2016 6:10:00 PM,2,0,0,36.137570,-86.800760,WEDGEWOOD AV,,,,0.00,,,21ST AVS,,,,0.00,Y,Four-Way, ,Intersection,None,,,         ,Megan,Lamon,Clear,"Sideswipe, Same Direction",no,no,no,no,no,Campus
101361212,METROPOLITAN NASHVILLE POLICE DEPT,20160829858,Davidson,Nashville,9/14/2016 8:12:00 PM,2,1,0,36.090960,-86.651100,MURFREESBORO PKE,,,,0.00,,,BOROWOOD DR,,,,0.00,Y,Four-Way,N,Intersection,None,,,         ,Michael,Apsey,Clear,Angle,no,no,no,no,no,False
101361215,METROPOLITAN NASHVILLE POLICE DEPT,20160829246,Davidson,Nashville,9/14/2016 4:50:00 PM,2,0,0,36.095740,-86.707680,I 24,,,,0.00,,,,,,,54.90,N,Not at Intersection, ,,None,,,         ,John,Joyce,,,no,no,no,no,no,False
101361217,METROPOLITAN NASHVILLE POLICE DEPT,20160829817,Davidson,Nashville,9/14/2016 12:00:00 AM,2,0,0,36.246150,-86.779270,CHESAPEAKE DR,,,,0.00,,,BRICK CHURCH PKE,,,,0.00,Y,T-Intersection,N,Intersection,None,,,         ,Kimberly,Annson,Clear,Other,no,no,no,no,no,False
101361233,METROPOLITAN NASHVILLE POLICE DEPT,2016-0828947,Davidson,Nashville,9/14/2016 3:25:00 PM,1,1,0,36.043450,-86.744140,EDMONDSON PKE,,,,0.00,,,DERBY TRC,,,,0.00,Y,T-Intersection,N,"Driveway, Alley Access, etc",None,,,         ,William,King,Clear,Not Collision with Motor Vehicle in Transport,no,yes,no,yes,no,False
101361234,METROPOLITAN NASHVILLE POLICE DEPT,2016-0829247,Davidson,Nashville,9/14/2016 4:55:00 PM,2,2,0,36.039230,-86.816480,GRANNY WHITE PIKE,,,,70.00,Feet,South,GRANNY WHITE PKE,,,,0.00,N,Not at Intersection,N,"Driveway, Alley Access, etc",None,,,         ,William,King,Clear,Angle,no,no,no,no,no,False
101361236,METROPOLITAN NASHVILLE POLICE DEPT,20160830027,Davidson,Nashville,9/14/2016 9:12:00 PM,2,0,0,36.076380,-86.725340,NOLENSVILLE PKE,,,,267.00,Feet,South,WALLACE RD,,,,0.00,N,Not at Intersection, ,Non-Junction,None,,,         ,Charles,Griffin,Clear,Front to Rear,no,no,no,no,yes,False
101361241,METROPOLITAN NASHVILLE POLICE DEPT,20160829872,Davidson,Nashville,9/14/2016 8:16:00 PM,1,0,0,36.151720,-86.851640,CHARLOTTE AV,,,,142.00,Feet,West,53RD AVN,,,,0.00,N,Not at Intersection,N,Non-Junction,None,,,         ,Brandon,Pedigo,Clear,Not Collision with Motor Vehicle in Transport,no,no,no,no,no,False
101361242,METROPOLITAN NASHVILLE POLICE DEPT,20160829963,Davidson,Nashville,9/14/2016 8:49:00 PM,2,0,0,36.078650,-86.765200,I 65,,,,0.00,,,,,,,77.55,N,Not at Intersection, ,Non-Junction,Construction Zone,,,         ,Jacob,Masteller,Clear,"Sideswipe, Same Direction",no,no,no,no,no,False
101361248,METROPOLITAN NASHVILLE POLICE DEPT,20160830050,Davidson,Nashville,9/14/2016 8:40:00 PM,2,0,0,36.207460,-86.793870,GAINS ST,,,,395.00,Feet,South,WHITES CREEK PKE,,,,0.00,N,Not at Intersection, ,Non-Junction,None,,,         ,Ryan,Cagle,Clear,Angle,no,no,no,no,no,False
101361252,METROPOLITAN NASHVILLE POLICE DEPT,20160830103,Davidson,Nashville,9/14/2016 9:21:00 PM,2,1,0,36.195030,-86.776160,I 65,,,,0.00,,,,,,,86.50,N,Not at Intersection,Y,Entrance/Exit Ramp Related,None,,,         ,Zachary,Ronan,Clear,"Sideswipe, Same Direction",no,no,no,no,yes,False
101361260,METROPOLITAN NASHVILLE POLICE DEPT,20160830024,Davidson,Nashville,9/14/2016 9:11:00 PM,2,0,0,36.045040,-86.659470,BELL RD,,,,91.00,Feet,East,I24 E ENT RAMP,,,,0.00,N,Not at Intersection, ,Non-Junction,None,,,         ,David,Hughes,Clear,"Sideswipe, Same Direction",no,no,no,no,no,False
101361262,METROPOLITAN NASHVILLE POLICE DEPT,20160830111,Davidson,Nashville,9/14/2016 9:40:00 PM,2,0,0,36.152120,-86.772230,LAFAYETTE ST,,,,0.00,,,ASH ST,,,,0.00,Y,T-Intersection,N,Non-Junction,None,,,         ,Jason,King,Clear,Angle,no,no,no,no,yes,False
101361299,METROPOLITAN NASHVILLE POLICE DEPT,20160826193,Davidson,Nashville,9/13/2016 8:13:00 PM,2,2,0,36.138110,-86.820380,WEST END AV,,,,115.00,Feet,North,MURPHY RD,,,,0.00,N,Not at Intersection,N,Non-Junction,None,,,         ,Torian,Cox,Clear,Front to Rear,no,no,no,no,no,False
101361302,METROPOLITAN NASHVILLE POLICE DEPT,20160829857,Davidson,Nashville,9/14/2016 8:00:00 PM,7,0,0,36.153670,-86.763250,I 40,,,,0.00,,,,,,,210.80,N,Not at Intersection,N,Non-Junction,None,,,         ,John,Daugherty,Clear,Front to Rear,no,no,no,no,no,False
101361305,METROPOLITAN NASHVILLE POLICE DEPT,20160829067,Davidson,Not in City Limit,9/14/2016 3:55:00 PM,3,1,0,36.062320,-86.942740,BEECH BEND DR,,,,0.00,,,OLD HARDING PKE,,,,0.00,Y,Four-Way,N,Intersection-Related,None,,,         ,Johnathon,Birdwell,Clear,Front to Rear,no,no,no,no,no,False
101361309,METROPOLITAN NASHVILLE POLICE DEPT,20160829684,Davidson,Madison,9/14/2016 6:37:00 PM,2,0,0,36.264280,-86.711490,GALLATIN PKEN,,,,0.00,,,OLD TIME VILLAGE PVTDR,,,,0.00,Y,OTHER,N,Non-Junction,None,,,         ,Christopher,Littles,Clear,Angle,no,no,no,yes,yes,False
101361310,METROPOLITAN NASHVILLE POLICE DEPT,20160829954,Davidson,Not in City Limit,9/14/2016 8:19:00 PM,2,1,0,36.284430,-86.706510,GALLATIN PKEN,,,,250.00,Feet,North,EDGEMEADE BLVD,,,,0.00,N,Not at Intersection,N,Non-Junction,None,,,         ,Christopher,Littles,Clear,Angle,no,no,no,no,no,False
101361311,METROPOLITAN NASHVILLE POLICE DEPT,20160827481,Davidson,Nashville,9/14/2016 5:54:00 AM,2,1,0,36.081110,-86.755390,TIMBERHILL DR,,,,0.00,,,HARDING PL,,,,0.00,Y,Four-Way,N,Non-Junction,None,,,         ,William,Hamblen,Clear,Front to Rear,no,no,no,no,no,False
101361313,METROPOLITAN NASHVILLE POLICE DEPT,20160830280,Davidson,Nashville,9/14/2016 10:40:00 PM,2,1,0,36.124980,-86.847640,HARDING PKE,,,,0.00,,,WOODMONT BLVD,,,,0.00,Y,Four-Way,N,Intersection,None,,,         ,Steven,Popp,Clear,HeadOn,no,no,no,no,no,False
101361315,METROPOLITAN NASHVILLE POLICE DEPT,20160828850,Davidson,Goodlettsville,9/14/2016 12:00:00 AM,3,1,0,36.302750,-86.691850,CONFERENCE DR,,,,0.00,,,GALLATIN PKEN,,,,0.00,Y,Four-Way,N,Intersection,None,,,         ,Joel,Callies,Clear,Front to Rear,no,no,no,no,no,False
101361322,METROPOLITAN NASHVILLE POLICE DEPT,20160830302,Davidson,Nashville,9/14/2016 9:30:00 PM,2,0,0,36.047570,-86.663120,I 24,,,,0.00,,,,,,,59.15,N,Not at Intersection,N,Non-Junction,Unknown,Unknown,Unknown,         ,Frederick,Ware,Clear,Unknown,no,no,no,no,yes,False
101361331,METROPOLITAN NASHVILLE POLICE DEPT,20160830001,Davidson,Nashville,9/14/2016 8:55:00 PM,2,0,0,36.040210,-86.650470,I 24,,,,0.00,,,,,,,60.00,N,Not at Intersection,N,Non-Junction,None,,,         ,David,Moser,Clear,Angle,no,no,no,no,yes,False
101361334,METROPOLITAN NASHVILLE POLICE DEPT,20160771131,Davidson,Nashville,8/27/2016 12:00:00 AM,2,0,0,36.178230,-86.755350,MCFERRIN AV,,,,68.00,Feet,North,SILVERDENE PL,,,,0.00,N,Not at Intersection,N,Non-Junction,None,,,         ,Steven,Henry Jr.,Clear,Front to Rear,no,no,no,no,no,False
101361361,METROPOLITAN NASHVILLE POLICE DEPT,20160830587,Davidson,Nashville,9/15/2016 12:00:00 AM,2,0,0,36.166810,-86.736320,ELECTRIC AV,,,,10.00,Feet,East,S 20TH ST,,,,0.00,N,Not at Intersection,N,Non-Junction,None,,,         ,Amanda,Hane,Unknown,Angle,no,no,no,no,yes,False
101361362,METROPOLITAN NASHVILLE POLICE DEPT,20160830804,Davidson,Nashville,9/15/2016 2:36:00 AM,2,0,0,36.173590,-86.602150,CENTRAL PKE,,,,0.00,Feet,,OLD HICKORY BLVD,,,,0.00,Y,Four-Way,Y,Intersection,None,,,         ,Sean,Wuethrich,Clear,Angle,no,no,no,no,yes,False
101361402,METROPOLITAN NASHVILLE POLICE DEPT,20160828293,Davidson,Nashville,9/14/2016 10:25:00 AM,2,0,0,36.164950,-86.776090,1ST AVN,,,,0.00,,,CHURCH ST,,,,0.00,Y,Four-Way,N,Intersection,None,,,         ,Wesley,Henderson,Cloudy,Front to Rear,no,no,no,no,no,False
101361415,METROPOLITAN NASHVILLE POLICE DEPT,20160831201,Davidson,Nashville,9/15/2016 6:55:00 AM,2,0,0,36.039110,-86.735280,OLD HICKORY BLVD,,,,174.00,Feet,East,THRIBLE SPRINGS DR,,,,0.00,N,Not at Intersection,N,Non-Junction,None,,,         ,Gary,Sneed,Clear,Front to Rear,no,no,no,no,no,False
101361427,METROPOLITAN NASHVILLE POLICE DEPT,20160831270,Davidson,Nashville,9/15/2016 7:21:00 AM,4,1,0,36.070900,-86.769690,I 65,,,,0.00,,,,,,,77.00,N,Not at Intersection,N,Non-Junction,None,,,         ,Nathan,Kemp,Clear,Front to Rear,no,no,no,no,no,False
101361441,METROPOLITAN NASHVILLE POLICE DEPT,20160830990,Davidson,Not in City Limit,9/15/2016 4:20:00 AM,1,0,0,36.316110,-86.834090,I 24,,,,0.00,,,,,,,37.10,N,Not at Intersection,N,Non-Junction,None,,,         ,Armonty,Houston,Clear,Not Collision with Motor Vehicle in Transport,no,no,no,no,no,False
101361442,METROPOLITAN NASHVILLE POLICE DEPT,20160831209,Davidson,Not in City Limit,9/15/2016 5:40:00 AM,2,0,0,36.295700,-86.811210,I 24,,,,0.00,,,,,,,39.10,N,Not at Intersection,N,Non-Junction,None,,,         ,Armonty,Houston,Clear,Front to Rear,no,no,no,no,no,False
101361447,METROPOLITAN NASHVILLE POLICE DEPT,20160831297,Davidson,Antioch,9/15/2016 7:39:00 AM,2,3,0,36.000240,-86.635890,OLD HICKORY BLVD,,,,0.00,,,CANE RIDGE RD,,,,0.00,Y,T-Intersection,N,Non-Junction,None,,,         ,Kenneth,Alexandrow,Clear,Front to Rear,no,no,no,no,no,False
101361456,METROPOLITAN NASHVILLE POLICE DEPT,2016-0831369,Davidson,Nashville,9/15/2016 7:58:00 AM,2,0,0,36.097370,-86.763500,I 65,,,,0.00,,,,,,,78.85,N,Not at Intersection, ,Non-Junction,None,,,         ,Jonathan,Seidl,Clear,Front to Rear,no,no,no,no,no,False
101361459,METROPOLITAN NASHVILLE POLICE DEPT,20160831335,Davidson,Nashville,9/15/2016 7:50:00 AM,2,0,0,36.156490,-86.631420,STEWARTS FERRY PKE,,,,0.00,,,I40 W EXT RAMP,,,,0.00,Y,Four-Way, ,Intersection-Related,None,,,         ,Steven,Rowlett,Clear,Front to Rear,no,no,no,no,no,False
101361467,METROPOLITAN NASHVILLE POLICE DEPT,20160831401,Davidson,Nashville,9/15/2016 8:16:00 AM,2,0,0,36.197470,-86.776240,I 65,,,,0.00,,,,,,,86.70,N,Not at Intersection, ,Non-Junction,None,,,         ,Michael,McCord,Clear,Front to Rear,no,no,no,no,no,False
101361468,METROPOLITAN NASHVILLE POLICE DEPT,2016-0831383,Davidson,Nashville,9/15/2016 8:33:00 AM,2,0,0,36.159960,-86.845130,KENTUCKY AV,,,,0.00,,,48TH AVN,,,,0.00,Y,Four-Way, ,Intersection,None,,,         ,Curtis,Rich,Cloudy,Angle,no,no,no,no,no,False
101361482,VANDERBILT UNIVERSITY POLICE,16-0831439,Davidson,Nashville,9/15/2016 12:00:00 AM,2,0,0,36.142400,-86.805770,HIGHLAND AV,,,,0.00,,,,,,,0.00,,, ,Non-Junction,None,,,         ,Samuel,McClain,Clear,Unknown,no,no,no,yes,yes,Campus
101361484,METROPOLITAN NASHVILLE POLICE DEPT,20160831448,Davidson,Nashville,9/15/2016 7:56:00 AM,2,0,0,36.112830,-86.797390,WOODMONT BLVD,,,,785.00,Feet,East,BELMONT BLVD,,,,0.00,N,Not at Intersection, ,Non-Junction,None,,,         ,Nathan,Kemp,Clear,Front to Rear,no,no,no,no,no,False
101361485,METROPOLITAN NASHVILLE POLICE DEPT,20160831489,Davidson,Nashville,9/15/2016 8:57:00 AM,2,0,0,36.087640,-86.762640,I65 N ENT RAMP,,,,0.00,Feet,East,I 65,,,,0.00,N,Not at Intersection, ,Entrance/Exit Ramp Related,None,,,         ,Nathan,Kemp,Clear,Front to Rear,no,no,no,no,no,False
101361491,METROPOLITAN NASHVILLE POLICE DEPT,20160831384,Davidson,Nashville,9/15/2016 8:06:00 AM,2,1,0,36.167150,-86.796370,12TH AVN,,,,0.00,Feet,,HERMAN ST,,,,0.00,Y,OTHER,Y,Intersection,None,,,         ,James,Jarvis,Clear,Angle,no,no,no,no,no,False
101361494,METROPOLITAN NASHVILLE POLICE DEPT,20160831227,Davidson,Nashville,9/15/2016 6:45:00 AM,2,0,0,36.140140,-86.722980,I 40,,,,0.00,,,,,,,213.50,N,Not at Intersection,N,Non-Junction,None,,,         ,Todd,Watson,Clear,Front to Rear,no,no,no,no,yes,False
101361499,METROPOLITAN NASHVILLE POLICE DEPT,20160831347,Davidson,Nashville,9/15/2016 7:55:00 AM,2,0,0,36.041960,-86.661390,CANE RIDGE RD,,,,191.00,Feet,North,BELL HOLLOW APTS PVTDR,,,,0.00,N,Not at Intersection,N,Non-Junction,None,,,         ,Blake,Lutz,Clear,Angle,no,no,no,no,no,False
101361507,METROPOLITAN NASHVILLE POLICE DEPT,2016-0831205,Davidson,Nashville,9/15/2016 6:43:00 AM,3,3,0,36.053790,-86.673020,I 24,,,,0.00,,,,,,,58.40,N,Not at Intersection,N,Non-Junction,None,,,         ,William,Whitworth,Clear,Front to Rear,no,no,no,no,no,False
101361512,METROPOLITAN NASHVILLE POLICE DEPT,20160831475,Davidson,Nashville,9/15/2016 8:40:00 AM,2,1,0,36.080370,-86.685700,FRANKLIN LIMESTONE RD,,,,0.00,,,ANTIOCH PKE,,,,0.00,Y,T-Intersection,N,Intersection,None,,,         ,Edward,Holden,Clear,Front to Rear,no,no,no,no,no,False
101361515,METROPOLITAN NASHVILLE POLICE DEPT,20160831453,Davidson,Nashville,9/15/2016 8:44:00 AM,3,0,0,36.043010,-86.661630,CANE RIDGE RD,,,,0.00,,,BELL HOLLOW APTS PVTDR,,,,0.00,Y,T-Intersection,N,Intersection,None,,,         ,Kenneth,Alexandrow,Clear,Other,no,no,no,no,no,False
101361518,METROPOLITAN NASHVILLE POLICE DEPT,20160831618,Davidson,Nashville,9/15/2016 9:15:00 AM,2,0,0,36.153840,-86.756080,HERMITAGE AV,,,,0.00,,,FAIRFIELD AV,,,,0.00,Y,Four-Way, ,Intersection,None,,,         ,Gregory,Lindstrom,Clear,Front to Rear,no,no,no,no,no,False
101361519,METROPOLITAN NASHVILLE POLICE DEPT,2016-0831507,Davidson,Nashville,9/15/2016 8:50:00 AM,2,0,0,36.154080,-86.762290,I 40,,,,0.00,,,,,,,210.85,N,Not at Intersection,Y,Entrance/Exit Ramp Related,None,,,         ,Charles,Coe,Clear,"Sideswipe, Same Direction",no,no,no,no,no,False
101361524,METROPOLITAN NASHVILLE POLICE DEPT,20160831512,Davidson,Nashville,9/15/2016 7:57:00 AM,3,1,0,36.089480,-86.620450,SMITH SPRINGS RD,,,,501.00,Feet,East,RURAL HILL RD,,,,0.00,N,Not at Intersection,N,Non-Junction,None,,,         ,Terry,Denton,Clear,Front to Rear,no,no,no,no,no,False
101361529,METROPOLITAN NASHVILLE POLICE DEPT,20160831562,Davidson,Nashville,9/15/2016 9:00:00 AM,2,0,0,36.221730,-86.693790,BRILEY PKWYS,,,,359.00,Feet,South,MUSIC VALLEY DR,,,,0.00,N,Not at Intersection, ,Non-Junction,None,,,         ,Ralph,Harvey,Clear,"Sideswipe, Same Direction",no,no,no,no,no,False
101361541,METROPOLITAN NASHVILLE POLICE DEPT,20160831265,Davidson,Nashville,9/15/2016 7:15:00 AM,2,0,0,36.205810,-86.776550,I 65,,,,0.00,,,,,,,87.30,N,Not at Intersection,N,Non-Junction,None,,,         ,Jeanine,Sarno,Clear,"Sideswipe, Same Direction",no,no,no,no,no,False
101361560,BERRY HILL POLICE DEPT,16-3299,Davidson,Nashville,9/15/2016 9:08:00 AM,2,0,0,36.122640,-86.775510,BILOXI AV,,,,108.00,Feet,East,FRANKLIN PKE,,,,0.00,N,Not at Intersection, ,"Driveway, Alley Access, etc",None,,,         ,Ronnie,Hill,Clear,Angle,no,no,no,no,no,False
101361566,METROPOLITAN NASHVILLE POLICE DEPT,20160831324,Davidson,Nashville,9/15/2016 7:49:00 AM,2,0,0,36.073870,-86.623510,ANDERSON RD,,,,0.00,,,OWENDALE DR,,,,0.00,Y,Four-Way,Y,Intersection,None,,,         ,Terry,Denton,Clear,Angle,no,no,no,no,no,False
101361570,METROPOLITAN NASHVILLE POLICE DEPT,20160831857,Davidson,Nashville,9/15/2016 11:11:00 AM,2,0,0,36.155290,-86.812060,CHARLOTTE AV,,,,0.00,,,25TH AVN,,,,0.00,Y,T-Intersection, ,Intersection-Related,None,,,         ,Nathan,Kemp,Clear,Front to Rear,no,no,no,no,no,False
101361583,METROPOLITAN NASHVILLE POLICE DEPT,20160831760,Davidson,Nashville,9/15/2016 9:15:00 AM,2,0,0,36.150580,-86.749340,I 40,,,,0.00,,,,,,,211.65,N,Not at Intersection, ,Non-Junction,None,,,         ,Gregory,Lindstrom,Clear,Front to Rear,no,no,no,no,no,False
101361585,METROPOLITAN NASHVILLE POLICE DEPT,20160831870,Davidson,Nashville,9/15/2016 11:51:00 AM,1,0,0,36.043060,-86.661640,CANE RIDGE RD,,,,16.00,Feet,North,BELL HOLLOW APTS PVTDR,,,,0.00,N,Not at Intersection,N,Non-Junction,None,,,         ,Jessie,Meadows,Clear,Not Collision with Motor Vehicle in Transport,no,no,no,no,no,False
101361588,METROPOLITAN NASHVILLE POLICE DEPT,2016-0831783,Davidson,Nashville,9/15/2016 10:34:00 AM,2,0,0,36.109210,-86.728210,SOUTHLAKE DR,,,,98.00,Feet,South,BRILEY PKWYN,,,,0.00,N,Not at Intersection,N,Non-Junction,None,,,         ,William,Whitworth,Clear,Front to Rear,no,no,no,no,yes,False
101361590,METROPOLITAN NASHVILLE POLICE DEPT,2016-0831879,Davidson,Not in City Limit,9/15/2016 11:39:00 AM,2,0,0,36.067340,-86.947010,GENERAL GEORGE PATTON RD,,,,758.00,Feet,East,SAWYER BROWN RD,,,,0.00,N,Not at Intersection, ,Non-Junction,None,,,         ,Curtis,Rich,Clear,Angle,no,no,no,no,no,False
101361603,METROPOLITAN NASHVILLE POLICE DEPT,20160831871,Davidson,Nashville,9/15/2016 11:20:00 AM,2,0,0,36.198440,-86.620270,LEBANON PKE,,,,0.00,,,OLD HICKORY BLVD,,,,0.00,Y,Four-Way, ,Intersection-Related,None,,,         ,William,Mckay,Clear,Front to Rear,no,no,no,no,no,False
101361606,METROPOLITAN NASHVILLE POLICE DEPT,2016-0831776,Davidson,Nashville,9/15/2016 10:56:00 AM,2,1,0,36.142330,-86.884380,I 40,,,,0.00,,,,,,,202.25,N,Not at Intersection,N,Non-Junction,None,,,         ,Walter,Gray II,Clear,"Sideswipe, Same Direction",no,no,no,no,yes,False
101361607,GOODLETTSVILLE POLICE DEPT,16-32264,Davidson,Goodlettsville,9/15/2016 11:00:00 AM,2,1,0,36.323100,-86.707580,LONG HOLLOW PKE,,,,0.00,,,S CARTWRIGHT ST,,,,0.00,Y,Four-Way,N,Intersection,None,,,         ,Jeremy,Baker,Clear,Angle,no,no,no,no,no,False
101361608,METROPOLITAN NASHVILLE POLICE DEPT,20160831407,Davidson,Nashville,9/15/2016 8:22:00 AM,2,1,0,36.097290,-86.657380,MURFREESBORO PKE,,,,497.00,Feet,West,SMITH SPRINGS RD,,,,0.00,N,Not at Intersection,N,Non-Junction,None,,,         ,Wesley,Young,Clear,Front to Rear,no,no,no,no,no,False
101361609,METROPOLITAN NASHVILLE POLICE DEPT,20160831544,Davidson,Nashville,9/15/2016 8:54:00 AM,2,0,0,36.225110,-86.597820,ANDREW JACKSON PKWY,,,,191.00,Feet,South,SAUNDERSVILLE RD,,,,0.00,N,Not at Intersection,N,Non-Junction,None,,,         ,Wesley,Young,Clear,Front to Rear,no,no,no,no,no,False
101361610,METROPOLITAN NASHVILLE POLICE DEPT,20160831606,Davidson,Nashville,9/15/2016 7:44:00 AM,2,0,0,36.189510,-86.627440,LEBANON PKE,,,,725.00,Feet,East,HICKORY HILL LN,,,,0.00,N,Not at Intersection, ,Non-Junction,None,,,         ,Wesley,Young,Clear,Front to Rear,no,no,no,no,no,False
101361611,METROPOLITAN NASHVILLE POLICE DEPT,20160831652,Davidson,Nashville,9/15/2016 10:02:00 AM,2,0,0,36.193300,-86.623450,LEBANON PKE,,,,193.00,Feet,North,JUAREZ DR,,,,0.00,N,Not at Intersection, ,Non-Junction,None,,,         ,Wesley,Young,Clear,Angle,no,no,no,no,no,False
101361617,METROPOLITAN NASHVILLE POLICE DEPT,20160831923,Davidson,Nashville,9/15/2016 12:00:00 PM,2,0,0,36.191120,-86.797200,VANTAGE WAY,,,,0.00,,,FRENCH LANDING DR,,,,0.00,Y,Four-Way, ,Intersection,None,,,         ,Chase,Burnett,Clear,Front to Rear,no,no,no,no,no,False
101361654,METROPOLITAN NASHVILLE POLICE DEPT,20160832097,Davidson,Nashville,9/15/2016 1:00:00 PM,2,0,0,36.189700,-86.798600,ROSA L PARKS BLVD,,,,490.00,Feet,South,VANTAGE WAY CT,,,,0.00,N,Not at Intersection, ,Non-Junction,None,,,         ,Chase,Burnett,Clear,Front to Rear,no,no,no,no,no,False
101361658,METROPOLITAN NASHVILLE POLICE DEPT,20160832072,Davidson,Nashville,9/15/2016 12:35:00 PM,2,0,0,36.131730,-86.727220,I 24,,,,0.00,,,,,,,51.05,N,Not at Intersection,Y,Entrance/Exit Ramp Related,None,,,         ,Justin,Pinkelton,Clear,Front to Rear,no,no,no,no,yes,False
101361662,METROPOLITAN NASHVILLE POLICE DEPT,20160832039,Davidson,Nashville,9/15/2016 12:38:00 PM,1,2,0,36.116330,-86.797970,I 440,,,,0.00,,,,,,,3.35,N,Not at Intersection,N,Non-Junction,None,,,         ,Nathan,Kemp,Clear,Not Collision with Motor Vehicle in Transport,no,no,no,no,no,False
101361663,METROPOLITAN NASHVILLE POLICE DEPT,20160832067,Davidson,Nashville,9/15/2016 12:57:00 PM,2,0,0,36.193850,-86.766020,DOUGLAS AV,,,,0.00,,,PENNOCK AV,,,,0.00,Y,Four-Way, ,Intersection,None,,,         ,Jared,Eaves,Clear,"Sideswipe, Same Direction",no,no,no,no,no,False
101361665,METROPOLITAN NASHVILLE POLICE DEPT,2016-0831395,Davidson,Nashville,9/15/2016 8:08:00 AM,2,0,0,36.062860,-86.697140,KEELEY DR,,,,0.00,,,PACKARD DR,,,,0.00,Y,Four-Way, ,Intersection,None,,,         ,Stanley,Collins,Clear,Front to Rear,no,no,no,no,no,False
101361680,METROPOLITAN NASHVILLE POLICE DEPT,20160831861,Davidson,Nashville,9/15/2016 11:27:00 AM,2,0,0,36.126560,-86.758590,SEMINOLE AV,,,,0.00,,,SOUTHERN TURF DR,,,,0.00,Y,T-Intersection, ,Intersection-Related,None,,,         ,Phillip,Murphy,Clear,Angle,no,no,no,no,no,False
101361681,METROPOLITAN NASHVILLE POLICE DEPT,2016-0832162,Davidson,Not in City Limit,9/15/2016 1:19:00 PM,2,1,0,36.072700,-86.926470,OLD HARDING PKE,,,,0.00,,,HICKS RD,,,,0.00,Y,Four-Way,N,Intersection,None,,,         ,Curtis,Rich,Clear,Angle,no,no,no,no,no,False
101361685,METROPOLITAN NASHVILLE POLICE DEPT,20160832006,Davidson,Nashville,9/15/2016 12:17:00 PM,3,0,0,36.176130,-86.800920,I40 W ENT RAMP,,,,0.00,,East,I 65,,,,0.00,N,Not at Intersection,Y,Entrance/Exit Ramp Related,None,,,         ,James,Jarvis,Clear,"Sideswipe, Same Direction",no,no,no,no,no,False
101361688,METROPOLITAN NASHVILLE POLICE DEPT,2016-0832092,Davidson,Nashville,9/15/2016 12:56:00 PM,2,1,0,36.046790,-86.654190,HICKORY HOLLOW LN,,,,198.00,Feet,East,HICKORY HOLLOW PKWY,,,,0.00,N,Not at Intersection,N,"Driveway, Alley Access, etc",None,,,         ,William,Whitworth,Clear,Angle,no,no,no,no,no,False
101361692,METROPOLITAN NASHVILLE POLICE DEPT,20160832241,Davidson,Not in City Limit,9/15/2016 1:55:00 PM,1,0,0,36.278680,-86.690360,MYATT DR,,,,0.00,,,,,,,0.00,,, ,Non-Junction,None,,,         ,Michelle,Steidl,Clear,Not Collision with Motor Vehicle in Transport,no,no,no,yes,no,False
101361705,METROPOLITAN NASHVILLE POLICE DEPT,20160832245,Davidson,Nashville,9/15/2016 1:57:00 PM,2,0,0,36.044460,-86.956230,HIGHWAY 100,,,,0.00,,,OLD HARDING PKE,,,,0.00,Y,Four-Way,N,Intersection,None,,,         ,Walter,Gray II,Clear,Angle,no,no,no,no,no,False
101361708,METROPOLITAN NASHVILLE POLICE DEPT,20160832125,Davidson,Nashville,9/15/2016 1:05:00 PM,2,1,0,36.154080,-86.713300,LEBANON PKE,,,,0.00,,,LEBANON PIKE CIR,,,,0.00,Y,T-Intersection,N,Intersection-Related,None,,,         ,Gregory,Lindstrom,Clear,Angle,no,no,no,no,no,False
101361710,VANDERBILT UNIVERSITY POLICE,16-0813897,Davidson,Nashville,9/9/2016 4:15:00 PM,2,0,0,36.141720,-86.778670,CHESTNUT ST,,,,0.00,,,8TH AVS,,,,0.00,Y,Four-Way, ,Intersection-Related,None,,,         ,William,West,Clear,Angle,no,no,no,no,yes,False
101361726,METROPOLITAN NASHVILLE POLICE DEPT,20160832085,Davidson,Nashville,9/15/2016 12:54:00 PM,2,0,0,36.145920,-86.666310,ROYAL PKWY,,,,84.00,Feet,East,DONELSON PKE,,,,0.00,N,Not at Intersection, ,Non-Junction,None,,,         ,Wesley,Young,Clear,Front to Rear,no,no,no,no,no,False
101361727,METROPOLITAN NASHVILLE POLICE DEPT,20160832133,Davidson,Nashville,9/15/2016 12:57:00 PM,1,0,0,36.146540,-86.692930,BRILEY PKWYN,,,,0.00,,,,,,,0.00,,,N,Non-Junction,None,,,         ,Wesley,Young,Clear,Not Collision with Motor Vehicle in Transport,no,no,no,no,no,False