master_record_number,agency,agency_tracking_number,county,city,collision_date,vehicles_involved,number_injured,number_dead,latitude,longitude,roadway_name,roadway_suffix,roadway_number,roadway_local_id,distance_from_reference,miles-feet_indicator,direction_from_reference,intersection_road_name,intersection_road_name_suffix,intersection_road_number,intersection_local_id,mile_marker,intersection_indicator,intersect_type,interchange_related_indicator,relation_to_junction,work_zone_type,construction_maintenance_zone,construction_maintenance_zone_location,fatal_case_number,officer_first_name,officer_last_name,weather_condition(s),manner_of_crash,pedestrian,bicycle,scooter,parking,hitrun,mou
101361728,METROPOLITAN NASHVILLE POLICE DEPT,20160832210,Davidson,Nashville,9/15/2016 1:37:00 PM,2,0,0,36.201790,-86.693560,OPRY MILLS DR,,,,0.00,,,,,,,0.00,,,N,Non-Junction,None,,,         ,Wesley,Young,Clear,"Sideswipe, Opposite Direction",no,no,no,no,no,False
101361730,GOODLETTSVILLE POLICE DEPT,16-31648,Davidson,Goodlettsville,9/10/2016 4:00:00 PM,2,0,0,36.295647,-86.716076,,,I65,,0.10,Miles,North,,,,,94.60,N,Not at Intersection,N,Non-Junction,None,,,         ,Charles,Hauskin,Clear,"Sideswipe, Same Direction",no,no,no,no,yes,False
101361734,METROPOLITAN NASHVILLE POLICE DEPT,20160832382,Davidson,Not in City Limit,9/15/2016 2:25:00 PM,2,0,0,36.307280,-86.684860,GALLATIN PKEN,,,,0.00,,,NORTHSIDE MARKETPLACE PVTDR,,,,0.00,Y,Four-Way, ,Non-Junction,None,,,         ,Samuel,Miller,Clear,Front to Rear,no,no,no,no,no,False
101361738,METROPOLITAN NASHVILLE POLICE DEPT,20160832461,Davidson,Nashville,9/15/2016 3:09:00 PM,2,0,0,36.185300,-86.636500,JACKSON DOWNS BLVD,,,,0.00,,,LEBANON PKE,,,,0.00,Y,T-Intersection, ,Intersection,None,,,         ,Wesley,Young,Clear,Front to Rear,no,no,no,no,no,False
101361744,METROPOLITAN NASHVILLE POLICE DEPT,20160832342,Davidson,Nashville,9/15/2016 1:45:00 PM,3,2,0,36.226180,-86.602110,SAUNDERSVILLE RD,,,,320.00,Feet,East,SHUTE LN,,,,0.00,N,Not at Intersection,N,Non-Junction,None,,,         ,Codey,Mullins,Clear,Front to Rear,no,no,no,no,no,False
101361750,METROPOLITAN NASHVILLE POLICE DEPT,20160832267,Davidson,Nashville,9/15/2016 2:00:00 PM,2,0,0,36.176500,-86.787260,4TH AVN,,,,285.00,Feet,North,MADISON ST,,,,0.00,N,Not at Intersection, ,Non-Junction,None,,,         ,Jeanine,Sarno,Clear,"Sideswipe, Opposite Direction",no,no,no,no,no,False
101361751,METROPOLITAN NASHVILLE POLICE DEPT,20160832232,Davidson,Nashville,9/15/2016 1:52:00 PM,2,1,0,36.245060,-86.746730,I65 S EXT RAMP,,,,0.00,,East,I 65,,,,0.00,N,Not at Intersection,Y,Entrance/Exit Ramp Related,None,,,         ,Spencer,Pittman,Clear,Angle,no,no,no,no,no,False
101361759,BERRY HILL POLICE DEPT,16-3301,Davidson,Nashville,9/14/2016 3:10:00 PM,2,0,0,36.112330,-86.767020,THOMPSON LN,,,,0.00,,,BRANSFORD AV,,,,0.00,Y,Four-Way, ,Intersection,None,,,         ,Larry,Carter,Clear,Front to Rear,no,no,no,no,yes,False
101361765,METROPOLITAN NASHVILLE POLICE DEPT,20160832549,Davidson,Nashville,9/15/2016 3:53:00 PM,2,2,0,36.065810,-86.629540,MURFREESBORO PKE,,,,0.00,,,HAMILTON CROSSINGS,,,,0.00,Y,T-Intersection,N,Non-Junction,None,,,         ,Larry,Preuett,Clear,Front to Rear,no,no,no,no,yes,False
101361767,METROPOLITAN NASHVILLE POLICE DEPT,20160832453,Davidson,Nashville,9/15/2016 3:33:00 PM,2,0,0,36.154630,-86.779160,LAFAYETTE ST,,,,0.00,,,8TH AVS,,,,0.00,Y,Roundabout, ,Non-Junction,None,,,         ,Pedro,Rivera Chaparro,Clear,Angle,no,no,no,no,no,False
101361774,METROPOLITAN NASHVILLE POLICE DEPT,2016-0832454,Davidson,Nashville,9/15/2016 2:44:00 PM,2,0,0,36.106520,-86.718860,I 24,,,,0.00,,,,,,,54.00,N,Not at Intersection,N,Non-Junction,None,,,         ,Walter,Gray II,Clear,"Sideswipe, Same Direction",no,no,no,no,yes,False
101361782,METROPOLITAN NASHVILLE POLICE DEPT,20160832557,Davidson,Nashville,9/15/2016 12:00:00 AM,2,0,0,36.217900,-86.696160,MUSIC VALLEY DR,,,,305.00,Feet,North,OPRYLAND DR,,,,0.00,N,Not at Intersection, ,Non-Junction,None,,,         ,Craig,Gentry,Clear,"Sideswipe, Same Direction",no,no,no,no,no,False
101361785,METROPOLITAN NASHVILLE POLICE DEPT,20160832546,Davidson,Nashville,9/15/2016 3:52:00 PM,2,0,0,36.110940,-86.745220,THOMPSON LN,,,,0.00,,,NOLENSVILLE PKE,,,,0.00,Y,Four-Way, ,Intersection-Related,None,,,         ,Tien,Nguyen,Clear,Angle,no,no,no,no,no,False
101361786,METROPOLITAN NASHVILLE POLICE DEPT,20160832560,Davidson,Nashville,9/15/2016 3:47:00 PM,2,0,0,36.173590,-86.602150,CENTRAL PKE,,,,0.00,,,OLD HICKORY BLVD,,,,0.00,Y,OTHER, ,OtherLocation,None,,,         ,Christopher,Mackey,Clear,Other,no,no,no,no,no,False
101361793,METROPOLITAN NASHVILLE POLICE DEPT,20160832530,Davidson,Nashville,9/15/2016 3:45:00 PM,2,0,0,36.131370,-86.817990,I 440,,,,0.00,,,,,,,1.90,N,Not at Intersection, ,Non-Junction,None,,,         ,Ryan,Allen,Clear,"Sideswipe, Same Direction",no,no,no,no,no,False
101361806,METROPOLITAN NASHVILLE POLICE DEPT,20160832645,Davidson,Nashville,9/15/2016 4:05:00 PM,2,0,0,36.074270,-86.638810,RURAL HILL RD,,,,86.00,Feet,South,MURFREESBORO PKE,,,,0.00,N,Not at Intersection, ,Non-Junction,None,,,         ,Gregory,Cenicola,Clear,Angle,no,no,no,no,yes,False
101361809,METROPOLITAN NASHVILLE POLICE DEPT,20160832762,Davidson,Nashville,9/15/2016 12:00:00 AM,2,0,0,36.179460,-86.678160,LUMAR LN,,,,0.00,,,MCGAVOCK PKE,,,,0.00,Y,T-Intersection,Y,Intersection,None,,,         ,Craig,Gentry,Clear,Front to Rear,no,no,no,no,yes,False
101361811,METROPOLITAN NASHVILLE POLICE DEPT,20160832504,Davidson,Nashville,9/15/2016 3:34:00 PM,3,1,0,36.116700,-86.668180,DONELSON PKE,,,,0.00,,,HANGAR LN,,,,0.00,Y,T-Intersection,N,Intersection-Related,None,,,         ,Christopher,Augustin,Clear,Front to Rear,no,no,no,no,no,False
101361817,METROPOLITAN NASHVILLE POLICE DEPT,20160832392,Davidson,Nashville,9/15/2016 3:44:00 PM,2,0,0,36.118180,-86.703610,WINTHORNE DR,,,,158.00,Feet,North,MCDONALD DR,,,,0.00,N,Not at Intersection, ,Non-Junction,None,,,         ,Jessie,Meadows,Clear,Rear to Side,no,no,no,yes,no,False
101361818,METROPOLITAN NASHVILLE POLICE DEPT,20160832321,Davidson,Nashville,9/15/2016 4:47:00 PM,2,0,0,36.124910,-86.752150,NOLENSVILLE PKE,,,,32.00,Feet,South,ROSEDALE AV,,,,0.00,N,Not at Intersection, ,Non-Junction,None,,,         ,Jessie,Meadows,Clear,Angle,no,no,no,no,no,False
101361819,METROPOLITAN NASHVILLE POLICE DEPT,20160832482,Davidson,Nashville,9/15/2016 4:15:00 PM,1,0,0,36.116740,-86.735410,LUTIE ST,,,,67.00,Feet,East,LUTIE DR,,,,0.00,N,Not at Intersection,N,Non-Junction,None,,,         ,Jessie,Meadows,Clear,Not Collision with Motor Vehicle in Transport,no,no,no,no,yes,False
101361823,METROPOLITAN NASHVILLE POLICE DEPT,20160832627,Davidson,Nashville,9/15/2016 4:00:00 PM,2,0,0,36.076130,-86.640230,MURFREESBORO PKE,,,,513.00,Feet,South,LAKEVILLA DR,,,,0.00,N,Not at Intersection, ,,None,,,         ,Brent,Hedgcoth,,,no,no,no,no,no,False
101361830,METROPOLITAN NASHVILLE POLICE DEPT,2016-0832657,Davidson,Nashville,9/15/2016 1:05:00 PM,3,0,0,36.172840,-86.871520,TDOT PVTDR,,,,586.00,Feet,North,CENTENNIAL BOULEVARD RAMP,,,,0.00,N,Not at Intersection,N,Non-Junction,None,,,         ,Walter,Gray II,Clear,Angle,no,no,no,yes,yes,False
101361846,METROPOLITAN NASHVILLE POLICE DEPT,20160832716,Davidson,Madison,9/15/2016 4:44:00 PM,2,0,0,36.277750,-86.690280,MYATT DR,,,,146.00,Feet,South,MADISON INDUSTRIAL RD,,,,0.00,N,Not at Intersection, ,Non-Junction,None,,,         ,George,Oden,Clear,Front to Rear,no,no,no,no,no,False
101361847,METROPOLITAN NASHVILLE POLICE DEPT,20160832717,Davidson,Not in City Limit,9/15/2016 4:40:00 PM,2,0,0,36.259690,-86.713120,GALLATIN PKES,,,,77.00,Feet,South,WOODRUFF ST,,,,0.00,N,Not at Intersection, ,Non-Junction,None,,,         ,Cecilia,Gomez,Clear,"Sideswipe, Opposite Direction",no,no,no,no,no,False
101361850,METROPOLITAN NASHVILLE POLICE DEPT,20160832797,Davidson,Nashville,9/15/2016 4:40:00 PM,2,0,0,36.164120,-86.793960,I 40,,,,0.00,,,,,,,208.50,N,Not at Intersection, ,Non-Junction,None,,,         ,Andy,Esqueda,Clear,Front to Rear,no,no,no,no,no,False
101361854,METROPOLITAN NASHVILLE POLICE DEPT,20160832859,Davidson,Nashville,9/15/2016 5:28:00 PM,2,0,0,36.233250,-86.819260,BRILEY PKWY E EXT RAMP,,,,511.00,Feet,East,BRILEY PKWYE,,,,0.00,N,Not at Intersection,N,Non-Junction,None,,,         ,Michael,Brooks,Cloudy,Front to Rear,no,no,no,no,no,False
101361856,METROPOLITAN NASHVILLE POLICE DEPT,20160832617,Davidson,Nashville,9/15/2016 3:35:00 PM,1,0,0,36.146990,-86.822080,I 440,,,,0.00,,,,,,,1.25,N,Not at Intersection, ,Non-Junction,None,,,         ,Maria,Cortez,Clear,Not Collision with Motor Vehicle in Transport,no,no,no,no,no,False
101361863,METROPOLITAN NASHVILLE POLICE DEPT,20160832733,Davidson,Not in City Limit,9/15/2016 4:48:00 PM,2,0,0,36.263930,-86.690620,STATE RT 45,,,,95.00,Feet,West,MYATT DR,,,,0.00,N,Not at Intersection, ,Non-Junction,None,,,         ,Christopher,Kelly,Clear,"Sideswipe, Same Direction",no,no,no,no,no,False
101361871,METROPOLITAN NASHVILLE POLICE DEPT,2016-0832824,Davidson,Nashville,9/15/2016 4:15:00 PM,2,0,0,36.130300,-86.837780,HARDING PKE,,,,0.00,,,WEST END AV,,,,0.00,Y,Four-Way, ,Intersection,None,,,         ,Ryan,Allen,Clear,"Sideswipe, Same Direction",no,no,no,no,no,False
101361874,METROPOLITAN NASHVILLE POLICE DEPT,20160832865,Davidson,Nashville,9/15/2016 5:29:00 PM,3,0,0,36.100940,-86.818730,HILLSBORO PKE,,,,0.00,,,HOBBS RD,,,,0.00,Y,Four-Way,N,Intersection-Related,None,,,         ,Tien,Nguyen,Clear,Front to Rear,no,no,no,no,no,False
101361876,METROPOLITAN NASHVILLE POLICE DEPT,20160832846,Davidson,Nashville,9/15/2016 5:19:00 PM,2,0,0,36.081620,-86.701730,LINBAR DR,,,,100.00,Feet,South,WALLACE RD,,,,0.00,N,Not at Intersection,N,Non-Junction,None,,,         ,Jared,Jenkins,Clear,HeadOn,no,no,no,no,no,False
101361881,METROPOLITAN NASHVILLE POLICE DEPT,20160832346,Davidson,Nashville,9/15/2016 2:29:00 PM,2,1,0,36.174930,-86.756630,S 9TH ST,,,,0.00,,,WOODLAND ST,,,,0.00,Y,T-Intersection,N,Intersection,None,,,         ,Cheri,Cox,Clear,Angle,no,no,no,no,no,False
101361887,METROPOLITAN NASHVILLE POLICE DEPT,20160833015,Davidson,Nashville,9/15/2016 6:19:00 PM,3,0,0,36.134280,-86.780570,WEDGEWOOD AV,,,,0.00,,,BEECH AV,,,,0.00,Y,Four-Way, ,Intersection,None,,,         ,Charles,Griffin,Clear,Front to Rear,no,no,no,no,no,False
101361891,METROPOLITAN NASHVILLE POLICE DEPT,20160832941,Davidson,Nashville,9/15/2016 6:13:00 PM,2,0,0,36.123260,-86.749630,I 440,,,,0.00,,,,,,,6.40,N,Not at Intersection, ,Non-Junction,None,,,         ,Jessie,Meadows,Clear,"Sideswipe, Same Direction",no,no,no,no,no,False
101361893,METROPOLITAN NASHVILLE POLICE DEPT,20160832794,Davidson,Goodlettsville,9/15/2016 4:56:00 PM,2,0,0,36.304680,-86.689020,GALLATIN PKEN,,,,0.00,,,LIBERTY LN,,,,0.00,Y,Four-Way,Y,Intersection-Related,None,,,         ,Samuel,Miller,Clear,Front to Rear,no,no,no,no,yes,False
101361908,METROPOLITAN NASHVILLE POLICE DEPT,20160832841,Davidson,Nashville,9/15/2016 5:11:00 PM,2,0,0,36.139560,-86.700750,KAREN DR,,,,0.00,,,ENVIOUS LN,,,,0.00,Y,Y-Intersection, ,Non-Junction,None,,,         ,Jaby,Djabbarov,Clear,"Sideswipe, Same Direction",no,no,no,no,no,False
101361909,METROPOLITAN NASHVILLE POLICE DEPT,20160832972,Davidson,Nashville,9/15/2016 6:04:00 PM,2,0,0,36.141540,-86.671300,I 40,,,,0.00,,,,,,,215.00,N,Not at Intersection,N,Non-Junction,None,,,         ,Jaby,Djabbarov,Clear,Front to Rear,no,no,no,no,no,False
101361913,METROPOLITAN NASHVILLE POLICE DEPT,20160833038,Davidson,Nashville,9/15/2016 6:32:00 PM,5,0,0,36.077470,-86.773100,FRANKLIN PKE,,,,0.00,,,TYNE BLVD,,,,0.00,Y,T-Intersection,N,Intersection-Related,None,,,         ,Tien,Nguyen,Clear,Front to Rear,no,no,no,no,yes,False
101361923,METROPOLITAN NASHVILLE POLICE DEPT,20160833073,Davidson,Nashville,9/15/2016 6:43:00 PM,3,2,0,36.206270,-86.773490,I65 N EXT RAMP,,,,0.00,,,W TRINITY LN,,,,0.00,Y,T-Intersection,Y,Intersection,None,,,         ,Charles,Wakefield,Clear,Front to Rear,no,no,no,no,yes,False
101361932,METROPOLITAN NASHVILLE POLICE DEPT,20160833217,Davidson,Nashville,9/15/2016 7:38:00 PM,2,0,0,36.153420,-86.788740,DEMONBREUN ST,,,,100.00,Feet,West,14TH AVS,,,,0.00,N,Not at Intersection, ,Non-Junction,None,,,         ,Charles,Griffin,Clear,Angle,no,no,no,no,no,False
101361944,METROPOLITAN NASHVILLE POLICE DEPT,20160833301,Davidson,Nashville,9/15/2016 5:41:00 PM,2,0,0,36.222150,-86.761510,DICKERSON PKE,,,,172.00,Feet,North,HART LN,,,,0.00,N,Not at Intersection,N,"Driveway, Alley Access, etc",None,,,         ,Cressie,Prill,Clear,Angle,no,no,no,no,no,False
101361949,METROPOLITAN NASHVILLE POLICE DEPT,20160833132,Davidson,Nashville,9/15/2016 6:47:00 PM,3,0,0,36.068510,-86.573070,OLE NOTTINGHAM DR,,,,82.00,Feet,North,SOUTH HAMPTON BLVD,,,,0.00,N,Not at Intersection, ,Non-Junction,None,,,         ,William,McDaniel,Clear,"Sideswipe, Same Direction",no,no,no,no,no,False
101361950,METROPOLITAN NASHVILLE POLICE DEPT,20160833040,Davidson,Nashville,9/15/2016 6:20:00 PM,2,0,0,36.234390,-86.625810,OLD HICKORY BLVD,,,,51.00,Feet,South,MONTCHANIN RD,,,,0.00,N,Not at Intersection,N,Non-Junction,None,,,         ,Codey,Mullins,Clear,"Sideswipe, Opposite Direction",no,no,no,no,no,False
101361954,METROPOLITAN NASHVILLE POLICE DEPT,20160833352,Davidson,Nashville,9/15/2016 8:23:00 PM,2,0,0,36.176660,-86.777470,SPRING ST,,,,387.00,Feet,West,COWAN ST,,,,0.00,N,Not at Intersection,N,Non-Junction,None,,,         ,Michael,Baron,Clear,Front to Rear,no,no,no,no,yes,False
101361960,METROPOLITAN NASHVILLE POLICE DEPT,20160832792,Davidson,Nashville,9/15/2016 4:58:00 PM,2,1,0,36.176640,-86.758730,RAMSEY ST,,,,181.00,Feet,West,NEILL AV,,,,0.00,N,Not at Intersection,N,Non-Junction,None,,,         ,Jonathan,Hadley,Clear,Angle,no,no,no,no,no,False
101361980,METROPOLITAN NASHVILLE POLICE DEPT,20160833264,Davidson,Madison,9/15/2016 7:46:00 PM,2,0,0,36.273070,-86.702630,ANDERSON LN,,,,0.00,,,PIERCE RD,,,,0.00,Y,T-Intersection,N,Intersection-Related,None,,,         ,George,Oden,Clear,"Sideswipe, Same Direction",no,no,no,no,no,False
101361987,METROPOLITAN NASHVILLE POLICE DEPT,2016-0833062,Davidson,Nashville,9/15/2016 5:35:00 PM,2,1,0,36.116170,-86.832890,WOODMONT BLVD,,,,168.00,Feet,East,CANTRELL AV,,,,0.00,N,Not at Intersection,N,Non-Junction,None,,,         ,Ryan,Allen,Clear,Front to Rear,no,no,no,no,yes,False
101361989,METROPOLITAN NASHVILLE POLICE DEPT,20160832866,Davidson,Nashville,9/15/2016 3:15:00 PM,2,0,0,36.139600,-86.734650,MURFREESBORO PKE,,,,453.00,Feet,West,ARLINGTON AV,,,,0.00,N,Not at Intersection, ,Non-Junction,None,,,         ,John,Daugherty,Clear,Front to Rear,no,no,no,no,no,False
101361998,METROPOLITAN NASHVILLE POLICE DEPT,20160833418,Davidson,Nashville,9/15/2016 8:38:00 PM,1,0,0,36.232060,-86.758140,DICKERSON PKE,,,,0.00,,,,,,,0.00,,,N,Non-Junction,None,,,         ,Joshua,Reece,Clear,Not Collision with Motor Vehicle in Transport,no,no,no,yes,no,False
101362008,METROPOLITAN NASHVILLE POLICE DEPT,20160833302,Davidson,Nashville,9/15/2016 7:00:00 PM,2,0,0,36.118700,-86.704620,GLENGARRY DR,,,,75.00,Feet,West,WINTHORNE DR,,,,0.00,N,Not at Intersection, ,,None,,,         ,John,Joyce,,,no,no,no,no,no,False
101362010,METROPOLITAN NASHVILLE POLICE DEPT,20160833400,Davidson,Nashville,9/15/2016 7:57:00 PM,2,0,0,36.052210,-86.644910,EAGLE VIEW BLVD,,,,0.00,,,BELL RD,,,,0.00,Y,T-Intersection,N,Intersection,None,,,         ,Gregory,Cenicola,Clear,Angle,no,no,no,no,no,False
101362012,Nashville Airport Police,2016-02653,Davidson,Nashville,9/12/2016 5:00:00 PM,2,0,0,36.132860,-86.668780,TERMINAL DR,,,,1256.00,Feet,South,I40 E EXT RAMP,,,,0.00,N,Not at Intersection, ,Non-Junction,None,,,         ,Dalton,Engstrom,Clear,Rear to Side,no,no,no,no,no,False
101362041,METROPOLITAN NASHVILLE POLICE DEPT,20160833703,Davidson,Nashville,9/15/2016 7:05:00 PM,2,0,0,36.087430,-86.692210,ANTIOCH PKE,,,,0.00,,,HARDING PL,,,,0.00,Y,Four-Way, ,Intersection-Related,None,,,         ,Erik,Dabbs,Clear,Front to Rear,no,no,no,no,yes,False
101362045,METROPOLITAN NASHVILLE POLICE DEPT,20160833724,Davidson,Nashville,9/15/2016 10:52:00 PM,2,0,0,36.147300,-86.757920,LAFAYETTE ST,,,,0.00,,,FAIRFIELD AV,,,,0.00,Y,Four-Way, ,Intersection,None,,,         ,Dale,Dameron,Clear,Angle,no,no,no,no,no,False
101362046,METROPOLITAN NASHVILLE POLICE DEPT,20160833764,Davidson,Nashville,9/15/2016 11:00:00 PM,2,0,0,36.161890,-86.775170,2ND AVS,,,,0.00,,,2ND AVN,,,,0.00,Y,Four-Way, ,Intersection-Related,None,,,         ,Robert,Buckman,Clear,"Sideswipe, Same Direction",no,no,no,no,yes,False
101362054,METROPOLITAN NASHVILLE POLICE DEPT,20160833643,Davidson,Nashville,9/15/2016 10:20:00 PM,1,2,0,36.252250,-86.693900,NEELYS BEND RD,,,,0.00,,,RANDY RD,,,,0.00,Y,T-Intersection,N,Intersection,None,,,         ,Michael,Reid,Clear,Not Collision with Motor Vehicle in Transport,no,no,no,no,no,False
101362062,METROPOLITAN NASHVILLE POLICE DEPT,20160833760,Davidson,Nashville,9/15/2016 12:00:00 AM,1,1,0,36.139850,-86.727030,I 40,,,,0.00,,,,,,,213.30,N,Not at Intersection,N,Non-Junction,None,,,         ,Austin,Childress,Clear,Not Collision with Motor Vehicle in Transport,no,no,no,no,no,False
101362072,METROPOLITAN NASHVILLE POLICE DEPT,20160833730,Davidson,Nashville,9/15/2016 11:01:00 PM,1,0,0,36.171850,-86.767890,I24 W EXT RAMP,,,,0.00,Feet,East,I 24,,,,0.00,N,Not at Intersection,N,Non-Junction,None,,,         ,Ky,Luu,Clear,Not Collision with Motor Vehicle in Transport,no,no,no,no,no,False
101362073,METROPOLITAN NASHVILLE POLICE DEPT,20160834132,Davidson,Nashville,9/16/2016 12:00:00 AM,1,0,0,36.136110,-86.727250,I24 E EXT RAMP,,,,178.00,Feet,South,I 24,,,,0.00,N,Not at Intersection,N,Entrance/Exit Ramp Related,None,,,         ,Dale,Dameron,Clear,Not Collision with Motor Vehicle in Transport,no,no,no,no,yes,False
101362075,METROPOLITAN NASHVILLE POLICE DEPT,20160834154,Davidson,Nashville,9/16/2016 2:25:00 AM,2,0,0,36.192710,-86.744370,DOUGLAS AV,,,,0.00,Feet,,GALLATIN AV,,,,0.00,Y,Four-Way,N,Intersection,None,,,         ,Robert,Crow,Clear,Angle,no,no,no,no,no,False
101362102,METROPOLITAN NASHVILLE POLICE DEPT,20160834064,Davidson,Nashville,9/16/2016 1:25:00 AM,1,0,0,36.192840,-86.777690,I 65,,,,0.00,,,,,,,86.45,N,Not at Intersection,Y,Entrance/Exit Ramp Related,Maintenance Zone,Other,Transition Area,         ,Geoffrey,Daugherty,Clear,Not Collision with Motor Vehicle in Transport,no,no,no,no,no,False
101362110,METROPOLITAN NASHVILLE POLICE DEPT,20160834382,Davidson,Nashville,9/16/2016 4:26:00 AM,1,0,0,36.178220,-86.810290,DR D B TODD JR BLVD,,,,419.00,Feet,North,OSAGE ST,,,,0.00,N,Not at Intersection, ,Non-Junction,None,,,         ,Trevin,Tolbert,Clear,Not Collision with Motor Vehicle in Transport,no,no,no,no,no,False
101362125,METROPOLITAN NASHVILLE POLICE DEPT,20160831124,Davidson,Not in City Limit,9/15/2016 5:44:00 AM,3,0,0,36.296800,-86.811430,I 24,,,,0.00,,,,,,,39.00,N,Not at Intersection, ,Non-Junction,None,,,         ,Jessica,Scott,Clear,Front to Rear,no,no,no,no,no,False
101362137,METROPOLITAN NASHVILLE POLICE DEPT,2016-0834620,Davidson,Nashville,9/16/2016 6:55:00 AM,2,0,0,36.184910,-86.863900,BRILEY PKWYS,,,,212.00,Feet,West,BRILEY PKWYN,,,,0.00,N,Not at Intersection,N,Non-Junction,None,,,         ,Curtis,Rich,Clear,Front to Rear,no,no,no,no,no,False
101362143,METROPOLITAN NASHVILLE POLICE DEPT,20160773451,Davidson,Nashville,8/28/2016 3:02:00 AM,2,1,1,36.059580,-86.641060,BELL RD,,,,0.00,,,CAMBRIDGE APTS PVTDR,,,,0.00,Y,Four-Way,N,Intersection,None,,,16-0672  ,Jessie,Loy,Clear,Angle,no,no,no,no,yes,False
101362152,METROPOLITAN NASHVILLE POLICE DEPT,20160834643,Davidson,Nashville,9/16/2016 6:32:00 AM,2,0,0,36.199560,-86.608310,ANDREW JACKSON PKWY,,,,174.00,Feet,South,RACHEL DONELSON PASS,,,,0.00,N,Not at Intersection, ,Non-Junction,None,,,         ,James,Curtis,Clear,"Sideswipe, Same Direction",no,no,no,no,yes,False
101362157,METROPOLITAN NASHVILLE POLICE DEPT,20160834801,Davidson,Nashville,9/16/2016 8:13:00 AM,2,0,0,36.146250,-86.660620,ELM HILL PKE,,,,56.00,Feet,West,SHAUNA DR,,,,0.00,N,Not at Intersection, ,Non-Junction,None,,,         ,Steven,Rowlett,Clear,Front to Rear,no,no,no,no,no,False
101362168,METROPOLITAN NASHVILLE POLICE DEPT,20160834802,Davidson,Nashville,9/16/2016 7:55:00 AM,2,1,0,36.039050,-86.743420,EDMONDSON PKE,,,,350.00,Feet,South,OLD HICKORY BLVD,,,,0.00,N,Not at Intersection,N,Non-Junction,None,,,         ,Gary,Sneed,Clear,Front to Rear,no,no,no,no,no,False
101362191,METROPOLITAN NASHVILLE POLICE DEPT,2016-0834818,Davidson,Nashville,9/16/2016 6:30:00 AM,2,0,0,36.146380,-86.889030,ANNEX AV,,,,182.00,Feet,South,CONTINENTAL DR,,,,0.00,N,Not at Intersection,N,Non-Junction,None,,,         ,Curtis,Rich,Cloudy,"Sideswipe, Opposite Direction",no,no,no,no,no,False
101362192,METROPOLITAN NASHVILLE POLICE DEPT,20160834604,Davidson,Nashville,9/16/2016 6:25:00 AM,2,0,0,36.134280,-86.779440,WEDGEWOOD AV,,,,102.00,Feet,West,8TH AVS,,,,0.00,N,Not at Intersection,N,Non-Junction,None,,,         ,Phillip,Murphy,Clear,Angle,no,no,no,no,no,False
101362199,METROPOLITAN NASHVILLE POLICE DEPT,2016-0834895,Davidson,Nashville,9/16/2016 8:00:00 AM,2,0,0,36.149820,-86.859400,CHARLOTTE PKE,,,,0.00,,,MIDLAND AV,,,,0.00,Y,OTHER, ,Non-Junction,None,,,         ,George,Spencer,Clear,Front to Rear,no,no,no,no,yes,False
101362238,METROPOLITAN NASHVILLE POLICE DEPT,20160834697,Davidson,Nashville,9/16/2016 7:23:00 AM,2,0,0,36.075120,-86.693190,I 24,,,,0.00,,,,,,,56.55,N,Not at Intersection, ,Non-Junction,None,,,         ,Robert,Erickson,Clear,"Sideswipe, Same Direction",no,no,no,no,no,False
101362245,BERRY HILL POLICE DEPT,16-3302,Davidson,Berry Hill,9/15/2016 3:05:00 PM,2,1,0,36.119320,-86.772490,BERRY RD,,,,105.00,Feet,East,I65 N ENT RAMP,,,,0.00,N,Not at Intersection,N,Non-Junction,None,,,         ,John,Gleixner,Clear,Front to Rear,no,no,no,no,no,False
101362252,METROPOLITAN NASHVILLE POLICE DEPT,20160831463,Davidson,Nashville,9/15/2016 8:50:00 AM,2,0,0,36.039810,-86.740760,OLD HICKORY BLVD,,,,802.00,Feet,East,EDMONDSON PKE,,,,0.00,N,Not at Intersection,N,"Driveway, Alley Access, etc",None,,,         ,Erik,Wagner,Clear,Angle,no,no,no,no,no,False
101362255,METROPOLITAN NASHVILLE POLICE DEPT,20160834738,Davidson,Nashville,9/16/2016 7:40:00 AM,2,0,0,36.223320,-86.869170,BRILEY PKWYS,,,,471.00,Feet,North,BRILEY PKWYN,,,,0.00,N,Not at Intersection,N,Non-Junction,None,,,         ,Royce,McLester,Clear,"Sideswipe, Same Direction",no,no,no,no,no,False
101362259,METROPOLITAN NASHVILLE POLICE DEPT,20160834921,Davidson,Nashville,9/16/2016 9:03:00 AM,2,0,0,36.171250,-86.750760,SHELBY AV,,,,0.00,,,S 11TH ST,,,,0.00,Y,Four-Way, ,Intersection,None,,,         ,Alex,Moore,Clear,Front to Rear,no,no,no,no,no,False
101362281,METROPOLITAN NASHVILLE POLICE DEPT,20160834927,Davidson,Nashville,9/16/2016 8:50:00 AM,2,0,0,36.130180,-86.755030,NOLENSVILLE PKE,,,,0.00,,,POLK AV,,,,0.00,Y,T-Intersection, ,Intersection,None,,,         ,Todd,Watson,Clear,Front to Rear,no,no,no,no,no,False
101362286,METROPOLITAN NASHVILLE POLICE DEPT,20160834951,Davidson,Nashville,9/16/2016 8:43:00 AM,2,0,0,36.082780,-86.761580,SIDCO DR,,,,0.00,,,,,,,0.00,,Not at Intersection,N,Non-Junction,None,,,         ,Nathan,Smith,Clear,"Sideswipe, Same Direction",no,no,no,no,no,False