master_record_number,agency,agency_tracking_number,county,city,collision_date,vehicles_involved,number_injured,number_dead,latitude,longitude,roadway_name,roadway_suffix,roadway_number,roadway_local_id,distance_from_reference,miles-feet_indicator,direction_from_reference,intersection_road_name,intersection_road_name_suffix,intersection_road_number,intersection_local_id,mile_marker,intersection_indicator,intersect_type,interchange_related_indicator,relation_to_junction,work_zone_type,construction_maintenance_zone,construction_maintenance_zone_location,fatal_case_number,officer_first_name,officer_last_name,weather_condition(s),manner_of_crash,pedestrian,bicycle,scooter,parking,hitrun,mou
101362290,METROPOLITAN NASHVILLE POLICE DEPT,2016-0828652,Davidson,Nashville,9/14/2016 1:30:00 PM,2,0,0,36.157980,-86.772640,KOREAN VETERANS BLVD,,,,0.00,,,2ND AVS,,,,0.00,Y,Four-Way, ,,None,,,         ,William,Vincion,,,no,no,no,no,no,False
101362292,METROPOLITAN NASHVILLE POLICE DEPT,20160835007,Davidson,Nashville,9/16/2016 9:47:00 AM,2,0,0,36.040030,-86.765960,OLD HICKORY BLVD,,,,168.00,Feet,West,HEARTHSTONE MANOR LN,,,,0.00,N,Not at Intersection, ,Non-Junction,None,,,         ,Kevin,Crawford,Clear,Front to Rear,no,no,no,no,no,False
101362295,METROPOLITAN NASHVILLE POLICE DEPT,20160834924,Davidson,Nashville,9/16/2016 9:00:00 AM,2,0,0,36.109450,-86.728050,BRILEY PKWYN,,,,0.00,,,BRILEY PKWYS,,,,0.00,Y,Four-Way, ,Intersection-Related,None,,,         ,Blake,Lutz,Clear,Front to Rear,no,no,no,no,no,False
101362297,METROPOLITAN NASHVILLE POLICE DEPT,20160832150,Davidson,Nashville,9/15/2016 1:01:00 PM,2,0,0,36.152000,-86.792860,DIVISION ST,,,,0.00,,,17TH AVS,,,,0.00,Y,OTHER, ,Intersection,None,,,         ,Darrell,Osment,Clear,Front to Rear,no,no,no,no,no,False
101362298,METROPOLITAN NASHVILLE POLICE DEPT,2016-0835058,Davidson,Nashville,9/16/2016 10:00:00 AM,2,0,0,36.154350,-86.857600,BRILEY PKWYS,,,,155.00,Feet,North,BRILEY PKWY S EXT RAMP,,,,0.00,N,Not at Intersection,N,Non-Junction,None,,,         ,Curtis,Rich,Clear,Front to Rear,no,no,no,no,no,False
101362307,METROPOLITAN NASHVILLE POLICE DEPT,20160835065,Davidson,Nashville,9/16/2016 9:59:00 AM,1,0,0,36.160840,-86.774490,2ND AVS,,,,0.00,,,SHELBY ST PEDESTRIAN BRIDGE GR,,,,0.00,Y,OTHER, ,OtherLocation,None,,,         ,Daniel,Massey,Clear,Not Collision with Motor Vehicle in Transport,no,no,no,yes,no,False
101362315,METROPOLITAN NASHVILLE POLICE DEPT,20160835079,Davidson,Nashville,9/16/2016 9:53:00 AM,2,0,0,36.144660,-86.744040,FESSLERS LN,,,,0.00,,,ELM HILL PKE,,,,0.00,Y,Four-Way, ,Intersection-Related,None,,,         ,Steven,Rowlett,Clear,Front to Rear,no,no,no,no,no,False
101362318,METROPOLITAN NASHVILLE POLICE DEPT,2016-0835044,Davidson,Nashville,9/16/2016 10:01:00 AM,2,0,0,36.152370,-86.837230,CHARLOTTE AV,,,,50.00,Feet,West,42ND AVN,,,,0.00,N,Not at Intersection, ,Non-Junction,None,,,         ,Walter,Gray II,Clear,Front to Rear,no,no,no,no,no,False
101362321,METROPOLITAN NASHVILLE POLICE DEPT,2016-0828688,Davidson,Nashville,9/14/2016 12:00:00 AM,2,0,0,36.145260,-86.811960,WEST END AV,,,,11.00,Feet,West,28TH AVS,,,,0.00,N,Not at Intersection,N,Non-Junction,None,,,         ,David,Anderson,Cloudy,Unknown,no,no,no,yes,yes,Campus
101362326,METROPOLITAN NASHVILLE POLICE DEPT,20160834672,Davidson,Nashville,9/16/2016 7:06:00 AM,2,0,0,36.146720,-86.742860,I 40,,,,0.00,,,,,,,212.10,N,Not at Intersection, ,,None,,,         ,Ralph,Harvey,,,no,no,no,no,no,False
101362331,METROPOLITAN NASHVILLE POLICE DEPT,20160834828,Davidson,Nashville,9/16/2016 7:43:00 AM,2,1,0,36.109930,-86.720330,BRILEY PKWYN,,,,0.00,,,I24 W EXT RAMP,,,,0.00,Y,T-Intersection,N,Intersection,None,,,         ,David,Simmonds,Clear,Front to Rear,no,no,no,no,no,False
101362347,METROPOLITAN NASHVILLE POLICE DEPT,20160828796,Davidson,Nashville,9/14/2016 2:25:00 PM,2,0,0,36.156710,-86.794140,CHURCH ST,,,,116.00,Feet,West,16TH AVN,,,,0.00,N,Not at Intersection, ,Non-Junction,None,,,         ,Darrell,Osment,Clear,"Sideswipe, Same Direction",no,no,no,no,no,False
101362356,METROPOLITAN NASHVILLE POLICE DEPT,20160834966,Davidson,Nashville,9/16/2016 9:25:00 AM,2,0,0,36.068530,-86.688450,I 24,,,,0.00,,,,,,,57.10,N,Not at Intersection,N,Non-Junction,None,,,         ,Edward,Holden,Clear,Front to Rear,no,no,no,no,no,False
101362357,VANDERBILT UNIVERSITY POLICE,16-0835126,Davidson,Nashville,9/16/2016 10:25:00 AM,2,0,0,36.142810,-86.800220,MEDICAL CENTER DR,,,,65.00,Feet,West,21ST AVS,,,,0.00,N,Not at Intersection, ,,None,,,         ,Brent,Clark,,,no,no,no,no,no,Campus
101362367,METROPOLITAN NASHVILLE POLICE DEPT,20160835319,Davidson,Nashville,9/16/2016 11:28:00 AM,2,0,0,36.197010,-86.742060,GALLATIN AV,,,,0.00,,,CAROLYN AV,,,,0.00,Y,T-Intersection, ,Intersection-Related,None,,,         ,Alex,Moore,Clear,Front to Rear,no,no,no,no,no,False
101362370,METROPOLITAN NASHVILLE POLICE DEPT,20160834728,Davidson,Nashville,9/16/2016 6:55:00 AM,2,0,0,36.169790,-86.676320,LEBANON PKE,,,,107.00,Feet,West,PARK DR,,,,0.00,N,Not at Intersection,N,Non-Junction,None,,,         ,Kevin,Coleman,Clear,Angle,no,no,no,no,no,False
101362379,METROPOLITAN NASHVILLE POLICE DEPT,20160835395,Davidson,Nashville,9/16/2016 12:05:00 PM,2,0,0,36.200320,-86.618600,LEBANON PKE,,,,0.00,,,HERMITAGE RD,,,,0.00,Y,T-Intersection, ,Intersection-Related,None,,,         ,William,Mckay,Clear,"Sideswipe, Same Direction",no,no,no,no,no,False
101362382,METROPOLITAN NASHVILLE POLICE DEPT,20160835225,Davidson,Nashville,9/16/2016 11:15:00 AM,2,1,0,36.167770,-86.761790,SHELBY AV,,,,141.00,Feet,East,S 5TH ST,,,,0.00,N,Not at Intersection,N,Non-Junction,None,,,         ,Tony,Folad,Clear,Front to Rear,no,no,no,no,no,False
101362391,METROPOLITAN NASHVILLE POLICE DEPT,20160835355,Davidson,Nashville,9/16/2016 10:50:00 AM,1,0,0,36.062740,-86.630890,HAMILTON CROSSINGS,,,,38.00,Feet,North,HAMILTON CHURCH RD,,,,0.00,N,Not at Intersection, ,Non-Junction,None,,,         ,Blake,Lutz,Clear,Not Collision with Motor Vehicle in Transport,no,no,no,no,no,False
101362393,METROPOLITAN NASHVILLE POLICE DEPT,20160835430,Davidson,Nashville,9/16/2016 12:35:00 PM,2,0,0,36.193660,-86.831220,CLARKSVILLE PKE,,,,0.00,,,BUENA VISTA PKE,,,,0.00,Y,Four-Way,N,Intersection,None,,,         ,Michael,Parman,Clear,Angle,no,no,no,no,yes,False
101362401,METROPOLITAN NASHVILLE POLICE DEPT,20160834936,Davidson,Nashville,9/16/2016 9:00:00 AM,2,1,0,36.061800,-86.638440,BELL RD,,,,631.00,Feet,South,BELL CREST DR,,,,0.00,N,Not at Intersection,N,Non-Junction,None,,,         ,Brandon,O'Guin,Clear,Angle,no,no,no,no,no,False
101362403,METROPOLITAN NASHVILLE POLICE DEPT,20160835023,Davidson,Nashville,9/16/2016 9:32:00 AM,1,1,0,36.174360,-86.758200,WOODLAND ST,,,,138.00,Feet,East,S 8TH ST,,,,0.00,N,Not at Intersection,N,Non-Junction,None,,,         ,Tony,Folad,Clear,Not Collision with Motor Vehicle in Transport,yes,no,no,no,yes,False
101362404,METROPOLITAN NASHVILLE POLICE DEPT,2016-0835506,Davidson,Not in City Limit,9/16/2016 1:10:00 PM,1,2,0,36.087780,-86.942920,I 40,,,,0.00,,,,,,,197.20,N,Not at Intersection,N,Non-Junction,None,,,         ,Curtis,Rich,Clear,Not Collision with Motor Vehicle in Transport,no,no,no,no,no,False
101362408,METROPOLITAN NASHVILLE POLICE DEPT,20160835326,Davidson,Nashville,9/16/2016 11:40:00 AM,1,0,0,36.212500,-86.920500,OLD HICKORY BLVD,,,,403.00,Feet,North,ASHLAND CITY HWY,,,,0.00,N,Not at Intersection,N,Non-Junction,None,,,         ,Jeanine,Sarno,Clear,Not Collision with Motor Vehicle in Transport,no,no,no,no,yes,False
101362411,METROPOLITAN NASHVILLE POLICE DEPT,20160835252,Davidson,Nashville,9/16/2016 11:44:00 AM,2,1,0,36.073110,-86.692240,I 24,,,,0.00,,,,,,,56.70,N,Not at Intersection,N,Non-Junction,None,,,         ,Jessie,Meadows,Clear,Not Collision with Motor Vehicle in Transport,no,no,no,no,no,False
101362414,METROPOLITAN NASHVILLE POLICE DEPT,20160834989,Davidson,Nashville,9/16/2016 9:41:00 AM,2,0,0,36.183840,-86.797720,I65 N ENT RAMP,,,,0.00,,,I 65,,,,0.00,Y,OTHER,Y,Entrance/Exit Ramp Related,None,,,         ,James,Wray,Clear,"Sideswipe, Same Direction",no,no,no,no,no,False
101362420,METROPOLITAN NASHVILLE POLICE DEPT,20160835329,Davidson,Nashville,9/16/2016 11:57:00 AM,2,0,0,36.144470,-86.742220,ELM HILL PKE,,,,152.00,Feet,West,LANNIE BOSWELL AV,,,,0.00,N,Not at Intersection,N,Non-Junction,None,,,         ,James,Curtis,Clear,Angle,no,no,no,no,no,False
101362421,METROPOLITAN NASHVILLE POLICE DEPT,20160835450,Davidson,Nashville,9/16/2016 12:00:00 AM,2,0,0,36.164170,-86.805200,19TH AVN,,,,0.00,,,HERMOSA ST,,,,0.00,Y,T-Intersection,Y,Intersection,None,,,         ,Julie,Nabors,Clear,Angle,no,no,no,no,no,False
101362440,METROPOLITAN NASHVILLE POLICE DEPT,20160835486,Davidson,Nashville,9/16/2016 12:57:00 PM,2,0,0,36.196560,-86.740730,CAHAL AV,,,,0.00,,,,,,,0.00,,, ,Non-Junction,None,,,         ,Richard,Conger,Clear,Angle,no,no,no,no,no,False
101362444,METROPOLITAN NASHVILLE POLICE DEPT,2016-0831133,Davidson,Nashville,9/15/2016 5:55:00 AM,2,0,0,36.109580,-86.769990,I 65,,,,0.00,,,,,,,79.70,N,Not at Intersection, ,Non-Junction,None,,,         ,Frank,Walker,Clear,"Sideswipe, Same Direction",no,no,no,no,no,False
101362461,METROPOLITAN NASHVILLE POLICE DEPT,20160835399,Davidson,Nashville,9/16/2016 12:19:00 PM,2,0,0,36.086760,-86.694600,HARDING PL,,,,400.00,Feet,East,S PERIMETER PARK DR,,,,0.00,N,Not at Intersection, ,Non-Junction,None,,,         ,David,Simmonds,Clear,Angle,no,no,no,no,no,False
101362468,METROPOLITAN NASHVILLE POLICE DEPT,2016-0835408,Davidson,Nashville,9/16/2016 12:07:00 PM,2,0,0,36.152270,-86.857660,I 40,,,,0.00,,,,,,,204.00,N,Not at Intersection, ,Non-Junction,None,,,         ,Walter,Gray II,Clear,Not Collision with Motor Vehicle in Transport,no,no,no,no,no,False
101362471,METROPOLITAN NASHVILLE POLICE DEPT,2016-0835451,Davidson,Nashville,9/16/2016 12:40:00 PM,2,1,0,36.088960,-86.731030,NOLENSVILLE PKE,,,,0.00,,,,,,,0.00,,,N,Non-Junction,None,,,         ,Todd,Watson,Clear,Rear to Side,no,no,no,yes,no,False
101362505,METROPOLITAN NASHVILLE POLICE DEPT,20160835138,Davidson,Nashville,9/16/2016 9:18:00 AM,2,0,0,36.090020,-86.733660,NOLENSVILLE PKE,,,,0.00,,,ZOO RD,,,,0.00,Y,T-Intersection,N,Intersection-Related,None,,,         ,Stephen,Soule,Clear,Front to Rear,no,no,no,no,no,False
101362515,METROPOLITAN NASHVILLE POLICE DEPT,20160828905,Davidson,Antioch,9/14/2016 3:12:00 PM,2,0,0,36.039400,-86.602990,MURFREESBORO PKE,,,,0.00,,,OLD HICKORY BLVD,,,,0.00,Y,T-Intersection, ,Non-Junction,None,,,         ,David,Hughes,Clear,"Sideswipe, Same Direction",no,no,no,no,no,False
101362532,METROPOLITAN NASHVILLE POLICE DEPT,20160835573,Davidson,Nashville,9/16/2016 1:33:00 PM,2,0,0,36.109690,-86.671460,KNAPP BLVD,,,,0.00,,,DONELSON PKE,,,,0.00,Y,Four-Way, ,Intersection,None,,,         ,Wesley,Young,Clear,Front to Rear,no,no,no,no,no,False
101362553,METROPOLITAN NASHVILLE POLICE DEPT,20160826297,Davidson,Nashville,9/13/2016 8:48:00 PM,2,0,0,36.044800,-86.659620,I24 E ENT RAMP,,,,0.00,,,I 24,,,,0.00,Y,Y-Intersection,N,Non-Junction,None,,,         ,David,Hughes,Clear,"Sideswipe, Same Direction",no,no,no,no,no,False
101362579,METROPOLITAN NASHVILLE POLICE DEPT,2016-0835749,Davidson,Nashville,9/16/2016 12:00:00 AM,1,0,0,36.150870,-86.753890,DECATUR ST,,,,196.00,Feet,South,FAIN ST,,,,0.00,N,Not at Intersection,N,Non-Junction,None,,,         ,Craig,Gentry,Clear,Not Collision with Motor Vehicle in Transport,no,no,no,no,yes,False
101362585,METROPOLITAN NASHVILLE POLICE DEPT,20160835777,Davidson,Not in City Limit,9/16/2016 2:24:00 PM,2,0,0,36.023910,-86.701830,BARNES COVE DR,,,,202.00,Feet,North,ALTERAS DR,,,,0.00,N,Not at Intersection, ,,None,,,         ,Kevin,Keating,,,no,no,no,no,no,False
101362589,METROPOLITAN NASHVILLE POLICE DEPT,20160835091,Davidson,Nashville,9/16/2016 11:40:00 AM,2,0,0,36.041320,-86.651740,I24 W ENT RAMP,,,,0.00,Feet,East,I 24,,,,0.00,N,Not at Intersection, ,Non-Junction,None,,,         ,Jessie,Meadows,Clear,"Sideswipe, Same Direction",no,no,no,no,no,False
101362590,METROPOLITAN NASHVILLE POLICE DEPT,20160835165,Davidson,Nashville,9/16/2016 2:08:00 PM,2,0,0,36.107920,-86.720100,I24 W EXT RAMP,,,,0.00,Feet,East,I 24,,,,0.00,N,Not at Intersection,N,Non-Junction,None,,,         ,Jessie,Meadows,Clear,Front to Rear,no,no,no,no,yes,False
101362591,METROPOLITAN NASHVILLE POLICE DEPT,20160835498,Davidson,Nashville,9/16/2016 2:13:00 PM,2,0,0,36.046580,-86.654860,HICKORY HOLLOW PKWY,,,,70.00,Feet,North,HICKORY HOLLOW LN,,,,0.00,N,Not at Intersection,N,Non-Junction,None,,,         ,Jessie,Meadows,Clear,Front to Rear,no,no,no,no,no,False
101362596,METROPOLITAN NASHVILLE POLICE DEPT,20160835732,Davidson,Nashville,9/16/2016 2:40:00 PM,2,2,0,36.186660,-86.775280,I 24,,,,0.00,,,,,,,47.15,N,Not at Intersection,N,Non-Junction,None,,,         ,Christopher,Valdez,Cloudy,Front to Rear,no,no,no,no,no,False
101362609,METROPOLITAN NASHVILLE POLICE DEPT,20160835584,Davidson,Nashville,9/16/2016 1:30:00 PM,3,0,0,36.199200,-86.776510,I 65,,,,0.00,,,,,,,86.80,N,Not at Intersection,N,Non-Junction,None,,,         ,Garren,Hoskins,Clear,"Sideswipe, Same Direction",no,no,no,no,no,False
101362614,METROPOLITAN NASHVILLE POLICE DEPT,20160835739,Davidson,Nashville,9/16/2016 2:22:00 PM,2,0,0,36.154010,-86.787550,I40 W EXT RAMP,,,,0.00,,,I 40,,,,0.00,Y,Four-Way, ,Entrance/Exit Ramp Related,None,,,         ,Tien,Nguyen,Clear,Angle,no,no,no,no,no,False
101362615,METROPOLITAN NASHVILLE POLICE DEPT,20160835801,Davidson,Nashville,9/16/2016 4:11:00 PM,2,0,0,36.070040,-86.684390,ANTIOCH PKE,,,,101.00,Feet,South,HAYWOOD LN,,,,0.00,N,Not at Intersection,N,Non-Junction,None,,,         ,Jessie,Meadows,Clear,Front to Rear,no,no,no,no,yes,False
101362621,METROPOLITAN NASHVILLE POLICE DEPT,20160835846,Davidson,Nashville,9/16/2016 3:23:00 PM,2,0,0,36.182050,-86.608180,FRIST BLVD,,,,36.00,Feet,South,ANDREW JACKSON WAY,,,,0.00,N,Not at Intersection, ,Non-Junction,None,,,         ,Noah,Melton,Clear,"Sideswipe, Same Direction",no,no,no,no,no,False
101362626,METROPOLITAN NASHVILLE POLICE DEPT,20160829882,Davidson,Nashville,9/14/2016 7:50:00 PM,2,0,0,36.127150,-86.711680,MURFREESBORO PKE,,,,100.00,Feet,West,EAST THOMPSON LN,,,,0.00,N,Not at Intersection, ,Non-Junction,None,,,         ,David,Hughes,Clear,Front to Rear,no,no,no,no,no,False
101362638,METROPOLITAN NASHVILLE POLICE DEPT,20160835921,Davidson,Nashville,9/16/2016 3:53:00 PM,1,1,0,36.151500,-86.822470,I 440,,,,0.00,,,,,,,1.55,N,Not at Intersection,N,Non-Junction,None,,,         ,Michael,Brooks,Clear,Not Collision with Motor Vehicle in Transport,no,no,no,no,no,False
101362640,METROPOLITAN NASHVILLE POLICE DEPT,20160835928,Davidson,Nashville,9/16/2016 3:56:00 PM,2,1,0,36.109710,-86.731090,THOMPSON LN,,,,0.00,,,MASHBURN RD,,,,0.00,Y,Four-Way,N,Non-Junction,None,,,         ,Andrew,Mullen,Clear,Front to Rear,no,no,no,no,no,False
101362645,METROPOLITAN NASHVILLE POLICE DEPT,20160835865,Davidson,Nashville,9/16/2016 3:28:00 PM,2,0,0,36.124410,-86.728480,I24 E ENT RAMP,,,,0.00,,,I 440,,,,0.00,Y,OTHER, ,Entrance/Exit Ramp Related,None,,,         ,David,Hughes,Clear,Front to Rear,no,no,no,no,no,False
101362661,METROPOLITAN NASHVILLE POLICE DEPT,20160835985,Davidson,Nashville,9/16/2016 4:00:00 PM,2,0,0,36.163310,-86.793580,I 40,,,,0.00,,,,,,,208.60,N,Not at Intersection, ,Non-Junction,None,,,         ,Wesley,Feinstein,Clear,"Sideswipe, Same Direction",no,no,no,no,no,False
101362663,METROPOLITAN NASHVILLE POLICE DEPT,20160836129,Davidson,Nashville,9/16/2016 5:01:00 PM,2,0,0,36.176250,-86.693130,BRILEY PKWYN,,,,720.00,Feet,West,BRILEY PKWYS,,,,0.00,N,Not at Intersection, ,,None,,,         ,Brian,Smith,,,no,no,no,no,no,False
101362664,METROPOLITAN NASHVILLE POLICE DEPT,20160835979,Davidson,Not in City Limit,9/16/2016 3:50:00 PM,2,0,0,36.002880,-86.697350,NOLENSVILLE PKE,,,,50.00,Feet,North,HIGH POINT TER,,,,0.00,N,Not at Intersection, ,Non-Junction,None,,,         ,Nicholas,Berens,Clear,Front to Rear,no,no,no,no,no,False
101362665,GOODLETTSVILLE POLICE DEPT,16-32366,Davidson,Goodlettsville,9/16/2016 11:10:00 AM,2,0,0,36.306770,-86.694320,CONFERENCE DR,,,,0.00,,,VIETNAM VETERANS BLVD NB ENT R,,,,0.00,Y,Y-Intersection,Y,Entrance/Exit Ramp Related,None,,,         ,John,Spencer,Clear,"Sideswipe, Same Direction",no,no,no,no,yes,False
101362669,METROPOLITAN NASHVILLE POLICE DEPT,20160836119,Davidson,Nashville,9/16/2016 4:58:00 PM,2,0,0,36.130420,-86.899440,CHARLOTTE PKE,,,,0.00,,,I40 W ENT RAMP,,,,0.00,Y,T-Intersection, ,,None,,,         ,Brandon,Pedigo,,,no,no,no,no,no,False
101362671,METROPOLITAN NASHVILLE POLICE DEPT,20160836086,Davidson,Nashville,9/16/2016 4:46:00 PM,1,1,0,36.210730,-86.838370,NORTHSIDE STATION PVTDR,,,,0.00,,,,,,,0.00,,,N,Non-Junction,None,,,         ,Michael,Brooks,Clear,Not Collision with Motor Vehicle in Transport,yes,no,no,yes,no,False
101362672,METROPOLITAN NASHVILLE POLICE DEPT,20160835839,Davidson,Nashville,9/16/2016 3:23:00 PM,2,0,0,36.042450,-86.712940,NOLENSVILLE PKE,,,,0.00,,,SWISS AV,,,,0.00,Y,Four-Way, ,Intersection,None,,,         ,Charles,Griffin,Clear,Angle,no,no,no,no,no,False
101362674,METROPOLITAN NASHVILLE POLICE DEPT,2016-0835734,Davidson,Not in City Limit,9/16/2016 2:07:00 PM,2,0,0,36.077830,-86.993770,I 40,,,,0.00,,,,,,,194.00,N,Not at Intersection, ,Non-Junction,None,,,         ,Walter,Gray II,Clear,"Sideswipe, Same Direction",no,no,no,no,no,False
101362675,METROPOLITAN NASHVILLE POLICE DEPT,20160836015,Davidson,Not in City Limit,9/16/2016 4:24:00 PM,2,1,0,36.079980,-86.954200,HIGHWAY 70S,,,,250.00,Feet,West,COLEY DAVIS RD,,,,0.00,N,Not at Intersection,N,Non-Junction,None,,,         ,Walter,Gray II,Clear,Front to Rear,no,no,no,no,no,False
101362676,METROPOLITAN NASHVILLE POLICE DEPT,20160836038,Davidson,Nashville,9/16/2016 2:33:00 PM,2,0,0,36.183500,-86.610760,OLD HICKORY BLVD,,,,0.00,,,DODSON CHAPEL RD,,,,0.00,Y,Four-Way, ,Intersection-Related,None,,,         ,Kyle,Burks,Clear,"Sideswipe, Same Direction",no,no,no,no,no,False
101362677,METROPOLITAN NASHVILLE POLICE DEPT,20160836000,Davidson,Nashville,9/16/2016 4:19:00 PM,2,0,0,36.040280,-86.768370,OLD HICKORY BLVD,,,,0.00,,,SEVEN SPRINGS WAY,,,,0.00,Y,Four-Way, ,Intersection-Related,None,,,         ,Tien,Nguyen,Clear,Front to Rear,no,no,no,no,no,False
101362679,METROPOLITAN NASHVILLE POLICE DEPT,20160836102,Davidson,Nashville,9/16/2016 4:50:00 PM,2,0,0,36.097260,-86.624940,BELL RD,,,,838.00,Feet,North,KOTTAS PL,,,,0.00,N,Not at Intersection, ,Non-Junction,None,,,         ,Marcus,Mitchell,Clear,Front to Rear,no,no,no,no,no,False
101362681,METROPOLITAN NASHVILLE POLICE DEPT,20160836026,Davidson,Nashville,9/16/2016 4:00:00 PM,2,0,0,36.145160,-86.740340,I 40,,,,0.00,,,,,,,212.25,N,Not at Intersection, ,Non-Junction,None,,,         ,John,Daugherty,Clear,Front to Rear,no,no,no,no,no,False
101362683,METROPOLITAN NASHVILLE POLICE DEPT,20160836145,Davidson,Nashville,9/16/2016 5:05:00 PM,2,1,0,36.185430,-86.773610,DICKERSON PKE,,,,371.00,Feet,North,HANCOCK ST,,,,0.00,N,Not at Intersection,N,Non-Junction,None,,,         ,Christopher,Valdez,Cloudy,Angle,no,no,no,no,no,False
101362685,VANDERBILT UNIVERSITY POLICE,16-0835879,Davidson,Nashville,9/14/2016 12:00:00 AM,2,0,0,36.147490,-86.805360,WEST SIDE ROW,,,,0.00,,,,,,,0.00,,,N,Non-Junction,None,,,         ,Christopher,Dion,Unknown,Unknown,no,no,no,yes,yes,Campus
101362688,METROPOLITAN NASHVILLE POLICE DEPT,20160836213,Davidson,Nashville,9/16/2016 5:23:00 PM,2,0,0,36.144850,-86.666730,DONELSON PKE,,,,139.00,Feet,South,SHACKLETT DR,,,,0.00,N,Not at Intersection, ,Non-Junction,None,,,         ,Mikala,Moore,Clear,Front to Rear,no,no,no,no,no,False
101362689,METROPOLITAN NASHVILLE POLICE DEPT,20160835922,Davidson,Nashville,9/16/2016 3:18:00 PM,2,0,0,36.109360,-86.728110,SOUTHLAKE DR,,,,0.00,,,BRILEY PKWYN,,,,0.00,Y,Four-Way, ,Non-Junction,None,,,         ,Andrew,Mullen,Clear,Front to Rear,no,no,no,no,no,False
101362693,METROPOLITAN NASHVILLE POLICE DEPT,20160835692,Davidson,Not in City Limit,9/16/2016 2:20:00 PM,4,0,0,36.264120,-86.725390,OLD HICKORY BLVDW,,,,100.00,Feet,West,BEVERLY DR,,,,0.00,N,Not at Intersection,N,Non-Junction,None,,,         ,Samuel,Miller,Cloudy,Front to Rear,no,no,no,no,yes,False
101362694,METROPOLITAN NASHVILLE POLICE DEPT,20160836001,Davidson,Not in City Limit,9/16/2016 4:09:00 PM,2,0,0,36.263600,-86.711730,GALLATIN PKEN,,,,80.00,Feet,South,OLD TIME VILLAGE PVTDR,,,,0.00,N,Not at Intersection,N,Non-Junction,None,,,         ,Samuel,Miller,Cloudy,Angle,no,no,no,no,yes,False
101362695,METROPOLITAN NASHVILLE POLICE DEPT,20160836021,Davidson,Not in City Limit,9/16/2016 4:13:00 PM,2,1,0,36.263620,-86.711730,GALLATIN PKEN,,,,80.00,Feet,South,OLD TIME VILLAGE PVTDR,,,,0.00,N,Not at Intersection,N,Non-Junction,None,,,         ,Samuel,Miller,Cloudy,Angle,no,no,no,no,no,False
101362699,METROPOLITAN NASHVILLE POLICE DEPT,20160836046,Davidson,Nashville,9/16/2016 4:15:00 PM,2,0,0,36.182720,-86.808740,14TH AVN,,,,273.00,Feet,South,CLAY ST,,,,0.00,N,Not at Intersection,N,Non-Junction,None,,,         ,Landon,Bagwell,Clear,"Sideswipe, Same Direction",no,no,no,no,no,False
101362723,METROPOLITAN NASHVILLE POLICE DEPT,20160836230,Davidson,Nashville,9/16/2016 5:26:00 PM,2,0,0,36.081100,-86.758360,HARDING PL,,,,0.00,,,TROUSDALE DR,,,,0.00,Y,Four-Way, ,Intersection-Related,None,,,         ,Tien,Nguyen,Clear,"Sideswipe, Same Direction",no,no,no,no,no,False
101362727,METROPOLITAN NASHVILLE POLICE DEPT,20160836206,Davidson,Nashville,9/16/2016 5:19:00 PM,2,0,0,36.154050,-86.822550,I 440,,,,0.00,,,,,,,1.70,N,Not at Intersection, ,,None,,,         ,Shaun,Heath,,,no,no,no,no,no,False
101362728,METROPOLITAN NASHVILLE POLICE DEPT,20160836354,Davidson,Nashville,9/16/2016 6:11:00 PM,2,0,0,36.221700,-86.761670,HART LN,,,,0.00,,,DICKERSON PKE,,,,0.00,Y,T-Intersection, ,Intersection,None,,,         ,Christopher,Valdez,Cloudy,"Sideswipe, Same Direction",no,no,no,no,no,False
101362731,METROPOLITAN NASHVILLE POLICE DEPT,20160836199,Davidson,Nashville,9/16/2016 5:25:00 PM,2,0,0,36.143040,-86.790060,EDGEHILL AV,,,,202.00,Feet,West,14TH AVS,,,,0.00,N,Not at Intersection, ,Non-Junction,None,,,         ,Eric,Burford,Clear,Front to Rear,no,no,no,no,no,False
101362744,METROPOLITAN NASHVILLE POLICE DEPT,20160836216,Davidson,Nashville,9/16/2016 5:30:00 PM,3,0,0,36.157920,-86.760430,I 24,,,,0.00,,,,,,,49.60,N,Not at Intersection,N,Non-Junction,None,,,         ,Kendra,Cowper,Clear,Front to Rear,no,no,no,no,no,False
101362745,METROPOLITAN NASHVILLE POLICE DEPT,20160836085,Davidson,Nashville,9/16/2016 4:45:00 PM,2,0,0,36.205120,-86.757620,E TRINITY LN,,,,0.00,,,JONES AV,,,,0.00,Y,Four-Way, ,,None,,,         ,Joshua,Reece,,,no,no,no,no,no,False
101362746,METROPOLITAN NASHVILLE POLICE DEPT,20160836405,Davidson,Nashville,9/16/2016 6:04:00 PM,2,0,0,36.078070,-86.758750,TROUSDALE DR,,,,84.00,Feet,North,BRIARWOOD DR,,,,0.00,N,Not at Intersection, ,Non-Junction,None,,,         ,Tien,Nguyen,Clear,Front to Rear,no,no,no,no,no,False
101362752,METROPOLITAN NASHVILLE POLICE DEPT,20160836268,Davidson,Nashville,9/16/2016 5:40:00 PM,2,0,0,36.218500,-86.837030,CLARKSVILLE PKE,,,,0.00,,,KINGS LN,,,,0.00,Y,Four-Way,N,Intersection,None,,,         ,Ryan,Cagle,Clear,Angle,no,no,no,no,no,False