master_record_number,agency,agency_tracking_number,county,city,collision_date,vehicles_involved,number_injured,number_dead,latitude,longitude,roadway_name,roadway_suffix,roadway_number,roadway_local_id,distance_from_reference,miles-feet_indicator,direction_from_reference,intersection_road_name,intersection_road_name_suffix,intersection_road_number,intersection_local_id,mile_marker,intersection_indicator,intersect_type,interchange_related_indicator,relation_to_junction,work_zone_type,construction_maintenance_zone,construction_maintenance_zone_location,fatal_case_number,officer_first_name,officer_last_name,weather_condition(s),manner_of_crash,pedestrian,bicycle,scooter,parking,hitrun,mou
101364078,METROPOLITAN NASHVILLE POLICE DEPT,2016-0840723,Davidson,Nashville,9/18/2016 2:45:00 PM,2,0,0,36.126140,-86.846020,HARDING PKE,,,,181.00,Feet,East,KENNER AV,,,,0.00,N,Not at Intersection, ,Non-Junction,None,,,         ,Ryan,Allen,Clear,"Sideswipe, Same Direction",no,no,no,no,no,False
101364087,METROPOLITAN NASHVILLE POLICE DEPT,20160840629,Davidson,Nashville,9/18/2016 1:39:00 PM,2,3,0,36.216780,-86.623510,GRANWOOD BLVD,,,,0.00,,,2ND ST,,,,0.00,Y,Four-Way,N,Intersection,None,,,         ,Tyler,Adcock,Clear,Rear to Side,no,no,no,no,no,False
101364095,METROPOLITAN NASHVILLE POLICE DEPT,20160840737,Davidson,Nashville,9/18/2016 2:20:00 PM,2,0,0,36.207900,-86.690560,BRILEY PKWYS,,,,439.00,Feet,West,OPRYLAND DR,,,,0.00,N,Not at Intersection,N,Non-Junction,None,,,         ,John,Kelley,Clear,Front to Rear,no,no,no,no,no,False
101364103,METROPOLITAN NASHVILLE POLICE DEPT,20160840658,Davidson,Nashville,9/18/2016 2:00:00 PM,2,0,0,36.155580,-86.773680,4TH AVS,,,,156.00,Feet,South,PEABODY ST,,,,0.00,N,Not at Intersection, ,Non-Junction,None,,,         ,Brian,Woodard,Cloudy,"Sideswipe, Same Direction",no,no,no,no,no,False
101364104,METROPOLITAN NASHVILLE POLICE DEPT,2016-0840570,Davidson,Nashville,9/18/2016 12:41:00 PM,2,0,0,36.150080,-86.805510,23RD AVN,,,,0.00,,,ELLISTON PL,,,,0.00,Y,Four-Way, ,,None,,,         ,Allen,Bates,,,no,no,no,no,no,Campus
101364120,METROPOLITAN NASHVILLE POLICE DEPT,20160840724,Davidson,Goodlettsville,9/18/2016 2:56:00 PM,2,0,0,36.293840,-86.696450,MYATT DR,,,,0.00,,,SPRING BRANCH DR,,,,0.00,Y,T-Intersection,N,Intersection-Related,None,,,         ,Christopher,Littles,Clear,Front to Rear,no,no,no,no,no,False
101364131,METROPOLITAN NASHVILLE POLICE DEPT,20160840784,Davidson,Nashville,9/18/2016 3:36:00 PM,2,0,0,36.045370,-86.713260,NOLENSVILLE PKE,,,,0.00,,,OLD HICKORY BLVD,,,,0.00,Y,Four-Way, ,Intersection,None,,,         ,David,Collins,Clear,"Sideswipe, Same Direction",no,no,no,no,no,False
101364133,METROPOLITAN NASHVILLE POLICE DEPT,20160840842,Davidson,Nashville,9/18/2016 3:29:00 PM,2,0,0,36.025640,-86.711280,LENOX VILLAGE DR,,,,0.00,,,ALTHORP WAY,,,,0.00,Y,Five Point Or More, ,Non-Junction,None,,,         ,Kevin,Keating,Clear,Angle,no,no,no,no,no,False
101364147,METROPOLITAN NASHVILLE POLICE DEPT,20160840710,Davidson,Not in City Limit,9/18/2016 1:34:00 PM,2,0,0,36.082440,-86.959560,HIGHWAY 70S,,,,384.00,Feet,West,HARPETH VALLEY RD,,,,0.00,N,Not at Intersection,N,Non-Junction,None,,,         ,Jeremy,Huffine,Clear,Angle,no,no,no,no,no,False
101364156,METROPOLITAN NASHVILLE POLICE DEPT,20160840807,Davidson,Goodlettsville,9/18/2016 3:50:00 PM,2,0,0,36.296910,-86.699160,GALLATIN PKEN,,,,0.00,,,RIVERGATE PKWY,,,,0.00,Y,Four-Way, ,Intersection,None,,,         ,Bradley,Campbell,Clear,"Sideswipe, Same Direction",no,no,no,no,no,False
101364168,METROPOLITAN NASHVILLE POLICE DEPT,20160840889,Davidson,Nashville,9/18/2016 2:35:00 PM,2,0,0,36.068990,-86.681200,RICHARDS RD,,,,0.00,,,CUMMINGS PARK DR,,,,0.00,Y,T-Intersection,N,Intersection-Related,None,,,         ,Nakia,Reid,Clear,Front to Rear,no,no,no,no,yes,False
101364174,METROPOLITAN NASHVILLE POLICE DEPT,20160838809,Davidson,Nashville,9/17/2016 5:20:00 PM,2,0,0,36.164790,-86.784370,7TH AVN,,,,0.00,,,CHARLOTTE AV,,,,0.00,Y,Four-Way, ,Non-Junction,None,,,         ,Gregory,Scott,Rain,"Sideswipe, Same Direction",no,no,no,no,no,False
101364201,METROPOLITAN NASHVILLE POLICE DEPT,20160840993,Davidson,Not in City Limit,9/18/2016 5:39:00 PM,2,0,0,36.278470,-86.787890,OLD HICKORY BLVD,,,,406.00,Feet,East,DANIEL RAY DR,,,,0.00,N,Not at Intersection,N,Non-Junction,None,,,         ,Rodney,Phipps,Cloudy,Angle,no,no,no,no,no,False
101364212,METROPOLITAN NASHVILLE POLICE DEPT,20160841088,Davidson,Nashville,9/18/2016 6:30:00 PM,2,0,0,36.153380,-86.764600,I 40,,,,0.00,,,,,,,210.70,N,Not at Intersection, ,Non-Junction,None,,,         ,Wesley,Feinstein,Cloudy,Angle,no,no,no,no,no,False
101364224,METROPOLITAN NASHVILLE POLICE DEPT,20160840991,Davidson,Nashville,9/18/2016 5:35:00 PM,2,2,0,36.184550,-86.748040,GALLATIN AV,,,,56.00,Feet,South,CHICAMAUGA AV,,,,0.00,N,Not at Intersection,N,Non-Junction,None,,,         ,Cheri,Cox,Clear,"Sideswipe, Same Direction",no,no,no,no,no,False
101364228,METROPOLITAN NASHVILLE POLICE DEPT,20160840758,Davidson,Old Hickory,9/18/2016 3:00:00 PM,2,0,0,36.255650,-86.653170,ROBINSON,RD,,,0.01,Feet,East,MERRITT,ST,,,0.00,N,Not at Intersection,N,OtherLocation,None,,,         ,Codey,Mullins,Clear,Front to Rear,no,no,no,no,yes,False
101364231,METROPOLITAN NASHVILLE POLICE DEPT,20160841123,Davidson,Nashville,9/18/2016 6:50:00 PM,2,0,0,36.112170,-86.687290,MURFREESBORO PKE,,,,539.00,Feet,West,AIR FREIGHT BLVD,,,,0.00,N,Not at Intersection,N,Non-Junction,None,,,         ,Patrick,Taylor,Rain,Front to Rear,no,no,no,no,yes,False
101364243,METROPOLITAN NASHVILLE POLICE DEPT,20160840921,Davidson,Nashville,9/18/2016 4:50:00 PM,2,0,0,36.106140,-86.816000,ABBOTT MARTIN RD,,,,0.00,,,BANDYWOOD DR,,,,0.00,Y,Four-Way, ,Intersection,None,,,         ,Regina,Lewis,Cloudy,"Sideswipe, Same Direction",no,no,no,no,no,False
101364285,METROPOLITAN NASHVILLE POLICE DEPT,20160841132,Davidson,Nashville,9/18/2016 6:26:00 PM,2,0,0,36.176520,-86.796050,9TH AVN,,,,219.00,Feet,East,CHEATHAM PL,,,,0.00,N,Not at Intersection,N,OtherLocation,None,,,         ,Zachary,Ronan,Clear,Front to Rear,no,no,no,yes,no,False
101364298,METROPOLITAN NASHVILLE POLICE DEPT,20160841038,Davidson,Nashville,9/18/2016 6:00:00 PM,3,2,0,36.206940,-86.736130,GALLATIN PKE,,,,17.00,Feet,South,MAYNOR AV,,,,0.00,N,Not at Intersection,N,Non-Junction,None,,,         ,Micah,Wright,Clear,Angle,no,no,no,no,no,False
101364300,METROPOLITAN NASHVILLE POLICE DEPT,20160841332,Davidson,Nashville,9/18/2016 8:50:00 PM,2,0,0,36.201420,-86.776570,I 65,,,,0.00,,,,,,,87.00,N,Not at Intersection, ,Non-Junction,None,,,         ,Christopher,Valdez,Clear,"Sideswipe, Same Direction",no,no,no,no,no,False
101364306,METROPOLITAN NASHVILLE POLICE DEPT,20160841272,Davidson,Nashville,9/18/2016 8:22:00 PM,2,0,0,36.197130,-86.619920,OLD HICKORY BLVD,,,,0.00,,,LEBANON PKE EB EXT RAMP,,,,0.00,Y,Four-Way, ,,Maintenance Zone,,,         ,John,Nicholson,,,no,no,no,no,no,False
101364315,METROPOLITAN NASHVILLE POLICE DEPT,20160841313,Davidson,Goodlettsville,9/18/2016 8:54:00 PM,1,1,0,36.288140,-86.725500,I 65,,,,0.00,,,,,,,94.00,N,Not at Intersection,N,Non-Junction,None,,,         ,Christopher,Littles,Cloudy,Not Collision with Motor Vehicle in Transport,no,no,no,no,no,False
101364316,METROPOLITAN NASHVILLE POLICE DEPT,20160841362,Davidson,Nashville,9/18/2016 9:07:00 PM,2,1,0,36.192710,-86.744370,DOUGLAS AV,,,,0.00,,,GALLATIN AV,,,,0.00,Y,Four-Way,N,Intersection,None,,,         ,Terence,Maahs,Clear,Front to Rear,no,no,no,no,no,False
101364317,METROPOLITAN NASHVILLE POLICE DEPT,20160841273,Davidson,Nashville,9/18/2016 8:27:00 PM,2,3,0,36.169660,-86.868980,BRILEY PKWYN,,,,150.00,Feet,South,BRILEY PKWYS,,,,0.00,N,Not at Intersection,N,Non-Junction,None,,,         ,Justin,Coyle,Clear,"Sideswipe, Same Direction",no,no,no,no,no,False
101364325,METROPOLITAN NASHVILLE POLICE DEPT,20160841380,Davidson,Nashville,9/18/2016 7:40:00 PM,2,0,0,36.175920,-86.813520,23RD AVN,,,,261.00,Feet,South,OSAGE ST,,,,0.00,N,Not at Intersection,N,Non-Junction,None,,,         ,Zachary,Ronan,Clear,"Sideswipe, Same Direction",no,no,no,no,yes,False
101364333,METROPOLITAN NASHVILLE POLICE DEPT,20160841405,Davidson,Nashville,9/18/2016 10:00:00 PM,2,0,0,36.168330,-86.869230,BRILEY PKWY N EXT RAMP,,,,0.00,Feet,East,BRILEY PKWYN,,,,0.00,N,Not at Intersection,N,Non-Junction,Work Zone,Other,Transition Area,         ,Ethan,Usherwood,Clear,Angle,no,no,no,no,no,False
101364334,METROPOLITAN NASHVILLE POLICE DEPT,20160841247,Davidson,Nashville,9/18/2016 8:17:00 PM,2,0,0,36.089570,-86.891130,HARDING PKE,,,,0.00,,,CARNAVON PKWY,,,,0.00,Y,OTHER, ,,None,,,         ,Benjamin,Spees,,,no,no,no,no,no,False
101364360,METROPOLITAN NASHVILLE POLICE DEPT,20160841519,Davidson,Nashville,9/18/2016 11:07:00 PM,1,0,0,36.191820,-86.779140,I 65,,,,0.00,,,,,,,86.40,N,Not at Intersection,N,Non-Junction,None,,,         ,Steven,Henry Jr.,Clear,Not Collision with Motor Vehicle in Transport,no,no,no,no,yes,False
101364369,METROPOLITAN NASHVILLE POLICE DEPT,20160841457,Davidson,Nashville,9/18/2016 10:20:00 PM,1,0,0,36.186700,-86.817030,25TH AVN,,,,267.00,Feet,South,HYDE ST,,,,0.00,N,Not at Intersection,N,Non-Junction,None,,,         ,Landon,Bagwell,Clear,Not Collision with Motor Vehicle in Transport,no,no,no,yes,yes,False
101364386,METROPOLITAN NASHVILLE POLICE DEPT,20160841770,Davidson,Nashville,9/19/2016 12:15:00 AM,2,0,0,36.170790,-86.804310,I40 W ENT RAMP,,,,44.00,Feet,East,I 40,,,,0.00,N,Not at Intersection, ,Non-Junction,None,,,         ,Raymond,Heymann,Clear,"Sideswipe, Same Direction",no,no,no,no,no,False
101364393,METROPOLITAN NASHVILLE POLICE DEPT,20160841770,Davidson,Nashville,9/19/2016 12:00:00 AM,1,1,0,36.170430,-86.804980,I 40,,,,0.00,,,,,,,207.60,N,Not at Intersection,N,Non-Junction,None,,,         ,Myriah,Iles,Clear,Not Collision with Motor Vehicle in Transport,no,no,no,no,no,False
101364397,METROPOLITAN NASHVILLE POLICE DEPT,20160841844,Davidson,Nashville,9/19/2016 1:59:00 AM,3,1,0,36.166340,-86.779070,DEADERICK ST,,,,0.00,,,4TH AVN,,,,0.00,Y,Four-Way,N,Intersection-Related,None,,,         ,Melvin,Foster,Clear,"Sideswipe, Same Direction",no,no,no,no,yes,False
101364404,METROPOLITAN NASHVILLE POLICE DEPT,20160841892,Davidson,Nashville,9/19/2016 2:37:00 AM,2,0,0,36.110760,-86.722250,I 24,,,,0.00,,,,,,,53.60,N,Not at Intersection, ,Non-Junction,None,,,         ,Kevin,Breeding,Clear,"Sideswipe, Same Direction",no,no,no,no,no,False
101364415,METROPOLITAN NASHVILLE POLICE DEPT,20160841443,Davidson,Madison,9/18/2016 8:35:00 PM,2,0,0,36.266000,-86.741390,OLD HICKORY BLVDW,,,,0.00,,,NESBITT LN,,,,0.00,Y,OTHER,N,Intersection-Related,None,,,         ,Michael,Richardson,Clear,"Sideswipe, Same Direction",no,no,no,no,yes,False
101364425,METROPOLITAN NASHVILLE POLICE DEPT,20160842219,Davidson,Antioch,9/19/2016 12:00:00 AM,1,0,0,36.054324,-86.618734,MURFREESBORO PIKE,PIKE,,,0.00,,,MT. VIEW RD,RD,,,0.00,Y,Four-Way, ,Intersection-Related,None,,,         ,William,Coy,Clear,Not Collision with Motor Vehicle in Transport,no,no,no,no,no,False
101364426,METROPOLITAN NASHVILLE POLICE DEPT,20160839766,Davidson,Nashville,9/18/2016 2:40:00 AM,1,0,0,36.136410,-86.727220,I24 E EXT RAMP,,,,0.00,,,I 24,,,,0.00,Y,Y-Intersection,Y,Entrance/Exit Ramp Related,None,,,         ,Pamela,Caulder,Cloudy,Not Collision with Motor Vehicle in Transport,no,no,no,no,no,False
101364439,METROPOLITAN NASHVILLE POLICE DEPT,20160842182,Davidson,Nashville,9/19/2016 5:27:00 AM,2,0,0,36.215610,-86.775340,I 65,,,,0.00,,,,,,,88.00,N,Not at Intersection, ,Non-Junction,Construction Zone,,,         ,Anthony,Cavis,Clear,Front to Rear,no,no,no,no,no,False
101364446,METROPOLITAN NASHVILLE POLICE DEPT,2016-0816004,Davidson,Nashville,9/10/2016 10:47:00 AM,2,1,0,36.040020,-86.743480,EDMONDSON PKE,,,,3.00,Feet,North,OLD HICKORY BLVD,,,,0.00,N,Not at Intersection,N,Non-Junction,None,,,         ,Sean,Williams,Clear,Angle,no,no,no,no,no,False
101364454,METROPOLITAN NASHVILLE POLICE DEPT,20160842163,Davidson,Nashville,9/19/2016 5:17:00 AM,2,2,0,36.045130,-86.699100,BELL RD,,,,764.00,Feet,East,BENZING RD,,,,0.00,N,Not at Intersection,N,Non-Junction,None,,,         ,Frederick,Ware,Clear,HeadOn,no,no,no,no,no,False
101364463,METROPOLITAN NASHVILLE POLICE DEPT,20160842297,Davidson,Nashville,9/19/2016 7:00:00 AM,2,0,0,36.209940,-86.776040,I 65,,,,0.00,,,,,,,87.60,N,Not at Intersection, ,,None,,,         ,Nicholas,MacDougall,,,no,no,no,no,no,False
101364469,METROPOLITAN NASHVILLE POLICE DEPT,2016-0842377,Davidson,Not in City Limit,9/19/2016 7:37:00 AM,2,0,0,36.115090,-86.925560,CHARLOTTE PKE,,,,124.00,Feet,East,SAWYER BROWN RD,,,,0.00,N,Not at Intersection,N,Non-Junction,None,,,         ,Benjamin,Cantrell,Clear,Front to Rear,no,no,no,no,no,False
101364476,METROPOLITAN NASHVILLE POLICE DEPT,20160842251,Davidson,Nashville,9/19/2016 12:00:00 AM,1,0,0,36.244880,-86.875370,EATONS CREEK RD,,,,2022.00,Feet,North,TAZ HYDE RD,,,,0.00,N,Not at Intersection,N,Non-Junction,None,,,         ,Julie,Nabors,Clear,Not Collision with Motor Vehicle in Transport,no,no,no,no,no,False
101364479,METROPOLITAN NASHVILLE POLICE DEPT,2016-0842373,Davidson,Nashville,9/19/2016 7:44:00 AM,4,0,0,36.076890,-86.913700,HIGHWAY 70S,,,,478.00,Feet,West,FOREST PARK APT PVTDR,,,,0.00,N,Not at Intersection, ,Non-Junction,None,,,         ,Curtis,Rich,Clear,Front to Rear,no,no,no,no,no,False
101364485,METROPOLITAN NASHVILLE POLICE DEPT,20160835321,Davidson,Nashville,9/16/2016 11:41:00 AM,2,0,0,36.158280,-86.799430,CHARLOTTE AV,,,,125.00,Feet,West,FISK ST,,,,0.00,N,Not at Intersection, ,Non-Junction,None,,,         ,Darrell,Osment,Cloudy,Angle,no,no,no,no,no,False
101364487,METROPOLITAN NASHVILLE POLICE DEPT,20160842287,Davidson,Nashville,9/19/2016 6:50:00 AM,3,0,0,36.141430,-86.715930,I 40,,,,0.00,,,,,,,213.90,N,Not at Intersection, ,Non-Junction,None,,,         ,Larry,Benz,Clear,Front to Rear,no,no,no,no,no,False
101364498,METROPOLITAN NASHVILLE POLICE DEPT,20160835237,Davidson,Nashville,9/16/2016 11:10:00 AM,4,0,0,36.134280,-86.779090,WEDGEWOOD AV,,,,0.00,Feet,,8TH AVS,,,,0.00,Y,Four-Way,N,Intersection,None,,,         ,Erik,Wagner,Cloudy,Front to Rear,no,no,no,no,no,False
101364499,METROPOLITAN NASHVILLE POLICE DEPT,20160835364,Davidson,Nashville,9/16/2016 12:09:00 PM,2,0,0,36.142670,-86.806560,HIGHLAND AV,,,,0.00,,,25TH AVS,,,,0.00,Y,Four-Way, ,Intersection,None,,,         ,Erik,Wagner,Cloudy,Angle,no,no,no,no,no,Campus
101364500,METROPOLITAN NASHVILLE POLICE DEPT,20160842428,Davidson,Nashville,9/19/2016 8:00:00 AM,2,0,0,36.206500,-86.776490,W TRINITY LN,,,,10.00,Feet,South,I65 S ENT RAMP,,,,0.00,N,Not at Intersection,N,Non-Junction,None,,,         ,Joshua,Baker,Clear,Front to Rear,no,no,no,no,yes,False
101364506,METROPOLITAN NASHVILLE POLICE DEPT,20160842477,Davidson,Nashville,9/19/2016 8:00:00 AM,2,0,0,36.197470,-86.776240,I 65,,,,0.00,,,,,,,86.70,N,Not at Intersection, ,Non-Junction,None,,,         ,Michael,Pyle,Clear,Front to Rear,no,no,no,no,yes,False
101364507,GOODLETTSVILLE POLICE DEPT,16-32617,Davidson,Goodlettsville,9/19/2016 7:15:00 AM,2,0,0,36.295194,-86.714285,JANETTE,AVE,,,177.00,Feet,West,HARDAWAY,DR,,,0.00,N,Not at Intersection, ,Non-Junction,None,,,         ,Charles,Hauskin,Clear,Rear to Side,no,no,no,no,no,False
101364508,METROPOLITAN NASHVILLE POLICE DEPT,20160842529,Davidson,Nashville,9/19/2016 8:37:00 AM,2,0,0,36.040890,-86.746070,OLD HICKORY BLVD,,,,635.00,Feet,North,BRENTWOOD MEADOWS CIR,,,,0.00,N,Not at Intersection, ,Non-Junction,None,,,         ,Gary,Sneed,Clear,Front to Rear,no,no,no,no,no,False
101364517,METROPOLITAN NASHVILLE POLICE DEPT,20160842363,Davidson,Not in City Limit,9/19/2016 7:30:00 AM,2,1,0,36.269160,-86.763580,BELL GRIMES LN,,,,73.00,Feet,West,HICKORY TER,,,,0.00,N,Not at Intersection,N,Non-Junction,None,,,         ,Brian,Otto,Clear,Front to Rear,no,no,no,no,no,False
101364520,METROPOLITAN NASHVILLE POLICE DEPT,20160842601,Davidson,Nashville,9/19/2016 7:30:00 AM,1,0,0,36.109390,-86.811740,HILLSBORO PKE,,,,100.00,Feet,North,CRESTMOOR RD,,,,0.00,N,Not at Intersection,N,Non-Junction,None,,,         ,Justin,Pinkelton,Clear,Not Collision with Motor Vehicle in Transport,no,no,no,yes,yes,False
101364525,METROPOLITAN NASHVILLE POLICE DEPT,20160842448,Davidson,Nashville,9/19/2016 7:39:00 AM,2,0,0,36.068590,-86.623730,OWENDALE DR,,,,0.00,,,KINWOOD DR,,,,0.00,Y,Four-Way,N,Intersection,None,,,         ,Kenneth,Alexandrow,Clear,Angle,no,no,no,no,yes,False
101364529,METROPOLITAN NASHVILLE POLICE DEPT,20160842614,Davidson,Not in City Limit,9/19/2016 9:05:00 AM,2,0,0,36.256990,-86.714070,GALLATIN PKES,,,,101.00,Feet,South,HARRINGTON AV,,,,0.00,N,Not at Intersection, ,Non-Junction,None,,,         ,Brian,Otto,Clear,Front to Rear,no,no,no,no,no,False
101364532,METROPOLITAN NASHVILLE POLICE DEPT,20160842594,Davidson,Nashville,9/19/2016 8:32:00 AM,2,0,0,36.228330,-86.796180,VISTA LN,,,,240.00,Feet,North,VISTA CV,,,,0.00,N,Not at Intersection,N,Non-Junction,None,,,         ,Michael,McCord,Clear,Angle,no,no,no,yes,yes,False
101364545,METROPOLITAN NASHVILLE POLICE DEPT,20160842370,Davidson,Nashville,9/19/2016 7:28:00 AM,2,0,0,36.085520,-86.701890,I24 E EXT RAMP,,,,0.00,,,I 24,,,,0.00,Y,OTHER, ,Entrance/Exit Ramp Related,None,,,         ,Paul,Ellis,Clear,Front to Rear,no,no,no,no,no,False
101364546,METROPOLITAN NASHVILLE POLICE DEPT,20160842732,Davidson,Nashville,9/19/2016 10:15:00 AM,2,0,0,36.086720,-86.697820,HARDING PL,,,,0.00,,,I24 W ENT RAMP,,,,0.00,Y,T-Intersection, ,Entrance/Exit Ramp Related,None,,,         ,Brian,Penny,Clear,Front to Rear,no,no,no,no,no,False
101364554,METROPOLITAN NASHVILLE POLICE DEPT,20160842730,Davidson,Nashville,9/19/2016 10:29:00 AM,2,0,0,36.111200,-86.745350,NOLENSVILLE PKE,,,,101.00,Feet,North,THOMPSON LN,,,,0.00,N,Not at Intersection, ,,None,,,         ,Jessie,Meadows,,,no,no,no,no,no,False
101364555,METROPOLITAN NASHVILLE POLICE DEPT,20160842354,Davidson,Nashville,9/19/2016 7:20:00 AM,2,1,0,36.232790,-86.768910,I 65,,,,0.00,,,,,,,89.20,N,Not at Intersection,N,Unknown,None,,,         ,Coleman,McKellar,Clear,Front to Rear,no,no,no,no,no,False
101364563,METROPOLITAN NASHVILLE POLICE DEPT,2016-0842748,Davidson,Nashville,9/19/2016 10:07:00 AM,2,1,0,36.136420,-86.822050,WEST END AV,,,,50.00,Feet,North,I440 E EXT RAMP,,,,0.00,N,Not at Intersection,N,Non-Junction,None,,,         ,Walter,Gray II,Clear,Front to Rear,no,no,no,no,no,False
101364565,METROPOLITAN NASHVILLE POLICE DEPT,2016-0842348,Davidson,Nashville,9/19/2016 7:22:00 AM,2,0,0,36.124410,-86.740700,I 440,,,,0.00,,,,,,,6.80,N,Not at Intersection,N,Non-Junction,None,,,         ,William,Whitworth,Clear,"Sideswipe, Same Direction",no,no,no,no,no,False
101364566,METROPOLITAN NASHVILLE POLICE DEPT,2016-0842663,Davidson,Nashville,9/19/2016 8:51:00 AM,2,1,0,36.111910,-86.722920,I 24,,,,0.00,,,,,,,53.55,N,Not at Intersection,N,Non-Junction,None,,,         ,William,Whitworth,Clear,Front to Rear,no,no,no,no,yes,False
101364569,METROPOLITAN NASHVILLE POLICE DEPT,20160842799,Davidson,Nashville,9/19/2016 12:00:00 AM,2,0,0,36.164920,-86.820070,I40 W EXT RAMP,,,,0.00,,,I 40,,,,0.00,Y,T-Intersection, ,,None,,,         ,Julie,Nabors,,,no,no,no,no,no,False
101364570,METROPOLITAN NASHVILLE POLICE DEPT,2016-0842711,Davidson,Nashville,9/19/2016 10:35:00 AM,2,0,0,36.151770,-86.842190,46TH AVN,,,,156.00,Feet,South,CHARLOTTE AV,,,,0.00,N,Not at Intersection, ,Non-Junction,None,,,         ,George,Spencer,Clear,"Sideswipe, Same Direction",no,no,no,no,no,False
101364572,METROPOLITAN NASHVILLE POLICE DEPT,2016-0842831,Davidson,Not in City Limit,9/19/2016 10:35:00 AM,2,0,0,36.077450,-86.947140,HIGHWAY 70S,,,,0.00,,,BELLEVUE CTR PVTDR,,,,0.00,Y,Four-Way, ,Intersection,None,,,         ,Benjamin,Cantrell,Clear,"Sideswipe, Opposite Direction",no,no,no,no,no,False
101364573,METROPOLITAN NASHVILLE POLICE DEPT,20160842806,Davidson,Nashville,9/19/2016 10:36:00 AM,2,0,0,36.158940,-86.792440,14TH AVN,,,,0.00,,,I40 E EXT RAMP,,,,0.00,Y,Y-Intersection, ,Intersection,None,,,         ,Darrell,Osment,Cloudy,"Sideswipe, Same Direction",no,no,no,no,no,False
101364574,METROPOLITAN NASHVILLE POLICE DEPT,2016-0842620,Davidson,Nashville,9/19/2016 8:45:00 AM,3,0,0,36.146120,-86.822300,I 440,,,,0.00,,,,,,,1.20,N,Not at Intersection,N,Non-Junction,None,,,         ,Curtis,Rich,Clear,Angle,no,no,no,no,no,False
101364578,METROPOLITAN NASHVILLE POLICE DEPT,20160842618,Davidson,Nashville,9/19/2016 9:03:00 AM,2,0,0,36.177560,-86.749950,S 11TH ST,,,,0.00,,,WOODLAND ST,,,,0.00,Y,Five Point Or More, ,Intersection-Related,None,,,         ,Alex,Moore,Clear,Front to Rear,no,no,no,no,no,False
101364586,METROPOLITAN NASHVILLE POLICE DEPT,20160842884,Davidson,Nashville,9/19/2016 11:10:00 AM,2,0,0,36.133480,-86.801280,21ST AVS,,,,90.00,Feet,North,MAGNOLIA BLVD,,,,0.00,N,Not at Intersection, ,Non-Junction,None,,,         ,Ronald,Raynore,Clear,Front to Rear,no,no,no,no,no,False
101364591,METROPOLITAN NASHVILLE POLICE DEPT,20160842876,Davidson,Nashville,9/19/2016 11:07:00 AM,2,1,0,36.168630,-86.821040,ED TEMPLE BLVD,,,,4.00,Feet,North,JOHN A MERRITT BLVD,,,,0.00,N,Not at Intersection,N,Non-Junction,None,,,         ,Michael,McCord,Clear,Front to Rear,no,no,no,no,no,False
101364595,METROPOLITAN NASHVILLE POLICE DEPT,20160842747,Davidson,Nashville,9/19/2016 9:58:00 AM,2,0,0,36.078490,-86.744880,HARDING PL,,,,112.00,Feet,East,DANBY DR,,,,0.00,N,Not at Intersection, ,Non-Junction,None,,,         ,Erik,Wagner,Clear,Front to Rear,no,no,no,no,no,False
101364599,METROPOLITAN NASHVILLE POLICE DEPT,20160842761,Davidson,Nashville,9/19/2016 10:13:00 AM,2,1,0,36.113980,-86.811240,WOODMONT BLVD,,,,109.00,Feet,West,HILLSBORO PKE,,,,0.00,N,Not at Intersection,N,Non-Junction,None,,,         ,Paul,Joyner,Clear,Front to Rear,no,no,no,no,no,False
101364602,METROPOLITAN NASHVILLE POLICE DEPT,20160842917,Davidson,Nashville,9/19/2016 11:05:00 AM,2,1,0,36.185970,-86.798200,I65 S EXT RAMP,,,,0.00,,,I 65,,,,0.00,Y,OTHER,N,Entrance/Exit Ramp Related,None,,,         ,Joshua,Baker,Clear,Front to Rear,no,no,no,no,no,False
101364603,METROPOLITAN NASHVILLE POLICE DEPT,20160842961,Davidson,Not in City Limit,9/19/2016 10:45:00 AM,2,0,0,36.267530,-86.710830,GALLATIN PKEN,,,,144.00,Feet,South,CUMBERLAND AV,,,,0.00,N,Not at Intersection, ,Non-Junction,None,,,         ,Colin,Bleem,Clear,Angle,no,no,no,no,no,False
101364607,METROPOLITAN NASHVILLE POLICE DEPT,2016-0843026,Davidson,Nashville,9/19/2016 12:19:00 PM,1,2,0,36.154240,-86.833440,I 40,,,,0.00,,,,,,,205.30,N,Not at Intersection,N,Non-Junction,None,,,         ,Curtis,Rich,Clear,Not Collision with Motor Vehicle in Transport,no,no,no,no,no,False
101364610,METROPOLITAN NASHVILLE POLICE DEPT,20160842705,Davidson,Nashville,9/19/2016 9:48:00 AM,2,3,0,36.172840,-86.765340,MAIN ST,,,,0.00,,,SPRING ST,,,,0.00,Y,Four-Way,N,Intersection,None,,,         ,Alex,Moore,Clear,Angle,no,no,no,no,no,False
101364627,METROPOLITAN NASHVILLE POLICE DEPT,20160842583,Davidson,Nashville,9/19/2016 8:53:00 AM,2,1,0,36.123620,-86.727640,I 24,,,,0.00,,,,,,,52.65,N,Not at Intersection,N,Non-Junction,None,,,         ,Jedidayah,Merriweather,Clear,Front to Rear,no,no,no,no,no,False