master_record_number,agency,agency_tracking_number,county,city,collision_date,vehicles_involved,number_injured,number_dead,latitude,longitude,roadway_name,roadway_suffix,roadway_number,roadway_local_id,distance_from_reference,miles-feet_indicator,direction_from_reference,intersection_road_name,intersection_road_name_suffix,intersection_road_number,intersection_local_id,mile_marker,intersection_indicator,intersect_type,interchange_related_indicator,relation_to_junction,work_zone_type,construction_maintenance_zone,construction_maintenance_zone_location,fatal_case_number,officer_first_name,officer_last_name,weather_condition(s),manner_of_crash,pedestrian,bicycle,scooter,parking,hitrun,mou
101364628,METROPOLITAN NASHVILLE POLICE DEPT,20160843008,Davidson,Nashville,9/19/2016 11:58:00 AM,2,0,0,36.154490,-86.779530,8TH AVS,,,,0.00,Feet,East,PALMER PL,,,,0.00,N,Not at Intersection, ,Non-Junction,None,,,         ,Christian,Martin,Clear,Angle,no,no,no,no,yes,False
101364636,METROPOLITAN NASHVILLE POLICE DEPT,20160842322,Davidson,Nashville,9/19/2016 7:10:00 AM,2,0,0,36.229280,-86.759290,DICKERSON PKE,,,,39.00,Feet,South,BROADMOOR DR,,,,0.00,N,Not at Intersection, ,,None,,,         ,Randall,Smith,,,no,no,no,no,no,False
101364637,METROPOLITAN NASHVILLE POLICE DEPT,20160842578,Davidson,Nashville,9/19/2016 8:50:00 AM,2,0,0,36.101190,-86.812370,KIMBARK DR,,,,325.00,Feet,West,WARFIELD DR,,,,0.00,N,Not at Intersection, ,,Construction Zone,,,         ,Phillip,Murphy,,,no,no,no,no,no,False
101364638,METROPOLITAN NASHVILLE POLICE DEPT,20160842267,Davidson,Nashville,9/19/2016 6:32:00 AM,2,0,0,36.040370,-86.743570,EDMONDSON PKE,,,,133.00,Feet,North,OLD HICKORY BLVD,,,,0.00,N,Not at Intersection, ,Non-Junction,None,,,         ,Phillip,Murphy,Clear,"Sideswipe, Same Direction",no,no,no,no,no,False
101364639,METROPOLITAN NASHVILLE POLICE DEPT,20160842292,Davidson,Nashville,9/19/2016 6:46:00 AM,2,0,0,36.141230,-86.717190,I 40,,,,0.00,,,,,,,213.80,N,Not at Intersection,N,Non-Junction,None,,,         ,James,Curtis,Clear,Front to Rear,no,no,no,no,no,False
101364642,METROPOLITAN NASHVILLE POLICE DEPT,20160842890,Davidson,Nashville,9/19/2016 11:00:00 AM,2,0,0,36.151230,-86.769590,LAFAYETTE,,,,0.00,,,NEAR 4TH AVE S,,,,0.00,Y,OTHER,N,Non-Junction,None,,,         ,Daniel,Russett,Clear,"Sideswipe, Same Direction",no,no,no,no,no,False
101364644,METROPOLITAN NASHVILLE POLICE DEPT,2016-0842999,Davidson,Nashville,9/19/2016 12:00:00 PM,2,0,0,36.078350,-87.021100,MCCRORY LN,,,,194.00,Feet,North,NEWSOM STATION RD,,,,0.00,N,Not at Intersection, ,Non-Junction,None,,,         ,Walter,Gray II,Clear,Other,no,no,no,yes,no,False
101364647,METROPOLITAN NASHVILLE POLICE DEPT,2016-0843040,Davidson,Nashville,9/19/2016 12:16:00 PM,2,2,0,36.046350,-86.677140,BELL RD,,,,695.00,Feet,East,BRITTANY PARK DR,,,,0.00,N,Not at Intersection,N,Non-Junction,None,,,         ,William,Whitworth,Clear,Front to Rear,no,no,no,no,no,False
101364649,METROPOLITAN NASHVILLE POLICE DEPT,2016-0828352,Davidson,Nashville,9/14/2016 11:35:00 AM,2,1,0,36.041700,-86.748630,OLD HICKORY BLVD,,,,1.00,Feet,West,COPPERFIELD WAY,,,,0.00,N,Not at Intersection,N,Non-Junction,None,,,         ,Sean,Williams,Clear,Front to Rear,no,no,no,no,no,False
101364650,METROPOLITAN NASHVILLE POLICE DEPT,20160843204,Davidson,Nashville,9/19/2016 12:50:00 PM,1,0,0,36.161460,-86.775910,3RD AVS,,,,0.00,,,BROADWAY,,,,0.00,Y,Four-Way, ,,None,,,         ,Clint,Gilleland,,,no,no,no,no,no,False
101364651,METROPOLITAN NASHVILLE POLICE DEPT,20160842971,Davidson,Nashville,9/19/2016 11:50:00 AM,2,3,0,36.248310,-86.720150,GALLATIN PKES,,,,108.00,Feet,North,DUE WEST AVE,,,,0.00,N,Not at Intersection,N,Non-Junction,None,,,         ,Michael,Agee,Clear,Angle,no,no,no,no,no,False
101364667,METROPOLITAN NASHVILLE POLICE DEPT,20160843065,Davidson,Nashville,9/19/2016 12:26:00 PM,2,2,0,36.191480,-86.772760,DICKERSON PKE,,,,100.00,Feet,South,RICHARDSON AV,,,,0.00,N,Not at Intersection,N,Non-Junction,None,,,         ,Doyle,Price,Clear,Front to Rear,no,no,no,no,no,False
101364669,METROPOLITAN NASHVILLE POLICE DEPT,20160843115,Davidson,Nashville,9/19/2016 12:45:00 PM,3,3,0,36.188440,-86.793380,I 65,,,,0.00,,,,,,,85.50,N,Not at Intersection,N,Non-Junction,None,,,         ,Brandon,Evans,Clear,Front to Rear,no,no,no,no,no,False
101364677,METROPOLITAN NASHVILLE POLICE DEPT,20160843113,Davidson,Nashville,9/19/2016 12:48:00 PM,2,1,0,36.151150,-86.779250,8TH AVE S,,,,0.00,,,,,,,0.00,,,N,Non-Junction,None,,,         ,Daniel,Russett,Clear,Angle,no,no,no,no,no,False
101364679,METROPOLITAN NASHVILLE POLICE DEPT,20160843223,Davidson,Nashville,9/19/2016 1:19:00 PM,2,0,0,36.151120,-86.666560,DONELSON PKE,,,,150.00,Feet,North,OLD ELM HILL PKE,,,,0.00,N,Not at Intersection,N,Non-Junction,None,,,         ,Wesley,Young,Clear,"Sideswipe, Same Direction",no,no,no,no,yes,False
101364680,METROPOLITAN NASHVILLE POLICE DEPT,20160843279,Davidson,Nashville,9/19/2016 1:34:00 PM,2,0,0,36.238780,-86.630010,PITTS AV,,,,0.00,,,LAKESHORE DR,,,,0.00,Y,Four-Way, ,Intersection,None,,,         ,Wesley,Young,Clear,Front to Rear,no,no,no,no,no,False
101364692,METROPOLITAN NASHVILLE POLICE DEPT,20160843131,Davidson,Not in City Limit,9/19/2016 12:50:00 PM,2,2,0,36.269260,-86.755740,OLD HICKORY BLVDW,,,,0.00,Feet,,DICKERSON PKE,,,,0.00,Y,Four-Way,N,Intersection,None,,,         ,Colin,Bleem,Clear,Angle,no,no,no,no,no,False
101364728,METROPOLITAN NASHVILLE POLICE DEPT,20160843443,Davidson,Nashville,9/19/2016 2:43:00 PM,2,0,0,36.190590,-86.626000,LEBANON PKE,,,,544.00,Feet,South,BONNABROOK DR,,,,0.00,N,Not at Intersection, ,OtherLocation,None,,,         ,Wesley,Young,Clear,Front to Rear,no,no,no,no,no,False
101364729,METROPOLITAN NASHVILLE POLICE DEPT,20160843431,Davidson,Nashville,9/19/2016 2:04:00 PM,2,0,0,36.230270,-86.725020,GALLATIN PKE,,,,50.00,Feet,North,MALQUIN DR,,,,0.00,N,Not at Intersection, ,Non-Junction,None,,,         ,Whitney,Arnold,Clear,Angle,no,no,no,no,no,False
101364732,THP District 3 - Nashville,316051813,Davidson,Not in City Limit,9/17/2016 5:30:00 PM,2,0,0,35.995990,-86.688610,NOLENSVILLE PKE,,,,285.00,Feet,West,PETTUS RD,,,,0.00,N,Not at Intersection, ,Non-Junction,None,,,         ,Andrew,Simunic,Rain,Front to Rear,no,no,no,no,no,False
101364756,METROPOLITAN NASHVILLE POLICE DEPT,2016-0843374,Davidson,Nashville,9/19/2016 2:24:00 PM,1,1,0,36.160510,-86.866420,BRILEY PKWYN,,,,1140.00,Feet,West,BRILEY PKWY N ENT RAMP,,,,0.00,N,Not at Intersection,N,Non-Junction,None,,,         ,Walter,Gray II,Clear,Not Collision with Motor Vehicle in Transport,no,no,no,no,no,False
101364758,METROPOLITAN NASHVILLE POLICE DEPT,20160843537,Davidson,Nashville,9/19/2016 3:25:00 PM,2,0,0,36.225650,-86.863300,BRILEY PKWYW,,,,941.00,Feet,East,BRILEY PKWYE,,,,0.00,N,Not at Intersection,N,Non-Junction,None,,,         ,Adam,Crutcher,Clear,Angle,no,no,no,no,yes,False
101364759,METROPOLITAN NASHVILLE POLICE DEPT,16-0843372,Davidson,Nashville,9/19/2016 2:21:00 PM,2,0,0,36.166230,-86.765790,SHELBY AV,,,,0.00,,,INTERSTATE DR,,,,0.00,Y,Four-Way, ,Intersection,None,,,         ,Frank,Campbell,Clear,Other,no,no,no,no,no,False
101364760,METROPOLITAN NASHVILLE POLICE DEPT,20160843335,Davidson,Nashville,9/19/2016 2:01:00 PM,3,3,0,36.206520,-86.776700,W TRINITY LN,,,,0.00,,,I65 S ENT RAMP,,,,0.00,Y,Four-Way,Y,Intersection,None,,,         ,Thomas,Burns,Clear,HeadOn,no,no,no,no,no,False
101364763,BERRY HILL POLICE DEPT,16-3313,Davidson,Nashville,9/16/2016 12:00:00 AM,2,0,0,36.123050,-86.752630,SERVICE RD,,,,0.00,,,GRANDVIEW AV,,,,0.00,Y,T-Intersection, ,Intersection-Related,None,,,         ,John,Gleixner,Clear,"Sideswipe, Same Direction",no,no,no,no,no,False
101364767,METROPOLITAN NASHVILLE POLICE DEPT,20160843576,Davidson,Nashville,9/19/2016 3:38:00 PM,2,0,0,36.203620,-86.869830,BRILEY PKWYN,,,,883.00,Feet,South,BRILEY PKWYS,,,,0.00,N,Not at Intersection, ,Non-Junction,None,,,         ,Melvin,Taylor,Clear,Front to Rear,no,no,no,no,no,False
101364775,METROPOLITAN NASHVILLE POLICE DEPT,20160843604,Davidson,Nashville,9/19/2016 3:35:00 PM,2,0,0,36.240910,-86.753710,BRILEY PKWYE,,,,480.00,Feet,West,BRILEY PKWYW,,,,0.00,N,Not at Intersection, ,Non-Junction,None,,,         ,Christopher,Valdez,Clear,"Sideswipe, Same Direction",no,no,no,no,no,False
101364778,METROPOLITAN NASHVILLE POLICE DEPT,20160843668,Davidson,Nashville,9/19/2016 4:09:00 PM,2,0,0,36.185760,-86.609290,ANDREW JACKSON PKWY,,,,456.00,Feet,South,JACKSON PASS,,,,0.00,N,Not at Intersection, ,OtherLocation,None,,,         ,Christopher,Mackey,Clear,Front to Rear,no,no,no,no,no,False
101364780,METROPOLITAN NASHVILLE POLICE DEPT,20160843602,Davidson,Nashville,9/19/2016 3:47:00 PM,2,0,0,36.168560,-86.688000,BRILEY PKWY N ENT RAMP,,,,0.00,Feet,East,LEBANON PKE,,,,0.00,N,Not at Intersection, ,Entrance/Exit Ramp Related,None,,,         ,Jonathan,Cavezza,Clear,Angle,no,no,no,no,no,False
101364781,METROPOLITAN NASHVILLE POLICE DEPT,20160843563,Davidson,Nashville,9/19/2016 3:25:00 PM,2,0,0,36.168180,-86.806120,DR D B TODD JR BLVD,,,,55.00,Feet,South,MEHARRY BLVD,,,,0.00,N,Not at Intersection,N,Non-Junction,None,,,         ,Ashton,Hill,Clear,Front to Rear,no,no,no,no,no,False
101364787,METROPOLITAN NASHVILLE POLICE DEPT,20160843663,Davidson,Nashville,9/19/2016 4:20:00 PM,2,0,0,36.151800,-86.771250,LAFAYETTE ST,,,,0.00,Feet,East,4TH AVS,,,,0.00,N,Not at Intersection,N,Non-Junction,None,,,         ,Gregory,Scott,Clear,"Sideswipe, Same Direction",no,no,no,no,yes,False
101364789,METROPOLITAN NASHVILLE POLICE DEPT,20160843733,Davidson,Nashville,9/19/2016 4:28:00 PM,2,0,0,36.037810,-86.795770,OLD HICKORY BLVD,,,,302.00,Feet,West,BRENTWOOD BLVD,,,,0.00,N,Not at Intersection, ,Non-Junction,None,,,         ,Miguel,Garcia,Clear,Front to Rear,no,no,no,no,no,False
101364791,METROPOLITAN NASHVILLE POLICE DEPT,2016-0843581,Davidson,Nashville,9/19/2016 3:47:00 PM,2,0,0,36.101090,-86.870760,HARDING PKE,,,,291.00,Feet,North,PAGE RD,,,,0.00,N,Not at Intersection,N,Non-Junction,None,,,         ,Walter,Gray II,Clear,Angle,no,no,no,no,no,False
101364793,METROPOLITAN NASHVILLE POLICE DEPT,20160843657,Davidson,Nashville,9/19/2016 4:15:00 PM,2,1,0,36.253600,-86.716510,GALLATIN PKES,,,,161.00,Feet,North,MADISON SQ,,,,0.00,N,Not at Intersection,N,Non-Junction,None,,,         ,Jordan,Lowry,Clear,Front to Rear,no,no,no,no,no,False
101364794,METROPOLITAN NASHVILLE POLICE DEPT,20160843462,Davidson,Nashville,9/19/2016 3:05:00 PM,2,0,0,36.044410,-86.657060,I24 W EXT RAMP,,,,0.00,Feet,East,I 24,,,,0.00,N,Not at Intersection,N,Entrance/Exit Ramp Related,None,,,         ,Jessie,Meadows,Clear,Front to Rear,no,no,no,no,no,False
101364795,METROPOLITAN NASHVILLE POLICE DEPT,20160843586,Davidson,Nashville,9/19/2016 4:38:00 PM,2,0,0,36.044890,-86.663910,BELL RD,,,,634.00,Feet,North,CANE RIDGE RD,,,,0.00,N,Not at Intersection,N,Non-Junction,None,,,         ,Jessie,Meadows,Clear,Front to Rear,no,no,no,no,no,False
101364809,METROPOLITAN NASHVILLE POLICE DEPT,20160843609,Davidson,Nashville,9/19/2016 3:52:00 PM,3,3,0,36.132860,-86.726870,I24E,,,,97.00,Feet,East,I24 W EXT RAMP,,,,0.00,N,Not at Intersection,Y,Entrance/Exit Ramp Related,None,,,         ,Andrew,Mullen,Clear,Front to Rear,no,no,no,no,no,False
101364811,METROPOLITAN NASHVILLE POLICE DEPT,20160843670,Davidson,Nashville,9/19/2016 4:20:00 PM,3,0,0,36.115670,-86.780830,I65 ENT RAMP,,,,0.00,Feet,East,I 440,,,,0.00,N,Not at Intersection,Y,Entrance/Exit Ramp Related,None,,,         ,Ralph,Smith IV,Clear,Front to Rear,no,no,no,no,yes,False
101364812,METROPOLITAN NASHVILLE POLICE DEPT,20160843645,Davidson,Nashville,9/19/2016 3:57:00 PM,2,0,0,36.116810,-86.839600,WOODMONT LN,,,,0.00,Feet,,WOODMONT BLVD,,,,0.00,Y,T-Intersection, ,Intersection-Related,None,,,         ,Barrett,Teague,Clear,Front to Rear,no,no,no,no,no,False
101364815,METROPOLITAN NASHVILLE POLICE DEPT,20160843853,Davidson,Nashville,9/19/2016 4:55:00 PM,2,0,0,36.111210,-86.749610,THOMPSON LN,,,,103.00,Feet,East,SEABOARD DR,,,,0.00,N,Not at Intersection,N,Non-Junction,None,,,         ,Miguel,Garcia,Clear,Angle,no,no,no,no,no,False
101364818,METROPOLITAN NASHVILLE POLICE DEPT,20160843759,Davidson,Nashville,9/19/2016 5:05:00 PM,2,0,0,36.115690,-86.780980,I65 ENT RAMP,,,,0.00,,,I 440,,,,0.00,Y,OTHER,Y,Entrance/Exit Ramp Related,None,,,         ,Ralph,Smith IV,Clear,Front to Rear,no,no,no,no,no,False
101364828,METROPOLITAN NASHVILLE POLICE DEPT,20160843707,Davidson,Nashville,9/19/2016 6:25:00 PM,2,0,0,36.089920,-86.688030,HARDING PL,,,,161.00,Feet,West,OLD EZELL RD,,,,0.00,N,Not at Intersection, ,Non-Junction,None,,,         ,Jessie,Meadows,Clear,"Sideswipe, Same Direction",no,no,no,no,no,False
101364832,METROPOLITAN NASHVILLE POLICE DEPT,20160843739,Davidson,Nashville,9/19/2016 4:53:00 PM,2,1,0,36.184230,-86.736340,CHAPEL AV,,,,0.00,,,FRANKLIN AV,,,,0.00,Y,Four-Way,N,Non-Junction,None,,,         ,Cheri,Cox,Clear,HeadOn,no,no,no,no,no,False
101364841,METROPOLITAN NASHVILLE POLICE DEPT,20160843870,Davidson,Nashville,9/19/2016 5:50:00 PM,2,0,0,36.232610,-86.758740,DICKERSON PKE,,,,196.00,Feet,South,MAPLEWOOD TRC,,,,0.00,N,Not at Intersection, ,Non-Junction,None,,,         ,Christopher,Valdez,Clear,Front to Rear,no,no,no,no,yes,False
101364844,METROPOLITAN NASHVILLE POLICE DEPT,20160843775,Davidson,Nashville,9/19/2016 5:00:00 PM,1,1,0,36.125450,-86.713430,EAST THOMPSON LN,,,,0.00,,,LAWNDALE DR,,,,0.00,Y,T-Intersection,N,Intersection,None,,,         ,Jeffrey,Livingston,Clear,Not Collision with Motor Vehicle in Transport,no,yes,no,no,no,False
101364848,METROPOLITAN NASHVILLE POLICE DEPT,20160836394,Davidson,Nashville,9/16/2016 6:40:00 PM,2,0,0,36.086340,-86.729110,ELYSIAN FIELDS RD,,,,35.00,Feet,East,NOLENSVILLE PKE,,,,0.00,N,Not at Intersection, ,Non-Junction,None,,,         ,David,Hughes,Clear,Angle,no,no,no,no,no,False
101364852,METROPOLITAN NASHVILLE POLICE DEPT,20160843785,Davidson,Nashville,9/19/2016 5:12:00 PM,2,1,0,36.155780,-86.789480,I40 E ENT RAMP,,,,0.00,,,I 40,,,,0.00,Y,Four-Way,N,Intersection-Related,None,,,         ,Tien,Nguyen,Clear,Angle,no,no,no,no,no,False
101364856,METROPOLITAN NASHVILLE POLICE DEPT,20160844018,Davidson,Nashville,9/19/2016 5:30:00 PM,2,0,0,36.142300,-86.742830,MURFREESBORO PKE,,,,0.00,,,POLK AV,,,,0.00,Y,T-Intersection, ,Intersection,None,,,         ,Jeffrey,Livingston,Clear,Front to Rear,no,no,no,no,yes,False
101364859,METROPOLITAN NASHVILLE POLICE DEPT,20160843642,Davidson,Nashville,9/19/2016 4:01:00 PM,2,0,0,36.155650,-86.789720,I40 E ENT RAMP,,,,0.00,,,BROADWAY,,,,0.00,Y,Four-Way,N,Intersection-Related,None,,,         ,Tien,Nguyen,Clear,Angle,no,no,no,no,no,False
101364860,METROPOLITAN NASHVILLE POLICE DEPT,20160844000,Davidson,Nashville,9/19/2016 5:15:00 PM,2,0,0,36.111210,-86.811310,GRAYBAR LN,,,,0.00,,,HILLSBORO PKE,,,,0.00,Y,OTHER, ,OtherLocation,None,,,         ,Ralph,Smith IV,Clear,Angle,no,no,no,no,no,False
101364861,METROPOLITAN NASHVILLE POLICE DEPT,20160843996,Davidson,Nashville,9/19/2016 6:04:00 PM,2,1,0,36.139510,-86.700310,KAREN DR,,,,0.00,,,BRILEY PKWY,,,,0.00,Y,Four-Way,N,Intersection,None,,,         ,Michael,Apsey,Clear,Front to Rear,no,no,no,no,no,False
101364873,METROPOLITAN NASHVILLE POLICE DEPT,20160843721,Davidson,Nashville,9/19/2016 4:40:00 PM,2,0,0,36.121510,-86.755590,I 440,,,,0.00,,,,,,,6.00,N,Not at Intersection, ,Non-Junction,None,,,         ,William,Taylor,Clear,Front to Rear,no,no,no,no,no,False
101364877,METROPOLITAN NASHVILLE POLICE DEPT,20160844123,Davidson,Nashville,9/19/2016 5:50:00 PM,2,0,0,36.110790,-86.742960,THOMPSON LN,,,,0.00,,,FOSTER AV,,,,0.00,Y,T-Intersection, ,Intersection,None,,,         ,Jeffrey,Livingston,Clear,Front to Rear,no,no,no,no,yes,False
101364878,Nashville Airport Police,2016-02717,Davidson,Nashville,9/19/2016 7:06:00 PM,2,0,0,0.000000,0.000000,DONELSON PIKE,PIKE,SR255,,0.10,Miles,West,HANGER LANE,LN,,,0.00,N,Not at Intersection, ,Non-Junction,None,,,         ,Gary,Polk,Clear,Front to Rear,no,no,no,no,no,False
101364882,VANDERBILT UNIVERSITY POLICE,16-0843828,Davidson,Nashville,9/19/2016 5:30:00 PM,1,1,0,36.142120,-86.806630,25TH AVS,,,,200.00,Feet,South,HIGHLAND AV,,,,0.00,N,Not at Intersection,N,Unknown,None,,,         ,William,West,Clear,Not Collision with Motor Vehicle in Transport,no,yes,no,no,no,Campus
101364890,METROPOLITAN NASHVILLE POLICE DEPT,20160836815,Davidson,Nashville,9/16/2016 9:12:00 PM,3,0,0,36.110740,-86.742520,THOMPSON LN,,,,141.00,Feet,East,FOSTER AV,,,,0.00,N,Not at Intersection,N,Non-Junction,None,,,         ,David,Hughes,Clear,Front to Rear,no,no,no,no,no,False
101364891,METROPOLITAN NASHVILLE POLICE DEPT,20160844150,Davidson,Nashville,9/19/2016 7:48:00 PM,2,0,0,36.083800,-86.647280,MURFREESBORO PKE,,,,57.00,Feet,North,BROOKSBORO PL,,,,0.00,N,Not at Intersection,N,Non-Junction,None,,,         ,Larry,Preuett,Clear,Front to Rear,no,no,no,no,no,False
101364892,METROPOLITAN NASHVILLE POLICE DEPT,20160844237,Davidson,Nashville,9/19/2016 8:18:00 PM,2,0,0,36.150000,-86.784740,I 40,,,,0.00,,,,,,,209.55,N,Not at Intersection,N,Entrance/Exit Ramp Related,None,,,         ,Tien,Nguyen,Clear,"Sideswipe, Same Direction",no,no,no,no,yes,False
101364893,METROPOLITAN NASHVILLE POLICE DEPT,20160844153,Davidson,Nashville,9/19/2016 7:23:00 PM,1,0,0,36.186170,-86.613290,OLD HICKORY BLVD,,,,1230.00,Feet,North,DODSON CHAPEL RD,,,,0.00,N,Not at Intersection, ,Non-Junction,None,,,         ,John,Robinson,Clear,Not Collision with Motor Vehicle in Transport,no,no,no,no,no,False
101364894,METROPOLITAN NASHVILLE POLICE DEPT,20160844222,Davidson,Nashville,9/19/2016 8:17:00 PM,1,1,0,36.183990,-86.812340,18TH AVN,,,,215.00,Feet,South,CASS ST,,,,0.00,N,Not at Intersection,N,Non-Junction,None,,,         ,Michael,Brooks,Clear,Not Collision with Motor Vehicle in Transport,yes,no,no,no,no,False
101364895,METROPOLITAN NASHVILLE POLICE DEPT,20160843769,Davidson,Nashville,9/19/2016 4:30:00 PM,2,0,0,36.086870,-86.696060,HARDING PL,,,,32.00,Feet,West,S PERIMETER PARK DR,,,,0.00,N,Not at Intersection, ,,None,,,         ,Michael,Russell,,,no,no,no,no,no,False
101364897,METROPOLITAN NASHVILLE POLICE DEPT,20160835657,Davidson,Nashville,9/16/2016 2:05:00 PM,2,0,0,36.149790,-86.802620,WEST END AV,,,,296.00,Feet,East,LOUISE AV,,,,0.00,N,Not at Intersection, ,,None,,,         ,Nathan,Kemp,,,no,no,no,no,no,Campus
101364899,METROPOLITAN NASHVILLE POLICE DEPT,20160843488,Davidson,Not in City Limit,9/19/2016 3:12:00 PM,2,0,0,36.311210,-86.780270,BRICK CHURCH PKE,,,,0.00,,,CAMPBELL RD,,,,0.00,Y,T-Intersection,Y,Intersection,None,,,         ,Samuel,Miller,Clear,Angle,no,no,no,no,yes,False
101364900,METROPOLITAN NASHVILLE POLICE DEPT,20160844062,Davidson,Goodlettsville,9/19/2016 5:37:00 PM,2,0,0,36.294240,-86.697060,MYATT DR,,,,0.00,,,,,,,0.00,,, ,Non-Junction,None,,,         ,Samuel,Miller,Clear,"Sideswipe, Same Direction",no,no,no,yes,no,False
101364906,METROPOLITAN NASHVILLE POLICE DEPT,20160844099,Davidson,Nashville,9/19/2016 7:31:00 PM,2,1,0,36.049280,-86.651730,BELL RD,,,,0.00,,,HICKORY HOLLOW MALL PVTDR PL,,,,0.00,Y,Four-Way,N,Intersection,None,,,         ,David,Hughes,Clear,Angle,no,no,no,no,no,False
101364911,METROPOLITAN NASHVILLE POLICE DEPT,20160843696,Davidson,Nashville,9/19/2016 3:50:00 PM,2,0,0,36.134280,-86.779090,WEDGEWOOD AV,,,,0.00,Feet,,8TH AVS,,,,0.00,Y,Four-Way,N,Intersection-Related,None,,,         ,Conner,Harris,Clear,Front to Rear,no,no,no,no,yes,False
101364913,METROPOLITAN NASHVILLE POLICE DEPT,20160843700,Davidson,Not in City Limit,9/19/2016 3:39:00 PM,2,0,0,36.263230,-86.698370,E OLD HICKORY BLVD,,,,0.00,,,LOMBARDIA LN,,,,0.00,Y,T-Intersection, ,Intersection-Related,None,,,         ,Samuel,Miller,Clear,Angle,no,no,no,no,no,False
101364922,METROPOLITAN NASHVILLE POLICE DEPT,20160844144,Davidson,Nashville,9/19/2016 7:30:00 PM,2,1,0,36.193280,-86.751210,DOUGLAS AV,,,,113.00,Feet,East,CLINE AV,,,,0.00,N,Not at Intersection,N,Non-Junction,None,,,         ,Gunes,Akyildiz,Clear,Front to Rear,no,no,no,no,no,False
101364930,METROPOLITAN NASHVILLE POLICE DEPT,20160844231,Davidson,Nashville,9/19/2016 8:15:00 PM,2,2,0,36.151540,-86.768720,I 40,,,,0.00,,,,,,,210.50,N,Not at Intersection,N,Non-Junction,Construction Zone,Laneclosure,Before First Warning Area,         ,Gregory,Scott,Clear,Front to Rear,no,no,no,no,no,False
101364935,METROPOLITAN NASHVILLE POLICE DEPT,20160843836,Davidson,Not in City Limit,9/19/2016 5:27:00 PM,2,0,0,36.261680,-86.677970,E OLD HICKORY BLVD,,,,50.00,Feet,West,SANDHURST DR,,,,0.00,N,Not at Intersection, ,Non-Junction,None,,,         ,Samuel,Miller,Clear,Angle,no,no,no,no,no,False
101364940,METROPOLITAN NASHVILLE POLICE DEPT,20160844316,Davidson,Nashville,9/19/2016 8:50:00 PM,2,1,0,36.128500,-86.772690,I 65,,,,0.00,,,,,,,81.00,N,Not at Intersection,N,Non-Junction,Construction Zone,Laneclosure,Transition Area,         ,Ralph,Smith IV,Clear,Front to Rear,no,no,no,no,no,False
101364942,METROPOLITAN NASHVILLE POLICE DEPT,20160844085,Davidson,Antioch,9/19/2016 7:00:00 PM,2,0,0,36.016300,-86.620010,OLD HICKORY BLVD,,,,205.00,Feet,South,FIRESTONE PKWY,,,,0.00,N,Not at Intersection, ,"Driveway, Alley Access, etc",None,,,         ,Kevin,Keating,Clear,Angle,no,no,no,no,no,False
101364959,METROPOLITAN NASHVILLE POLICE DEPT,20160844281,Davidson,Not in City Limit,9/19/2016 8:34:00 PM,1,0,0,36.098170,-86.985660,BUFFALO RD,,,,2406.00,Feet,North,HUNTWICK TRL,,,,0.00,N,Not at Intersection,N,Non-Junction,None,,,         ,Adam,Reese,Clear,Not Collision with Motor Vehicle in Transport,no,no,no,no,no,False
101364960,METROPOLITAN NASHVILLE POLICE DEPT,20160843854,Davidson,Nashville,9/19/2016 5:40:00 PM,2,0,0,36.151860,-86.690980,ELM HILL PKE,,,,68.00,Feet,East,ELM HILL PKE WB EXT RAMP,,,,0.00,N,Not at Intersection,N,Non-Junction,None,,,         ,John,Daugherty,Clear,Angle,no,no,no,no,no,False
101364962,METROPOLITAN NASHVILLE POLICE DEPT,20160844444,Davidson,Nashville,9/19/2016 9:27:00 PM,2,0,0,36.124150,-86.742490,I 440,,,,0.00,,,,,,,6.70,N,Not at Intersection, ,,None,,,         ,David,Hughes,,,no,no,no,no,no,False
101364989,METROPOLITAN NASHVILLE POLICE DEPT,20160843948,Davidson,Nashville,9/19/2016 5:45:00 PM,2,0,0,36.070110,-86.689920,I 24,,,,0.00,,,,,,,57.00,N,Not at Intersection,N,Non-Junction,None,,,         ,Marcus,Darden,Clear,"Sideswipe, Same Direction",no,no,no,no,yes,False
101365000,METROPOLITAN NASHVILLE POLICE DEPT,2016-0838752,Davidson,Nashville,9/15/2016 5:00:00 PM,2,0,0,36.045360,-86.702550,OLD HICKORY BLVD,,,,257.00,Feet,West,BELL RD,,,,0.00,N,Not at Intersection, ,"Driveway, Alley Access, etc",None,,,         ,William,McDaniel,Rain,Angle,no,no,no,no,yes,False
101365019,METROPOLITAN NASHVILLE POLICE DEPT,2016-0838810,Davidson,Nashville,9/19/2016 5:00:00 PM,3,0,0,36.045280,-86.701460,BELL RD,,,,66.00,Feet,East,OLD HICKORY BLVD,,,,0.00,N,Not at Intersection,N,Non-Junction,None,,,         ,William,McDaniel,Cloudy,Front to Rear,no,no,no,no,yes,False
101365042,METROPOLITAN NASHVILLE POLICE DEPT,20160844879,Davidson,Nashville,9/20/2016 1:03:00 AM,2,0,0,36.148290,-86.780060,I65 S ENT RAMP,,,,48.00,Feet,East,I 40,,,,0.00,N,Not at Intersection, ,Non-Junction,None,,,         ,Steven,Frazier Jr.,Clear,Angle,no,no,no,no,no,False