master_record_number,agency,agency_tracking_number,county,city,collision_date,vehicles_involved,number_injured,number_dead,latitude,longitude,roadway_name,roadway_suffix,roadway_number,roadway_local_id,distance_from_reference,miles-feet_indicator,direction_from_reference,intersection_road_name,intersection_road_name_suffix,intersection_road_number,intersection_local_id,mile_marker,intersection_indicator,intersect_type,interchange_related_indicator,relation_to_junction,work_zone_type,construction_maintenance_zone,construction_maintenance_zone_location,fatal_case_number,officer_first_name,officer_last_name,weather_condition(s),manner_of_crash,pedestrian,bicycle,scooter,parking,hitrun,mou
101391063,METROPOLITAN NASHVILLE POLICE DEPT,20160869261,Davidson,Nashville,9/27/2016 6:00:00 PM,2,0,0,36.137510,-86.727510,I 24,,,,0.00,,,,,,,51.35,N,Not at Intersection,N,Non-Junction,None,,,         ,John,Kelley,Clear,Front to Rear,no,no,no,no,no,False
101391065,METROPOLITAN NASHVILLE POLICE DEPT,20160869421,Davidson,Nashville,9/27/2016 7:00:00 PM,2,0,0,36.196020,-86.621510,LEBANON PKE,,,,169.00,Feet,North,BONNASPRING DR,,,,0.00,N,Not at Intersection, ,OtherLocation,None,,,         ,Christopher,Mackey,Clear,Front to Rear,no,no,no,no,no,False
101391068,GOODLETTSVILLE POLICE DEPT,16-33395,Davidson,Goodlettsville,9/25/2016 3:48:00 PM,2,0,0,36.325872,-86.702227,EAST CEDAR,ST,,,250.00,Feet,North,LONG HOLLOW,PIKE,SR174,,0.00,N,Not at Intersection,N,Non-Junction,None,,,         ,Timothy,Preston,Clear,Front to Rear,no,no,no,no,no,False
101391087,METROPOLITAN NASHVILLE POLICE DEPT,20160869210,Davidson,Nashville,9/27/2016 2:45:00 PM,1,0,0,36.086290,-86.624230,WATERSVIEW DR,,,,76.00,Feet,East,GOODWIN DR,,,,0.00,N,Not at Intersection,N,Non-Junction,None,,,         ,Michael,Apsey,Clear,Not Collision with Motor Vehicle in Transport,no,no,no,yes,yes,False
101391092,THP District 3 - Nashville,316053584,Davidson,Nashville,9/27/2016 8:50:00 PM,1,0,0,36.189550,-86.897870,COCKRILL BEND BLVD,,,,0.00,Feet,West,CENTENNIAL BLVD,,,,0.00,N,Not at Intersection, ,Non-Junction,None,,,         ,Nicholas,Solomon,Clear,Not Collision with Motor Vehicle in Transport,no,no,no,no,no,False
101391094,METROPOLITAN NASHVILLE POLICE DEPT,2016-0869498,Davidson,Nashville,9/27/2016 8:58:00 PM,2,0,0,36.149560,-86.860390,CHARLOTTE PKE,,,,140.00,Feet,West,OCEOLA AV,,,,0.00,N,Not at Intersection,N,"Driveway, Alley Access, etc",None,,,         ,Michael,Rogers,Clear,Angle,no,no,no,no,no,False
101391110,METROPOLITAN NASHVILLE POLICE DEPT,20160869561,Davidson,Nashville,9/27/2016 9:22:00 PM,2,0,0,36.075450,-86.729400,EDMONDSON PKE,,,,810.00,Feet,East,MILNER DR,,,,0.00,N,Not at Intersection, ,Non-Junction,None,,,         ,Tien,Nguyen,Clear,"Sideswipe, Same Direction",no,no,no,no,no,False
101391124,METROPOLITAN NASHVILLE POLICE DEPT,20160869482,Davidson,Nashville,9/27/2016 8:53:00 PM,3,1,0,36.227540,-86.779170,I 24,,,,0.00,,,,,,,44.60,N,Not at Intersection,N,Non-Junction,None,,,         ,Michael,Brooks,Clear,Front to Rear,no,no,no,no,yes,False
101391126,METROPOLITAN NASHVILLE POLICE DEPT,20160869544,Davidson,Nashville,9/27/2016 9:10:00 PM,2,0,0,36.171110,-86.798560,I 40,,,,0.00,,,,,,,207.95,N,Not at Intersection, ,Entrance/Exit Ramp Related,None,,,         ,Allen,Hall,Clear,"Sideswipe, Same Direction",no,no,no,no,no,False
101391127,METROPOLITAN NASHVILLE POLICE DEPT,20160869399,Davidson,Goodlettsville,9/27/2016 7:31:00 PM,2,0,0,36.296910,-86.699160,GALLATIN PKEN,,,,0.00,,,RIVERGATE PKWY,,,,0.00,Y,Four-Way, ,Intersection-Related,None,,,         ,Samuel,Miller,Clear,Angle,no,no,no,no,no,False
101391129,METROPOLITAN NASHVILLE POLICE DEPT,20160869605,Davidson,Antioch,9/27/2016 9:34:00 PM,2,2,0,36.014050,-86.620540,OLD HICKORY BLVD,,,,228.00,Feet,North,I24 E EXT RAMP,,,,0.00,N,Not at Intersection,N,Non-Junction,None,,,         ,Jeffrey,Livingston,Clear,Front to Rear,no,no,no,no,yes,False
101391133,METROPOLITAN NASHVILLE POLICE DEPT,20160869496,Davidson,Nashville,9/27/2016 8:37:00 PM,2,0,0,36.174100,-86.759750,WOODLAND ST,,,,257.00,Feet,North,S 8TH ST,,,,0.00,N,Not at Intersection,N,Non-Junction,None,,,         ,Micah,Wright,Clear,Rear to Rear,no,no,no,yes,yes,False
101391181,METROPOLITAN NASHVILLE POLICE DEPT,20160869849,Davidson,Nashville,9/27/2016 7:45:00 PM,2,0,0,36.089360,-86.693750,ANTIOCH PKE,,,,0.00,,,CANDY LN,,,,0.00,Y,T-Intersection, ,Intersection,None,,,         ,William,Coy,Clear,Angle,no,no,no,no,no,False
101391194,METROPOLITAN NASHVILLE POLICE DEPT,20160869987,Davidson,Nashville,9/28/2016 12:00:00 AM,2,0,0,36.071210,-86.686540,BAKERTOWN RD,,,,0.00,,,HAYSTACK LN,,,,0.00,Y,OTHER, ,OtherLocation,None,,,         ,William,Williams,Unknown,Unknown,no,no,no,yes,yes,False
101391209,METROPOLITAN NASHVILLE POLICE DEPT,20160869891,Davidson,Nashville,9/27/2016 11:25:00 PM,2,2,0,36.154970,-86.830370,I 40,,,,0.00,,,,,,,205.50,N,Not at Intersection,N,Non-Junction,None,,,         ,Kenneth,Bray,Clear,Front to Rear,no,no,no,no,no,False
101391211,METROPOLITAN NASHVILLE POLICE DEPT,20160869948,Davidson,Nashville,9/27/2016 11:45:00 PM,2,0,0,36.118380,-86.726240,I 24,,,,0.00,,,,,,,53.00,N,Not at Intersection,N,Non-Junction,None,,,         ,Pamela,Caulder,Clear,Front to Rear,no,no,no,no,yes,False
101391237,THP District 3 - Nashville,316052824,Davidson,Nashville,9/23/2016 2:20:00 PM,3,0,0,36.168330,-86.765830,I 24,,,,0.00,,,,,,,48.80,N,Not at Intersection,N,Non-Junction,None,,,         ,William,Head,Clear,Front to Rear,no,no,no,no,no,False
101391243,METROPOLITAN NASHVILLE POLICE DEPT,20160870809,Davidson,Nashville,9/28/2016 6:18:00 AM,2,0,0,36.148660,-86.807040,ELLISTON PL,,,,0.00,,,24TH AVN,,,,0.00,Y,Four-Way, ,Intersection,None,,,         ,Nathan,Kemp,Clear,Angle,no,no,no,no,no,Campus
101391247,GOODLETTSVILLE POLICE DEPT,16-33692,Davidson,Goodlettsville,9/28/2016 6:42:00 AM,2,1,0,36.323590,-86.705980,LONG HOLLOW PKE,,,,0.00,,,I65 S ENT RAMP,,,,0.00,Y,OTHER,Y,Intersection,None,,,         ,Jeremy,Baker,Clear,Angle,no,no,no,no,no,False
101391251,METROPOLITAN NASHVILLE POLICE DEPT,20160870870,Davidson,Nashville,9/28/2016 7:10:00 AM,2,0,0,36.153740,-86.843470,I 40,,,,0.00,,,,,,,204.75,N,Not at Intersection,N,Non-Junction,None,,,         ,Curtis,Rich,Cloudy,Front to Rear,no,no,no,no,no,False
101391252,METROPOLITAN NASHVILLE POLICE DEPT,20160870832,Davidson,Nashville,9/28/2016 12:00:00 AM,2,0,0,36.045010,-86.645790,MT VIEW RD,,,,0.00,,,BELL FORGE PKWY,,,,0.00,Y,T-Intersection, ,Non-Junction,None,,,         ,Jason,Dudley,Clear,Front to Rear,no,no,no,no,no,False
101391261,METROPOLITAN NASHVILLE POLICE DEPT,20160870907,Davidson,Nashville,9/28/2016 6:55:00 AM,2,0,0,36.215760,-86.597660,ANDREW JACKSON PKWY,,,,231.00,Feet,North,LEBANON PKE,,,,0.00,N,Not at Intersection, ,Non-Junction,None,,,         ,Gregory,Lindstrom,Clear,Front to Rear,no,no,no,no,no,False
101391269,METROPOLITAN NASHVILLE POLICE DEPT,20160870919,Davidson,Nashville,9/28/2016 7:40:00 AM,2,0,0,36.186770,-86.631640,CENTRAL PKE,,,,0.00,,,LEBANON PKE,,,,0.00,Y,Four-Way, ,Intersection-Related,None,,,         ,John,Deiterick,Clear,Front to Rear,no,no,no,no,no,False
101391274,METROPOLITAN NASHVILLE POLICE DEPT,20160870828,Davidson,Nashville,9/28/2016 7:16:00 AM,2,0,0,36.087200,-86.701260,I24 E EXT RAMP,,,,0.00,Feet,East,I 24,,,,0.00,N,Not at Intersection, ,Entrance/Exit Ramp Related,None,,,         ,Roderic,Williams,Clear,Front to Rear,no,no,no,no,no,False
101391284,METROPOLITAN NASHVILLE POLICE DEPT,20160870925,Davidson,Not in City Limit,9/28/2016 7:35:00 AM,2,1,0,36.074040,-86.970350,COLEY DAVIS RD,,,,0.00,Feet,,DONA MCPHERSON DR,,,,0.00,Y,T-Intersection,N,Intersection,None,,,         ,Douglas,Atwood,Clear,Angle,no,no,no,no,no,False
101391289,METROPOLITAN NASHVILLE POLICE DEPT,20160870901,Davidson,Nashville,9/28/2016 7:33:00 AM,2,0,0,36.144380,-86.695000,I 40,,,,0.00,,,,,,,215.00,N,Not at Intersection,N,Non-Junction,None,,,         ,Gerry,Hutcheson,Clear,Front to Rear,no,no,no,no,no,False
101391295,METROPOLITAN NASHVILLE POLICE DEPT,20160870928,Davidson,Madison,9/28/2016 8:00:00 AM,2,0,0,36.303100,-86.691340,GALLATIN PKEN,,,,196.00,Feet,East,CONFERENCE DR,,,,0.00,N,Not at Intersection, ,Non-Junction,None,,,         ,Joshua,Borum,Clear,Front to Rear,no,no,no,no,no,False
101391296,METROPOLITAN NASHVILLE POLICE DEPT,20160870975,Davidson,Nashville,9/28/2016 8:01:00 AM,2,0,0,36.150930,-86.863470,I 40,,,,0.00,,,,,,,203.65,N,Not at Intersection, ,Non-Junction,None,,,         ,Michael,Hunnicutt,Clear,Front to Rear,no,no,no,no,no,False
101391297,METROPOLITAN NASHVILLE POLICE DEPT,20160870820,Davidson,Nashville,9/28/2016 6:45:00 AM,2,0,0,36.167870,-86.663980,LEBANON PKE,,,,16.00,Feet,East,OLD LEBANON PKE,,,,0.00,N,Not at Intersection, ,Non-Junction,None,,,         ,James,Curtis,Clear,Angle,no,no,no,no,no,False
101391300,METROPOLITAN NASHVILLE POLICE DEPT,20160870806,Davidson,Not in City Limit,9/28/2016 6:36:00 AM,2,1,0,36.278860,-86.801940,I 24,,,,0.00,,,,,,,40.40,N,Not at Intersection,Y,Non-Junction,None,,,         ,Jeanine,Sarno,Clear,Front to Rear,no,no,no,no,no,False
101391301,METROPOLITAN NASHVILLE POLICE DEPT,20160870933,Davidson,Nashville,9/28/2016 7:40:00 AM,2,0,0,36.042230,-86.653420,I 24,,,,0.00,,,,,,,59.80,N,Not at Intersection, ,,None,,,         ,James,Thomas,,,no,no,no,no,no,False
101391303,METROPOLITAN NASHVILLE POLICE DEPT,20160870927,Davidson,Nashville,9/28/2016 7:44:00 AM,2,1,0,36.087220,-86.723950,PARAGON MILLS RD,,,,0.00,Feet,,CANTERBURY HALL CONDOS PVTDR,,,,0.00,Y,T-Intersection,N,Intersection,None,,,         ,Brian,Penny,Clear,Front to Rear,no,no,no,no,no,False
101391307,METROPOLITAN NASHVILLE POLICE DEPT,20160870802,Davidson,Nashville,9/28/2016 12:00:00 AM,3,2,0,36.142300,-86.710620,I 40,,,,0.00,,,,,,,214.20,N,Not at Intersection,N,Non-Junction,None,,,         ,Austin,Childress,Clear,Front to Rear,no,no,no,no,no,False
101391308,METROPOLITAN NASHVILLE POLICE DEPT,20160870990,Davidson,Nashville,9/28/2016 7:50:00 AM,2,0,0,36.167960,-86.860890,62ND AVN,,,,192.00,Feet,South,CENTENNIAL BLVD,,,,0.00,N,Not at Intersection, ,"Driveway, Alley Access, etc",None,,,         ,Gregory,McDaniel,Clear,Angle,no,no,no,no,no,False
101391312,METROPOLITAN NASHVILLE POLICE DEPT,20160871038,Davidson,Nashville,9/28/2016 8:00:00 AM,2,0,0,36.139270,-86.822890,I 440,,,,0.00,,,,,,,0.30,N,Not at Intersection,N,Non-Junction,None,,,         ,Curtis,Rich,Clear,Angle,no,no,no,no,no,False
101391319,METROPOLITAN NASHVILLE POLICE DEPT,20160871013,Davidson,Nashville,9/28/2016 8:16:00 AM,2,2,0,36.188770,-86.775390,I 24,,,,0.00,,,,,,,47.00,N,Not at Intersection,N,Non-Junction,None,,,         ,Jared,Eaves,Clear,"Sideswipe, Same Direction",no,no,no,no,yes,False
101391321,METROPOLITAN NASHVILLE POLICE DEPT,20160871083,Davidson,Nashville,9/28/2016 8:32:00 AM,2,0,0,36.070860,-86.693790,EZELL RD,,,,0.00,,,WILLARD DR,,,,0.00,Y,T-Intersection, ,Intersection,None,,,         ,Brian,Lamb,Clear,Angle,no,no,no,no,no,False
101391326,METROPOLITAN NASHVILLE POLICE DEPT,20160871114,Davidson,Nashville,9/28/2016 8:55:00 AM,2,0,0,36.168230,-86.690170,BRILEY PKWY S EXT RAMP,,,,0.00,,,LEBANON PKE,,,,0.00,Y,T-Intersection, ,Non-Junction,None,,,         ,Gerry,Hutcheson,Clear,Front to Rear,no,no,no,no,no,False
101391327,METROPOLITAN NASHVILLE POLICE DEPT,20160871172,Davidson,Nashville,9/28/2016 9:10:00 AM,2,0,0,36.046620,-86.725080,AMALIE DR,,,,23.00,Feet,South,HUNTINGTON PKWY,,,,0.00,N,Not at Intersection, ,Non-Junction,None,,,         ,Gary,Sneed,Clear,Front to Rear,no,no,no,no,no,False
101391335,METROPOLITAN NASHVILLE POLICE DEPT,20160871082,Davidson,Nashville,9/28/2016 8:05:00 AM,2,0,0,36.140670,-86.737810,MURFREESBORO PKE,,,,0.00,,,MENZLER RD,,,,0.00,Y,T-Intersection, ,Non-Junction,None,,,         ,Paul,Ellis,Clear,Angle,no,no,no,no,no,False
101391344,METROPOLITAN NASHVILLE POLICE DEPT,20160871132,Davidson,Nashville,9/28/2016 8:57:00 AM,2,1,0,36.167460,-86.795920,I 40,,,,0.00,,,,,,,208.20,N,Not at Intersection,N,Non-Junction,None,,,         ,James,Jarvis,Clear,Front to Rear,no,no,no,no,no,False
101391345,METROPOLITAN NASHVILLE POLICE DEPT,2016-0870868,Davidson,Not in City Limit,9/28/2016 7:11:00 AM,2,1,0,36.324620,-86.873050,I 24,,,,0.00,,,,,,,34.70,N,Not at Intersection,N,Non-Junction,None,,,         ,William,Caillouette,Clear,Front to Rear,no,no,no,no,no,False
101391347,METROPOLITAN NASHVILLE POLICE DEPT,20160871153,Davidson,Nashville,9/28/2016 8:42:00 AM,2,0,0,36.047400,-86.662310,I 24,,,,0.00,,,,,,,59.20,N,Not at Intersection,N,Non-Junction,None,,,         ,Randall,Combs,Clear,Front to Rear,no,no,no,no,no,False
101391355,THP District 3 - Nashville,316053535,Davidson,Nashville,9/27/2016 3:10:00 PM,2,1,0,36.048220,-86.743650,EDMONDSON PKE,,,,62.00,Feet,South,BRENTWOOD PL,,,,0.00,N,Not at Intersection,N,Non-Junction,None,,,         ,Terrell,Johnson,Clear,Front to Rear,no,no,no,no,yes,False
101391357,METROPOLITAN NASHVILLE POLICE DEPT,20160871167,Davidson,Nashville,9/28/2016 9:10:00 AM,2,3,0,36.110170,-86.770410,I 65,,,,0.00,,,,,,,79.75,N,Not at Intersection,N,Non-Junction,None,,,         ,Nathan,Kemp,Clear,Front to Rear,no,no,no,no,no,False
101391358,METROPOLITAN NASHVILLE POLICE DEPT,20160871240,Davidson,Nashville,9/28/2016 9:44:00 AM,2,0,0,36.091360,-86.828510,HARDING PL,,,,0.00,,,HILLSBORO PKE,,,,0.00,Y,Four-Way, ,Intersection,None,,,         ,Nathan,Kemp,Clear,Angle,no,no,no,no,no,False
101391361,METROPOLITAN NASHVILLE POLICE DEPT,20160871190,Davidson,Nashville,9/28/2016 9:19:00 AM,2,0,0,36.204900,-86.776660,I 65,,,,0.00,,,,,,,87.20,N,Not at Intersection,Y,Non-Junction,None,,,         ,Michael,McCord,Clear,Front to Rear,no,no,no,no,no,False
101391364,METROPOLITAN NASHVILLE POLICE DEPT,20160870884,Davidson,Nashville,9/28/2016 7:20:00 AM,2,0,0,36.040660,-86.771740,OLD HICKORY BLVD,,,,250.00,Feet,West,SEVEN SPRINGS WAY PVTDR,,,,0.00,N,Not at Intersection, ,Non-Junction,None,,,         ,Earl,Davis,Clear,Front to Rear,no,no,no,no,no,False
101391373,BRENTWOOD POLICE DEPT,201600028112,Davidson,Nashville,9/27/2016 4:40:00 PM,3,0,0,36.037400,-86.786570,FRANKLIN PKE,,,,0.00,,,OLD HICKORY BLVD,,,,0.00,Y,Four-Way,N,Intersection,None,,,         ,Isaac,Hulan,Clear,Front to Rear,no,no,no,no,no,False
101391376,METROPOLITAN NASHVILLE POLICE DEPT,20160871164,Davidson,Nashville,9/28/2016 8:54:00 AM,2,0,0,36.045340,-86.702220,OLD HICKORY BLVD,,,,161.00,Feet,West,BELL RD,,,,0.00,N,Not at Intersection, ,Non-Junction,None,,,         ,Jason,Dudley,Clear,Angle,no,no,no,no,no,False
101391384,METROPOLITAN NASHVILLE POLICE DEPT,20160871291,Davidson,Nashville,9/28/2016 10:04:00 AM,1,0,0,36.121690,-86.910570,I 40,,,,0.00,,,,,,,200.20,N,Not at Intersection,N,Non-Junction,None,,,         ,Walter,Gray II,Clear,Not Collision with Motor Vehicle in Transport,no,no,no,no,no,False
101391414,METROPOLITAN NASHVILLE POLICE DEPT,20160871352,Davidson,Nashville,9/28/2016 10:23:00 AM,2,0,0,36.143960,-86.722410,ELM HILL PKE,,,,53.00,Feet,East,SPENCE LN,,,,0.00,N,Not at Intersection, ,,None,,,         ,James,Curtis,,,no,no,no,no,no,False
101391431,VANDERBILT UNIVERSITY POLICE,16-0871535,Davidson,Nashville,9/28/2016 12:00:00 AM,2,0,0,36.142190,-86.810760,NATCHEZ TRC,,,,0.00,,,,,,,0.00,,,N,Non-Junction,None,,,         ,William,Gladu,Clear,Front to Rear,no,no,no,yes,yes,Campus
101391436,METROPOLITAN NASHVILLE POLICE DEPT,20160871504,Davidson,Nashville,9/28/2016 10:48:00 AM,2,0,0,36.062980,-86.682700,I 24,,,,0.00,,,,,,,57.60,N,Not at Intersection,N,Non-Junction,None,,,         ,Brian,Lamb,Clear,Angle,no,no,no,no,yes,False
101391441,METROPOLITAN NASHVILLE POLICE DEPT,20160871377,Davidson,Nashville,9/28/2016 12:00:00 AM,3,0,0,36.194790,-86.735230,CHESTER AV,,,,0.00,,,BELLE FORREST AV,,,,0.00,Y,OTHER,N,Non-Junction,None,,,         ,Alex,Moore,Clear,"Sideswipe, Same Direction",no,no,no,yes,yes,False
101391451,METROPOLITAN NASHVILLE POLICE DEPT,2016-0871586,Davidson,Not in City Limit,9/28/2016 12:00:00 PM,1,1,0,36.256920,-86.848700,CLARKSVILLE PKE,,,,755.00,Feet,North,DRY FORK RD,,,,0.00,N,Not at Intersection,N,Non-Junction,None,,,         ,William,Caillouette,Clear,Not Collision with Motor Vehicle in Transport,yes,no,no,yes,no,False
101391455,METROPOLITAN NASHVILLE POLICE DEPT,20160871549,Davidson,Nashville,9/28/2016 11:31:00 AM,2,2,0,36.177670,-86.795630,DELTA AV,,,,0.00,,,CHEATHAM PL,,,,0.00,Y,Four-Way,N,Intersection,None,,,         ,Michael,McCord,Clear,Angle,no,no,no,no,no,False
101391467,METROPOLITAN NASHVILLE POLICE DEPT,20160870987,Davidson,Nashville,9/28/2016 8:03:00 AM,2,1,0,36.150900,-86.770640,4TH AVS,,,,0.00,,,I40 W EXT RAMP,,,,0.00,Y,OTHER,Y,Intersection,None,,,         ,Timothy,Powell,Clear,Other,no,no,no,no,yes,False
101391472,METROPOLITAN NASHVILLE POLICE DEPT,20160870854,Davidson,Nashville,9/28/2016 7:00:00 AM,2,1,0,36.118360,-86.725980,I 24,,,,0.00,,,,,,,53.00,N,Not at Intersection,N,Non-Junction,None,,,         ,Brandon,O'Guin,Clear,Front to Rear,no,no,no,no,no,False
101391476,METROPOLITAN NASHVILLE POLICE DEPT,20160871790,Davidson,Nashville,9/28/2016 1:00:00 PM,2,0,0,36.136620,-86.821850,WEST END AV,,,,0.00,,,I 440,,,,0.00,Y,T-Intersection, ,,None,,,         ,Curtis,Rich,,,no,no,no,no,no,False
101391508,METROPOLITAN NASHVILLE POLICE DEPT,20160871742,Davidson,Nashville,9/28/2016 12:44:00 PM,2,0,0,36.157950,-86.839900,ILLINOIS AV,,,,0.00,Feet,West,44TH AVN,,,,0.00,N,Not at Intersection, ,"Driveway, Alley Access, etc",None,,,         ,Walter,Gray II,Clear,Angle,no,no,no,no,no,False
101391522,METROPOLITAN NASHVILLE POLICE DEPT,20160871716,Davidson,Nashville,9/28/2016 12:30:00 PM,2,0,0,36.078760,-86.645330,EDGE O LAKE DR,,,,57.00,Feet,South,MARTWAY DR,,,,0.00,N,Not at Intersection, ,Unknown,None,,,         ,Roderic,Williams,Clear,Front to Rear,no,no,no,yes,yes,False
101391524,METROPOLITAN NASHVILLE POLICE DEPT,20160871620,Davidson,Nashville,9/28/2016 11:54:00 AM,2,0,0,36.168800,-86.796890,I 40,,,,0.00,,,,,,,208.10,N,Not at Intersection, ,Non-Junction,None,,,         ,Jefferson,Hughes,Clear,"Sideswipe, Same Direction",no,no,no,no,no,False
101391528,METROPOLITAN NASHVILLE POLICE DEPT,20160871904,Davidson,Not in City Limit,9/28/2016 1:42:00 PM,2,0,0,36.258430,-86.713540,HARRIS ST,,,,0.00,,,GALLATIN PKES,,,,0.00,Y,OTHER, ,,None,,,         ,Eric,Richardson,,,no,no,no,no,no,False
101391533,METROPOLITAN NASHVILLE POLICE DEPT,2016-0870758,Davidson,Nashville,9/28/2016 6:05:00 AM,4,3,0,36.108600,-86.721060,I 24,,,,0.00,,,,,,,53.80,N,Not at Intersection,Y,Entrance/Exit Ramp Related,None,,,         ,William,Whitworth,Clear,Front to Rear,no,no,no,no,no,False
101391535,METROPOLITAN NASHVILLE POLICE DEPT,20160871922,Davidson,Nashville,9/28/2016 1:40:00 PM,2,0,0,36.108680,-86.812130,GLEN ECHO RD,,,,0.00,,,HILLSBORO PKE,,,,0.00,Y,Four-Way,N,Intersection,None,,,         ,Justin,Pinkelton,Clear,Front to Rear,no,no,no,no,yes,False
101391540,METROPOLITAN NASHVILLE POLICE DEPT,20160869007,Davidson,Nashville,9/27/2016 5:50:00 PM,3,1,0,36.069830,-86.686100,HAYWOOD LN,,,,148.00,Feet,West,BAKERTOWN RD,,,,0.00,N,Not at Intersection,N,Non-Junction,None,,,         ,Jessie,Meadows,Clear,Angle,no,no,no,no,no,False
101391541,METROPOLITAN NASHVILLE POLICE DEPT,20160871585,Davidson,Nashville,9/28/2016 12:38:00 PM,2,0,0,36.044390,-86.647320,CROSSINGS PL,,,,78.00,Feet,West,CROSSINGS BLVD,,,,0.00,N,Not at Intersection, ,Non-Junction,None,,,         ,Jessie,Meadows,Clear,Front to Rear,no,no,no,no,no,False
101391542,METROPOLITAN NASHVILLE POLICE DEPT,20160871803,Davidson,Nashville,9/28/2016 2:01:00 PM,2,1,0,36.054330,-86.658390,HICKORY HOLLOW MALL PVTDR PL,,,,3.00,Feet,South,MT VIEW RD,,,,0.00,N,Not at Intersection,N,Non-Junction,None,,,         ,Jessie,Meadows,Clear,Angle,no,no,no,no,no,False
101391545,METROPOLITAN NASHVILLE POLICE DEPT,2016-0871728,Davidson,Nashville,9/28/2016 12:37:00 PM,2,0,0,36.052830,-86.671680,I 24,,,,0.00,,,,,,,58.55,N,Not at Intersection, ,Non-Junction,None,,,         ,William,Whitworth,Clear,"Sideswipe, Same Direction",no,no,no,no,no,False
101391566,METROPOLITAN NASHVILLE POLICE DEPT,20160871572,Davidson,Nashville,9/28/2016 11:38:00 AM,2,0,0,36.161200,-86.792680,CHARLOTTE AV,,,,0.00,,,GEORGE L DAVIS BLVD,,,,0.00,Y,Four-Way, ,,None,,,         ,Phillip,Murphy,,,no,no,no,no,no,False
101391575,METROPOLITAN NASHVILLE POLICE DEPT,2016-0871668,Davidson,Nashville,9/28/2016 12:05:00 PM,2,3,0,0.000000,0.000000,2ND AVENUE SOUTH,,,,30.00,Feet,South,ASH STREET,,,,0.00,N,Not at Intersection,N,Non-Junction,None,,,         ,William,Vincion,Clear,"Sideswipe, Same Direction",no,no,no,no,no,False
101391577,THP District 9 - Administrative,316053501,Davidson,Nashville,9/27/2016 10:09:00 AM,2,0,0,0.000000,0.000000,MURFREESBORO,PIKE,SR41,,0.00,,,EZELL,PIKE,,,0.00,Y,T-Intersection, ,Intersection,None,,,         ,Travis,Raines,Clear,Angle,no,no,no,no,no,False
101391583,METROPOLITAN NASHVILLE POLICE DEPT,20160872026,Davidson,Nashville,9/28/2016 12:13:00 PM,2,0,0,36.167440,-86.825140,JOHN A MERRITT BLVD,,,,170.00,Feet,East,32ND AVN,,,,0.00,N,Not at Intersection, ,,None,,,         ,James,Jarvis,,,no,no,no,no,no,False
101391585,METROPOLITAN NASHVILLE POLICE DEPT,20160871906,Davidson,Nashville,9/28/2016 1:43:00 PM,2,0,0,36.206270,-86.773480,W TRINITY LN,,,,0.00,,,I65 N ENT RAMP,,,,0.00,Y,T-Intersection, ,Entrance/Exit Ramp Related,None,,,         ,David,Boone,Clear,"Sideswipe, Same Direction",no,no,no,no,no,False
101391586,METROPOLITAN NASHVILLE POLICE DEPT,20160871972,Davidson,Nashville,9/28/2016 2:09:00 PM,2,1,0,36.205940,-86.769280,W TRINITY LN,,,,199.00,Feet,West,E TRINITY LN,,,,0.00,N,Not at Intersection,N,Non-Junction,None,,,         ,Cressie,Prill,Cloudy,Front to Rear,no,no,no,no,no,False
101391598,METROPOLITAN NASHVILLE POLICE DEPT,20160872103,Davidson,Nashville,9/28/2016 3:26:00 PM,2,0,0,36.050570,-86.646810,BELL FORGE LNE,,,,68.00,Feet,South,BELL RD,,,,0.00,N,Not at Intersection, ,Non-Junction,None,,,         ,Jessie,Meadows,Clear,Front to Rear,no,no,no,no,no,False
101391607,METROPOLITAN NASHVILLE POLICE DEPT,20160871952,Davidson,Nashville,9/28/2016 1:58:00 PM,2,0,0,36.154320,-86.742130,LEBANON PKE,,,,0.00,,,FESSLERS LN,,,,0.00,Y,T-Intersection, ,Intersection,None,,,         ,Wesley,Young,Clear,Front to Rear,no,no,no,no,no,False
101391611,METROPOLITAN NASHVILLE POLICE DEPT,20160872087,Davidson,Nashville,9/28/2016 2:33:00 PM,2,0,0,36.191020,-86.798950,VANTAGE WAY CT,,,,0.00,,,VANTAGE WAY,,,,0.00,Y,Four-Way,N,Intersection-Related,None,,,         ,Michael,Brooks,Cloudy,"Sideswipe, Same Direction",no,no,no,no,yes,False
101391615,METROPOLITAN NASHVILLE POLICE DEPT,20160872060,Davidson,Not in City Limit,9/28/2016 2:27:00 PM,2,0,0,36.271750,-86.690630,MCARTHUR DR,,,,0.00,,,,,,,0.00,,,N,"Driveway, Alley Access, etc",None,,,         ,Samuel,Miller,Clear,Angle,no,no,no,yes,no,False
101391620,METROPOLITAN NASHVILLE POLICE DEPT,20160872046,Davidson,Nashville,9/28/2016 2:39:00 PM,2,0,0,36.063970,-86.739180,EDMONDSON PKE,,,,210.00,Feet,North,GREENTREE DR,,,,0.00,N,Not at Intersection,N,Non-Junction,None,,,         ,Tien,Nguyen,Clear,Front to Rear,no,no,no,no,no,False
101391631,METROPOLITAN NASHVILLE POLICE DEPT,20160872080,Davidson,Nashville,9/28/2016 2:50:00 PM,2,0,0,36.161600,-86.760770,I 24,,,,0.00,,,,,,,49.35,N,Not at Intersection, ,Non-Junction,None,,,         ,Michael,Baron,Clear,Front to Rear,no,no,no,no,no,False