master_record_number,agency,agency_tracking_number,county,city,collision_date,vehicles_involved,number_injured,number_dead,latitude,longitude,roadway_name,roadway_suffix,roadway_number,roadway_local_id,distance_from_reference,miles-feet_indicator,direction_from_reference,intersection_road_name,intersection_road_name_suffix,intersection_road_number,intersection_local_id,mile_marker,intersection_indicator,intersect_type,interchange_related_indicator,relation_to_junction,work_zone_type,construction_maintenance_zone,construction_maintenance_zone_location,fatal_case_number,officer_first_name,officer_last_name,weather_condition(s),manner_of_crash,pedestrian,bicycle,scooter,parking,hitrun,mou
101391634,METROPOLITAN NASHVILLE POLICE DEPT,20160872131,Davidson,Nashville,9/28/2016 12:00:00 AM,2,0,0,36.239910,-86.743240,I65 N ENT RAMP,,,,0.00,,,BRILEY PKWY W ENT RAMP,,,,0.00,Y,OTHER,Y,Entrance/Exit Ramp Related,None,,,         ,Samuel,Miller,Clear,"Sideswipe, Same Direction",no,no,no,no,yes,False
101391636,METROPOLITAN NASHVILLE POLICE DEPT,20160872174,Davidson,Nashville,9/28/2016 3:23:00 PM,2,0,0,36.143240,-86.704190,I 40,,,,0.00,,,,,,,214.50,N,Not at Intersection,N,Non-Junction,None,,,         ,Marcus,Mitchell,Cloudy,"Sideswipe, Same Direction",no,no,no,no,yes,False
101391640,METROPOLITAN NASHVILLE POLICE DEPT,20160872224,Davidson,Nashville,9/28/2016 3:41:00 PM,1,0,0,36.187480,-86.773950,CLEVELAND ST,,,,174.00,Feet,West,DICKERSON PKE,,,,0.00,N,Not at Intersection, ,Non-Junction,None,,,         ,James,Smith,Cloudy,Not Collision with Motor Vehicle in Transport,no,no,no,no,no,False
101391648,METROPOLITAN NASHVILLE POLICE DEPT,20160872207,Davidson,Nashville,9/28/2016 3:00:00 PM,2,0,0,36.156010,-86.788850,BROADWAY,,,,0.00,,,I40 W ENT RAMP,,,,0.00,Y,Four-Way, ,,None,,,         ,Nicholas,Smith,,,no,no,no,no,no,False
101391651,METROPOLITAN NASHVILLE POLICE DEPT,20160872126,Davidson,Nashville,9/28/2016 3:06:00 PM,2,1,0,36.164290,-86.796260,CLINTON ST,,,,170.00,Feet,East,14TH AVN,,,,0.00,N,Not at Intersection,N,Non-Junction,None,,,         ,Michael,Brooks,Cloudy,"Sideswipe, Same Direction",no,no,no,no,no,False
101391655,METROPOLITAN NASHVILLE POLICE DEPT,2016-0859126,Davidson,Nashville,9/24/2016 9:45:00 AM,1,1,0,36.158510,-86.951030,RIVER ROAD PKE,,,,215.00,Feet,South,LAKEVIEW DR,,,,0.00,N,Not at Intersection,N,Non-Junction,None,,,         ,John,Roberson,Clear,Not Collision with Motor Vehicle in Transport,no,no,no,no,no,False
101391661,METROPOLITAN NASHVILLE POLICE DEPT,20160872278,Davidson,Nashville,9/28/2016 4:05:00 PM,1,1,0,36.165520,-86.759910,SUMMER PL,,,,333.00,Feet,East,S 5TH ST,,,,0.00,N,Not at Intersection,N,Non-Junction,None,,,         ,Rachael,Sacco,Cloudy,Not Collision with Motor Vehicle in Transport,yes,no,no,no,no,False
101391675,METROPOLITAN NASHVILLE POLICE DEPT,20160872271,Davidson,Nashville,9/28/2016 4:47:00 PM,2,0,0,36.144100,-86.748270,MURFREESBORO PKE,,,,213.00,Feet,West,PARRIS AV,,,,0.00,N,Not at Intersection, ,Non-Junction,None,,,         ,Jessie,Meadows,Clear,Angle,no,no,no,no,no,False
101391676,METROPOLITAN NASHVILLE POLICE DEPT,20160872138,Davidson,Not in City Limit,9/28/2016 3:13:00 PM,2,0,0,36.070330,-86.933740,COLICE JEANNE RD,,,,420.00,Feet,North,BAUGH RD,,,,0.00,N,Not at Intersection, ,Non-Junction,None,,,         ,Walter,Gray II,Clear,"Sideswipe, Same Direction",no,no,no,no,yes,False
101391677,GOODLETTSVILLE POLICE DEPT,16-33732,Davidson,Goodlettsville,9/28/2016 4:35:00 PM,2,0,0,36.298120,-86.713250,I 65,,,,0.00,,,,,,,95.00,N,Not at Intersection, ,Non-Junction,None,,,         ,Jeremy,Baker,Cloudy,"Sideswipe, Same Direction",no,no,no,no,no,False
101391687,METROPOLITAN NASHVILLE POLICE DEPT,20160872357,Davidson,Nashville,9/28/2016 4:32:00 PM,2,0,0,36.068470,-86.674320,RICHARDS RD,,,,0.00,,,ARTELIA DR,,,,0.00,Y,T-Intersection, ,Intersection-Related,None,,,         ,David,Hughes,Cloudy,Front to Rear,no,no,no,no,yes,False
101391692,METROPOLITAN NASHVILLE POLICE DEPT,20160872428,Davidson,Nashville,9/28/2016 4:52:00 PM,3,0,0,36.120700,-86.807970,LOMBARDY AV,,,,0.00,,,HILLSBORO PKE,,,,0.00,Y,Four-Way, ,Intersection-Related,None,,,         ,Tien,Nguyen,Cloudy,Front to Rear,no,no,no,no,no,False
101391708,METROPOLITAN NASHVILLE POLICE DEPT,2016-0869574,Davidson,Nashville,9/27/2016 9:20:00 PM,2,0,0,36.198990,-86.826120,BUENA VISTA PKE,,,,0.00,,,,,,,0.00,,, ,Non-Junction,None,,,         ,John,Roberson,Clear,Rear to Rear,no,no,no,yes,no,False
101391714,METROPOLITAN NASHVILLE POLICE DEPT,20160872423,Davidson,Nashville,9/28/2016 4:48:00 PM,2,0,0,36.186130,-86.823130,28TH AVN,,,,0.00,,,ED TEMPLE BLVD,,,,0.00,Y,T-Intersection, ,Intersection,None,,,         ,Michael,Brooks,Cloudy,Angle,no,no,no,no,no,False
101391720,METROPOLITAN NASHVILLE POLICE DEPT,20160872447,Davidson,Nashville,9/28/2016 4:55:00 PM,3,0,0,36.140040,-86.818340,WEST END AV,,,,400.00,Feet,South,ACKLEN PARK DR,,,,0.00,N,Not at Intersection, ,Non-Junction,None,,,         ,Charles,Griffin,Cloudy,Front to Rear,no,no,no,no,no,False
101391723,METROPOLITAN NASHVILLE POLICE DEPT,20160868748,Davidson,Nashville,9/27/2016 4:16:00 PM,4,0,0,36.153030,-86.755250,I 40,,,,0.00,,,,,,,211.25,N,Not at Intersection,Y,Non-Junction,None,,,         ,Bryan,Byrnes,Clear,Front to Rear,no,no,no,no,yes,False
101391726,METROPOLITAN NASHVILLE POLICE DEPT,20160872575,Davidson,Nashville,9/28/2016 12:00:00 AM,1,0,0,36.140500,-86.728840,I 24,,,,0.00,,,,,,,51.55,N,Not at Intersection, ,Non-Junction,None,,,         ,Craig,Gentry,Clear,Not Collision with Motor Vehicle in Transport,no,no,no,no,no,False
101391732,METROPOLITAN NASHVILLE POLICE DEPT,20160872563,Davidson,Nashville,9/28/2016 4:59:00 PM,2,0,0,36.110900,-86.744570,THOMPSON LN,,,,190.00,Feet,East,NOLENSVILLE PKE,,,,0.00,N,Not at Intersection, ,Non-Junction,None,,,         ,Miguel,Garcia,Clear,Front to Rear,no,no,no,no,no,False
101391733,METROPOLITAN NASHVILLE POLICE DEPT,20160872377,Davidson,Nashville,9/28/2016 4:30:00 PM,2,0,0,36.133570,-86.828090,WEST END AV,,,,69.00,Feet,East,CRAIGHEAD AV,,,,0.00,N,Not at Intersection, ,Non-Junction,None,,,         ,Torian,Cox,Clear,Front to Rear,no,no,no,no,no,False
101391744,METROPOLITAN NASHVILLE POLICE DEPT,20160872490,Davidson,Nashville,9/28/2016 5:16:00 PM,3,1,0,36.204630,-86.749570,E TRINITY LN,,,,0.00,,,ELLINGTON PKWY N ENT RAMP,,,,0.00,Y,OTHER,N,Intersection-Related,None,,,         ,Terence,Maahs,Cloudy,Front to Rear,no,no,no,no,no,False
101391747,METROPOLITAN NASHVILLE POLICE DEPT,2016-0872591,Davidson,Nashville,9/28/2016 5:24:00 PM,2,0,0,36.037440,-86.785850,WILSON PIKE CIR,,,,0.00,,,OLD HICKORY BLVD,,,,0.00,Y,T-Intersection, ,Intersection-Related,None,,,         ,William,King,Clear,Front to Rear,no,no,no,no,no,False
101391750,METROPOLITAN NASHVILLE POLICE DEPT,20160872475,Davidson,Nashville,9/28/2016 6:26:00 PM,2,0,0,36.125840,-86.730660,I 440,,,,0.00,,,,,,,7.40,N,Not at Intersection, ,Non-Junction,None,,,         ,Jessie,Meadows,Clear,"Sideswipe, Same Direction",no,no,no,no,no,False
101391751,METROPOLITAN NASHVILLE POLICE DEPT,20160872649,Davidson,Nashville,9/28/2016 5:57:00 PM,2,0,0,36.148810,-86.666280,ELM HILL PKE,,,,0.00,,,DONELSON PKE,,,,0.00,Y,Four-Way, ,,None,,,         ,Mikala,Moore,,,no,no,no,no,no,False
101391763,METROPOLITAN NASHVILLE POLICE DEPT,20160872325,Davidson,Nashville,9/28/2016 4:13:00 PM,2,0,0,36.084440,-86.711550,SPARTAN DR,,,,24.00,Feet,East,TAMPA DR,,,,0.00,N,Not at Intersection,N,Non-Junction,None,,,         ,Jarret,Sonnenberg,Clear,Rear to Rear,no,no,no,no,no,False
101391772,METROPOLITAN NASHVILLE POLICE DEPT,20160872610,Davidson,Nashville,9/28/2016 5:57:00 PM,2,0,0,36.117480,-86.770300,I65 S ENT RAMP,,,,0.00,Feet,East,I 440,,,,0.00,N,Not at Intersection,N,Entrance/Exit Ramp Related,None,,,         ,Tien,Nguyen,Clear,Front to Rear,no,no,no,no,no,False
101391778,METROPOLITAN NASHVILLE POLICE DEPT,20160872707,Davidson,Nashville,9/28/2016 6:30:00 PM,2,0,0,36.109010,-86.728340,SOUTHLAKE DR,,,,0.00,,,,,,,0.00,,, ,Non-Junction,None,,,         ,Benjamin,Froehlich,Clear,"Sideswipe, Same Direction",no,no,no,no,yes,False
101391791,METROPOLITAN NASHVILLE POLICE DEPT,20160872636,Davidson,Not in City Limit,9/28/2016 5:29:00 PM,2,0,0,36.276820,-86.798410,I24 W EXT RAMP,,,,0.00,Feet,,I 24,,,,0.00,Y,OTHER, ,Intersection,None,,,         ,Michael,Brooks,Cloudy,Front to Rear,no,no,no,no,no,False
101391801,METROPOLITAN NASHVILLE POLICE DEPT,20160872884,Davidson,Nashville,9/28/2016 7:38:00 PM,1,1,0,36.163680,-86.778980,CHURCH ST,,,,0.00,Feet,East,4TH AVN,,,,0.00,N,Not at Intersection,N,Non-Junction,None,,,         ,Joshua,Hausman,Rain,Not Collision with Motor Vehicle in Transport,yes,no,no,no,no,False
101391804,VANDERBILT UNIVERSITY POLICE,16-0872816,Davidson,Nashville,9/26/2016 12:00:00 AM,2,0,0,36.140940,-86.807550,25TH AVS,,,,0.00,,,,,,,0.00,,,N,Non-Junction,None,,,         ,Christopher,Dion,Unknown,Unknown,no,no,no,yes,yes,Campus
101391809,METROPOLITAN NASHVILLE POLICE DEPT,20160872933,Davidson,Nashville,9/28/2016 7:45:00 PM,2,0,0,36.126870,-86.711310,MURFREESBORO PKE,,,,95.00,Feet,West,THOMPSON PL,,,,0.00,N,Not at Intersection,N,Non-Junction,None,,,         ,Thomas,Barnes,Rain,Front to Rear,no,no,no,no,yes,False
101391811,METROPOLITAN NASHVILLE POLICE DEPT,20160872807,Davidson,Nashville,9/28/2016 7:08:00 PM,2,0,0,36.150150,-86.748820,I 40,,,,0.00,,,,,,,211.70,N,Not at Intersection, ,,None,,,         ,Bryan,Byrnes,,,no,no,no,no,no,False
101391825,METROPOLITAN NASHVILLE POLICE DEPT,20160872953,Davidson,Nashville,9/28/2016 8:02:00 PM,2,0,0,36.106260,-86.673030,DONELSON PKE,,,,0.00,,,MURFREESBORO PKE,,,,0.00,Y,Four-Way, ,Intersection-Related,None,,,         ,Reuben,Hewit,Unknown,Front to Rear,no,no,no,no,no,False
101391832,METROPOLITAN NASHVILLE POLICE DEPT,20160873105,Davidson,Nashville,9/28/2016 8:46:00 PM,2,0,0,36.162910,-86.784740,UNION ST,,,,0.00,Feet,West,ROSA L PARKS AV,,,,0.00,N,Not at Intersection,Y,OtherLocation,None,,,         ,Joshua,Hausman,Clear,Front to Rear,no,no,no,no,yes,False
101391834,METROPOLITAN NASHVILLE POLICE DEPT,20160872949,Davidson,Nashville,9/28/2016 7:54:00 PM,2,0,0,36.076730,-86.726420,EDMONDSON PKE,,,,286.00,Feet,West,NOLENSVILLE PKE,,,,0.00,N,Not at Intersection, ,Non-Junction,None,,,         ,Charles,Griffin,Clear,"Sideswipe, Same Direction",no,no,no,no,no,False
101391841,METROPOLITAN NASHVILLE POLICE DEPT,20160872460,Davidson,Not in City Limit,9/28/2016 5:07:00 PM,2,4,0,36.259320,-86.757780,DICKERSON PKE,,,,0.00,,,BELLSHIRE DR,,,,0.00,Y,Four-Way,Y,Intersection,None,,,         ,Samuel,Miller,Cloudy,Angle,no,no,no,no,no,False
101391844,METROPOLITAN NASHVILLE POLICE DEPT,20160872663,Davidson,Nashville,9/28/2016 6:18:00 PM,2,3,0,36.136260,-86.727140,I 24,,,,0.00,,,,,,,52.25,N,Not at Intersection,N,Non-Junction,None,,,         ,Jarret,Sonnenberg,Clear,Front to Rear,no,no,no,no,no,False
101391864,METROPOLITAN NASHVILLE POLICE DEPT,20160872795,Davidson,Nashville,9/28/2016 7:07:00 PM,2,0,0,36.065490,-86.636850,BELL RD,,,,400.00,Feet,South,MORRIS GENTRY BLVD,,,,0.00,N,Not at Intersection,N,Non-Junction,None,,,         ,David,Hughes,Clear,Front to Rear,no,no,no,no,no,False
101391867,METROPOLITAN NASHVILLE POLICE DEPT,20160872875,Davidson,Nashville,9/28/2016 7:32:00 PM,2,0,0,36.097820,-86.709640,I 24,,,,0.00,,,,,,,54.75,N,Not at Intersection, ,Non-Junction,None,,,         ,Jeffrey,Livingston,Rain,Angle,no,no,no,no,no,False
101391869,METROPOLITAN NASHVILLE POLICE DEPT,2016-0872904,Davidson,Nashville,9/28/2016 7:40:00 PM,2,2,0,36.199740,-86.592040,TULIP GROVE RD,,,,0.00,,,CHANDLER RD,,,,0.00,Y,Four-Way,N,Intersection-Related,None,,,         ,Sandra,Talavera,Rain,Angle,no,no,no,no,no,False
101391870,METROPOLITAN NASHVILLE POLICE DEPT,20160873040,Davidson,Nashville,9/28/2016 8:41:00 PM,1,0,0,36.240100,-86.750400,I65 N ENT RAMP,,,,326.00,Feet,East,BRILEY PKWYE,,,,0.00,N,Not at Intersection,N,Non-Junction,None,,,         ,James,Smith,Cloudy,Not Collision with Motor Vehicle in Transport,no,no,no,no,yes,False
101391875,METROPOLITAN NASHVILLE POLICE DEPT,20160873094,Davidson,Nashville,9/28/2016 9:00:00 PM,1,1,0,36.073430,-86.808180,GRANNY WHITE PKE,,,,200.00,Feet,West,TRAVELERS RIDGE DR,,,,0.00,N,Not at Intersection,N,Non-Junction,None,,,         ,Tien,Nguyen,Cloudy,Not Collision with Motor Vehicle in Transport,no,no,no,no,no,False
101391877,METROPOLITAN NASHVILLE POLICE DEPT,20160873049,Davidson,Nashville,9/28/2016 8:45:00 PM,2,0,0,36.186460,-86.796420,I65 S EXT RAMP,,,,0.00,,,I 65,,,,0.00,Y,OTHER, ,Non-Junction,None,,,         ,Michael,Brooks,Cloudy,Front to Rear,no,no,no,no,no,False
101391879,METROPOLITAN NASHVILLE POLICE DEPT,20160873033,Davidson,Nashville,9/28/2016 8:24:00 PM,4,0,0,36.102240,-86.713450,I 24,,,,0.00,,,,,,,54.40,N,Not at Intersection,Y,Non-Junction,None,,,         ,Benjamin,Froehlich,Clear,Front to Rear,no,no,no,no,no,False
101391880,METROPOLITAN NASHVILLE POLICE DEPT,20160873037,Davidson,Not in City Limit,9/28/2016 8:30:00 PM,2,0,0,35.996870,-86.689890,CONCORD RD,,,,0.00,,,NOLENSVILLE PKE,,,,0.00,Y,T-Intersection, ,Intersection,None,,,         ,Charles,Griffin,Clear,Angle,no,no,no,no,no,False
101391882,METROPOLITAN NASHVILLE POLICE DEPT,20160873166,Davidson,Nashville,9/28/2016 9:28:00 PM,1,0,0,36.223780,-86.867880,BRILEY PKWYN,,,,479.00,Feet,West,BRILEY PKWYS,,,,0.00,N,Not at Intersection,N,Non-Junction,None,,,         ,Victor,Alexander,Cloudy,Not Collision with Motor Vehicle in Transport,no,no,no,no,no,False
101391883,METROPOLITAN NASHVILLE POLICE DEPT,20160872157,Davidson,Nashville,9/28/2016 3:09:00 PM,2,0,0,36.154270,-86.792890,BROADWAY,,,,0.00,,,16TH AVS,,,,0.00,Y,Five Point Or More, ,Intersection,None,,,         ,Maria,Cortez,Cloudy,Front to Rear,no,no,no,no,no,False
101391884,METROPOLITAN NASHVILLE POLICE DEPT,20160872541,Davidson,Nashville,9/28/2016 5:34:00 PM,3,2,0,36.059070,-86.716220,TUSCULUM RD,,,,0.00,,,NOLENSVILLE PKE,,,,0.00,Y,Four-Way,N,Intersection,None,,,         ,David,Hughes,Clear,Angle,no,no,no,no,no,False
101391904,VANDERBILT UNIVERSITY POLICE,2016-0873108,Davidson,Nashville,9/28/2016 12:00:00 AM,2,0,0,36.141790,-86.775200,CHESTNUT ST,,,,0.00,,,,,,,0.00,,,N,Non-Junction,None,,,         ,Robert,Skucy,Unknown,Unknown,no,no,no,yes,yes,False
101391912,METROPOLITAN NASHVILLE POLICE DEPT,20160872739,Davidson,Nashville,9/28/2016 5:15:00 PM,2,0,0,36.244440,-86.761470,SKYLINE COMMONS PVTDR,,,,0.00,,,,,,,0.00,,,N,Non-Junction,None,,,         ,Samuel,Miller,Cloudy,Rear to Rear,no,no,no,no,yes,False
101391921,METROPOLITAN NASHVILLE POLICE DEPT,20160873229,Davidson,Nashville,9/28/2016 9:18:00 PM,2,1,0,36.134280,-86.779090,WEDGEWOOD AV,,,,0.00,,,8TH AVS,,,,0.00,Y,Four-Way,N,Intersection-Related,None,,,         ,Maria,Cortez,Clear,Front to Rear,no,no,no,no,no,False
101391926,METROPOLITAN NASHVILLE POLICE DEPT,20160873311,Davidson,Nashville,9/28/2016 10:00:00 PM,2,2,0,36.248940,-86.719720,GALLATIN PKES,,,,186.00,Feet,South,E PALESTINE AV,,,,0.00,N,Not at Intersection,N,Non-Junction,None,,,         ,Jerry,Pirtle,Cloudy,Front to Rear,no,no,no,no,no,False
101391929,METROPOLITAN NASHVILLE POLICE DEPT,20160872424,Davidson,Antioch,9/28/2016 4:47:00 PM,2,0,0,36.047550,-86.655930,BELL RD,,,,0.00,,,HICKORY HOLLOW PKWY,,,,0.00,Y,Four-Way, ,Intersection-Related,None,,,         ,Victoria,Cunningham,Cloudy,Front to Rear,no,no,no,no,no,False
101392053,METROPOLITAN NASHVILLE POLICE DEPT,20160874471,Davidson,Nashville,9/29/2016 7:13:00 AM,2,0,0,36.051980,-86.890480,OLD HICKORY BLVD,,,,186.00,Feet,East,WEST MINISTER DR,,,,0.00,N,Not at Intersection, ,Non-Junction,None,,,         ,Curtis,Rich,Clear,Front to Rear,no,no,no,no,no,False
101392092,METROPOLITAN NASHVILLE POLICE DEPT,20160874550,Davidson,Nashville,9/29/2016 7:30:00 AM,2,0,0,36.169310,-86.578160,I 40,,,,0.00,,,,,,,222.10,N,Not at Intersection, ,Non-Junction,None,,,         ,Gregory,Lindstrom,Cloudy,Front to Rear,no,no,no,no,no,False
101392100,METROPOLITAN NASHVILLE POLICE DEPT,20160874498,Davidson,Nashville,9/29/2016 7:15:00 AM,2,0,0,36.140100,-86.826840,MURPHY RD,,,,0.00,,,BOWLING AV,,,,0.00,Y,T-Intersection, ,,None,,,         ,Gregory,McDaniel,,,no,no,no,no,no,False
101392117,METROPOLITAN NASHVILLE POLICE DEPT,20160874605,Davidson,Nashville,9/29/2016 7:57:00 AM,2,1,0,36.191020,-86.798950,ROSA L PARKS BLVD,,,,0.00,,,VANTAGE WAY CT,,,,0.00,Y,Four-Way,N,Intersection,None,,,         ,Jeanine,Sarno,Clear,Angle,no,no,no,no,no,False
101392120,METROPOLITAN NASHVILLE POLICE DEPT,20160874353,Davidson,Madison,9/29/2016 5:48:00 AM,1,0,0,36.252130,-86.671020,CHEYENNE BLVD,,,,0.00,,,,,,,0.00,,Not at Intersection,N,Non-Junction,None,,,         ,Jason,Sweeney,Clear,Not Collision with Motor Vehicle in Transport,no,no,no,no,no,False
101392121,METROPOLITAN NASHVILLE POLICE DEPT,2016-0874442,Davidson,Nashville,9/29/2016 6:55:00 AM,2,0,0,36.086920,-86.693560,HARDING PL,,,,440.00,Feet,West,ANTIOCH PKE,,,,0.00,N,Not at Intersection, ,"Driveway, Alley Access, etc",None,,,         ,William,Whitworth,Clear,Angle,no,no,no,no,no,False
101392123,METROPOLITAN NASHVILLE POLICE DEPT,2016-0874631,Davidson,Nashville,9/29/2016 7:56:00 AM,2,0,0,36.108160,-86.720470,I 24,,,,0.00,,,,,,,53.85,N,Not at Intersection, ,Non-Junction,None,,,         ,William,Whitworth,Clear,Front to Rear,no,no,no,no,no,False
101392126,METROPOLITAN NASHVILLE POLICE DEPT,20160874491,Davidson,Nashville,9/29/2016 7:15:00 AM,3,1,0,36.080560,-86.696540,I 24,,,,0.00,,,,,,,56.15,N,Not at Intersection,N,Non-Junction,None,,,         ,David,Simmonds,Clear,Front to Rear,no,no,no,no,no,False
101392132,METROPOLITAN NASHVILLE POLICE DEPT,20160874752,Davidson,Not in City Limit,9/29/2016 8:25:00 AM,2,0,0,36.264300,-86.736260,OLD HICKORY BLVDW,,,,40.00,Feet,West,I65 N ENT RAMP,,,,0.00,N,Not at Intersection,N,Non-Junction,None,,,         ,Joshua,Borum,Clear,Front to Rear,no,no,no,no,yes,False
101392134,METROPOLITAN NASHVILLE POLICE DEPT,20160874481,Davidson,Nashville,9/29/2016 7:00:00 AM,2,0,0,36.202320,-86.738240,LITTON AV,,,,271.00,Feet,East,GALLATIN PKE,,,,0.00,N,Not at Intersection,N,Non-Junction,None,,,         ,Eric,Knight,Cloudy,"Sideswipe, Same Direction",no,no,no,no,no,False
101392135,METROPOLITAN NASHVILLE POLICE DEPT,20160874793,Davidson,Nashville,9/29/2016 8:31:00 AM,2,1,0,36.171070,-86.749440,SHELBY AV,,,,0.00,,,S 12TH ST,,,,0.00,Y,T-Intersection,N,Intersection,None,,,         ,Anthony,Rizo,Clear,Angle,no,no,no,no,no,False
101392146,METROPOLITAN NASHVILLE POLICE DEPT,20160871978,Davidson,Nashville,9/28/2016 2:11:00 PM,2,0,0,36.158520,-86.792100,14TH AVN,,,,183.00,Feet,South,I40 E EXT RAMP,,,,0.00,N,Not at Intersection, ,Non-Junction,None,,,         ,Darrell,Osment,Cloudy,"Sideswipe, Same Direction",no,no,no,no,no,False
101392163,METROPOLITAN NASHVILLE POLICE DEPT,20160874782,Davidson,Nashville,9/29/2016 8:48:00 AM,2,0,0,36.226850,-86.787570,BRICK CHURCH PARK DR,,,,0.00,Feet,East,CAPPS DR,,,,0.00,N,Not at Intersection, ,,None,,,         ,Michael,McCord,,,no,no,no,no,no,False
101392164,METROPOLITAN NASHVILLE POLICE DEPT,20160874516,Davidson,Nashville,9/29/2016 7:22:00 AM,2,1,0,36.228920,-86.591340,SAUNDERSVILLE RD,,,,0.00,,,WOODSIDE DR,,,,0.00,Y,Four-Way,N,Intersection,None,,,         ,William,Mckay,Clear,Angle,no,no,no,no,no,False
101392167,METROPOLITAN NASHVILLE POLICE DEPT,20160874373,Davidson,Nashville,9/29/2016 6:05:00 AM,4,3,0,36.030898,-86.621347,OLD HICKORY,BLVD,,,500.00,Feet,West,,,,,500.00,N,Not at Intersection,N,Non-Junction,None,,,         ,Kevin,Breeding,Clear,Front to Rear,no,no,no,no,no,False
101392169,METROPOLITAN NASHVILLE POLICE DEPT,20160874528,Davidson,Nashville,9/29/2016 7:30:00 AM,4,2,0,36.141650,-86.670080,I 40,,,,0.00,,,,,,,215.00,N,Not at Intersection,N,Non-Junction,None,,,         ,Larry,Benz,Clear,Front to Rear,no,no,no,no,no,False
101392172,METROPOLITAN NASHVILLE POLICE DEPT,20160874548,Davidson,Nashville,9/29/2016 7:30:00 AM,2,1,0,36.039550,-86.634160,OLD FRANKLIN RD,,,,905.00,Feet,South,MONROE CRSG,,,,0.00,N,Not at Intersection,N,Non-Junction,None,,,         ,Jason,Dudley,Clear,"Sideswipe, Opposite Direction",no,no,no,no,no,False
101392193,METROPOLITAN NASHVILLE POLICE DEPT,20160874998,Davidson,Nashville,9/29/2016 8:45:00 AM,2,0,0,36.163740,-86.754660,DAVIDSON ST,,,,0.00,,,GLENVIEW DR,,,,0.00,Y,Four-Way, ,Intersection,None,,,         ,Anthony,Rizo,Clear,Angle,no,no,no,no,yes,False
101392195,METROPOLITAN NASHVILLE POLICE DEPT,20160874953,Davidson,Nashville,9/29/2016 9:48:00 AM,2,0,0,36.134440,-86.825220,BOWLING AV,,,,50.00,Feet,South,WEST END AV,,,,0.00,N,Not at Intersection, ,Non-Junction,None,,,         ,Walter,Gray II,Clear,Front to Rear,no,no,no,no,no,False
101392204,METROPOLITAN NASHVILLE POLICE DEPT,20160875008,Davidson,Nashville,9/29/2016 10:00:00 AM,2,0,0,36.037380,-86.785860,WILSON PIKE CIR,,,,42.00,Feet,South,OLD HICKORY BLVD,,,,0.00,N,Not at Intersection, ,Non-Junction,None,,,         ,Gary,Sneed,Clear,Angle,no,no,no,no,no,False
101392206,GOODLETTSVILLE POLICE DEPT,16-33848,Davidson,Goodlettsville,9/29/2016 9:15:00 AM,2,0,0,36.298140,-86.699850,RIVERGATE PKWY,,,,0.00,,,GLEAVES ST,,,,0.00,Y,T-Intersection, ,Intersection,None,,,         ,Timothy,Preston,Clear,Angle,no,no,no,no,no,False
101392207,METROPOLITAN NASHVILLE POLICE DEPT,20160874431,Davidson,Nashville,9/29/2016 6:34:00 AM,3,0,0,36.045610,-86.719770,OLD HICKORY BLVD,,,,0.00,,,ZERMATT AV,,,,0.00,Y,Four-Way,N,Intersection,None,,,         ,Earl,Davis,Clear,Front to Rear,no,no,no,no,no,False
101392218,VANDERBILT UNIVERSITY POLICE,16-0874832,Davidson,Nashville,9/28/2016 6:15:00 AM,1,0,0,36.139500,-86.817080,ORLEANS DR,,,,419.00,Feet,East,ACKLEN AV,,,,0.00,N,Not at Intersection, ,,None,,,         ,Anthony,Jones,,,no,no,no,yes,no,False
101392235,METROPOLITAN NASHVILLE POLICE DEPT,2016-0875117,Davidson,Nashville,9/29/2016 10:41:00 AM,2,0,0,36.109450,-86.728050,EAST THOMPSON LN,,,,0.00,,,BRILEY PKWYN,,,,0.00,Y,Four-Way, ,Intersection,None,,,         ,William,Whitworth,Clear,Angle,no,no,no,no,no,False
101392238,METROPOLITAN NASHVILLE POLICE DEPT,20160875220,Davidson,Nashville,9/29/2016 10:44:00 AM,2,0,0,36.073850,-86.923380,OLD HARDING PKE RAMP,,,,33.00,Feet,West,OLD HARDING PKE,,,,0.00,N,Not at Intersection, ,Non-Junction,None,,,         ,Curtis,Rich,Cloudy,Rear to Rear,no,no,no,yes,yes,False
101392247,METROPOLITAN NASHVILLE POLICE DEPT,20160875166,Davidson,Nashville,9/26/2016 7:00:00 PM,2,0,0,36.067710,-86.630810,FOREST VIEW DR,,,,170.00,Feet,East,MURFREESBORO PKE,,,,0.00,N,Not at Intersection,N,Non-Junction,None,,,         ,Jessie,Meadows,Clear,Rear to Rear,no,no,no,yes,yes,False
101392252,METROPOLITAN NASHVILLE POLICE DEPT,20160875073,Davidson,Goodlettsville,9/29/2016 10:30:00 AM,1,0,0,36.296680,-86.698990,MYATT DR,,,,99.00,Feet,South,GALLATIN PKEN,,,,0.00,N,Not at Intersection,N,OtherLocation,None,,,         ,Joshua,Borum,Clear,Not Collision with Motor Vehicle in Transport,no,no,no,yes,yes,False
101392254,METROPOLITAN NASHVILLE POLICE DEPT,20160874888,Davidson,Nashville,9/29/2016 9:17:00 AM,1,0,0,36.132540,-86.779440,8TH AVS,,,,57.00,Feet,West,BENTON AV,,,,0.00,N,Not at Intersection,N,Non-Junction,None,,,         ,Nathan,Kemp,Clear,Not Collision with Motor Vehicle in Transport,no,no,no,yes,no,False