master_record_number,agency,agency_tracking_number,county,city,collision_date,vehicles_involved,number_injured,number_dead,latitude,longitude,roadway_name,roadway_suffix,roadway_number,roadway_local_id,distance_from_reference,miles-feet_indicator,direction_from_reference,intersection_road_name,intersection_road_name_suffix,intersection_road_number,intersection_local_id,mile_marker,intersection_indicator,intersect_type,interchange_related_indicator,relation_to_junction,work_zone_type,construction_maintenance_zone,construction_maintenance_zone_location,fatal_case_number,officer_first_name,officer_last_name,weather_condition(s),manner_of_crash,pedestrian,bicycle,scooter,parking,hitrun,mou
101392255,METROPOLITAN NASHVILLE POLICE DEPT,20160874943,Davidson,Nashville,9/29/2016 9:39:00 AM,3,0,0,36.143290,-86.792410,EDGEHILL AV,,,,159.00,Feet,West,VILLA PL,,,,0.00,N,Not at Intersection, ,Non-Junction,None,,,         ,Nathan,Kemp,Clear,Front to Rear,no,no,no,no,no,False
101392266,METROPOLITAN NASHVILLE POLICE DEPT,20160875211,Davidson,Nashville,9/29/2016 11:17:00 AM,2,0,0,36.186670,-86.686140,TWO RIVERS PKWY,,,,111.00,Feet,North,WAVE COUNTRY PVTDR,,,,0.00,N,Not at Intersection,N,OtherLocation,None,,,         ,Ralph,Harvey,Clear,Front to Rear,no,no,no,no,no,False
101392269,METROPOLITAN NASHVILLE POLICE DEPT,20160874521,Davidson,Nashville,9/29/2016 7:26:00 AM,2,1,0,36.234250,-86.766850,I 65,,,,0.00,,,,,,,89.40,N,Not at Intersection,N,Non-Junction,None,,,         ,Jack,Crouch,Clear,Front to Rear,no,no,no,no,no,False
101392270,METROPOLITAN NASHVILLE POLICE DEPT,20160875196,Davidson,Nashville,9/29/2016 11:00:00 AM,2,0,0,36.142200,-86.666600,DONELSON PKE,,,,0.00,,,I40 W EXT RAMP,,,,0.00,Y,Four-Way, ,Intersection,None,,,         ,Johnathan,Carlisle,Cloudy,"Sideswipe, Same Direction",no,no,no,no,yes,False
101392289,METROPOLITAN NASHVILLE POLICE DEPT,20160875233,Davidson,Nashville,9/29/2016 11:19:00 AM,2,0,0,36.214620,-86.730420,GALLATIN PKE,,,,57.00,Feet,North,STRATFORD AV,,,,0.00,N,Not at Intersection, ,Non-Junction,None,,,         ,Anthony,Rizo,Clear,Angle,no,no,no,no,yes,False
101392290,METROPOLITAN NASHVILLE POLICE DEPT,20160875158,Davidson,Nashville,9/29/2016 10:50:00 AM,3,0,0,36.113320,-86.803140,WOODMONT BLVD,,,,0.00,,,AMANDA AV,,,,0.00,Y,Four-Way,N,Non-Junction,None,,,         ,Shedie,Herbert III,Cloudy,Front to Rear,no,no,no,no,no,False
101392291,METROPOLITAN NASHVILLE POLICE DEPT,20160875170,Davidson,Not in City Limit,9/29/2016 10:50:00 AM,2,0,0,36.286480,-86.809080,I 24,,,,0.00,,,,,,,39.75,N,Not at Intersection, ,Non-Junction,None,,,         ,Jeanine,Sarno,Clear,"Sideswipe, Same Direction",no,no,no,no,no,False
101392298,METROPOLITAN NASHVILLE POLICE DEPT,20160875324,Davidson,Nashville,9/29/2016 11:55:00 AM,2,0,0,36.252770,-86.715850,EMMITT AV,,,,150.00,Feet,West,E MEADE AV,,,,0.00,N,Not at Intersection,N,Non-Junction,None,,,         ,Brian,Otto,Cloudy,Angle,no,no,no,yes,yes,False
101392302,METROPOLITAN NASHVILLE POLICE DEPT,20160874448,Davidson,Nashville,9/29/2016 6:57:00 AM,3,1,0,36.085480,-86.628170,BELL RD,,,,398.00,Feet,East,MOSSDALE DR,,,,0.00,N,Not at Intersection,N,Non-Junction,None,,,         ,Steven,Rowlett,Cloudy,Front to Rear,no,no,no,no,no,False
101392306,METROPOLITAN NASHVILLE POLICE DEPT,20160875421,Davidson,Nashville,9/29/2016 12:56:00 PM,2,0,0,36.132800,-86.788720,12TH AVS,,,,0.00,,,CALDWELL AV,,,,0.00,Y,T-Intersection,N,Intersection-Related,None,,,         ,Nathan,Kemp,Clear,Front to Rear,no,no,no,no,no,False
101392313,METROPOLITAN NASHVILLE POLICE DEPT,20160875067,Davidson,Nashville,9/29/2016 10:25:00 AM,2,0,0,36.142800,-86.744360,MURFREESBORO PKE,,,,0.00,,,FESSLERS LN,,,,0.00,Y,Four-Way,N,Intersection,None,,,         ,Todd,Watson,Clear,Angle,no,no,no,no,no,False
101392333,METROPOLITAN NASHVILLE POLICE DEPT,20160875335,Davidson,Nashville,9/29/2016 1:17:00 PM,2,0,0,36.148580,-86.761730,LAFAYETTE ST,,,,173.00,Feet,West,CLAIBORNE ST,,,,0.00,N,Not at Intersection,N,Non-Junction,None,,,         ,Jessie,Meadows,Clear,Rear to Side,no,no,no,yes,yes,False
101392345,METROPOLITAN NASHVILLE POLICE DEPT,20160875448,Davidson,Nashville,9/29/2016 12:46:00 PM,1,0,0,36.126390,-86.882110,GREELEY DR,,,,0.00,,,STARLIT RD,,,,0.00,Y,T-Intersection, ,,None,,,         ,Curtis,Rich,,,no,no,no,no,no,False
101392348,METROPOLITAN NASHVILLE POLICE DEPT,2016-0875282,Davidson,Nashville,9/29/2016 11:51:00 AM,2,2,0,36.080350,-86.723300,HARDING PL,,,,0.00,,,HARDING MALL DR,,,,0.00,Y,T-Intersection,N,Intersection,Construction Zone,Work On Shoulder Or Median,Activity Area,         ,William,Whitworth,Clear,Front to Rear,no,no,no,no,no,False
101392361,METROPOLITAN NASHVILLE POLICE DEPT,20160875453,Davidson,Nashville,9/29/2016 1:00:00 PM,2,0,0,36.158640,-86.781940,8TH AVS,,,,106.00,Feet,South,BROADWAY,,,,0.00,N,Not at Intersection, ,,None,,,         ,Robert,Magner,,,no,no,no,no,no,False
101392373,METROPOLITAN NASHVILLE POLICE DEPT,20160875534,Davidson,Madison,9/29/2016 1:45:00 PM,2,0,0,36.260210,-86.712930,GALLATIN PKES,,,,60.00,Feet,South,HICKORY ST,,,,0.00,N,Not at Intersection, ,Non-Junction,None,,,         ,Brian,Otto,Cloudy,Angle,no,no,no,no,no,False
101392394,METROPOLITAN NASHVILLE POLICE DEPT,20160875539,Davidson,Nashville,9/29/2016 1:49:00 PM,1,0,0,36.141980,-86.677880,I 40,,,,0.00,,,,,,,216.00,N,Not at Intersection,N,Non-Junction,None,,,         ,William,Mckay,Clear,Not Collision with Motor Vehicle in Transport,no,no,no,no,no,False
101392395,METROPOLITAN NASHVILLE POLICE DEPT,20160875517,Davidson,Nashville,9/29/2016 1:35:00 PM,1,1,0,36.192710,-86.744370,DOUGLAS AV,,,,0.00,,,GALLATIN AV,,,,0.00,Y,Four-Way,N,Intersection,None,,,         ,Randal,Owsley,Cloudy,Not Collision with Motor Vehicle in Transport,no,no,no,no,no,False
101392396,METROPOLITAN NASHVILLE POLICE DEPT,20160875579,Davidson,Nashville,9/29/2016 2:14:00 PM,2,1,0,36.071380,-86.635640,MURFREESBORO PKE,,,,234.00,Feet,South,BELL RD,,,,0.00,N,Not at Intersection,N,Non-Junction,None,,,         ,Jason,Dudley,Clear,Angle,no,no,no,no,no,False
101392397,METROPOLITAN NASHVILLE POLICE DEPT,20160875560,Davidson,Nashville,9/29/2016 1:33:00 PM,2,0,0,36.075090,-86.919050,HIGHWAY 70S,,,,0.00,,,BELLE FOREST SHOPPING CENTER P,,,,0.00,Y,T-Intersection, ,Non-Junction,None,,,         ,Emily,Mulready,Clear,Angle,no,no,no,no,no,False
101392398,GOODLETTSVILLE POLICE DEPT,16-33862,Davidson,Goodlettsville,9/29/2016 1:35:00 PM,1,1,0,36.327920,-86.726540,BRICK CHURCH PKE,,,,998.00,Feet,West,MONCRIEF AV,,,,0.00,N,Not at Intersection,N,Non-Junction,None,,,         ,Jeremy,Baker,Cloudy,Not Collision with Motor Vehicle in Transport,no,no,no,no,no,False
101392445,METROPOLITAN NASHVILLE POLICE DEPT,20160874942,Davidson,Nashville,9/29/2016 9:42:00 AM,2,0,0,36.086910,-86.648680,UNA ANTIOCH PKE,,,,0.00,,,NASHBORO BLVD,,,,0.00,Y,Four-Way, ,Intersection,None,,,         ,Wesley,Young,Clear,Front to Rear,no,no,no,no,no,False
101392452,METROPOLITAN NASHVILLE POLICE DEPT,20160875411,Davidson,Nashville,9/29/2016 12:49:00 PM,2,0,0,36.182270,-86.607960,OLD HICKORY BLVD,,,,0.00,,,ANDREW JACKSON WAY,,,,0.00,Y,Four-Way,N,Intersection,None,,,         ,Wesley,Young,Clear,Front to Rear,no,no,no,no,yes,False
101392463,METROPOLITAN NASHVILLE POLICE DEPT,20160875732,Davidson,Nashville,9/29/2016 3:23:00 PM,1,0,0,36.205020,-86.737570,MCGAVOCK PKE,,,,0.00,,,GALLATIN PKE,,,,0.00,,Not at Intersection, ,Non-Junction,None,,,         ,Joshua,Lippert,Cloudy,Not Collision with Motor Vehicle in Transport,no,no,no,yes,no,False
101392470,METROPOLITAN NASHVILLE POLICE DEPT,20160875605,Davidson,Nashville,9/29/2016 2:20:00 PM,2,1,0,36.124500,-86.696310,BRILEY PKWY,,,,74.00,Feet,North,VULTEE BLVD,,,,0.00,N,Not at Intersection,N,Non-Junction,None,,,         ,Tyler,Maupin,Cloudy,Front to Rear,no,no,no,no,no,False
101392474,METROPOLITAN NASHVILLE POLICE DEPT,20160875634,Davidson,Nashville,9/29/2016 2:30:00 PM,2,0,0,36.192320,-86.616300,OLD HICKORY BLVD,,,,0.00,,,JUAREZ DR,,,,0.00,Y,Four-Way, ,Non-Junction,None,,,         ,Wesley,Young,Cloudy,Front to Rear,no,no,no,no,no,False
101392483,METROPOLITAN NASHVILLE POLICE DEPT,20160875653,Davidson,Nashville,9/29/2016 2:51:00 PM,2,1,0,36.064820,-86.628510,MURFREESBORO PKE,,,,12.00,Feet,South,HAMILTON CHURCH RD,,,,0.00,N,Not at Intersection,N,Non-Junction,None,,,         ,Tamara,Zurawski,Cloudy,Front to Rear,no,no,no,no,yes,False
101392487,METROPOLITAN NASHVILLE POLICE DEPT,20160875736,Davidson,Nashville,9/29/2016 3:22:00 PM,2,0,0,36.211360,-86.732780,GALLATIN PKE,,,,80.00,Feet,South,HART LN,,,,0.00,N,Not at Intersection,N,Non-Junction,None,,,         ,Whitney,Arnold,Cloudy,Front to Rear,no,no,no,no,no,False
101392489,METROPOLITAN NASHVILLE POLICE DEPT,20160875778,Davidson,Nashville,9/29/2016 3:36:00 PM,1,0,0,36.112370,-86.768360,THOMPSON LN,,,,100.00,Feet,West,W IRIS DR,,,,0.00,N,Not at Intersection,N,Non-Junction,None,,,         ,Charles,Griffin,Cloudy,Not Collision with Motor Vehicle in Transport,no,no,no,no,no,False
101392491,METROPOLITAN NASHVILLE POLICE DEPT,20160875768,Davidson,Nashville,9/29/2016 3:24:00 PM,2,0,0,36.059550,-86.641030,CAMBRIDGE APTS PVTDR,,,,11.00,Feet,East,BELL RD,,,,0.00,N,Not at Intersection, ,Non-Junction,None,,,         ,Jared,Jenkins,Clear,Angle,no,no,no,no,no,False
101392497,METROPOLITAN NASHVILLE POLICE DEPT,20160875756,Davidson,Nashville,9/29/2016 3:20:00 PM,2,0,0,36.158110,-86.759900,I 24,,,,0.00,,,,,,,49.60,N,Not at Intersection, ,Non-Junction,None,,,         ,Cheri,Cox,Cloudy,Front to Rear,no,no,no,no,no,False
101392502,METROPOLITAN NASHVILLE POLICE DEPT,20160875606,Davidson,Nashville,9/29/2016 3:22:00 PM,2,1,0,36.126880,-86.711320,MURFREESBORO PKE,,,,93.00,Feet,West,THOMPSON PL,,,,0.00,N,Not at Intersection,N,Non-Junction,None,,,         ,Jessie,Meadows,Clear,Front to Rear,no,no,no,no,yes,False
101392503,METROPOLITAN NASHVILLE POLICE DEPT,20160875598,Davidson,Nashville,9/29/2016 11:00:00 AM,2,0,0,36.146120,-86.763860,CHESTNUT ST,,,,165.00,Feet,West,1ST AVS,,,,0.00,N,Not at Intersection,N,Non-Junction,None,,,         ,Jessie,Meadows,Clear,"Sideswipe, Same Direction",no,no,no,yes,yes,False
101392512,METROPOLITAN NASHVILLE POLICE DEPT,20160875863,Davidson,Nashville,9/29/2016 2:53:00 PM,2,0,0,36.109690,-86.671460,DONELSON PKE,,,,0.00,,,KNAPP BLVD,,,,0.00,Y,Four-Way, ,Intersection,None,,,         ,Michael,Apsey,Cloudy,Front to Rear,no,no,no,no,no,False
101392513,BERRY HILL POLICE DEPT,16-3460,Davidson,Berry Hill,9/28/2016 12:40:00 PM,2,0,0,36.116130,-86.766400,BRANSFORD AV,,,,194.00,Feet,South,E IRIS DR,,,,0.00,N,Not at Intersection, ,Non-Junction,None,,,         ,John,Gleixner,Clear,Front to Rear,no,no,no,no,no,False
101392542,METROPOLITAN NASHVILLE POLICE DEPT,20160875631,Davidson,Antioch,9/29/2016 2:35:00 PM,2,0,0,36.055400,-86.598790,HOBSON PKE,,,,441.00,Feet,North,MARITIME PORT,,,,0.00,N,Not at Intersection,N,Non-Junction,None,,,         ,Darryl,Williams,Cloudy,Front to Rear,no,no,no,no,no,False
101392550,METROPOLITAN NASHVILLE POLICE DEPT,20160875892,Davidson,Nashville,9/29/2016 4:03:00 PM,2,0,0,36.047440,-86.863220,OLD HICKORY BLVD,,,,150.00,Feet,West,HILLSBORO PKE,,,,0.00,N,Not at Intersection, ,Non-Junction,None,,,         ,Walter,Gray II,Clear,Front to Rear,no,no,no,no,no,False
101392553,METROPOLITAN NASHVILLE POLICE DEPT,20160875904,Davidson,Nashville,9/29/2016 4:19:00 PM,1,1,0,36.212040,-86.691280,BRILEY PKWYN,,,,207.00,Feet,South,BRILEY PKWYS,,,,0.00,N,Not at Intersection,Y,Non-Junction,None,,,         ,Bryan,Byrnes,Cloudy,Not Collision with Motor Vehicle in Transport,no,no,no,no,no,False
101392554,METROPOLITAN NASHVILLE POLICE DEPT,20160875923,Davidson,Nashville,9/29/2016 4:22:00 PM,2,0,0,36.207610,-86.839800,CLARKSVILLE PKE,,,,75.00,Feet,North,W HAMILTON AV,,,,0.00,N,Not at Intersection, ,Non-Junction,None,,,         ,Michael,Brooks,Cloudy,"Sideswipe, Same Direction",no,no,no,no,no,False
101392560,METROPOLITAN NASHVILLE POLICE DEPT,20160875693,Davidson,Nashville,9/29/2016 2:45:00 PM,2,0,0,36.226310,-86.603190,SAUNDERSVILLE RD,,,,0.00,,,SHUTE LN,,,,0.00,Y,T-Intersection, ,,None,,,         ,Kyle,Burks,,,no,no,no,no,no,False
101392562,METROPOLITAN NASHVILLE POLICE DEPT,20160875995,Davidson,Nashville,9/29/2016 4:43:00 PM,2,0,0,36.164260,-86.762910,I 24,,,,0.00,,,,,,,49.15,N,Not at Intersection, ,Non-Junction,None,,,         ,Cody,Jaworski,Clear,"Sideswipe, Same Direction",no,no,no,no,yes,False
101392563,METROPOLITAN NASHVILLE POLICE DEPT,20160875816,Davidson,Nashville,9/29/2016 3:26:00 PM,2,0,0,36.187920,-86.798480,DOMINICAN DR,,,,0.00,Feet,,ROSA L PARKS BLVD,,,,0.00,Y,Four-Way,N,Intersection,None,,,         ,Cheri,Cox,Clear,Front to Rear,no,no,no,no,yes,False
101392581,METROPOLITAN NASHVILLE POLICE DEPT,20160876034,Davidson,Nashville,9/29/2016 5:10:00 PM,2,0,0,36.230890,-86.828490,BRILEY PKWYE,,,,416.00,Feet,North,BRILEY PKWYW,,,,0.00,N,Not at Intersection, ,Non-Junction,None,,,         ,Michael,Brooks,Cloudy,Front to Rear,no,no,no,no,no,False
101392583,METROPOLITAN NASHVILLE POLICE DEPT,20160876014,Davidson,Nashville,9/29/2016 4:35:00 PM,3,0,0,36.125350,-86.905600,I 40,,,,0.00,,,,,,,200.55,N,Not at Intersection, ,Non-Junction,None,,,         ,John,Thomas,Clear,Front to Rear,no,no,no,no,no,False
101392611,METROPOLITAN NASHVILLE POLICE DEPT,20160876005,Davidson,Nashville,9/29/2016 4:54:00 PM,2,0,0,36.077790,-86.742230,HARDING PL,,,,437.00,Feet,North,BINKLEY DR,,,,0.00,N,Not at Intersection,N,Non-Junction,None,,,         ,Charles,Griffin,Clear,Front to Rear,no,no,no,no,no,False
101392632,METROPOLITAN NASHVILLE POLICE DEPT,20160875914,Davidson,Nashville,9/29/2016 4:23:00 PM,2,0,0,36.144860,-86.812680,WEST END AV,,,,119.00,Feet,West,28TH AVN,,,,0.00,N,Not at Intersection,N,OtherLocation,None,,,         ,Tien,Nguyen,Cloudy,Rear to Side,no,no,no,yes,yes,Campus
101392633,METROPOLITAN NASHVILLE POLICE DEPT,20160876118,Davidson,Nashville,9/29/2016 5:41:00 PM,2,1,0,36.138520,-86.819950,WEST END AV,,,,313.00,Feet,North,MURPHY RD,,,,0.00,N,Not at Intersection,N,Non-Junction,None,,,         ,Tien,Nguyen,Cloudy,Angle,no,no,no,no,no,False
101392640,METROPOLITAN NASHVILLE POLICE DEPT,20160876223,Davidson,Nashville,9/29/2016 6:10:00 PM,2,0,0,36.084470,-86.761760,SIDCO DR,,,,159.00,Feet,South,ELYSIAN FIELDS RD,,,,0.00,N,Not at Intersection,N,"Driveway, Alley Access, etc",None,,,         ,Charles,Griffin,Clear,Angle,no,no,no,no,no,False
101392641,METROPOLITAN NASHVILLE POLICE DEPT,20160876021,Davidson,Antioch,9/29/2016 5:07:00 PM,2,0,0,36.012960,-86.620870,I24 E EXT RAMP,,,,0.00,Feet,East,OLD HICKORY BLVD,,,,0.00,N,Not at Intersection,N,Non-Junction,None,,,         ,Victoria,Cunningham,Cloudy,"Sideswipe, Same Direction",no,no,no,no,no,False
101392648,BERRY HILL POLICE DEPT,16-3475,Davidson,Berry Hill,9/29/2016 5:05:00 PM,2,0,0,36.118860,-86.774590,FRANKLIN PKE,,,,0.00,,,BERRY RD,,,,0.00,Y,Four-Way, ,,None,,,         ,John,Gleixner,,,no,no,no,no,no,False
101392655,METROPOLITAN NASHVILLE POLICE DEPT,20160875880,Davidson,Nashville,9/29/2016 4:14:00 PM,3,1,0,36.238080,-86.783850,BRILEY PKWYE,,,,209.00,Feet,West,I24 W EXT RAMP,,,,0.00,N,Not at Intersection,N,Non-Junction,None,,,         ,Samuel,Miller,Cloudy,Front to Rear,no,no,no,no,yes,False
101392675,VANDERBILT UNIVERSITY POLICE,16-0875869,Davidson,Nashville,9/29/2016 9:57:00 AM,2,0,0,36.109040,-86.763390,THOMPSON LN,,,,0.00,,,,,,,0.00,,Not at Intersection, ,,None,,,         ,Robert,Skucy,,,no,no,no,yes,no,OHO
101392678,METROPOLITAN NASHVILLE POLICE DEPT,2016-0876077,Davidson,Nashville,9/29/2016 4:48:00 PM,2,0,0,36.106240,-86.742810,NOLENSVILLE PKE,,,,50.00,Feet,South,MORTON AV,,,,0.00,N,Not at Intersection, ,Non-Junction,None,,,         ,William,King,Clear,Front to Rear,no,no,no,no,no,False
101392688,METROPOLITAN NASHVILLE POLICE DEPT,20160876086,Davidson,Nashville,9/29/2016 5:29:00 PM,1,1,0,36.084190,-86.705810,HARDING PL,,,,23.00,Feet,East,LINBAR DR,,,,0.00,N,Not at Intersection,N,Non-Junction,None,,,         ,Jared,Jenkins,Clear,Not Collision with Motor Vehicle in Transport,yes,no,no,no,no,False
101392689,METROPOLITAN NASHVILLE POLICE DEPT,20160876269,Davidson,Nashville,9/29/2016 6:00:00 PM,1,1,0,36.167630,-86.619050,STONEWATER DR,,,,231.00,Feet,South,RIVERWOOD VILLAGE BLVD,,,,0.00,N,Not at Intersection,N,OtherLocation,None,,,         ,Christopher,Mackey,Clear,Not Collision with Motor Vehicle in Transport,yes,no,no,no,yes,False
101392694,METROPOLITAN NASHVILLE POLICE DEPT,20160876292,Davidson,Nashville,9/29/2016 6:44:00 PM,2,2,0,36.083240,-86.708740,HARDING PL,,,,362.00,Feet,East,LARGO DR,,,,0.00,N,Not at Intersection,N,Non-Junction,None,,,         ,Alyson,Cook,Clear,Front to Rear,no,no,no,no,no,False
101392699,THP District 3 - Nashville,316053933,Davidson,Nashville,9/29/2016 4:00:00 PM,2,0,0,36.025610,-86.785390,I 65,,,,0.00,,,,,,,73.65,N,Not at Intersection,N,Non-Junction,None,,,         ,Charles,Achinger,Clear,Front to Rear,no,no,no,no,no,False
101392708,METROPOLITAN NASHVILLE POLICE DEPT,20160876296,Davidson,Nashville,9/29/2016 6:48:00 PM,2,0,0,36.153970,-86.763580,I40 W ENT RAMP,,,,0.00,Feet,East,I 40,,,,0.00,N,Not at Intersection, ,,None,,,         ,Pedro,Rivera Chaparro,,,no,no,no,no,no,False
101392709,METROPOLITAN NASHVILLE POLICE DEPT,20160876348,Davidson,Nashville,9/29/2016 7:07:00 PM,1,1,0,36.148850,-86.864720,CHARLOTTE PKE,,,,137.00,Feet,East,LELLYETT ST,,,,0.00,N,Not at Intersection,N,Non-Junction,None,,,         ,Ethan,Usherwood,Clear,Not Collision with Motor Vehicle in Transport,no,no,no,no,no,False
101392714,METROPOLITAN NASHVILLE POLICE DEPT,20160876240,Davidson,Nashville,9/29/2016 6:24:00 PM,1,1,0,36.067480,-86.692260,HICKORY LAKE APTS PVTDR,,,,69.00,Feet,North,APACHE TRL,,,,0.00,N,Not at Intersection,N,Non-Junction,None,,,         ,Gregory,Cenicola,Clear,Not Collision with Motor Vehicle in Transport,no,no,no,yes,no,False
101392718,METROPOLITAN NASHVILLE POLICE DEPT,20160876331,Davidson,Nashville,9/29/2016 6:58:00 PM,1,1,0,36.198020,-86.752360,ELLINGTON PKWYS,,,,429.00,Feet,West,WARD ST,,,,0.00,,Not at Intersection,N,Non-Junction,None,,,         ,Jonathan,Hadley,Clear,Not Collision with Motor Vehicle in Transport,no,no,no,no,no,False
101392719,METROPOLITAN NASHVILLE POLICE DEPT,20160876466,Davidson,Nashville,9/29/2016 7:52:00 PM,2,0,0,36.195380,-86.723370,PORTER RD,,,,0.00,,,RIVERSIDE DR,,,,0.00,Y,Four-Way,N,Intersection,None,,,         ,Whitney,Arnold,Clear,Angle,no,no,no,no,no,False
101392727,METROPOLITAN NASHVILLE POLICE DEPT,20160876504,Davidson,Nashville,9/29/2016 7:58:00 PM,1,0,0,36.078430,-86.670170,FRANKLIN LIMESTONE RD,,,,41.00,Feet,North,BILLINGSGATE RD,,,,0.00,N,Not at Intersection,N,Non-Junction,None,,,         ,Jared,Jenkins,Clear,Not Collision with Motor Vehicle in Transport,no,no,no,no,yes,False
101392731,METROPOLITAN NASHVILLE POLICE DEPT,20160875875,Davidson,Not in City Limit,9/29/2016 4:11:00 PM,2,0,0,36.262620,-86.775910,BRICK CHURCH PKE,,,,0.00,,,BELLSHIRE DR,,,,0.00,Y,T-Intersection,Y,Intersection,None,,,         ,Samuel,Miller,Clear,Angle,no,no,no,no,no,False
101392732,METROPOLITAN NASHVILLE POLICE DEPT,20160876381,Davidson,Nashville,9/29/2016 12:00:00 AM,1,0,0,36.252310,-86.739730,I 65,,,,0.00,,,,,,,91.40,N,Not at Intersection, ,Non-Junction,None,,,         ,Samuel,Miller,Cloudy,Not Collision with Motor Vehicle in Transport,no,no,no,no,no,False
101392744,METROPOLITAN NASHVILLE POLICE DEPT,20160876447,Davidson,Nashville,9/29/2016 7:49:00 PM,3,1,0,36.163480,-86.824800,ALBION ST,,,,0.00,,,32ND AVN,,,,0.00,Y,Four-Way,N,Non-Junction,None,,,         ,Michael,Brooks,Cloudy,Angle,no,no,no,no,no,False
101392746,METROPOLITAN NASHVILLE POLICE DEPT,20160876125,Davidson,Nashville,9/29/2016 6:00:00 PM,2,0,0,36.110300,-86.719000,I24 W EXT RAMP,,,,0.00,Feet,East,BRILEY PKWYN,,,,0.00,N,Not at Intersection,N,Non-Junction,None,,,         ,Jessie,Meadows,Clear,Front to Rear,no,no,no,no,no,False
101392748,METROPOLITAN NASHVILLE POLICE DEPT,20160876694,Davidson,Nashville,9/29/2016 8:50:00 PM,2,0,0,36.219000,-86.727780,GALLATIN PKE,,,,80.00,Feet,North,SUNNYMEADE DR,,,,0.00,N,Not at Intersection, ,Non-Junction,None,,,         ,Whitney,Arnold,Clear,Front to Rear,no,no,no,no,no,False
101392751,METROPOLITAN NASHVILLE POLICE DEPT,20160876429,Davidson,Nashville,9/29/2016 7:15:00 PM,2,0,0,36.096210,-86.654220,OLD MURFREESBORO PKE,,,,229.00,Feet,South,SMITH SPRINGS RD,,,,0.00,N,Not at Intersection, ,,None,,,         ,Marcus,Mitchell,,,no,no,no,no,no,False
101392795,METROPOLITAN NASHVILLE POLICE DEPT,20160876615,Davidson,Nashville,9/29/2016 8:35:00 PM,2,0,0,36.099300,-86.710820,I 24,,,,0.00,,,,,,,54.60,N,Not at Intersection,Y,Non-Junction,None,,,         ,Benjamin,Froehlich,Clear,HeadOn,no,no,no,no,yes,False
101392813,METROPOLITAN NASHVILLE POLICE DEPT,20160876823,Davidson,Nashville,9/29/2016 10:16:00 PM,2,0,0,36.229870,-86.761010,EWING DR,,,,0.00,,,,,,,0.00,,,N,Non-Junction,None,,,         ,Jonathan,Hadley,Clear,Angle,no,no,no,yes,yes,False
101392817,BERRY HILL POLICE DEPT,16-3482,Davidson,Berry Hill,9/29/2016 10:40:00 PM,2,0,0,36.125740,-86.776920,FRANKLIN PKE,,,,180.00,Feet,South,CRAIGHEAD ST,,,,0.00,N,Not at Intersection, ,,None,,,         ,Greg,Colson,,,no,no,no,yes,no,False
101392823,METROPOLITAN NASHVILLE POLICE DEPT,20160877027,Davidson,Nashville,9/29/2016 11:35:00 PM,2,0,0,36.214750,-86.817670,BUENA VISTA PKE,,,,0.00,Feet,,MOORMANS ARM RD,,,,0.00,Y,T-Intersection, ,Intersection,None,,,         ,Bryant,Presley,Clear,HeadOn,no,no,no,no,no,False
101392825,METROPOLITAN NASHVILLE POLICE DEPT,20160877122,Davidson,Nashville,9/30/2016 12:19:00 AM,2,0,0,36.152910,-86.789850,DEMONBREUN ST,,,,516.00,Feet,East,DIVISION ST,,,,0.00,N,Not at Intersection, ,Non-Junction,None,,,         ,Steven,Frazier Jr.,Clear,Front to Rear,no,no,no,no,no,False
101392826,METROPOLITAN NASHVILLE POLICE DEPT,20160876863,Davidson,Nashville,9/29/2016 10:10:00 PM,2,0,0,36.140020,-86.879380,CHARLOTTE PKE,,,,61.00,Feet,West,RUSSLEO DR,,,,0.00,N,Not at Intersection, ,Non-Junction,None,,,         ,Aaron,Wigginton,Clear,HeadOn,no,no,no,yes,yes,False
101392829,METROPOLITAN NASHVILLE POLICE DEPT,20160877076,Davidson,Nashville,9/30/2016 12:07:00 AM,3,1,0,36.098340,-86.710060,I 24,,,,0.00,,,,,,,54.70,N,Not at Intersection,N,Non-Junction,None,,,         ,Kurt,Lewton,Clear,Front to Rear,no,no,no,no,yes,False
101392830,METROPOLITAN NASHVILLE POLICE DEPT,20160876837,Davidson,Nashville,9/29/2016 10:20:00 PM,1,1,0,36.218150,-86.803480,WHITES CREEK PKE,,,,0.00,,,MOORMANS ARM RD,,,,0.00,Y,T-Intersection,Y,Intersection,None,,,         ,Geoffrey,Daugherty,Clear,Not Collision with Motor Vehicle in Transport,no,no,no,yes,no,False
101392846,METROPOLITAN NASHVILLE POLICE DEPT,20160876974,Davidson,Nashville,9/29/2016 10:40:00 PM,4,0,0,36.227780,-86.744960,MAPLE PL,,,,51.00,Feet,East,POPLAR PL,,,,0.00,N,Not at Intersection, ,Unknown,None,,,         ,Harris,Smith,Clear,Angle,no,no,no,no,yes,False