master_record_number,agency,agency_tracking_number,county,city,collision_date,vehicles_involved,number_injured,number_dead,latitude,longitude,roadway_name,roadway_suffix,roadway_number,roadway_local_id,distance_from_reference,miles-feet_indicator,direction_from_reference,intersection_road_name,intersection_road_name_suffix,intersection_road_number,intersection_local_id,mile_marker,intersection_indicator,intersect_type,interchange_related_indicator,relation_to_junction,work_zone_type,construction_maintenance_zone,construction_maintenance_zone_location,fatal_case_number,officer_first_name,officer_last_name,weather_condition(s),manner_of_crash,pedestrian,bicycle,scooter,parking,hitrun,mou
101393436,METROPOLITAN NASHVILLE POLICE DEPT,20160879372,Davidson,Not in City Limit,9/30/2016 5:02:00 PM,1,1,0,36.324670,-86.870450,I 24,,,,0.00,,,,,,,34.80,N,Not at Intersection,N,Non-Junction,None,,,         ,Brandon,Rardin,Rain,Not Collision with Motor Vehicle in Transport,no,no,no,no,no,False
101393447,METROPOLITAN NASHVILLE POLICE DEPT,20160879419,Davidson,Nashville,9/30/2016 5:23:00 PM,2,3,0,36.225640,-86.597810,ANDREW JACKSON PKWY,,,,0.00,,,SAUNDERSVILLE RD,,,,0.00,Y,Four-Way,N,Intersection,None,,,         ,Tyler,Maupin,Rain,Front to Rear,no,no,no,no,no,False
101393458,METROPOLITAN NASHVILLE POLICE DEPT,20160879322,Davidson,Nashville,9/30/2016 4:31:00 PM,2,0,0,36.105470,-86.767160,I 65,,,,0.00,Feet,East,I65 N ENT RAMP,,,,0.00,N,Not at Intersection, ,Non-Junction,None,,,         ,Charles,Griffin,Cloudy,Front to Rear,no,no,no,no,no,False
101393459,METROPOLITAN NASHVILLE POLICE DEPT,20160879437,Davidson,Nashville,9/30/2016 5:26:00 PM,3,0,0,36.214770,-86.597680,ANDREW JACKSON PKWY,,,,127.00,Feet,South,LEBANON PKE,,,,0.00,N,Not at Intersection,N,Non-Junction,None,,,         ,Kyle,Burks,Rain,Angle,no,no,no,no,no,False
101393460,METROPOLITAN NASHVILLE POLICE DEPT,20160879320,Davidson,Nashville,9/30/2016 4:30:00 PM,2,1,0,36.083760,-86.761680,SIDCO DR,,,,161.00,Feet,North,CSX DR,,,,0.00,N,Not at Intersection,N,Non-Junction,None,,,         ,Nicholas,Carroll,Cloudy,Front to Rear,no,no,no,no,no,False
101393461,METROPOLITAN NASHVILLE POLICE DEPT,20160879540,Davidson,Nashville,9/30/2016 5:54:00 PM,2,0,0,36.150290,-86.857370,CHARLOTTE PKE,,,,0.00,,,ORLANDO AV,,,,0.00,Y,Four-Way,N,Intersection,None,,,         ,Benjamin,Spees,Rain,Front to Rear,no,no,no,no,yes,False
101393465,METROPOLITAN NASHVILLE POLICE DEPT,20160879513,Davidson,Nashville,9/30/2016 5:29:00 PM,2,0,0,36.148840,-86.864770,CHARLOTTE PKE,,,,0.00,,,,,,,0.00,,, ,Non-Junction,None,,,         ,John,Thomas,Rain,Front to Rear,no,no,no,no,no,False
101393467,METROPOLITAN NASHVILLE POLICE DEPT,20160879551,Davidson,Nashville,9/30/2016 6:09:00 PM,2,0,0,36.217490,-86.846310,CREEKWOODN,,,,0.00,,,PHIPPS DR,,,,0.00,Y,Four-Way,N,Intersection,None,,,         ,Michael,Brooks,Rain,Front to Rear,no,no,no,no,no,False
101393469,METROPOLITAN NASHVILLE POLICE DEPT,20160879488,Davidson,Nashville,9/30/2016 4:03:00 PM,2,0,0,36.079130,-86.885470,VAUGHNS GAP RD,,,,127.00,Feet,North,HIGHWAY 100,,,,0.00,N,Not at Intersection,N,OtherLocation,None,,,         ,Brandon,Pedigo,Cloudy,Rear to Side,no,no,no,yes,yes,False
101393475,METROPOLITAN NASHVILLE POLICE DEPT,20160879299,Davidson,Nashville,9/30/2016 4:13:00 PM,2,0,0,36.137360,-86.775670,I 65,,,,0.00,,,,,,,81.60,N,Not at Intersection, ,Non-Junction,None,,,         ,Charles,Griffin,Cloudy,Front to Rear,no,no,no,no,no,False
101393477,METROPOLITAN NASHVILLE POLICE DEPT,20160879396,Davidson,Nashville,9/30/2016 5:14:00 PM,3,0,0,36.250290,-86.741310,I 65,,,,0.00,,,,,,,91.20,N,Not at Intersection,N,Non-Junction,None,,,         ,Samuel,Miller,Rain,Angle,no,no,no,no,no,False
101393478,METROPOLITAN NASHVILLE POLICE DEPT,20160879512,Davidson,Nashville,9/30/2016 5:20:00 PM,2,0,0,36.151120,-86.853900,CHARLOTTE AV,,,,62.00,Feet,East,RICHLAND CREEK SHOPPING CENTER,,,,0.00,N,Not at Intersection, ,Non-Junction,None,,,         ,Barrett,Teague,Rain,Front to Rear,no,no,no,no,no,False
101393483,METROPOLITAN NASHVILLE POLICE DEPT,20160879398,Davidson,Nashville,9/30/2016 4:55:00 PM,2,0,0,36.080160,-86.645320,MURFREESBORO PKE,,,,336.00,Feet,North,EDGE O LAKE DR,,,,0.00,N,Not at Intersection, ,Non-Junction,None,,,         ,Gregory,Cenicola,Rain,Angle,no,no,no,no,no,False
101393484,METROPOLITAN NASHVILLE POLICE DEPT,20160879455,Davidson,Nashville,9/30/2016 5:13:00 PM,2,0,0,36.180080,-86.811240,BUCHANAN ST,,,,58.00,Feet,West,DR D B TODD JR BLVD,,,,0.00,N,Not at Intersection,N,Non-Junction,None,,,         ,Jessica,Johnson,Rain,Angle,no,no,no,no,no,False
101393491,METROPOLITAN NASHVILLE POLICE DEPT,20160879573,Davidson,Nashville,9/30/2016 6:39:00 PM,2,2,0,36.081950,-86.772500,FRANKLIN PKE,,,,0.00,Feet,,ROBERTSON ACADEMY RD,,,,0.00,Y,T-Intersection,N,Intersection-Related,None,,,         ,Tien,Nguyen,Cloudy,Front to Rear,no,no,no,no,no,False
101393493,METROPOLITAN NASHVILLE POLICE DEPT,20160879526,Davidson,Nashville,9/30/2016 5:28:00 PM,3,0,0,36.226310,-86.603190,SAUNDERSVILLE RD,,,,0.00,,,SHUTE LN,,,,0.00,Y,OTHER, ,OtherLocation,None,,,         ,Christopher,Mackey,Rain,Front to Rear,no,no,no,no,no,False
101393497,METROPOLITAN NASHVILLE POLICE DEPT,20160879434,Davidson,Not in City Limit,9/30/2016 2:53:00 PM,2,0,0,35.997880,-86.691300,NOLENSVILLE PKE,,,,746.00,Feet,West,CONCORD RD,,,,0.00,N,Not at Intersection, ,Non-Junction,None,,,         ,Charles,Griffin,Clear,Angle,no,no,no,yes,no,False
101393500,METROPOLITAN NASHVILLE POLICE DEPT,20160879534,Davidson,Nashville,9/30/2016 6:08:00 PM,3,4,0,36.200320,-86.618600,LEBANON PKE,,,,0.00,Feet,,HERMITAGE RD,,,,0.00,Y,T-Intersection,Y,Intersection-Related,None,,,         ,Brian,Smith,Rain,Angle,no,no,no,no,no,False
101393503,METROPOLITAN NASHVILLE POLICE DEPT,20160879664,Davidson,Nashville,9/30/2016 7:15:00 PM,2,2,0,36.155010,-86.627110,STEWARTS FERRY PKE,,,,0.00,,,I40 E EXT RAMP,,,,0.00,Y,Four-Way,N,Intersection,None,,,         ,Kyle,Burks,Cloudy,Angle,no,no,no,no,no,False
101393504,GOODLETTSVILLE POLICE DEPT,16-34015,Davidson,Goodlettsville,9/30/2016 6:28:00 PM,2,0,0,36.303450,-86.708500,I 65,,,,0.00,,,,,,,95.45,N,Not at Intersection, ,Non-Junction,None,,,         ,Jeffery,Hunter,Rain,"Sideswipe, Same Direction",no,no,no,no,no,False
101393505,METROPOLITAN NASHVILLE POLICE DEPT,20160879357,Davidson,Nashville,9/30/2016 12:00:00 AM,2,1,0,36.240930,-86.753910,BRILEY PKWYE,,,,442.00,Feet,East,BRILEY PKWYW,,,,0.00,N,Not at Intersection,N,Non-Junction,None,,,         ,Gordon,Stovall,Cloudy,Front to Rear,no,no,no,no,no,False
101393515,METROPOLITAN NASHVILLE POLICE DEPT,20160879798,Davidson,Nashville,9/30/2016 8:00:00 PM,2,0,0,36.088330,-86.615130,CASTLEGATE DR,,,,181.00,Feet,North,LAKE TERRACE DR,,,,0.00,N,Not at Intersection, ,Non-Junction,None,,,         ,Michael,Apsey,Cloudy,Angle,no,no,no,no,no,False
101393517,METROPOLITAN NASHVILLE POLICE DEPT,20160879354,Davidson,Nashville,9/30/2016 4:55:00 PM,2,0,0,36.170490,-86.806980,SCOVEL ST,,,,20.00,Feet,East,DR D B TODD JR BLVD,,,,0.00,N,Not at Intersection, ,Non-Junction,None,,,         ,Charles,Holmes,Rain,HeadOn,no,no,no,no,no,False
101393521,METROPOLITAN NASHVILLE POLICE DEPT,20160879341,Davidson,Nashville,9/30/2016 4:49:00 PM,1,1,0,36.122660,-86.700850,MARS DR,,,,0.00,,,SATURN DR,,,,0.00,Y,T-Intersection,N,Non-Junction,None,,,         ,Jaby,Djabbarov,Clear,Not Collision with Motor Vehicle in Transport,yes,yes,no,no,no,False
101393522,METROPOLITAN NASHVILLE POLICE DEPT,20160879696,Davidson,Nashville,9/30/2016 7:28:00 PM,2,1,0,36.139510,-86.700310,KAREN DR,,,,0.00,,,BRILEY PKWY,,,,0.00,Y,Four-Way,N,Intersection,None,,,         ,Jaby,Djabbarov,Rain,Front to Rear,no,no,no,no,no,False
101393528,VANDERBILT UNIVERSITY POLICE,16-0879504,Davidson,Nashville,9/29/2016 12:00:00 AM,2,0,0,36.108340,-86.761210,KRAFT DR,,,,0.00,,,,,,,0.00,,Not at Intersection,N,Non-Junction,None,,,         ,V,Greene,Unknown,Unknown,no,no,no,yes,yes,False
101393536,METROPOLITAN NASHVILLE POLICE DEPT,20160879830,Davidson,Nashville,9/30/2016 8:08:00 PM,2,0,0,36.081640,-86.639320,EDGE O LAKE DR,,,,142.00,Feet,South,DEERPATH DR,,,,0.00,N,Not at Intersection, ,Non-Junction,None,,,         ,Patrick,Taylor,Cloudy,Rear to Side,no,no,no,no,no,False
101393537,METROPOLITAN NASHVILLE POLICE DEPT,20160879045,Davidson,Not in City Limit,9/30/2016 2:22:00 PM,1,0,0,36.274760,-86.760360,MARYDALE DR,,,,116.00,Feet,South,CHERBRON DR,,,,0.00,N,Not at Intersection, ,Non-Junction,None,,,         ,Bradley,Campbell,Rain,Not Collision with Motor Vehicle in Transport,no,no,no,no,no,False
101393548,METROPOLITAN NASHVILLE POLICE DEPT,20160879659,Davidson,Nashville,9/30/2016 6:25:00 PM,2,0,0,36.052520,-86.684590,TUSCULUM RD,,,,40.00,Feet,West,SHIHMEN DR,,,,0.00,N,Not at Intersection,N,Non-Junction,None,,,         ,Jared,Jenkins,Rain,Front to Rear,no,no,no,no,no,False
101393551,METROPOLITAN NASHVILLE POLICE DEPT,20160879508,Davidson,Nashville,9/30/2016 5:39:00 PM,2,0,0,36.046530,-86.683370,BELL RD,,,,5.00,Feet,North,BRENTRIDGE DR,,,,0.00,N,Not at Intersection,N,Non-Junction,None,,,         ,Tamara,Zurawski,Cloudy,Angle,no,no,no,no,no,False
101393552,METROPOLITAN NASHVILLE POLICE DEPT,20160879451,Davidson,Nashville,9/30/2016 5:42:00 PM,2,0,0,36.128060,-86.728330,I 24,,,,0.00,,,,,,,51.30,N,Not at Intersection, ,Non-Junction,None,,,         ,Alyson,Cook,Rain,"Sideswipe, Same Direction",no,no,no,no,no,False
101393557,METROPOLITAN NASHVILLE POLICE DEPT,20160879754,Davidson,Nashville,9/30/2016 6:35:00 PM,2,0,0,36.137570,-86.800760,WEDGEWOOD AV,,,,0.00,,,21ST AVS,,,,0.00,Y,Four-Way, ,Intersection,None,,,         ,Eric,Burford,Rain,"Sideswipe, Same Direction",no,no,no,no,no,Campus
101393560,METROPOLITAN NASHVILLE POLICE DEPT,20160879633,Davidson,Nashville,9/30/2016 7:06:00 PM,2,1,0,36.133690,-86.727110,I 24,,,,0.00,,,,,,,52.05,N,Not at Intersection,Y,Non-Junction,None,,,         ,Andrew,Mullen,Rain,Front to Rear,no,no,no,no,no,False
101393564,METROPOLITAN NASHVILLE POLICE DEPT,20160880015,Davidson,Nashville,9/30/2016 8:17:00 PM,1,0,0,36.170290,-86.765540,S 4TH ST,,,,0.00,Feet,West,RUSSELL ST,,,,0.00,N,Not at Intersection,N,Non-Junction,None,,,         ,Michael,Moss,Rain,Not Collision with Motor Vehicle in Transport,no,no,no,no,no,False
101393565,METROPOLITAN NASHVILLE POLICE DEPT,20160879721,Davidson,Nashville,9/30/2016 6:13:00 PM,2,0,0,36.216080,-86.813180,CHATEAU VALLEY DR,,,,0.00,,,MOORMANS ARM RD,,,,0.00,Y,Four-Way,N,Intersection,None,,,         ,Michael,Brooks,Unknown,Front to Rear,no,no,no,no,yes,False
101393566,METROPOLITAN NASHVILLE POLICE DEPT,2016-0879753,Davidson,Nashville,9/30/2016 12:00:00 AM,2,0,0,36.137040,-86.783590,HILLSIDE AV,,,,101.00,Feet,North,WEST ARGYLE AV,,,,0.00,N,Not at Intersection,N,Non-Junction,None,,,         ,Nicholas,Carroll,Clear,Unknown,no,no,no,yes,yes,False
101393569,METROPOLITAN NASHVILLE POLICE DEPT,20160879968,Davidson,Nashville,9/30/2016 5:49:00 PM,2,1,0,36.184440,-86.755720,HART AV,,,,0.00,,,CLEVELAND ST,,,,0.00,Y,T-Intersection,N,Intersection-Related,None,,,         ,Joshua,Murray,Rain,Angle,no,no,no,no,yes,False
101393571,METROPOLITAN NASHVILLE POLICE DEPT,20160879912,Davidson,Nashville,9/30/2016 8:20:00 PM,1,0,0,36.161410,-86.873880,CROLEY DR,,,,52.00,Feet,South,LAREDO AV,,,,0.00,N,Not at Intersection,N,Non-Junction,None,,,         ,Barrett,Teague,Clear,Not Collision with Motor Vehicle in Transport,no,no,no,no,no,False
101393576,METROPOLITAN NASHVILLE POLICE DEPT,20160879581,Davidson,Nashville,9/30/2016 6:36:00 PM,1,0,0,36.108550,-86.720260,I24 W EXT RAMP,,,,0.00,Feet,East,I 24,,,,0.00,N,Not at Intersection,Y,Non-Junction,None,,,         ,Andrew,Mullen,Rain,Not Collision with Motor Vehicle in Transport,no,no,no,no,no,False
101393581,METROPOLITAN NASHVILLE POLICE DEPT,20160879971,Davidson,Nashville,9/30/2016 6:30:00 PM,2,0,0,36.213160,-86.721690,STRATFORD AV,,,,0.00,,,KENNEDY AV,,,,0.00,Y,Four-Way, ,,None,,,         ,Randy,Heinze,,,no,no,no,no,no,False
101393594,METROPOLITAN NASHVILLE POLICE DEPT,20160879246,Davidson,Nashville,9/30/2016 4:00:00 PM,2,0,0,36.101350,-86.802100,BELMONT BLVD,,,,19.00,Feet,North,SHACKLEFORD RD,,,,0.00,N,Not at Intersection, ,Non-Junction,None,,,         ,Akira,McSwain,Clear,Angle,no,no,no,no,no,False
101393595,METROPOLITAN NASHVILLE POLICE DEPT,20160879703,Davidson,Nashville,9/30/2016 7:21:00 PM,3,0,0,36.122570,-86.727400,I 24,,,,0.00,,,,,,,52.75,N,Not at Intersection,N,Non-Junction,None,,,         ,Nakia,Reid,Rain,Front to Rear,no,no,no,no,yes,False
101393597,METROPOLITAN NASHVILLE POLICE DEPT,20160880207,Davidson,Nashville,9/30/2016 12:00:00 AM,1,0,0,36.181100,-86.823360,28TH AVN,,,,92.00,Feet,North,BUCHANAN ST,,,,0.00,N,Not at Intersection,N,Non-Junction,None,,,         ,Myriah,Iles,Rain,Not Collision with Motor Vehicle in Transport,no,no,no,no,no,False
101393598,METROPOLITAN NASHVILLE POLICE DEPT,20160879466,Davidson,Antioch,9/30/2016 5:06:00 PM,2,0,0,36.062530,-86.630940,HAMILTON CHURCH RD,,,,63.00,Feet,South,HAMILTON CROSSINGS,,,,0.00,N,Not at Intersection, ,Non-Junction,None,,,         ,Victoria,Cunningham,Cloudy,Rear to Side,no,no,no,no,no,False
101393616,METROPOLITAN NASHVILLE POLICE DEPT,20160880302,Davidson,Nashville,9/30/2016 11:00:00 PM,2,0,0,36.157950,-86.784310,10TH AVS,,,,0.00,,,BROADWAY,,,,0.00,Y,Four-Way,N,Intersection-Related,None,,,         ,John,Anderson,Clear,"Sideswipe, Same Direction",no,no,no,no,yes,False
101393617,METROPOLITAN NASHVILLE POLICE DEPT,20160879632,Davidson,Nashville,9/30/2016 6:58:00 PM,2,1,0,36.103900,-86.729280,SOUTHLAKE DR,,,,68.00,Feet,North,HOLBROOK DR,,,,0.00,N,Not at Intersection,N,Non-Junction,None,,,         ,Marcus,Darden,Rain,HeadOn,no,no,no,no,no,False
101393620,METROPOLITAN NASHVILLE POLICE DEPT,20160880158,Davidson,Nashville,9/30/2016 9:56:00 PM,2,0,0,36.081980,-86.697400,I 24,,,,0.00,,,,,,,56.05,N,Not at Intersection,N,Non-Junction,None,,,         ,Jared,Jenkins,Clear,"Sideswipe, Same Direction",no,no,no,no,no,False
101393629,METROPOLITAN NASHVILLE POLICE DEPT,20160880245,Davidson,Nashville,9/30/2016 11:00:00 PM,2,0,0,36.169340,-86.772370,S 1ST ST,,,,112.00,Feet,North,WOODLAND ST,,,,0.00,N,Not at Intersection,N,Non-Junction,None,,,         ,Damon,Hutcheson,Cloudy,Angle,no,no,no,no,no,False
101393637,METROPOLITAN NASHVILLE POLICE DEPT,20160880013,Davidson,Antioch,9/30/2016 7:42:00 PM,1,0,0,36.052680,-86.649620,WILLOW POINTE PVTDR,,,,248.00,Feet,West,HICKORY HOLLOW TER,,,,0.00,N,Not at Intersection,N,Non-Junction,None,,,         ,Victoria,Cunningham,Other,Not Collision with Motor Vehicle in Transport,no,no,no,no,yes,False
101393640,METROPOLITAN NASHVILLE POLICE DEPT,20160879882,Davidson,Not in City Limit,9/30/2016 8:33:00 PM,2,0,0,36.082280,-86.958280,HIGHWAY 70S,,,,0.00,,,HARPETH VALLEY RD,,,,0.00,Y,T-Intersection,N,Intersection,None,,,         ,John,Thomas,Cloudy,Angle,no,no,no,no,yes,False
101393650,METROPOLITAN NASHVILLE POLICE DEPT,20160880244,Davidson,Not in City Limit,9/30/2016 11:29:00 PM,2,0,0,36.280470,-86.691440,MYATT DR,,,,61.00,Feet,South,FANT INDUSTRIAL DR,,,,0.00,N,Not at Intersection,N,Non-Junction,None,,,         ,Trent,Craig,Clear,Front to Rear,no,no,no,no,no,False
101393658,METROPOLITAN NASHVILLE POLICE DEPT,20160880445,Davidson,Nashville,9/30/2016 9:58:00 PM,1,0,0,36.169020,-86.602190,MILLS RD,,,,404.00,Feet,West,OLD HICKORY BLVD,,,,0.00,N,Not at Intersection,N,Non-Junction,None,,,         ,Brett,Johns,Cloudy,Not Collision with Motor Vehicle in Transport,no,no,no,no,no,False
101393662,METROPOLITAN NASHVILLE POLICE DEPT,20160880225,Davidson,Nashville,9/30/2016 10:25:00 PM,1,0,0,36.177950,-86.604980,STATE HWY 45,,,,0.00,,,RAMP,,,,0.00,Y,OTHER,N,Intersection-Related,Construction Zone,Laneclosure,Activity Area,         ,James,McGill,Cloudy,Not Collision with Motor Vehicle in Transport,yes,no,no,no,no,False
101393736,METROPOLITAN NASHVILLE POLICE DEPT,20160878038,Davidson,Nashville,9/30/2016 7:30:00 AM,1,0,0,36.171400,-86.688890,BRILEY PKWYS,,,,35.00,Feet,North,REVERE PL,,,,0.00,N,Not at Intersection, ,,None,,,         ,Gregory,Lindstrom,,,no,no,no,no,no,False
101393749,METROPOLITAN NASHVILLE POLICE DEPT,20160880233,Davidson,Nashville,9/30/2016 10:51:00 PM,1,0,0,36.146850,-86.876680,PREMIER DR,,,,0.00,,,,,,,0.00,,,N,Non-Junction,None,,,         ,Kristen,Morgan,Clear,Not Collision with Motor Vehicle in Transport,no,no,no,no,yes,False
101393896,Nashville Airport Police,2016-02833,Davidson,Nashville,9/28/2016 4:30:00 AM,2,0,0,0.000000,0.000000,LONG TERM B PARKING LOT,,,,0.25,Miles,East,DONELSON PIKE,PIKE,SR255,,0.00,N,Not at Intersection, ,Non-Junction,None,,,         ,Delphia,Murphy,Clear,"Sideswipe, Same Direction",no,no,no,yes,no,False
101393917,THP District 3 - Nashville,316054029,Davidson,Not in City Limit,9/30/2016 8:08:00 AM,1,1,0,36.283420,-86.806590,I 24,,,,0.00,,,,,,,40.00,N,Not at Intersection,N,Non-Junction,None,,,         ,Stephen,Becker,Clear,Not Collision with Motor Vehicle in Transport,no,no,no,no,yes,False
101394110,VANDERBILT UNIVERSITY POLICE,16-0879728,Davidson,Nashville,9/30/2016 6:47:00 PM,2,1,0,36.139320,-86.810790,NATCHEZ TRC,,,,96.00,Feet,South,CHILDRENS WAY,,,,0.00,N,Not at Intersection,N,Non-Junction,None,,,         ,Alan,Reed,Rain,Front to Rear,no,no,no,no,no,Campus
101394184,METROPOLITAN NASHVILLE POLICE DEPT,20160879979,Davidson,Nashville,9/30/2016 8:45:00 PM,2,0,0,36.045070,-86.648900,CROSSINGS BLVD,,,,97.00,Feet,East,CROSSINGS PL,,,,0.00,N,Not at Intersection,N,Non-Junction,None,,,         ,Tamara,Zurawski,Clear,Angle,no,no,no,no,yes,False
101394192,METROPOLITAN NASHVILLE POLICE DEPT,20160879905,Davidson,Nashville,9/30/2016 7:45:00 PM,3,0,0,36.130100,-86.727040,I 24,,,,0.00,,,,,,,52.20,N,Not at Intersection, ,Non-Junction,None,,,         ,Michael,Russell,Rain,Front to Rear,no,no,no,no,no,False
101394511,METROPOLITAN NASHVILLE POLICE DEPT,2016-0878900,Davidson,Nashville,9/30/2016 1:15:00 PM,2,0,0,36.142220,-86.815930,WEST END AV,,,,131.00,Feet,North,32ND AVS,,,,0.00,N,Not at Intersection,N,Non-Junction,None,,,         ,David,Anderson,Cloudy,Angle,no,no,no,no,no,Campus
101394574,BERRY HILL POLICE DEPT,16-3459,Davidson,Nashville,9/28/2016 12:00:00 PM,2,0,0,36.112610,-86.765190,THOMPSON LN,,,,192.00,Feet,South,DOGWOOD PL,,,,0.00,N,Not at Intersection, ,Non-Junction,None,,,         ,Ronnie,Hill,Clear,Angle,no,no,no,yes,yes,False
101395156,Nashville Airport Police,2016-02840,Davidson,Nashville,9/30/2016 7:39:00 PM,2,0,0,36.123650,-86.689860,AIR FREIGHT BLVD,,,,0.00,,,,,,,0.00,,Not at Intersection, ,Non-Junction,None,,,         ,Marc,Christian,Clear,Rear to Side,no,no,no,yes,no,False
101395188,VANDERBILT UNIVERSITY POLICE,16-0878777,Davidson,Nashville,9/30/2016 7:51:00 PM,2,0,0,36.143220,-86.812920,29TH AVS,,,,652.00,Feet,West,28TH AVS,,,,0.00,N,Not at Intersection, ,,Work Zone,,,         ,Brent,Clark,,,no,no,no,yes,no,Campus
101395240,Nashville Airport Police,2016-02795,Davidson,Nashville,9/26/2016 10:00:00 AM,2,0,0,36.117180,-86.669850,HANGAR LN,,,,0.00,,,,,,,0.00,,Not at Intersection, ,"Driveway, Alley Access, etc",None,,,         ,Taran,Perry,Clear,Rear to Side,no,no,no,yes,no,False
101395276,METROPOLITAN NASHVILLE POLICE DEPT,2016-0676852,Davidson,Nashville,9/29/2016 10:15:00 PM,2,1,0,36.077140,-86.641460,DOVER GLEN DR,,,,0.00,Feet,,MURFREESBORO PKE,,,,0.00,Y,Four-Way,Y,Intersection,None,,,         ,William,McDaniel,Clear,Angle,no,no,no,no,no,False
101395360,THP District 3 - Nashville,316053834,Davidson,Nashville,9/29/2016 7:25:00 AM,2,3,0,36.230300,-86.585090,SAUNDERSVILLE RD,,,,106.00,Feet,West,TWIN LAKES DR,,,,0.00,N,Not at Intersection,N,Non-Junction,None,,,         ,Michael,Baker,Cloudy,Front to Rear,no,no,no,no,no,False
101395489,BERRY HILL POLICE DEPT,16-3490,Davidson,Berry Hill,9/30/2016 1:10:00 PM,2,2,0,36.126190,-86.777070,FRANKLIN PKE,,,,0.00,,,CRAIGHEAD ST,,,,0.00,Y,T-Intersection,Y,Intersection,Construction Zone,Intermittent Moving Work,Termination Area,         ,John,Gleixner,Clear,Angle,no,no,no,no,no,False
101395682,METROPOLITAN NASHVILLE POLICE DEPT,20160888868,Davidson,Nashville,9/29/2016 2:44:00 AM,1,1,0,36.238480,-86.741280,ELLINGTON PKWYN,,,,73.00,Feet,South,ELLINGTON PKWYN,,,,0.00,,Not at Intersection,Y,Non-Junction,None,,,         ,Carey,Steel,Clear,Not Collision with Motor Vehicle in Transport,no,no,no,no,no,False
101396343,THP District 3 - Nashville,316053378,Davidson,Nashville,9/28/2016 4:30:00 PM,2,0,0,36.031270,-86.783510,I 65,,,,0.00,,,,,,,74.00,N,Not at Intersection,N,Non-Junction,None,,,         ,Charles,Achinger,Clear,"Sideswipe, Same Direction",no,no,no,no,no,False
101396349,GOODLETTSVILLE POLICE DEPT,16-34002,Davidson,Goodlettsville,9/30/2016 3:20:00 PM,2,0,0,36.324190,-86.704030,I65 N EXT RAMP,,,,0.00,,,I 65,,,,0.00,Y,T-Intersection, ,Entrance/Exit Ramp Related,None,,,         ,Brian,Hajdu,Cloudy,Front to Rear,no,no,no,no,no,False
101396712,Nashville Airport Police,2016-02839,Davidson,Nashville,9/30/2016 12:00:00 AM,2,0,0,36.136340,-86.664270,TERMINAL DR,,,,0.00,,,SATELLITE WAY ENT RAMP,,,,0.00,Y,OTHER, ,Non-Junction,None,,,         ,Kou,Vang,Other,Angle,no,no,no,no,no,False
101396770,WILLIAMSON CO SHERIFFS OFFICE,1612506,Davidson,Nashville,9/30/2016 7:00:00 PM,1,0,0,36.024760,-86.881150,HILLSBORO RD,,,,783.00,Feet,West,SUNNYSIDE DR,,,,0.00,N,Not at Intersection, ,Non-Junction,None,,,         ,Charles,Ferguson,Clear,Not Collision with Motor Vehicle in Transport,no,no,no,no,no,False
101396781,THP District 3 - Nashville,316053355,Davidson,Nashville,9/26/2016 12:37:00 PM,2,0,0,36.110180,-86.922550,OLD HICKORY BLVD,,,,4.00,Feet,North,I40 E ENT RAMP,,,,0.00,N,Not at Intersection, ,Entrance/Exit Ramp Related,None,,,         ,Terrell,Johnson,Rain,Front to Rear,no,no,no,no,no,False
101397275,Nashville Airport Police,16-02833,Davidson,Nashville,9/28/2016 4:30:00 AM,2,0,0,0.000000,0.000000,LONG TERM B PARKING LOT,,,,0.25,Miles,East,DONELSON PIKE,PIKE,SR255,,0.00,N,Not at Intersection, ,Non-Junction,None,,,         ,Delphia,Murphy,Clear,"Sideswipe, Same Direction",no,no,no,yes,no,False
101400786,METROPOLITAN NASHVILLE POLICE DEPT,20160880311,Davidson,Not in City Limit,9/30/2016 9:30:00 PM,2,0,0,36.091600,-86.986990,NEWSOM STATION RD,,,,0.00,,,BUFFALO RD,,,,0.00,Y,Four-Way, ,Non-Junction,None,,,         ,Albert,Wilson,Clear,Front to Rear,no,no,no,no,no,False
101404229,METROPOLITAN NASHVILLE POLICE DEPT,2016-0878771,Davidson,Nashville,9/30/2016 12:30:00 PM,2,1,0,36.168060,-86.765880,I 24,,,,0.00,,,,,,,48.85,N,Not at Intersection,N,Non-Junction,None,,,         ,Timothy,Powell,Clear,Not Collision with Motor Vehicle in Transport,no,no,no,no,no,False
101407043,GOODLETTSVILLE POLICE DEPT,16-33877,Davidson,Goodlettsville,9/29/2016 5:45:00 PM,2,0,0,36.304410,-86.702170,750 RIVERGATE PARKWAY,,,,0.00,,,,,,,0.00,,Not at Intersection,N,Non-Junction,None,,,         ,Ashley,Akers,Clear,Angle,no,no,no,yes,no,False
101640140,METROPOLITAN NASHVILLE POLICE DEPT,20160871925,Davidson,Nashville,9/28/2016 2:00:00 PM,2,0,0,36.147840,-86.778750,I65 S ENT RAMP,,,,0.00,,,I 40,,,,0.00,Y,OTHER, ,Entrance/Exit Ramp Related,None,,,         ,Keith,Covert,Clear,Not Collision with Motor Vehicle in Transport,no,no,no,no,yes,False